edge_id,source_node_id,target_node_id,distance_m,estimated_time_s,congestion_level,los,congestion_factor,free_flow_speed_kph,actual_speed_kph,road_type,street_name,street_level,traffic_date,time_period,traffic_source
289,2380787693,571360922,10.000,1.200,free_flow,A,1.00,30.00,30.00,tertiary,Nguyễn Khoái,4,,,road_type_defaults
290,571360922,2380787693,10.000,1.200,free_flow,A,1.00,30.00,30.00,tertiary,Nguyễn Khoái,4,,,road_type_defaults
291,571360922,2027430774,129.000,15.480,free_flow,A,1.00,30.00,30.00,tertiary,Nguyễn Khoái,4,,,road_type_defaults
292,2027430774,571360922,129.000,15.480,free_flow,A,1.00,30.00,30.00,tertiary,Nguyễn Khoái,4,,,road_type_defaults
293,2027430774,1588330159,17.000,2.040,free_flow,A,1.00,30.00,30.00,tertiary,Nguyễn Khoái,4,,,road_type_defaults
294,1588330159,2027430774,17.000,2.040,free_flow,A,1.00,30.00,30.00,tertiary,Nguyễn Khoái,4,,,road_type_defaults
295,1588330159,1767169484,64.000,7.680,free_flow,A,1.00,30.00,30.00,tertiary,Nguyễn Khoái,4,,,road_type_defaults
296,1767169484,1588330159,64.000,7.680,free_flow,A,1.00,30.00,30.00,tertiary,Nguyễn Khoái,4,,,road_type_defaults
297,1767169484,1779408275,38.000,4.560,free_flow,A,1.00,30.00,30.00,tertiary,Nguyễn Khoái,4,,,road_type_defaults
298,1779408275,1767169484,38.000,4.560,free_flow,A,1.00,30.00,30.00,tertiary,Nguyễn Khoái,4,,,road_type_defaults
299,1779408275,2027431006,15.000,4.909,gridlock,F,8.00,30.00,11.00,tertiary,Nguyễn Khoái,4,2020-08-03,period_1_00,train_los+latest_segment_status
300,2027431006,1779408275,15.000,1.800,free_flow,A,1.00,30.00,30.00,tertiary,Nguyễn Khoái,4,,,road_type_defaults
301,2027431006,5811504011,7.000,0.840,free_flow,A,1.00,30.00,30.00,tertiary,Nguyễn Khoái,4,,,road_type_defaults
302,5811504011,2027431006,7.000,0.840,free_flow,A,1.00,30.00,30.00,tertiary,Nguyễn Khoái,4,,,road_type_defaults
303,5811504011,1588330158,45.000,5.400,free_flow,A,1.00,30.00,30.00,tertiary,Nguyễn Khoái,4,,,road_type_defaults
304,1588330158,5811504011,45.000,5.400,free_flow,A,1.00,30.00,30.00,tertiary,Nguyễn Khoái,4,,,road_type_defaults
305,1588330158,1780010929,53.000,6.360,free_flow,A,1.00,30.00,30.00,tertiary,Nguyễn Khoái,4,,,road_type_defaults
306,1780010929,1588330158,53.000,6.360,free_flow,A,1.00,30.00,30.00,tertiary,Nguyễn Khoái,4,,,road_type_defaults
307,1780010929,1780010853,100.000,12.000,free_flow,A,1.00,30.00,30.00,tertiary,Nguyễn Khoái,4,,,road_type_defaults
308,1780010853,1780010929,100.000,12.000,free_flow,A,1.00,30.00,30.00,tertiary,Nguyễn Khoái,4,,,road_type_defaults
309,1780010853,366422916,95.000,3.196,moderate,C,1.75,30.00,107.00,tertiary,Nguyễn Khoái,4,2020-11-27,period_12_00,train_los+latest_segment_status
310,366422916,1780010853,95.000,11.400,free_flow,A,1.00,30.00,30.00,tertiary,Nguyễn Khoái,4,,,road_type_defaults
311,366422916,366445426,39.000,4.680,free_flow,A,1.00,30.00,30.00,tertiary,Nguyễn Khoái,4,,,road_type_defaults
312,366445426,366422916,39.000,4.680,free_flow,A,1.00,30.00,30.00,tertiary,Nguyễn Khoái,4,,,road_type_defaults
631,5735791255,5735791253,8.000,0.960,free_flow,A,1.00,30.00,30.00,tertiary,Cầu Calmette,4,,,road_type_defaults
632,5735791253,5735791252,3.000,0.360,free_flow,A,1.00,30.00,30.00,tertiary,Cầu Calmette,4,,,road_type_defaults
633,5735791252,1767203799,11.000,1.320,free_flow,A,1.00,30.00,30.00,tertiary,Cầu Calmette,4,,,road_type_defaults
940,366399988,5668712845,9.000,1.080,free_flow,A,1.00,30.00,30.00,tertiary,Tạ Quang Bửu,4,,,road_type_defaults
941,5668712845,366399988,9.000,1.080,free_flow,A,1.00,30.00,30.00,tertiary,Tạ Quang Bửu,4,,,road_type_defaults
942,5668712845,366383330,19.000,2.280,free_flow,A,1.00,30.00,30.00,tertiary,Tạ Quang Bửu,4,,,road_type_defaults
943,366383330,5668712845,19.000,2.280,free_flow,A,1.00,30.00,30.00,tertiary,Tạ Quang Bửu,4,,,road_type_defaults
944,366383330,5762878315,58.000,6.960,free_flow,A,1.00,30.00,30.00,tertiary,Tạ Quang Bửu,4,,,road_type_defaults
945,5762878315,366383330,58.000,6.960,free_flow,A,1.00,30.00,30.00,tertiary,Tạ Quang Bửu,4,,,road_type_defaults
946,5762878315,3628501759,26.000,3.120,free_flow,A,1.00,30.00,30.00,tertiary,Tạ Quang Bửu,4,,,road_type_defaults
947,3628501759,5762878315,26.000,3.120,free_flow,A,1.00,30.00,30.00,tertiary,Tạ Quang Bửu,4,,,road_type_defaults
948,3628501759,366424988,6.000,0.720,free_flow,A,1.00,30.00,30.00,tertiary,Tạ Quang Bửu,4,,,road_type_defaults
949,366424988,3628501759,6.000,0.720,free_flow,A,1.00,30.00,30.00,tertiary,Tạ Quang Bửu,4,,,road_type_defaults
950,366424988,366381771,27.000,3.240,free_flow,A,1.00,30.00,30.00,tertiary,Tạ Quang Bửu,4,,,road_type_defaults
951,366381771,366424988,27.000,3.240,free_flow,A,1.00,30.00,30.00,tertiary,Tạ Quang Bửu,4,,,road_type_defaults
952,366381771,5762878289,40.000,4.800,free_flow,A,1.00,30.00,30.00,tertiary,Tạ Quang Bửu,4,,,road_type_defaults
953,5762878289,366381771,40.000,4.800,free_flow,A,1.00,30.00,30.00,tertiary,Tạ Quang Bửu,4,,,road_type_defaults
954,5762878289,366433080,5.000,0.600,free_flow,A,1.00,30.00,30.00,tertiary,Tạ Quang Bửu,4,,,road_type_defaults
955,366433080,5762878289,5.000,0.600,free_flow,A,1.00,30.00,30.00,tertiary,Tạ Quang Bửu,4,,,road_type_defaults
956,366433080,5762878304,56.000,6.720,free_flow,A,1.00,30.00,30.00,tertiary,Tạ Quang Bửu,4,,,road_type_defaults
957,5762878304,366433080,56.000,6.720,free_flow,A,1.00,30.00,30.00,tertiary,Tạ Quang Bửu,4,,,road_type_defaults
958,5762878304,5762878291,37.000,4.440,free_flow,A,1.00,30.00,30.00,tertiary,Tạ Quang Bửu,4,,,road_type_defaults
959,5762878291,5762878304,37.000,4.440,free_flow,A,1.00,30.00,30.00,tertiary,Tạ Quang Bửu,4,,,road_type_defaults
960,5762878291,5762787758,26.000,3.120,free_flow,A,1.00,30.00,30.00,tertiary,Tạ Quang Bửu,4,,,road_type_defaults
961,5762787758,5762878291,26.000,3.120,free_flow,A,1.00,30.00,30.00,tertiary,Tạ Quang Bửu,4,,,road_type_defaults
2014,366406323,1997154359,29.000,3.480,free_flow,A,1.00,30.00,30.00,tertiary,Đào Tấn,4,,,road_type_defaults
2015,1997154359,366406323,29.000,3.480,free_flow,A,1.00,30.00,30.00,tertiary,Đào Tấn,4,,,road_type_defaults
2016,1997154359,366423107,44.000,5.280,free_flow,A,1.00,30.00,30.00,tertiary,Đào Tấn,4,,,road_type_defaults
2017,366423107,1997154359,44.000,5.280,free_flow,A,1.00,30.00,30.00,tertiary,Đào Tấn,4,,,road_type_defaults
2018,366423107,4618374501,32.000,3.840,free_flow,A,1.00,30.00,30.00,tertiary,Đào Tấn,4,,,road_type_defaults
2019,4618374501,366423107,32.000,3.840,free_flow,A,1.00,30.00,30.00,tertiary,Đào Tấn,4,,,road_type_defaults
2020,4618374501,1996654136,17.000,2.040,free_flow,A,1.00,30.00,30.00,tertiary,Đào Tấn,4,,,road_type_defaults
2021,1996654136,4618374501,17.000,2.040,free_flow,A,1.00,30.00,30.00,tertiary,Đào Tấn,4,,,road_type_defaults
2817,5813867127,706286111,7.000,1.096,heavy,D,2.50,30.00,23.00,tertiary,Huỳnh Mẫn Đạt,4,2021-03-23,period_10_30,train_los+latest_segment_status
2818,706286111,5813867127,7.000,0.840,free_flow,A,1.00,30.00,30.00,tertiary,Huỳnh Mẫn Đạt,4,,,road_type_defaults
2819,706286111,5813867373,13.000,1.560,free_flow,A,1.00,30.00,30.00,tertiary,Huỳnh Mẫn Đạt,4,,,road_type_defaults
2820,5813867373,706286111,13.000,1.560,free_flow,A,1.00,30.00,30.00,tertiary,Huỳnh Mẫn Đạt,4,,,road_type_defaults
2821,5813867373,4109567455,13.000,1.560,free_flow,A,1.00,30.00,30.00,tertiary,Huỳnh Mẫn Đạt,4,,,road_type_defaults
2822,4109567455,5813867373,13.000,1.560,free_flow,A,1.00,30.00,30.00,tertiary,Huỳnh Mẫn Đạt,4,,,road_type_defaults
2823,4109567455,1997154735,61.000,7.320,free_flow,A,1.00,30.00,30.00,tertiary,Huỳnh Mẫn Đạt,4,,,road_type_defaults
2824,1997154735,4109567455,61.000,7.320,free_flow,A,1.00,30.00,30.00,tertiary,Huỳnh Mẫn Đạt,4,,,road_type_defaults
2825,1997154735,5813867374,3.000,0.360,free_flow,A,1.00,30.00,30.00,tertiary,Huỳnh Mẫn Đạt,4,,,road_type_defaults
2826,5813867374,1997154735,3.000,0.360,free_flow,A,1.00,30.00,30.00,tertiary,Huỳnh Mẫn Đạt,4,,,road_type_defaults
2827,5813867374,5794854822,72.000,8.640,free_flow,A,1.00,30.00,30.00,tertiary,Huỳnh Mẫn Đạt,4,,,road_type_defaults
2828,5794854822,5813867374,72.000,8.640,free_flow,A,1.00,30.00,30.00,tertiary,Huỳnh Mẫn Đạt,4,,,road_type_defaults
2829,5794854822,5794854823,85.000,10.200,free_flow,A,1.00,30.00,30.00,tertiary,Huỳnh Mẫn Đạt,4,,,road_type_defaults
2830,5794854823,5794854822,85.000,10.200,free_flow,A,1.00,30.00,30.00,tertiary,Huỳnh Mẫn Đạt,4,,,road_type_defaults
2831,734894535,3150110710,75.000,5.400,free_flow,A,1.00,50.00,50.00,primary,Nguyễn Tri Phương,2,,,road_type_defaults
2832,3150110710,366466460,12.000,2.057,heavy,D,2.50,50.00,21.00,primary,Nguyễn Tri Phương,2,2021-01-04,period_0_00,train_los+latest_segment_status
2833,366466460,366403515,86.000,10.676,moderate,C,1.75,50.00,29.00,primary,Nguyễn Tri Phương,2,2020-08-03,period_0_00,train_los+latest_segment_status
2834,366403515,4620534189,64.000,6.583,severe,E,4.00,50.00,35.00,primary,Nguyễn Tri Phương,2,2020-08-03,period_0_00,train_los+latest_segment_status
2835,4620534189,4620515587,23.000,10.350,severe,E,4.00,50.00,8.00,primary,Nguyễn Tri Phương,2,2020-08-03,period_0_00,train_los+latest_segment_status
2836,4620515587,3160545657,22.000,2.200,moderate,C,1.75,50.00,36.00,primary,Nguyễn Tri Phương,2,2020-08-03,period_0_00,train_los+latest_segment_status
2837,3160545657,4631390892,47.000,5.834,moderate,C,1.75,50.00,29.00,primary,Nguyễn Tri Phương,2,2021-01-04,period_0_00,train_los+latest_segment_status
2838,4631390892,5802993758,5.000,0.643,heavy,D,2.50,50.00,28.00,primary,Nguyễn Tri Phương,2,2020-08-03,period_0_00,train_los+latest_segment_status
2839,5802993758,5802993759,5.000,0.692,heavy,D,2.50,50.00,26.00,primary,Nguyễn Tri Phương,2,2020-08-03,period_0_00,train_los+latest_segment_status
2840,4629703848,4629359728,16.000,2.743,heavy,D,2.50,40.00,21.00,secondary,Nguyễn Tri Phương,3,2021-01-03,period_23_30,train_los+latest_segment_status
2841,4629359728,366473501,25.000,2.812,moderate,C,1.75,40.00,32.00,secondary,Nguyễn Tri Phương,3,2020-08-03,period_0_00,train_los+latest_segment_status
2842,366473501,366475341,31.000,37.200,heavy,D,2.50,40.00,3.00,secondary,Nguyễn Tri Phương,3,2020-08-03,period_0_00,train_los+latest_segment_status
2843,366475341,2841256319,35.000,3.706,light,B,1.25,40.00,34.00,secondary,Nguyễn Tri Phương,3,2021-01-03,period_1_30,train_los+latest_segment_status
2844,2841256319,366405533,34.000,3.948,heavy,D,2.50,40.00,31.00,secondary,Nguyễn Tri Phương,3,2020-08-03,period_0_00,train_los+latest_segment_status
2845,366405533,2841256321,34.000,5.564,moderate,C,1.75,40.00,22.00,secondary,Nguyễn Tri Phương,3,2020-08-03,period_0_00,train_los+latest_segment_status
2846,2841256321,366463743,40.000,4.500,heavy,D,2.50,40.00,32.00,secondary,Nguyễn Tri Phương,3,2020-12-24,period_13_30,train_los+latest_segment_status
2847,366463743,5057827203,52.000,5.850,heavy,D,2.50,40.00,32.00,secondary,Nguyễn Tri Phương,3,2020-12-25,period_7_30,train_los+latest_segment_status
2848,5057827203,2934006870,56.000,10.611,severe,E,4.00,40.00,19.00,secondary,Nguyễn Tri Phương,3,2021-01-03,period_1_30,train_los+latest_segment_status
2849,2934006870,5057828137,48.000,5.400,moderate,C,1.75,40.00,32.00,secondary,Nguyễn Tri Phương,3,2020-08-03,period_0_00,train_los+latest_segment_status
2850,5057828137,5817378547,29.000,4.745,heavy,D,2.50,40.00,22.00,secondary,Nguyễn Tri Phương,3,2021-01-03,period_1_30,train_los+latest_segment_status
2851,5817378547,5780574569,29.000,104.400,severe,E,4.00,40.00,1.00,secondary,Nguyễn Tri Phương,3,2020-08-03,period_0_00,train_los+latest_segment_status
2852,5780574569,3150110708,24.000,21.600,gridlock,F,8.00,40.00,4.00,secondary,Nguyễn Tri Phương,3,2021-01-03,period_1_30,train_los+latest_segment_status
2853,3150110708,4623078287,57.000,9.771,heavy,D,2.50,40.00,21.00,secondary,Nguyễn Tri Phương,3,2020-12-25,period_7_30,train_los+latest_segment_status
2854,4623078287,5050082271,73.000,8.477,moderate,C,1.75,40.00,31.00,secondary,Nguyễn Tri Phương,3,2020-08-03,period_0_00,train_los+latest_segment_status
2855,5050082271,366392714,63.000,10.309,heavy,D,2.50,40.00,22.00,secondary,Nguyễn Tri Phương,3,2020-08-03,period_0_00,train_los+latest_segment_status
2856,366392714,5050082265,49.000,7.350,heavy,D,2.50,40.00,24.00,secondary,Nguyễn Tri Phương,3,2020-08-03,period_0_00,train_los+latest_segment_status
2857,5050082265,3150110709,38.000,5.472,moderate,C,1.75,40.00,25.00,secondary,Nguyễn Tri Phương,3,2020-08-03,period_0_00,train_los+latest_segment_status
2858,3150110709,366439630,32.000,3.200,moderate,C,1.75,40.00,36.00,secondary,Nguyễn Tri Phương,3,2020-08-03,period_0_00,train_los+latest_segment_status
2859,366439630,5050082316,35.000,3.818,heavy,D,2.50,40.00,33.00,secondary,Nguyễn Tri Phương,3,2020-08-03,period_0_00,train_los+latest_segment_status
2860,5050082316,2934006860,54.000,5.891,heavy,D,2.50,40.00,33.00,secondary,Nguyễn Tri Phương,3,2020-08-03,period_0_00,train_los+latest_segment_status
3030,366466460,4620515991,10.000,0.900,free_flow,A,1.00,40.00,40.00,primary_link,Đường Nguyễn Tri Phương,3,,,road_type_defaults
3031,4620515991,366466460,10.000,4.500,gridlock,F,8.00,40.00,8.00,primary_link,Đường Nguyễn Tri Phương,3,2020-08-03,period_0_00,train_los+latest_segment_status
3307,366381001,366416739,15.000,1.800,free_flow,A,1.00,30.00,30.00,unclassified,Vĩnh Khánh,4,,,road_type_defaults
3308,366416739,366381001,15.000,1.800,free_flow,A,1.00,30.00,30.00,unclassified,Vĩnh Khánh,4,,,road_type_defaults
3309,366416739,366452749,22.000,2.640,free_flow,A,1.00,30.00,30.00,unclassified,Vĩnh Khánh,4,,,road_type_defaults
3310,366452749,366416739,22.000,2.640,free_flow,A,1.00,30.00,30.00,unclassified,Vĩnh Khánh,4,,,road_type_defaults
5701,366416137,3150110712,110.000,13.200,free_flow,A,1.00,30.00,30.00,tertiary,Trần Phú,4,,,road_type_defaults
5702,3150110712,746617455,26.000,5.850,gridlock,F,8.00,30.00,16.00,tertiary,Trần Phú,4,2021-01-02,period_10_30,train_los+latest_segment_status
5703,746617455,4631738599,4.000,0.960,heavy,D,2.50,30.00,15.00,tertiary,Trần Phú,4,2020-08-03,period_0_00,train_los+latest_segment_status
5704,4631738599,1997154435,36.000,7.200,severe,E,4.00,30.00,18.00,tertiary,Trần Phú,4,2020-08-03,period_0_00,train_los+latest_segment_status
5705,1997154435,366413446,34.000,4.896,moderate,C,1.75,30.00,25.00,tertiary,Trần Phú,4,2021-01-02,period_10_30,train_los+latest_segment_status
6465,5802711057,2042473420,29.000,3.480,free_flow,A,1.00,30.00,30.00,tertiary,Lê Quang Kim,4,,,road_type_defaults
6466,2042473420,5802711057,29.000,3.480,free_flow,A,1.00,30.00,30.00,tertiary,Lê Quang Kim,4,,,road_type_defaults
6467,2042473420,5802711058,39.000,4.680,free_flow,A,1.00,30.00,30.00,tertiary,Lê Quang Kim,4,,,road_type_defaults
6468,5802711058,2042473420,39.000,4.680,free_flow,A,1.00,30.00,30.00,tertiary,Lê Quang Kim,4,,,road_type_defaults
6469,5802711058,5802590354,34.000,4.080,free_flow,A,1.00,30.00,30.00,tertiary,Lê Quang Kim,4,,,road_type_defaults
6470,5802590354,5802711058,34.000,4.080,free_flow,A,1.00,30.00,30.00,tertiary,Lê Quang Kim,4,,,road_type_defaults
6471,5802590354,5802590353,34.000,4.080,free_flow,A,1.00,30.00,30.00,tertiary,Lê Quang Kim,4,,,road_type_defaults
6472,5802590353,5802590354,34.000,4.080,free_flow,A,1.00,30.00,30.00,tertiary,Lê Quang Kim,4,,,road_type_defaults
6473,1996655358,366406323,116.000,13.920,free_flow,A,1.00,30.00,30.00,tertiary,Trần Tuấn Khải,4,,,road_type_defaults
6474,366406323,1996655358,116.000,13.920,free_flow,A,1.00,30.00,30.00,tertiary,Trần Tuấn Khải,4,,,road_type_defaults
6475,366406323,5813971176,3.000,0.360,free_flow,A,1.00,30.00,30.00,tertiary,Trần Tuấn Khải,4,,,road_type_defaults
6476,5813971176,366406323,3.000,0.360,free_flow,A,1.00,30.00,30.00,tertiary,Trần Tuấn Khải,4,,,road_type_defaults
6477,5813971176,1997154685,47.000,5.640,free_flow,A,1.00,30.00,30.00,tertiary,Trần Tuấn Khải,4,,,road_type_defaults
6478,1997154685,5813971176,47.000,5.640,free_flow,A,1.00,30.00,30.00,tertiary,Trần Tuấn Khải,4,,,road_type_defaults
6479,1997154685,366463240,52.000,6.240,free_flow,A,1.00,30.00,30.00,tertiary,Trần Tuấn Khải,4,,,road_type_defaults
6480,366463240,1997154685,52.000,6.240,free_flow,A,1.00,30.00,30.00,tertiary,Trần Tuấn Khải,4,,,road_type_defaults
6481,366463240,5813971167,46.000,5.520,free_flow,A,1.00,30.00,30.00,tertiary,Trần Tuấn Khải,4,,,road_type_defaults
6482,5813971167,366463240,46.000,5.520,free_flow,A,1.00,30.00,30.00,tertiary,Trần Tuấn Khải,4,,,road_type_defaults
6483,5813971167,5674570739,44.000,5.280,free_flow,A,1.00,30.00,30.00,tertiary,Trần Tuấn Khải,4,,,road_type_defaults
6484,5674570739,5813971167,44.000,5.280,free_flow,A,1.00,30.00,30.00,tertiary,Trần Tuấn Khải,4,,,road_type_defaults
6485,5674570739,1997154568,31.000,3.720,free_flow,A,1.00,30.00,30.00,tertiary,Trần Tuấn Khải,4,,,road_type_defaults
6486,1997154568,5674570739,31.000,3.720,free_flow,A,1.00,30.00,30.00,tertiary,Trần Tuấn Khải,4,,,road_type_defaults
6487,1997154568,5674570742,50.000,6.000,free_flow,A,1.00,30.00,30.00,tertiary,Trần Tuấn Khải,4,,,road_type_defaults
6488,5674570742,1997154568,50.000,6.000,free_flow,A,1.00,30.00,30.00,tertiary,Trần Tuấn Khải,4,,,road_type_defaults
6489,5674570742,2364075317,53.000,6.360,free_flow,A,1.00,30.00,30.00,tertiary,Trần Tuấn Khải,4,,,road_type_defaults
6490,2364075317,5674570742,53.000,6.360,free_flow,A,1.00,30.00,30.00,tertiary,Trần Tuấn Khải,4,,,road_type_defaults
6985,5794771156,5794771155,17.000,2.040,free_flow,A,1.00,30.00,30.00,tertiary,Trần Nhân Tôn,4,,,road_type_defaults
6986,5794771155,5794771156,17.000,6.120,gridlock,F,8.00,30.00,10.00,tertiary,Trần Nhân Tôn,4,2021-01-03,period_2_00,train_los+latest_segment_status
6987,5794771155,5794771157,110.000,24.750,severe,E,4.00,30.00,16.00,tertiary,Trần Nhân Tôn,4,2021-01-03,period_2_00,train_los+latest_segment_status
6988,5794771157,5794771155,110.000,36.000,severe,E,4.00,30.00,11.00,tertiary,Trần Nhân Tôn,4,2021-01-03,period_2_00,train_los+latest_segment_status
6989,5794771157,5794884010,47.000,6.768,heavy,D,2.50,30.00,25.00,tertiary,Trần Nhân Tôn,4,2020-08-03,period_0_00,train_los+latest_segment_status
6990,5794884010,5794771157,47.000,42.300,heavy,D,2.50,30.00,4.00,tertiary,Trần Nhân Tôn,4,2020-08-03,period_0_00,train_los+latest_segment_status
6991,5794884010,5794883985,4.000,0.686,heavy,D,2.50,30.00,21.00,tertiary,Trần Nhân Tôn,4,2020-08-03,period_0_00,train_los+latest_segment_status
6992,5794883985,5794884010,4.000,0.800,heavy,D,2.50,30.00,18.00,tertiary,Trần Nhân Tôn,4,2020-08-03,period_0_00,train_los+latest_segment_status
6993,5794883985,5794884009,16.000,2.880,heavy,D,2.50,30.00,20.00,tertiary,Trần Nhân Tôn,4,2020-08-03,period_0_00,train_los+latest_segment_status
6994,5794884009,5794883985,16.000,6.400,moderate,C,1.75,30.00,9.00,tertiary,Trần Nhân Tôn,4,2020-08-03,period_0_00,train_los+latest_segment_status
6995,5794884009,5794771158,53.000,6.579,moderate,C,1.75,30.00,29.00,tertiary,Trần Nhân Tôn,4,2020-12-24,period_14_00,train_los+latest_segment_status
6996,5794771158,5794884009,53.000,7.632,moderate,C,1.75,30.00,25.00,tertiary,Trần Nhân Tôn,4,2020-12-24,period_14_00,train_los+latest_segment_status
6997,5794771158,5794771159,24.000,28.800,heavy,D,2.50,30.00,3.00,tertiary,Trần Nhân Tôn,4,2020-08-03,period_0_00,train_los+latest_segment_status
6998,5794771159,5794771158,24.000,4.547,moderate,C,1.75,30.00,19.00,tertiary,Trần Nhân Tôn,4,2020-08-03,period_0_00,train_los+latest_segment_status
6999,5794771159,5045657080,73.000,8.477,heavy,D,2.50,30.00,31.00,tertiary,Trần Nhân Tôn,4,2020-08-03,period_0_00,train_los+latest_segment_status
7000,5045657080,5794771159,73.000,65.700,severe,E,4.00,30.00,4.00,tertiary,Trần Nhân Tôn,4,2020-08-03,period_0_00,train_los+latest_segment_status
7001,5045657080,5794771163,5.000,0.600,moderate,C,1.75,30.00,30.00,tertiary,Trần Nhân Tôn,4,2020-08-03,period_0_00,train_los+latest_segment_status
7002,5794771163,5045657080,5.000,2.571,heavy,D,2.50,30.00,7.00,tertiary,Trần Nhân Tôn,4,2020-08-03,period_0_00,train_los+latest_segment_status
7003,5794771163,5045657132,26.000,5.850,moderate,C,1.75,30.00,16.00,tertiary,Trần Nhân Tôn,4,2020-08-03,period_0_00,train_los+latest_segment_status
7004,5045657132,5794771163,26.000,3.228,heavy,D,2.50,30.00,29.00,tertiary,Trần Nhân Tôn,4,2020-08-03,period_0_00,train_los+latest_segment_status
7005,5045657132,5794771162,21.000,3.600,severe,E,4.00,30.00,21.00,tertiary,Trần Nhân Tôn,4,2020-08-03,period_0_00,train_los+latest_segment_status
7006,5794771162,5045657132,21.000,2.607,heavy,D,2.50,30.00,29.00,tertiary,Trần Nhân Tôn,4,2020-08-03,period_0_00,train_los+latest_segment_status
7007,5794771162,5045657083,39.000,140.400,severe,E,4.00,30.00,1.00,tertiary,Trần Nhân Tôn,4,2020-08-03,period_0_00,train_los+latest_segment_status
7008,5045657083,5794771162,39.000,14.040,moderate,C,1.75,30.00,10.00,tertiary,Trần Nhân Tôn,4,2020-08-03,period_0_00,train_los+latest_segment_status
7009,5045657083,5794771164,54.000,5.116,heavy,D,2.50,30.00,38.00,tertiary,Trần Nhân Tôn,4,2020-08-03,period_0_00,train_los+latest_segment_status
7010,5794771164,5045657083,54.000,194.400,moderate,C,1.75,30.00,1.00,tertiary,Trần Nhân Tôn,4,2020-08-03,period_0_00,train_los+latest_segment_status
7011,5794771164,5045657035,7.000,0.681,heavy,D,2.50,30.00,37.00,tertiary,Trần Nhân Tôn,4,2020-08-03,period_0_00,train_los+latest_segment_status
7012,5045657035,5794771164,7.000,12.600,heavy,D,2.50,30.00,2.00,tertiary,Trần Nhân Tôn,4,2020-08-03,period_0_00,train_los+latest_segment_status
7013,5045657035,5045657134,19.000,2.280,moderate,C,1.75,30.00,30.00,tertiary,Trần Nhân Tôn,4,2020-08-03,period_0_00,train_los+latest_segment_status
7014,5045657134,5045657035,19.000,2.073,severe,E,4.00,30.00,33.00,tertiary,Trần Nhân Tôn,4,2020-08-03,period_0_00,train_los+latest_segment_status
7015,5045657134,5045657029,6.000,0.982,heavy,D,2.50,30.00,22.00,tertiary,Trần Nhân Tôn,4,2020-08-03,period_0_00,train_los+latest_segment_status
7016,5045657029,5045657134,6.000,0.554,heavy,D,2.50,30.00,39.00,tertiary,Trần Nhân Tôn,4,2020-08-03,period_0_00,train_los+latest_segment_status
7017,5045657029,5045657109,13.000,3.600,moderate,C,1.75,30.00,13.00,tertiary,Trần Nhân Tôn,4,2020-08-03,period_0_00,train_los+latest_segment_status
7018,5045657109,5045657029,13.000,2.753,severe,E,4.00,30.00,17.00,tertiary,Trần Nhân Tôn,4,2020-08-03,period_0_00,train_los+latest_segment_status
7019,5045657109,5045657022,8.000,0.929,severe,E,4.00,30.00,31.00,tertiary,Trần Nhân Tôn,4,2020-08-03,period_0_00,train_los+latest_segment_status
7020,5045657022,5045657109,8.000,0.847,heavy,D,2.50,30.00,34.00,tertiary,Trần Nhân Tôn,4,2020-08-03,period_0_00,train_los+latest_segment_status
7021,5045657022,5045657127,17.000,1.569,light,B,1.25,30.00,39.00,tertiary,Trần Nhân Tôn,4,2020-08-03,period_0_00,train_los+latest_segment_status
7022,5045657127,5045657022,17.000,30.600,heavy,D,2.50,30.00,2.00,tertiary,Trần Nhân Tôn,4,2020-08-03,period_0_00,train_los+latest_segment_status
7023,5045657127,5045657111,19.000,2.137,severe,E,4.00,30.00,32.00,tertiary,Trần Nhân Tôn,4,2020-08-03,period_0_00,train_los+latest_segment_status
7024,5045657111,5045657127,19.000,3.420,moderate,C,1.75,30.00,20.00,tertiary,Trần Nhân Tôn,4,2020-08-03,period_0_00,train_los+latest_segment_status
7025,5045657111,5045657000,13.000,1.872,heavy,D,2.50,30.00,25.00,tertiary,Trần Nhân Tôn,4,2020-08-03,period_0_00,train_los+latest_segment_status
7026,5045657000,5045657111,13.000,1.200,heavy,D,2.50,30.00,39.00,tertiary,Trần Nhân Tôn,4,2020-08-03,period_0_00,train_los+latest_segment_status
7027,5045657000,5045657123,11.000,1.042,heavy,D,2.50,30.00,38.00,tertiary,Trần Nhân Tôn,4,2020-08-03,period_0_00,train_los+latest_segment_status
7028,5045657123,5045657000,11.000,1.584,severe,E,4.00,30.00,25.00,tertiary,Trần Nhân Tôn,4,2020-08-03,period_0_00,train_los+latest_segment_status
7029,5045657123,5794771165,17.000,3.825,heavy,D,2.50,30.00,16.00,tertiary,Trần Nhân Tôn,4,2020-08-03,period_0_00,train_los+latest_segment_status
7030,5794771165,5045657123,17.000,3.400,heavy,D,2.50,30.00,18.00,tertiary,Trần Nhân Tôn,4,2020-08-03,period_0_00,train_los+latest_segment_status
7031,5794771165,5794771166,1.000,0.900,heavy,D,2.50,30.00,4.00,tertiary,Trần Nhân Tôn,4,2020-08-03,period_0_00,train_los+latest_segment_status
7032,5794771166,5794771165,1.000,0.225,severe,E,4.00,30.00,16.00,tertiary,Trần Nhân Tôn,4,2020-08-03,period_0_00,train_los+latest_segment_status
7033,5794771166,366445936,88.000,45.257,moderate,C,1.75,30.00,7.00,tertiary,Trần Nhân Tôn,4,2020-08-03,period_0_00,train_los+latest_segment_status
7034,366445936,5794771166,88.000,15.086,heavy,D,2.50,30.00,21.00,tertiary,Trần Nhân Tôn,4,2020-08-03,period_0_00,train_los+latest_segment_status
7035,366445936,5045756517,51.000,5.737,moderate,C,1.75,30.00,32.00,tertiary,Trần Nhân Tôn,4,2020-08-03,period_0_00,train_los+latest_segment_status
7036,5045756517,366445936,51.000,5.100,moderate,C,1.75,30.00,36.00,tertiary,Trần Nhân Tôn,4,2020-08-03,period_0_00,train_los+latest_segment_status
7037,5045756517,5045756722,81.000,7.674,heavy,D,2.50,30.00,38.00,tertiary,Trần Nhân Tôn,4,2020-08-03,period_0_00,train_los+latest_segment_status
7038,5045756722,5045756517,81.000,145.800,heavy,D,2.50,30.00,2.00,tertiary,Trần Nhân Tôn,4,2020-08-03,period_0_00,train_los+latest_segment_status
7039,5045756722,366390755,55.000,6.600,moderate,C,1.75,30.00,30.00,tertiary,Trần Nhân Tôn,4,2020-08-03,period_0_00,train_los+latest_segment_status
7040,366390755,5045756722,55.000,9.900,moderate,C,1.75,30.00,20.00,tertiary,Trần Nhân Tôn,4,2020-08-03,period_0_00,train_los+latest_segment_status
7119,2233126178,2498090057,14.000,1.008,free_flow,A,1.00,50.00,50.00,primary,Lý Thái Tổ,2,,,road_type_defaults
7120,2498090057,3150775224,99.000,35.640,gridlock,F,8.00,50.00,10.00,primary,Lý Thái Tổ,2,2020-12-25,period_9_00,train_los+latest_segment_status
7121,3150775224,5003306411,72.000,5.760,moderate,C,1.75,50.00,45.00,primary,Lý Thái Tổ,2,2021-04-05,period_13_00,train_los+latest_segment_status
7122,5003306411,5058499837,60.000,5.538,free_flow,A,1.00,50.00,39.00,primary,Lý Thái Tổ,2,2020-12-25,period_9_00,train_los+latest_segment_status
7123,5058499837,2498090051,42.000,4.582,light,B,1.25,50.00,33.00,primary,Lý Thái Tổ,2,2020-12-10,period_11_30,train_los+latest_segment_status
7124,2498090051,2498090048,219.000,87.600,gridlock,F,8.00,50.00,9.00,primary,Lý Thái Tổ,2,2021-04-05,period_13_00,train_los+latest_segment_status
7125,2498090048,3150775222,34.000,3.600,light,B,1.25,50.00,34.00,primary,Lý Thái Tổ,2,2021-04-05,period_13_00,train_los+latest_segment_status
7126,3150775222,2498090058,83.000,9.639,light,B,1.25,50.00,31.00,primary,Lý Thái Tổ,2,2021-04-05,period_13_00,train_los+latest_segment_status
7127,2498090058,2289929129,20.000,3.429,heavy,D,2.50,50.00,21.00,primary,Lý Thái Tổ,2,2020-12-25,period_9_00,train_los+latest_segment_status
7128,2289929129,4629703851,27.000,5.400,severe,E,4.00,50.00,18.00,primary,Lý Thái Tổ,2,2020-12-20,period_11_00,train_los+latest_segment_status
8651,5778115401,4611507136,25.000,3.000,free_flow,A,1.00,30.00,30.00,tertiary,Hoà Hưng,4,,,road_type_defaults
8652,4611507136,5778115401,25.000,22.500,heavy,D,2.50,30.00,4.00,tertiary,Hoà Hưng,4,2020-08-03,period_0_00,train_los+latest_segment_status
8653,4611507136,5063701334,6.000,2.400,severe,E,4.00,30.00,9.00,tertiary,Hoà Hưng,4,2020-08-03,period_0_00,train_los+latest_segment_status
8654,5063701334,4611507136,6.000,1.964,heavy,D,2.50,30.00,11.00,tertiary,Hoà Hưng,4,2020-08-03,period_0_00,train_los+latest_segment_status
8655,5063701334,5063701326,24.000,4.114,heavy,D,2.50,30.00,21.00,tertiary,Hoà Hưng,4,2021-04-05,period_11_00,train_los+latest_segment_status
8656,5063701326,5063701334,24.000,3.600,heavy,D,2.50,30.00,24.00,tertiary,Hoà Hưng,4,2020-08-03,period_0_00,train_los+latest_segment_status
8657,5063701326,5059499586,18.000,9.257,severe,E,4.00,30.00,7.00,tertiary,Hoà Hưng,4,2020-08-03,period_0_00,train_los+latest_segment_status
8658,5059499586,5063701326,18.000,2.090,heavy,D,2.50,30.00,31.00,tertiary,Hoà Hưng,4,2020-08-03,period_0_00,train_los+latest_segment_status
8659,5059499586,5063701336,3.000,1.800,gridlock,F,8.00,30.00,6.00,tertiary,Hoà Hưng,4,2021-04-05,period_11_00,train_los+latest_segment_status
8660,5063701336,5059499586,3.000,1.080,heavy,D,2.50,30.00,10.00,tertiary,Hoà Hưng,4,2020-08-03,period_0_00,train_los+latest_segment_status
8661,5063701336,5063701342,23.000,6.900,heavy,D,2.50,30.00,12.00,tertiary,Hoà Hưng,4,2020-08-03,period_0_00,train_los+modeled_speed
8662,5063701342,5063701336,23.000,5.175,heavy,D,2.50,30.00,16.00,tertiary,Hoà Hưng,4,2020-08-03,period_0_00,train_los+latest_segment_status
8663,5063701342,3734437594,3.000,0.450,heavy,D,2.50,30.00,24.00,tertiary,Hoà Hưng,4,2020-08-03,period_0_00,train_los+latest_segment_status
8664,3734437594,5063701342,3.000,0.400,heavy,D,2.50,30.00,27.00,tertiary,Hoà Hưng,4,2020-08-03,period_0_00,train_los+latest_segment_status
8665,3734437594,5059499584,7.000,0.787,moderate,C,1.75,30.00,32.00,tertiary,Hoà Hưng,4,2020-08-03,period_0_00,train_los+latest_segment_status
8666,5059499584,3734437594,7.000,2.100,heavy,D,2.50,30.00,12.00,tertiary,Hoà Hưng,4,2020-08-03,period_0_00,train_los+modeled_speed
8667,5059499584,366388492,49.000,3.675,free_flow,A,1.00,30.00,48.00,tertiary,Hoà Hưng,4,2021-04-05,period_11_00,train_los+latest_segment_status
8668,366388492,5059499584,49.000,25.200,heavy,D,2.50,30.00,7.00,tertiary,Hoà Hưng,4,2020-08-03,period_0_00,train_los+latest_segment_status
8669,366388492,5059499581,9.000,1.705,severe,E,4.00,30.00,19.00,tertiary,Hoà Hưng,4,2020-08-03,period_0_00,train_los+latest_segment_status
8670,5059499581,366388492,9.000,1.045,heavy,D,2.50,30.00,31.00,tertiary,Hoà Hưng,4,2020-08-03,period_0_00,train_los+latest_segment_status
8671,5059499581,366401260,48.000,8.640,severe,E,4.00,30.00,20.00,tertiary,Hoà Hưng,4,2020-08-03,period_0_00,train_los+latest_segment_status
8672,366401260,5059499581,48.000,5.400,heavy,D,2.50,30.00,32.00,tertiary,Hoà Hưng,4,2020-08-03,period_0_00,train_los+latest_segment_status
8673,366401260,5063701263,48.000,11.520,heavy,D,2.50,30.00,15.00,tertiary,Hoà Hưng,4,2020-08-03,period_0_00,train_los+latest_segment_status
8674,5063701263,366401260,48.000,5.959,moderate,C,1.75,30.00,29.00,tertiary,Hoà Hưng,4,2020-08-03,period_0_00,train_los+latest_segment_status
8675,5063701263,5063701259,12.000,2.160,severe,E,4.00,30.00,20.00,tertiary,Hoà Hưng,4,2020-08-03,period_0_00,train_los+latest_segment_status
8676,5063701259,5063701263,12.000,1.440,free_flow,A,1.00,30.00,30.00,tertiary,Hoà Hưng,4,,,road_type_defaults
8677,5063701259,5063701248,67.000,8.040,free_flow,A,1.00,30.00,30.00,tertiary,Hoà Hưng,4,,,road_type_defaults
8678,5063701248,5063701259,67.000,8.040,free_flow,A,1.00,30.00,30.00,tertiary,Hoà Hưng,4,,,road_type_defaults
8679,5063701248,366401737,6.000,0.720,free_flow,A,1.00,30.00,30.00,tertiary,Hoà Hưng,4,,,road_type_defaults
8680,366401737,5063701248,6.000,0.720,free_flow,A,1.00,30.00,30.00,tertiary,Hoà Hưng,4,,,road_type_defaults
8681,366401737,5059499574,55.000,6.600,free_flow,A,1.00,30.00,30.00,tertiary,Hoà Hưng,4,,,road_type_defaults
8682,5059499574,366401737,55.000,6.600,free_flow,A,1.00,30.00,30.00,tertiary,Hoà Hưng,4,,,road_type_defaults
8683,5059499574,5063701241,24.000,2.880,free_flow,A,1.00,30.00,30.00,tertiary,Hoà Hưng,4,,,road_type_defaults
8684,5063701241,5059499574,24.000,2.880,free_flow,A,1.00,30.00,30.00,tertiary,Hoà Hưng,4,,,road_type_defaults
8685,5063701241,5063701235,35.000,4.200,free_flow,A,1.00,30.00,30.00,tertiary,Hoà Hưng,4,,,road_type_defaults
8686,5063701235,5063701241,35.000,4.200,free_flow,A,1.00,30.00,30.00,tertiary,Hoà Hưng,4,,,road_type_defaults
8687,5063701235,5778141551,2.000,0.554,gridlock,F,8.00,30.00,13.00,tertiary,Hoà Hưng,4,2021-04-05,period_11_00,train_los+latest_segment_status
8688,5778141551,5063701235,2.000,0.240,free_flow,A,1.00,30.00,30.00,tertiary,Hoà Hưng,4,,,road_type_defaults
8689,5778141551,5059499568,17.000,2.040,free_flow,A,1.00,30.00,30.00,tertiary,Hoà Hưng,4,,,road_type_defaults
8690,5059499568,5778141551,17.000,2.040,free_flow,A,1.00,30.00,30.00,tertiary,Hoà Hưng,4,,,road_type_defaults
8691,5059499568,5059499523,31.000,3.720,free_flow,A,1.00,30.00,30.00,tertiary,Hoà Hưng,4,,,road_type_defaults
8692,5059499523,5059499568,31.000,3.720,free_flow,A,1.00,30.00,30.00,tertiary,Hoà Hưng,4,,,road_type_defaults
8693,5059499523,5059499537,2.000,0.379,severe,E,4.00,30.00,19.00,tertiary,Hoà Hưng,4,2021-04-05,period_11_00,train_los+latest_segment_status
8694,5059499537,5059499523,2.000,0.240,free_flow,A,1.00,30.00,30.00,tertiary,Hoà Hưng,4,,,road_type_defaults
8695,5059499537,5063700712,45.000,5.400,free_flow,A,1.00,30.00,30.00,tertiary,Hoà Hưng,4,,,road_type_defaults
8696,5063700712,5059499537,45.000,5.400,free_flow,A,1.00,30.00,30.00,tertiary,Hoà Hưng,4,,,road_type_defaults
8697,5063700712,5063700709,24.000,2.880,free_flow,A,1.00,30.00,30.00,tertiary,Hoà Hưng,4,,,road_type_defaults
8698,5063700709,5063700712,24.000,2.880,free_flow,A,1.00,30.00,30.00,tertiary,Hoà Hưng,4,,,road_type_defaults
8699,5063700709,5063700706,24.000,2.880,free_flow,A,1.00,30.00,30.00,tertiary,Hoà Hưng,4,,,road_type_defaults
8700,5063700706,5063700709,24.000,2.880,free_flow,A,1.00,30.00,30.00,tertiary,Hoà Hưng,4,,,road_type_defaults
8701,5063700706,5059499533,24.000,3.757,heavy,D,2.50,30.00,23.00,tertiary,Hoà Hưng,4,2021-04-05,period_11_00,train_los+latest_segment_status
8702,5059499533,5063700706,24.000,2.880,free_flow,A,1.00,30.00,30.00,tertiary,Hoà Hưng,4,,,road_type_defaults
8703,5059499533,5063701544,24.000,2.880,free_flow,A,1.00,30.00,30.00,tertiary,Hoà Hưng,4,,,road_type_defaults
8704,5063701544,5059499533,24.000,2.880,free_flow,A,1.00,30.00,30.00,tertiary,Hoà Hưng,4,,,road_type_defaults
8705,5063701544,5063701541,24.000,2.880,free_flow,A,1.00,30.00,30.00,tertiary,Hoà Hưng,4,,,road_type_defaults
8706,5063701541,5063701544,24.000,2.880,free_flow,A,1.00,30.00,30.00,tertiary,Hoà Hưng,4,,,road_type_defaults
8707,5063701541,5778164527,21.000,2.520,free_flow,A,1.00,30.00,30.00,tertiary,Hoà Hưng,4,,,road_type_defaults
8708,5778164527,5063701541,21.000,2.520,free_flow,A,1.00,30.00,30.00,tertiary,Hoà Hưng,4,,,road_type_defaults
8869,5780574623,2433653225,10.000,3.600,gridlock,F,8.00,30.00,10.00,tertiary,Nguyễn Ngọc Lộc,4,2021-01-04,period_2_00,train_los+latest_segment_status
8870,2433653225,5780574623,10.000,12.000,gridlock,F,8.00,30.00,3.00,tertiary,Nguyễn Ngọc Lộc,4,2020-12-20,period_14_30,train_los+latest_segment_status
10816,2027772746,403582429,37.000,4.440,free_flow,A,1.00,30.00,30.00,unclassified,Hoàng Diệu,4,,,road_type_defaults
10817,403582429,5772502925,54.000,6.480,free_flow,A,1.00,30.00,30.00,unclassified,Hoàng Diệu,4,,,road_type_defaults
11280,366383949,2044487078,37.000,7.011,severe,E,4.00,30.00,19.00,tertiary,Âu Dương Lân,4,2020-12-19,period_10_30,train_los+latest_segment_status
11281,2044487078,366383949,37.000,4.440,free_flow,A,1.00,30.00,30.00,tertiary,Âu Dương Lân,4,,,road_type_defaults
11282,2044487078,2044487010,36.000,4.320,free_flow,A,1.00,30.00,30.00,tertiary,Âu Dương Lân,4,,,road_type_defaults
11283,2044487010,2044487078,36.000,4.320,free_flow,A,1.00,30.00,30.00,tertiary,Âu Dương Lân,4,,,road_type_defaults
11284,2044487010,2044487060,35.000,4.200,free_flow,A,1.00,30.00,30.00,tertiary,Âu Dương Lân,4,,,road_type_defaults
11285,2044487060,2044487010,35.000,4.200,free_flow,A,1.00,30.00,30.00,tertiary,Âu Dương Lân,4,,,road_type_defaults
11286,2044487060,2044486732,32.000,3.840,free_flow,A,1.00,30.00,30.00,tertiary,Âu Dương Lân,4,,,road_type_defaults
11287,2044486732,2044487060,32.000,3.840,free_flow,A,1.00,30.00,30.00,tertiary,Âu Dương Lân,4,,,road_type_defaults
11288,2044486732,2044486473,21.000,2.520,free_flow,A,1.00,30.00,30.00,tertiary,Âu Dương Lân,4,,,road_type_defaults
11289,2044486473,2044486732,21.000,2.520,free_flow,A,1.00,30.00,30.00,tertiary,Âu Dương Lân,4,,,road_type_defaults
11290,2044486473,5800683748,24.000,2.880,free_flow,A,1.00,30.00,30.00,tertiary,Âu Dương Lân,4,,,road_type_defaults
11291,5800683748,2044486473,24.000,2.880,free_flow,A,1.00,30.00,30.00,tertiary,Âu Dương Lân,4,,,road_type_defaults
11292,5800683748,5800683751,25.000,3.000,free_flow,A,1.00,30.00,30.00,tertiary,Âu Dương Lân,4,,,road_type_defaults
11293,5800683751,5800683748,25.000,3.000,free_flow,A,1.00,30.00,30.00,tertiary,Âu Dương Lân,4,,,road_type_defaults
11294,5800683751,5800683723,42.000,5.040,free_flow,A,1.00,30.00,30.00,tertiary,Âu Dương Lân,4,,,road_type_defaults
11295,5800683723,5800683751,42.000,5.040,free_flow,A,1.00,30.00,30.00,tertiary,Âu Dương Lân,4,,,road_type_defaults
11296,5800683723,5800683724,1.000,0.120,free_flow,A,1.00,30.00,30.00,tertiary,Âu Dương Lân,4,,,road_type_defaults
11297,5800683724,5800683723,1.000,0.120,free_flow,A,1.00,30.00,30.00,tertiary,Âu Dương Lân,4,,,road_type_defaults
11298,5800683724,3628501750,70.000,8.400,free_flow,A,1.00,30.00,30.00,tertiary,Âu Dương Lân,4,,,road_type_defaults
11299,3628501750,5800683724,70.000,8.400,free_flow,A,1.00,30.00,30.00,tertiary,Âu Dương Lân,4,,,road_type_defaults
11300,3628501750,366467631,28.000,3.360,free_flow,A,1.00,30.00,30.00,tertiary,Âu Dương Lân,4,,,road_type_defaults
11301,366467631,3628501750,28.000,3.360,free_flow,A,1.00,30.00,30.00,tertiary,Âu Dương Lân,4,,,road_type_defaults
11302,366467631,5668712850,26.000,3.120,free_flow,A,1.00,30.00,30.00,tertiary,Âu Dương Lân,4,,,road_type_defaults
11303,5668712850,366467631,26.000,3.120,free_flow,A,1.00,30.00,30.00,tertiary,Âu Dương Lân,4,,,road_type_defaults
11304,5668712850,5800683722,13.000,1.560,free_flow,A,1.00,30.00,30.00,tertiary,Âu Dương Lân,4,,,road_type_defaults
11305,5800683722,5668712850,13.000,1.560,free_flow,A,1.00,30.00,30.00,tertiary,Âu Dương Lân,4,,,road_type_defaults
11306,5800683722,5762880566,13.000,1.560,free_flow,A,1.00,30.00,30.00,tertiary,Âu Dương Lân,4,,,road_type_defaults
11307,5762880566,5800683722,13.000,1.560,free_flow,A,1.00,30.00,30.00,tertiary,Âu Dương Lân,4,,,road_type_defaults
11308,5762880566,5762878328,76.000,9.120,free_flow,A,1.00,30.00,30.00,tertiary,Âu Dương Lân,4,,,road_type_defaults
11309,5762878328,5762880566,76.000,9.120,free_flow,A,1.00,30.00,30.00,tertiary,Âu Dương Lân,4,,,road_type_defaults
11310,5762878328,5762878311,10.000,1.200,free_flow,A,1.00,30.00,30.00,tertiary,Âu Dương Lân,4,,,road_type_defaults
11311,5762878311,5762878328,10.000,1.200,free_flow,A,1.00,30.00,30.00,tertiary,Âu Dương Lân,4,,,road_type_defaults
11312,5762878311,5762880557,16.000,1.920,free_flow,A,1.00,30.00,30.00,tertiary,Âu Dương Lân,4,,,road_type_defaults
11313,5762880557,5762878311,16.000,1.920,free_flow,A,1.00,30.00,30.00,tertiary,Âu Dương Lân,4,,,road_type_defaults
11314,5762880557,5762787758,59.000,7.080,free_flow,A,1.00,30.00,30.00,tertiary,Âu Dương Lân,4,,,road_type_defaults
11315,5762787758,5762880557,59.000,7.080,free_flow,A,1.00,30.00,30.00,tertiary,Âu Dương Lân,4,,,road_type_defaults
12496,5764945075,366385881,59.000,11.179,gridlock,F,8.00,30.00,19.00,tertiary,Sư Vạn Hạnh,4,2021-01-05,period_0_30,train_los+latest_segment_status
12497,366385881,5764945075,59.000,23.600,heavy,D,2.50,30.00,9.00,tertiary,Sư Vạn Hạnh,4,2020-08-03,period_0_00,train_los+latest_segment_status
12498,366385881,5764945097,7.000,1.326,severe,E,4.00,30.00,19.00,tertiary,Sư Vạn Hạnh,4,2021-01-05,period_11_00,train_los+latest_segment_status
12499,5764945097,366385881,7.000,1.575,severe,E,4.00,30.00,16.00,tertiary,Sư Vạn Hạnh,4,2021-01-03,period_1_30,train_los+latest_segment_status
12500,5764945097,5764945090,8.000,1.371,heavy,D,2.50,30.00,21.00,tertiary,Sư Vạn Hạnh,4,2021-01-05,period_12_30,train_los+latest_segment_status
12501,5764945090,5764945097,8.000,1.108,moderate,C,1.75,30.00,26.00,tertiary,Sư Vạn Hạnh,4,2021-01-04,period_13_30,train_los+latest_segment_status
12502,5764945090,366454460,43.000,8.147,severe,E,4.00,30.00,19.00,tertiary,Sư Vạn Hạnh,4,2021-01-05,period_0_30,train_los+latest_segment_status
12503,366454460,5764945090,43.000,38.700,heavy,D,2.50,30.00,4.00,tertiary,Sư Vạn Hạnh,4,2020-08-03,period_0_00,train_los+latest_segment_status
12504,366454460,3829419881,42.000,16.800,gridlock,F,8.00,30.00,9.00,tertiary,Sư Vạn Hạnh,4,2021-01-05,period_10_30,train_los+latest_segment_status
12505,3829419881,366454460,42.000,3.979,light,B,1.25,30.00,38.00,tertiary,Sư Vạn Hạnh,4,2020-08-03,period_0_00,train_los+latest_segment_status
12506,3829419881,5060404738,3.000,0.470,heavy,D,2.50,30.00,23.00,tertiary,Sư Vạn Hạnh,4,2021-01-05,period_12_00,train_los+latest_segment_status
12507,5060404738,3829419881,3.000,0.675,severe,E,4.00,30.00,16.00,tertiary,Sư Vạn Hạnh,4,2020-08-03,period_0_00,train_los+latest_segment_status
12508,5060404738,3829419885,29.000,7.457,heavy,D,2.50,30.00,14.00,tertiary,Sư Vạn Hạnh,4,2020-08-03,period_0_00,train_los+latest_segment_status
12509,3829419885,5060404738,29.000,6.525,severe,E,4.00,30.00,16.00,tertiary,Sư Vạn Hạnh,4,2020-08-03,period_0_00,train_los+latest_segment_status
12510,3829419885,366463831,17.000,2.550,heavy,D,2.50,30.00,24.00,tertiary,Sư Vạn Hạnh,4,2021-01-04,period_13_30,train_los+latest_segment_status
12511,366463831,3829419885,17.000,1.611,moderate,C,1.75,30.00,38.00,tertiary,Sư Vạn Hạnh,4,2020-08-03,period_0_00,train_los+latest_segment_status
12512,366463831,2690659915,36.000,9.969,gridlock,F,8.00,30.00,13.00,tertiary,Sư Vạn Hạnh,4,2021-01-05,period_12_00,train_los+latest_segment_status
12513,2690659915,366463831,36.000,16.200,heavy,D,2.50,30.00,8.00,tertiary,Sư Vạn Hạnh,4,2020-08-03,period_0_00,train_los+latest_segment_status
12514,2690659915,1524373649,77.000,12.600,heavy,D,2.50,30.00,22.00,tertiary,Sư Vạn Hạnh,4,2021-01-04,period_0_00,train_los+latest_segment_status
12515,1524373649,2690659915,77.000,4.698,free_flow,A,1.00,30.00,59.00,tertiary,Sư Vạn Hạnh,4,2020-12-28,period_7_30,train_los+latest_segment_status
12516,1524373649,1524484228,36.000,9.969,gridlock,F,8.00,30.00,13.00,tertiary,Sư Vạn Hạnh,4,2021-01-05,period_12_00,train_los+latest_segment_status
12517,1524484228,1524373649,36.000,3.703,heavy,D,2.50,30.00,35.00,tertiary,Sư Vạn Hạnh,4,2020-08-03,period_0_00,train_los+latest_segment_status
12518,1524484228,4658215963,3.000,0.540,heavy,D,2.50,30.00,20.00,tertiary,Sư Vạn Hạnh,4,2021-01-05,period_10_30,train_los+latest_segment_status
12519,4658215963,1524484228,3.000,0.386,heavy,D,2.50,30.00,28.00,tertiary,Sư Vạn Hạnh,4,2020-08-03,period_0_00,train_los+latest_segment_status
12520,4658215963,1524484245,30.000,6.000,severe,E,4.00,30.00,18.00,tertiary,Sư Vạn Hạnh,4,2021-01-04,period_0_00,train_los+latest_segment_status
12521,1524484245,4658215963,30.000,3.176,moderate,C,1.75,30.00,34.00,tertiary,Sư Vạn Hạnh,4,2020-08-03,period_0_00,train_los+latest_segment_status
12522,1524484245,1524484193,35.000,5.727,heavy,D,2.50,30.00,22.00,tertiary,Sư Vạn Hạnh,4,2021-01-05,period_12_00,train_los+latest_segment_status
12523,1524484193,1524484245,35.000,3.316,moderate,C,1.75,30.00,38.00,tertiary,Sư Vạn Hạnh,4,2020-08-03,period_0_00,train_los+latest_segment_status
12524,1524484193,3160542984,19.000,6.840,gridlock,F,8.00,30.00,10.00,tertiary,Sư Vạn Hạnh,4,2021-01-05,period_12_00,train_los+latest_segment_status
12525,3160542984,1524484193,19.000,68.400,gridlock,F,8.00,30.00,1.00,tertiary,Sư Vạn Hạnh,4,2020-12-24,period_13_30,train_los+latest_segment_status
12526,3160542984,1524373635,18.000,7.200,gridlock,F,8.00,30.00,9.00,tertiary,Sư Vạn Hạnh,4,2020-12-24,period_13_30,train_los+latest_segment_status
12527,1524373635,3160542984,18.000,16.200,gridlock,F,8.00,30.00,4.00,tertiary,Sư Vạn Hạnh,4,2020-12-24,period_13_30,train_los+latest_segment_status
12528,1524373635,1738852193,70.000,31.500,gridlock,F,8.00,30.00,8.00,tertiary,Sư Vạn Hạnh,4,2020-12-24,period_13_30,train_los+latest_segment_status
12529,1738852193,1524373635,70.000,19.385,heavy,D,2.50,30.00,13.00,tertiary,Sư Vạn Hạnh,4,2020-08-03,period_0_00,train_los+latest_segment_status
12530,1738852193,5060404731,116.000,10.185,moderate,C,1.75,30.00,41.00,tertiary,Sư Vạn Hạnh,4,2020-12-24,period_13_30,train_los+latest_segment_status
12531,5060404731,1738852193,116.000,12.282,light,B,1.25,30.00,34.00,tertiary,Sư Vạn Hạnh,4,2020-12-24,period_13_30,train_los+latest_segment_status
12532,5060404731,5060403011,14.000,3.877,gridlock,F,8.00,30.00,13.00,tertiary,Sư Vạn Hạnh,4,2020-12-24,period_13_30,train_los+latest_segment_status
12533,5060403011,5060404731,14.000,2.653,heavy,D,2.50,30.00,19.00,tertiary,Sư Vạn Hạnh,4,2020-08-03,period_0_00,train_los+latest_segment_status
12534,5060403011,3160542985,11.000,3.046,severe,E,4.00,30.00,13.00,tertiary,Sư Vạn Hạnh,4,2020-08-03,period_0_00,train_los+latest_segment_status
12535,3160542985,5060403011,11.000,5.657,gridlock,F,8.00,30.00,7.00,tertiary,Sư Vạn Hạnh,4,2020-12-24,period_13_30,train_los+latest_segment_status
12536,3160542985,1524489324,19.000,6.218,severe,E,4.00,30.00,11.00,tertiary,Sư Vạn Hạnh,4,2020-08-03,period_0_00,train_los+latest_segment_status
12537,1524489324,3160542985,19.000,3.800,severe,E,4.00,30.00,18.00,tertiary,Sư Vạn Hạnh,4,2020-08-03,period_0_00,train_los+latest_segment_status
12538,1524489324,3301809364,43.000,12.900,gridlock,F,8.00,30.00,12.00,tertiary,Sư Vạn Hạnh,4,2020-12-24,period_13_30,train_los+latest_segment_status
12539,3301809364,1524489324,43.000,22.114,severe,E,4.00,30.00,7.00,tertiary,Sư Vạn Hạnh,4,2020-08-03,period_0_00,train_los+latest_segment_status
12846,4616051257,4616051265,9.000,1.906,severe,E,4.00,30.00,17.00,tertiary,Ngô Gia Tự,4,2020-12-25,period_8_00,train_los+latest_segment_status
12847,4616051265,1996654032,67.000,12.060,severe,E,4.00,30.00,20.00,tertiary,Ngô Gia Tự,4,2020-08-03,period_0_00,train_los+latest_segment_status
12848,1996654032,366469330,80.000,8.471,heavy,D,2.50,30.00,34.00,tertiary,Ngô Gia Tự,4,2020-08-03,period_0_00,train_los+latest_segment_status
12849,366469330,3151254801,28.000,9.164,severe,E,4.00,30.00,11.00,tertiary,Ngô Gia Tự,4,2020-08-03,period_0_00,train_los+latest_segment_status
12850,3151254801,4045610077,99.000,50.914,severe,E,4.00,30.00,7.00,tertiary,Ngô Gia Tự,4,2020-08-03,period_0_00,train_los+latest_segment_status
12851,4045610077,5788957680,156.000,112.320,heavy,D,2.50,30.00,5.00,tertiary,Ngô Gia Tự,4,2020-08-03,period_0_00,train_los+latest_segment_status
13265,5762610076,5780758070,12.000,0.864,free_flow,A,1.00,50.00,50.00,primary,Nguyễn Văn Cừ,2,,,road_type_defaults
13266,5780758070,1765166515,81.000,5.832,free_flow,A,1.00,50.00,50.00,primary,Nguyễn Văn Cừ,2,,,road_type_defaults
13267,1765166515,2469697627,105.000,9.692,free_flow,A,1.00,50.00,39.00,primary,Nguyễn Văn Cừ,2,2020-12-25,period_8_00,train_los+latest_segment_status
13268,2469697627,2469697625,75.000,5.400,free_flow,A,1.00,50.00,50.00,primary,Nguyễn Văn Cừ,2,,,road_type_defaults
13269,2469697625,1765166516,42.000,3.024,free_flow,A,1.00,50.00,50.00,primary,Nguyễn Văn Cừ,2,,,road_type_defaults
13270,1765166516,2469697628,38.000,3.800,free_flow,A,1.00,50.00,36.00,primary,Nguyễn Văn Cừ,2,2020-11-27,period_14_00,train_los+latest_segment_status
13271,2469697628,366462922,123.000,8.856,free_flow,A,1.00,50.00,50.00,primary,Nguyễn Văn Cừ,2,,,road_type_defaults
14166,5806004698,5806004417,53.000,6.360,free_flow,A,1.00,30.00,30.00,tertiary,Nguyễn Biểu,4,,,road_type_defaults
14167,5806004417,5806004698,53.000,6.360,free_flow,A,1.00,30.00,30.00,tertiary,Nguyễn Biểu,4,,,road_type_defaults
14168,5806004417,3186264463,23.000,2.760,free_flow,A,1.00,30.00,30.00,tertiary,Nguyễn Biểu,4,,,road_type_defaults
14169,3186264463,5806004417,23.000,2.760,free_flow,A,1.00,30.00,30.00,tertiary,Nguyễn Biểu,4,,,road_type_defaults
14170,3186264463,5806004682,4.000,0.480,free_flow,A,1.00,30.00,30.00,tertiary,Nguyễn Biểu,4,,,road_type_defaults
14171,5806004682,3186264463,4.000,0.480,free_flow,A,1.00,30.00,30.00,tertiary,Nguyễn Biểu,4,,,road_type_defaults
14172,5806004682,366386119,30.000,3.600,free_flow,A,1.00,30.00,30.00,tertiary,Nguyễn Biểu,4,,,road_type_defaults
14173,366386119,5806004682,30.000,3.600,free_flow,A,1.00,30.00,30.00,tertiary,Nguyễn Biểu,4,,,road_type_defaults
14174,366386119,4315295144,28.000,3.360,free_flow,A,1.00,30.00,30.00,tertiary,Nguyễn Biểu,4,,,road_type_defaults
14175,4315295144,366386119,28.000,3.360,free_flow,A,1.00,30.00,30.00,tertiary,Nguyễn Biểu,4,,,road_type_defaults
14176,4315295144,1657521915,53.000,6.360,free_flow,A,1.00,30.00,30.00,tertiary,Nguyễn Biểu,4,,,road_type_defaults
14177,1657521915,4315295144,53.000,6.360,free_flow,A,1.00,30.00,30.00,tertiary,Nguyễn Biểu,4,,,road_type_defaults
14178,1657521915,5806004395,29.000,4.350,severe,E,4.00,30.00,24.00,tertiary,Nguyễn Biểu,4,2021-01-03,period_2_00,train_los+latest_segment_status
14179,5806004395,1657521915,29.000,3.480,free_flow,A,1.00,30.00,30.00,tertiary,Nguyễn Biểu,4,,,road_type_defaults
14180,5806004395,5806004391,18.000,2.160,free_flow,A,1.00,30.00,30.00,tertiary,Nguyễn Biểu,4,,,road_type_defaults
14181,5806004391,5806004395,18.000,2.160,free_flow,A,1.00,30.00,30.00,tertiary,Nguyễn Biểu,4,,,road_type_defaults
14182,5806004391,5806004446,8.000,0.960,free_flow,A,1.00,30.00,30.00,tertiary,Nguyễn Biểu,4,,,road_type_defaults
14183,5806004446,5806004391,8.000,0.960,free_flow,A,1.00,30.00,30.00,tertiary,Nguyễn Biểu,4,,,road_type_defaults
14184,5806004446,5806004392,48.000,5.760,free_flow,A,1.00,30.00,30.00,tertiary,Nguyễn Biểu,4,,,road_type_defaults
14185,5806004392,5806004446,48.000,5.760,free_flow,A,1.00,30.00,30.00,tertiary,Nguyễn Biểu,4,,,road_type_defaults
14186,5806004392,5806004443,10.000,1.200,free_flow,A,1.00,30.00,30.00,tertiary,Nguyễn Biểu,4,,,road_type_defaults
14187,5806004443,5806004392,10.000,1.200,free_flow,A,1.00,30.00,30.00,tertiary,Nguyễn Biểu,4,,,road_type_defaults
14188,5806004443,366451156,41.000,4.920,free_flow,A,1.00,30.00,30.00,tertiary,Nguyễn Biểu,4,,,road_type_defaults
14189,366451156,5806004443,41.000,4.920,free_flow,A,1.00,30.00,30.00,tertiary,Nguyễn Biểu,4,,,road_type_defaults
14446,4614090210,366456825,11.000,1.320,free_flow,A,1.00,30.00,30.00,tertiary,Lê Hồng Phong,4,,,road_type_defaults
14447,366456825,4614090210,11.000,6.600,heavy,D,2.50,30.00,6.00,tertiary,Lê Hồng Phong,4,2020-08-03,period_0_00,train_los+latest_segment_status
14448,366456825,5045656715,40.000,9.000,heavy,D,2.50,30.00,16.00,tertiary,Lê Hồng Phong,4,2020-08-03,period_0_00,train_los+latest_segment_status
14449,5045656715,366456825,40.000,28.800,heavy,D,2.50,30.00,5.00,tertiary,Lê Hồng Phong,4,2020-08-03,period_0_00,train_los+latest_segment_status
14450,5045656715,5045657014,67.000,7.537,heavy,D,2.50,30.00,32.00,tertiary,Lê Hồng Phong,4,2020-08-03,period_0_00,train_los+latest_segment_status
14451,5045657014,5045656715,67.000,6.347,light,B,1.25,30.00,38.00,tertiary,Lê Hồng Phong,4,2020-08-03,period_0_00,train_los+latest_segment_status
14452,5045657014,3116339943,7.000,0.720,free_flow,A,1.00,30.00,35.00,tertiary,Lê Hồng Phong,4,2020-12-25,period_9_00,train_los+latest_segment_status
14453,3116339943,5045657014,7.000,0.813,heavy,D,2.50,30.00,31.00,tertiary,Lê Hồng Phong,4,2020-08-03,period_0_00,train_los+latest_segment_status
14454,3116339943,366436124,28.000,6.720,heavy,D,2.50,30.00,15.00,tertiary,Lê Hồng Phong,4,2020-08-03,period_0_00,train_los+latest_segment_status
14455,366436124,3116339943,28.000,8.400,severe,E,4.00,30.00,12.00,tertiary,Lê Hồng Phong,4,2020-08-03,period_0_00,train_los+latest_segment_status
14456,366436124,5045657003,3.000,0.982,severe,E,4.00,30.00,11.00,tertiary,Lê Hồng Phong,4,2020-08-03,period_0_00,train_los+latest_segment_status
14457,5045657003,366436124,3.000,3.600,gridlock,F,8.00,30.00,3.00,tertiary,Lê Hồng Phong,4,2020-08-03,period_0_00,train_los+latest_segment_status
14458,5045657003,5045657098,17.000,5.564,heavy,D,2.50,30.00,11.00,tertiary,Lê Hồng Phong,4,2020-08-03,period_0_00,train_los+latest_segment_status
14459,5045657098,5045657003,17.000,2.267,moderate,C,1.75,30.00,27.00,tertiary,Lê Hồng Phong,4,2020-08-03,period_0_00,train_los+latest_segment_status
14460,5045657098,5045656934,3.000,2.700,moderate,C,1.75,30.00,4.00,tertiary,Lê Hồng Phong,4,2020-08-03,period_0_00,train_los+latest_segment_status
14461,5045656934,5045657098,3.000,0.300,heavy,D,2.50,30.00,36.00,tertiary,Lê Hồng Phong,4,2020-08-03,period_0_00,train_los+latest_segment_status
14462,5045656934,366446516,27.000,6.075,moderate,C,1.75,30.00,16.00,tertiary,Lê Hồng Phong,4,2020-08-03,period_0_00,train_los+latest_segment_status
14463,366446516,5045656934,27.000,19.440,severe,E,4.00,30.00,5.00,tertiary,Lê Hồng Phong,4,2020-08-03,period_0_00,train_los+latest_segment_status
14464,366446516,5045657031,3.000,2.160,heavy,D,2.50,30.00,5.00,tertiary,Lê Hồng Phong,4,2020-08-03,period_0_00,train_los+latest_segment_status
14465,5045657031,366446516,3.000,0.675,heavy,D,2.50,30.00,16.00,tertiary,Lê Hồng Phong,4,2020-08-03,period_0_00,train_los+latest_segment_status
14466,5045657031,5045656990,28.000,2.585,heavy,D,2.50,30.00,39.00,tertiary,Lê Hồng Phong,4,2020-08-03,period_0_00,train_los+latest_segment_status
14467,5045656990,5045657031,28.000,8.400,severe,E,4.00,30.00,12.00,tertiary,Lê Hồng Phong,4,2020-08-03,period_0_00,train_los+latest_segment_status
14468,5045656990,5045657040,19.000,2.073,moderate,C,1.75,30.00,33.00,tertiary,Lê Hồng Phong,4,2020-08-03,period_0_00,train_los+latest_segment_status
14469,5045657040,5045656990,19.000,1.800,moderate,C,1.75,30.00,38.00,tertiary,Lê Hồng Phong,4,2020-08-03,period_0_00,train_los+latest_segment_status
14470,5045657040,4646884397,35.000,6.000,moderate,C,1.75,30.00,21.00,tertiary,Lê Hồng Phong,4,2020-08-03,period_0_00,train_los+latest_segment_status
14471,4646884397,5045657040,35.000,9.000,moderate,C,1.75,30.00,14.00,tertiary,Lê Hồng Phong,4,2020-08-03,period_0_00,train_los+latest_segment_status
14472,4646884397,5045657050,9.000,1.409,heavy,D,2.50,30.00,23.00,tertiary,Lê Hồng Phong,4,2020-12-25,period_9_00,train_los+latest_segment_status
14473,5045657050,4646884397,9.000,1.409,heavy,D,2.50,30.00,23.00,tertiary,Lê Hồng Phong,4,2020-08-03,period_0_00,train_los+latest_segment_status
14474,5045657050,366446521,81.000,7.290,moderate,C,1.75,30.00,40.00,tertiary,Lê Hồng Phong,4,2020-08-03,period_0_00,train_los+latest_segment_status
14475,366446521,5045657050,81.000,41.657,severe,E,4.00,30.00,7.00,tertiary,Lê Hồng Phong,4,2020-08-03,period_0_00,train_los+latest_segment_status
15000,5794854817,1997154808,42.000,4.200,heavy,D,2.50,30.00,36.00,tertiary,Bùi Hữu Nghĩa,4,2020-08-03,period_0_00,train_los+latest_segment_status
15001,1997154808,5794854817,42.000,5.040,free_flow,A,1.00,30.00,30.00,tertiary,Bùi Hữu Nghĩa,4,,,road_type_defaults
15002,1997154808,1997154148,30.000,3.600,free_flow,A,1.00,30.00,30.00,tertiary,Bùi Hữu Nghĩa,4,,,road_type_defaults
15003,1997154148,1997154808,30.000,3.600,free_flow,A,1.00,30.00,30.00,tertiary,Bùi Hữu Nghĩa,4,,,road_type_defaults
15004,1997154148,366426543,32.000,3.840,free_flow,A,1.00,30.00,30.00,tertiary,Bùi Hữu Nghĩa,4,,,road_type_defaults
15005,366426543,1997154148,32.000,3.840,free_flow,A,1.00,30.00,30.00,tertiary,Bùi Hữu Nghĩa,4,,,road_type_defaults
15006,366426543,366448311,116.000,13.920,free_flow,A,1.00,30.00,30.00,tertiary,Bùi Hữu Nghĩa,4,,,road_type_defaults
15007,366448311,366426543,116.000,13.920,free_flow,A,1.00,30.00,30.00,tertiary,Bùi Hữu Nghĩa,4,,,road_type_defaults
15019,366383389,4614323729,50.000,36.000,gridlock,F,8.00,30.00,5.00,tertiary,Cầu Chữ Y,4,2021-04-07,period_13_30,train_los+latest_segment_status
15020,4614323729,366383389,50.000,6.000,free_flow,A,1.00,30.00,30.00,tertiary,Cầu Chữ Y,4,,,road_type_defaults
15021,4614323729,383552889,85.000,10.200,free_flow,A,1.00,30.00,30.00,tertiary,Cầu Chữ Y,4,,,road_type_defaults
15022,383552889,4614323729,85.000,10.200,free_flow,A,1.00,30.00,30.00,tertiary,Cầu Chữ Y,4,,,road_type_defaults
15025,383552889,366417525,25.339,1.900,free_flow,A,1.00,30.00,48.00,tertiary,Cầu Chữ Y,4,2020-12-25,period_9_00,train_los+latest_segment_status
84633,366417525,5800683733,39.661,2.975,free_flow,A,1.00,30.00,48.00,tertiary,Cầu Chữ Y,4,2020-12-25,period_9_00,train_los+latest_segment_status
15026,5800683733,366417525,39.661,35.695,gridlock,F,8.00,30.00,4.00,tertiary,Cầu Chữ Y,4,2021-03-31,period_0_30,train_los+latest_segment_status
84634,366417525,383552889,25.339,3.041,free_flow,A,1.00,30.00,30.00,tertiary,Cầu Chữ Y,4,,,road_type_defaults
16110,5762610081,5780641549,357.000,25.704,free_flow,A,1.00,50.00,50.00,primary,Hùng Vương,2,,,road_type_defaults
16111,5780641549,5780641548,57.000,2.665,severe,E,4.00,50.00,77.00,primary,Hùng Vương,2,2021-03-15,period_10_30,train_los+latest_segment_status
16112,5780641548,5780641547,53.000,7.950,heavy,D,2.50,50.00,24.00,primary,Hùng Vương,2,2021-01-03,period_2_00,train_los+latest_segment_status
16113,5780641547,5780641546,49.000,3.528,free_flow,A,1.00,50.00,50.00,primary,Hùng Vương,2,,,road_type_defaults
16114,5780641546,5780641545,6.000,0.745,moderate,C,1.75,50.00,29.00,primary,Hùng Vương,2,2021-01-03,period_2_00,train_los+latest_segment_status
16115,5780641545,5780641544,66.000,4.752,free_flow,A,1.00,50.00,50.00,primary,Hùng Vương,2,,,road_type_defaults
16116,5780641544,366446521,55.000,9.900,heavy,D,2.50,50.00,20.00,primary,Hùng Vương,2,2021-01-03,period_2_00,train_los+latest_segment_status
16189,4646769645,5778212556,67.000,4.824,free_flow,A,1.00,50.00,50.00,primary,Cách Mạng Tháng Tám,2,,,road_type_defaults
16190,5778212556,4646769645,67.000,8.614,moderate,C,1.75,50.00,28.00,primary,Cách Mạng Tháng Tám,2,2021-04-05,period_11_00,train_los+latest_segment_status
16191,5778212556,3160535889,22.000,1.584,free_flow,A,1.00,50.00,50.00,primary,Cách Mạng Tháng Tám,2,,,road_type_defaults
16192,3160535889,5778212556,22.000,1.584,free_flow,A,1.00,50.00,50.00,primary,Cách Mạng Tháng Tám,2,,,road_type_defaults
16193,3160535889,411921991,44.000,3.168,free_flow,A,1.00,50.00,50.00,primary,Cách Mạng Tháng Tám,2,,,road_type_defaults
16194,411921991,3160535889,44.000,3.370,free_flow,A,1.00,50.00,47.00,primary,Cách Mạng Tháng Tám,2,2020-12-24,period_15_00,train_los+latest_segment_status
16195,411921991,5778164489,15.000,1.080,free_flow,A,1.00,50.00,50.00,primary,Cách Mạng Tháng Tám,2,,,road_type_defaults
16196,5778164489,411921991,15.000,1.080,free_flow,A,1.00,50.00,50.00,primary,Cách Mạng Tháng Tám,2,,,road_type_defaults
16197,5778164489,2690659691,42.000,3.024,free_flow,A,1.00,50.00,50.00,primary,Cách Mạng Tháng Tám,2,,,road_type_defaults
16198,2690659691,5778164489,42.000,5.214,moderate,C,1.75,50.00,29.00,primary,Cách Mạng Tháng Tám,2,2021-04-05,period_11_00,train_los+latest_segment_status
16199,2690659691,2690659695,25.000,1.800,free_flow,A,1.00,50.00,50.00,primary,Cách Mạng Tháng Tám,2,,,road_type_defaults
16200,2690659695,2690659691,25.000,12.857,gridlock,F,8.00,50.00,7.00,primary,Cách Mạng Tháng Tám,2,2021-04-05,period_11_00,train_los+latest_segment_status
16201,2690659695,2690659611,71.000,5.112,free_flow,A,1.00,50.00,50.00,primary,Cách Mạng Tháng Tám,2,,,road_type_defaults
16202,2690659611,2690659695,71.000,17.040,severe,E,4.00,50.00,15.00,primary,Cách Mạng Tháng Tám,2,2021-04-05,period_11_00,train_los+latest_segment_status
16203,2690659611,2690659614,44.000,3.168,free_flow,A,1.00,50.00,50.00,primary,Cách Mạng Tháng Tám,2,,,road_type_defaults
16204,2690659614,2690659611,44.000,3.168,free_flow,A,1.00,50.00,50.00,primary,Cách Mạng Tháng Tám,2,,,road_type_defaults
16205,2690659614,411925883,15.000,1.080,free_flow,A,1.00,50.00,50.00,primary,Cách Mạng Tháng Tám,2,,,road_type_defaults
16206,411925883,2690659614,15.000,2.077,moderate,C,1.75,50.00,26.00,primary,Cách Mạng Tháng Tám,2,2021-04-05,period_11_00,train_los+latest_segment_status
20221,4631143716,2934000577,173.000,12.456,free_flow,A,1.00,50.00,50.00,primary,Cầu Nguyễn Tri Phương,2,,,road_type_defaults
20222,2934000577,4631143729,41.000,2.952,free_flow,A,1.00,50.00,50.00,primary,Cầu Nguyễn Tri Phương,2,,,road_type_defaults
20223,4631143729,4631143732,64.000,4.608,free_flow,A,1.00,50.00,50.00,primary,Cầu Nguyễn Tri Phương,2,,,road_type_defaults
20224,4631143732,2040317235,144.000,10.368,free_flow,A,1.00,50.00,50.00,primary,Cầu Nguyễn Tri Phương,2,,,road_type_defaults
20298,2042473319,5802711064,22.000,2.640,free_flow,A,1.00,30.00,30.00,tertiary,Nguyễn Duy,4,,,road_type_defaults
20299,5802711064,2042473319,22.000,2.640,free_flow,A,1.00,30.00,30.00,tertiary,Nguyễn Duy,4,,,road_type_defaults
20300,5802711064,5802711063,9.000,1.080,free_flow,A,1.00,30.00,30.00,tertiary,Nguyễn Duy,4,,,road_type_defaults
20301,5802711063,5802711064,9.000,1.080,free_flow,A,1.00,30.00,30.00,tertiary,Nguyễn Duy,4,,,road_type_defaults
20302,5802711063,5417269146,33.000,3.960,free_flow,A,1.00,30.00,30.00,tertiary,Nguyễn Duy,4,,,road_type_defaults
20303,5417269146,5802711063,33.000,3.960,free_flow,A,1.00,30.00,30.00,tertiary,Nguyễn Duy,4,,,road_type_defaults
20304,5417269146,5417269145,13.000,1.560,free_flow,A,1.00,30.00,30.00,tertiary,Nguyễn Duy,4,,,road_type_defaults
20305,5417269145,5417269146,13.000,1.560,free_flow,A,1.00,30.00,30.00,tertiary,Nguyễn Duy,4,,,road_type_defaults
20306,5417269145,366392602,5.000,0.600,free_flow,A,1.00,30.00,30.00,tertiary,Nguyễn Duy,4,,,road_type_defaults
20307,366392602,5417269145,5.000,0.600,free_flow,A,1.00,30.00,30.00,tertiary,Nguyễn Duy,4,,,road_type_defaults
20308,366392602,2042473539,8.000,0.960,free_flow,A,1.00,30.00,30.00,tertiary,Nguyễn Duy,4,,,road_type_defaults
20309,2042473539,366392602,8.000,0.960,free_flow,A,1.00,30.00,30.00,tertiary,Nguyễn Duy,4,,,road_type_defaults
20392,366370816,473364333,48.000,3.456,free_flow,A,1.00,50.00,50.00,tertiary,Phạm Thế Hiển,4,,,road_type_defaults
20393,473364333,366370816,48.000,3.456,free_flow,A,1.00,50.00,50.00,tertiary,Phạm Thế Hiển,4,,,road_type_defaults
20394,473364333,5802590355,58.000,4.176,free_flow,A,1.00,50.00,50.00,tertiary,Phạm Thế Hiển,4,,,road_type_defaults
20395,5802590355,473364333,58.000,4.176,free_flow,A,1.00,50.00,50.00,tertiary,Phạm Thế Hiển,4,,,road_type_defaults
20396,383552887,383552886,62.000,7.440,free_flow,A,1.00,30.00,30.00,tertiary,Cầu Mật,4,,,road_type_defaults
20397,383552886,383552887,62.000,7.440,free_flow,A,1.00,30.00,30.00,tertiary,Cầu Mật,4,,,road_type_defaults
20398,2044486696,366462549,143.000,17.160,free_flow,A,1.00,30.00,30.00,tertiary,Phạm Thế Hiển,4,,,road_type_defaults
20399,366462549,2044486696,143.000,17.160,free_flow,A,1.00,30.00,30.00,tertiary,Phạm Thế Hiển,4,,,road_type_defaults
20400,366462549,5674570762,20.000,2.400,free_flow,A,1.00,30.00,30.00,tertiary,Phạm Thế Hiển,4,,,road_type_defaults
20401,5674570762,366462549,20.000,2.400,free_flow,A,1.00,30.00,30.00,tertiary,Phạm Thế Hiển,4,,,road_type_defaults
20402,5674570762,3171528313,13.000,1.560,free_flow,A,1.00,30.00,30.00,tertiary,Phạm Thế Hiển,4,,,road_type_defaults
20403,3171528313,5674570762,13.000,1.560,free_flow,A,1.00,30.00,30.00,tertiary,Phạm Thế Hiển,4,,,road_type_defaults
20404,3171528313,5800683738,11.000,1.320,free_flow,A,1.00,30.00,30.00,tertiary,Phạm Thế Hiển,4,,,road_type_defaults
20405,5800683738,3171528313,11.000,1.320,free_flow,A,1.00,30.00,30.00,tertiary,Phạm Thế Hiển,4,,,road_type_defaults
20406,5800683738,5800683736,40.000,4.800,free_flow,A,1.00,30.00,30.00,tertiary,Phạm Thế Hiển,4,,,road_type_defaults
20407,5800683736,5800683738,40.000,4.800,free_flow,A,1.00,30.00,30.00,tertiary,Phạm Thế Hiển,4,,,road_type_defaults
20408,5800683736,366417525,45.000,5.400,free_flow,A,1.00,30.00,30.00,tertiary,Phạm Thế Hiển,4,,,road_type_defaults
20409,366417525,5800683736,45.000,5.400,free_flow,A,1.00,30.00,30.00,tertiary,Phạm Thế Hiển,4,,,road_type_defaults
20410,366417525,2692556720,46.000,5.520,free_flow,A,1.00,30.00,30.00,tertiary,Phạm Thế Hiển,4,,,road_type_defaults
20411,2692556720,366417525,46.000,5.520,free_flow,A,1.00,30.00,30.00,tertiary,Phạm Thế Hiển,4,,,road_type_defaults
20412,2692556720,2044486424,40.000,4.800,free_flow,A,1.00,30.00,30.00,tertiary,Phạm Thế Hiển,4,,,road_type_defaults
20413,2044486424,2692556720,40.000,4.800,free_flow,A,1.00,30.00,30.00,tertiary,Phạm Thế Hiển,4,,,road_type_defaults
20414,2044486424,5813779751,56.000,6.720,free_flow,A,1.00,30.00,30.00,tertiary,Phạm Thế Hiển,4,,,road_type_defaults
20415,5813779751,2044486424,56.000,6.720,free_flow,A,1.00,30.00,30.00,tertiary,Phạm Thế Hiển,4,,,road_type_defaults
20416,5813779751,1598911243,7.000,25.200,gridlock,F,8.00,30.00,1.00,tertiary,Phạm Thế Hiển,4,2020-12-25,period_9_00,train_los+latest_segment_status
20417,1598911243,5813779751,7.000,0.840,free_flow,A,1.00,30.00,30.00,tertiary,Phạm Thế Hiển,4,,,road_type_defaults
20418,1598911243,366466472,94.000,13.536,moderate,C,1.75,30.00,25.00,tertiary,Phạm Thế Hiển,4,2020-12-25,period_9_00,train_los+latest_segment_status
20419,366466472,1598911243,94.000,11.280,free_flow,A,1.00,30.00,30.00,tertiary,Phạm Thế Hiển,4,,,road_type_defaults
20420,366466472,5813691643,38.000,22.800,gridlock,F,8.00,30.00,6.00,tertiary,Phạm Thế Hiển,4,2020-12-25,period_9_00,train_los+latest_segment_status
20421,5813691643,366466472,38.000,4.560,free_flow,A,1.00,30.00,30.00,tertiary,Phạm Thế Hiển,4,,,road_type_defaults
20422,5813691643,2044486312,70.000,8.400,free_flow,A,1.00,30.00,30.00,tertiary,Phạm Thế Hiển,4,,,road_type_defaults
20423,2044486312,5813691643,70.000,8.400,free_flow,A,1.00,30.00,30.00,tertiary,Phạm Thế Hiển,4,,,road_type_defaults
20424,2044486312,2044486965,13.000,1.232,free_flow,A,1.00,30.00,38.00,tertiary,Phạm Thế Hiển,4,2020-12-25,period_9_00,train_los+latest_segment_status
20425,2044486965,2044486312,13.000,1.560,free_flow,A,1.00,30.00,30.00,tertiary,Phạm Thế Hiển,4,,,road_type_defaults
20426,2044486965,1987338775,9.000,1.080,free_flow,A,1.00,30.00,30.00,tertiary,Phạm Thế Hiển,4,,,road_type_defaults
20427,1987338775,2044486965,9.000,1.080,free_flow,A,1.00,30.00,30.00,tertiary,Phạm Thế Hiển,4,,,road_type_defaults
20428,1987338775,2692556738,8.000,0.960,free_flow,A,1.00,30.00,30.00,tertiary,Phạm Thế Hiển,4,,,road_type_defaults
20429,2692556738,1987338775,8.000,0.960,free_flow,A,1.00,30.00,30.00,tertiary,Phạm Thế Hiển,4,,,road_type_defaults
20430,2692556738,4594841780,5.000,0.600,free_flow,A,1.00,30.00,30.00,tertiary,Phạm Thế Hiển,4,,,road_type_defaults
20431,4594841780,2692556738,5.000,0.600,free_flow,A,1.00,30.00,30.00,tertiary,Phạm Thế Hiển,4,,,road_type_defaults
20432,4594841780,4594841779,6.000,0.720,free_flow,A,1.00,30.00,30.00,tertiary,Phạm Thế Hiển,4,,,road_type_defaults
20433,4594841779,4594841780,6.000,0.720,free_flow,A,1.00,30.00,30.00,tertiary,Phạm Thế Hiển,4,,,road_type_defaults
20434,4594841779,2692556733,16.000,1.920,free_flow,A,1.00,30.00,30.00,tertiary,Phạm Thế Hiển,4,,,road_type_defaults
20435,2692556733,4594841779,16.000,1.920,free_flow,A,1.00,30.00,30.00,tertiary,Phạm Thế Hiển,4,,,road_type_defaults
20436,734894528,366383389,304.000,36.480,free_flow,A,1.00,30.00,30.00,tertiary,Cầu Chữ Y,4,,,road_type_defaults
20437,366383389,734894528,304.000,18.549,free_flow,A,1.00,30.00,59.00,tertiary,Cầu Chữ Y,4,2021-04-05,period_12_30,train_los+latest_segment_status
20438,366401128,1997154636,12.000,1.440,free_flow,A,1.00,30.00,30.00,tertiary,Bến Vân Đồn,4,,,road_type_defaults
20439,1997154636,5814168151,20.000,2.400,free_flow,A,1.00,30.00,30.00,tertiary,Bến Vân Đồn,4,,,road_type_defaults
20440,5814168151,4594687681,7.000,0.840,free_flow,A,1.00,30.00,30.00,tertiary,Bến Vân Đồn,4,,,road_type_defaults
20441,4594687681,4594877894,19.000,2.280,free_flow,A,1.00,30.00,30.00,tertiary,Bến Vân Đồn,4,,,road_type_defaults
20442,4594877894,366470099,18.000,2.160,free_flow,A,1.00,30.00,30.00,tertiary,Bến Vân Đồn,4,,,road_type_defaults
20443,366470099,4594687683,23.000,2.760,free_flow,A,1.00,30.00,30.00,tertiary,Bến Vân Đồn,4,,,road_type_defaults
20444,4594687683,4594687682,24.000,2.880,free_flow,A,1.00,30.00,30.00,tertiary,Bến Vân Đồn,4,,,road_type_defaults
20445,4594687682,1767160329,35.000,4.200,free_flow,A,1.00,30.00,30.00,tertiary,Bến Vân Đồn,4,,,road_type_defaults
20446,1767160329,5811504005,40.000,4.800,free_flow,A,1.00,30.00,30.00,tertiary,Bến Vân Đồn,4,,,road_type_defaults
20447,5811504005,366400454,33.000,3.960,free_flow,A,1.00,30.00,30.00,tertiary,Bến Vân Đồn,4,,,road_type_defaults
20448,366400454,1987338421,58.000,6.960,free_flow,A,1.00,30.00,30.00,tertiary,Bến Vân Đồn,4,,,road_type_defaults
20449,1987338421,1987339219,54.000,6.480,free_flow,A,1.00,30.00,30.00,tertiary,Bến Vân Đồn,4,,,road_type_defaults
20450,1987339219,1987338562,47.000,5.640,free_flow,A,1.00,30.00,30.00,tertiary,Bến Vân Đồn,4,,,road_type_defaults
20451,1987338562,5811358227,4.000,0.480,free_flow,A,1.00,30.00,30.00,tertiary,Bến Vân Đồn,4,,,road_type_defaults
20452,5811358227,1987338686,37.000,4.440,free_flow,A,1.00,30.00,30.00,tertiary,Bến Vân Đồn,4,,,road_type_defaults
20453,1987338686,1987339155,40.000,4.800,free_flow,A,1.00,30.00,30.00,tertiary,Bến Vân Đồn,4,,,road_type_defaults
20454,1987339155,571360922,29.000,3.480,free_flow,A,1.00,30.00,30.00,tertiary,Bến Vân Đồn,4,,,road_type_defaults
20455,571360922,1987339119,54.000,6.480,free_flow,A,1.00,30.00,30.00,tertiary,Bến Vân Đồn,4,,,road_type_defaults
20456,1987339119,2027431054,60.000,7.200,free_flow,A,1.00,30.00,30.00,tertiary,Bến Vân Đồn,4,,,road_type_defaults
20457,2027431054,2027431064,22.000,1.980,free_flow,A,1.00,30.00,40.00,tertiary,Bến Vân Đồn,4,2020-11-27,period_12_00,train_los+latest_segment_status
20458,2027431064,2027431058,17.000,2.040,free_flow,A,1.00,30.00,30.00,tertiary,Bến Vân Đồn,4,,,road_type_defaults
20459,2027431058,1768828014,26.000,3.120,free_flow,A,1.00,30.00,30.00,tertiary,Bến Vân Đồn,4,,,road_type_defaults
20460,1768828014,1767234521,76.000,9.120,free_flow,A,1.00,30.00,30.00,tertiary,Bến Vân Đồn,4,,,road_type_defaults
20461,2468452119,1998235300,429.000,30.888,free_flow,A,1.00,50.00,50.00,primary,Cầu Nguyễn Văn Cừ,2,,,road_type_defaults
20471,1998235300,4594994059,5.411,0.557,free_flow,A,1.00,50.00,35.00,primary,Cầu Nguyễn Văn Cừ,2,2021-03-15,period_10_30,train_los+latest_segment_status
84635,4594994059,1767760271,54.589,5.615,free_flow,A,1.00,50.00,35.00,primary,Cầu Nguyễn Văn Cừ,2,2021-03-15,period_10_30,train_los+latest_segment_status
20463,1767760271,5462422179,47.000,3.384,free_flow,A,1.00,50.00,50.00,primary,Cầu Nguyễn Văn Cừ,2,,,road_type_defaults
20472,5462422179,5462422180,3.506,0.252,free_flow,A,1.00,50.00,50.00,primary,Cầu Nguyễn Văn Cừ,2,,,road_type_defaults
84636,5462422180,4419663831,6.494,0.468,free_flow,A,1.00,50.00,50.00,primary,Cầu Nguyễn Văn Cừ,2,,,road_type_defaults
20465,4419663831,4594811180,16.000,1.152,free_flow,A,1.00,50.00,50.00,primary,Cầu Nguyễn Văn Cừ,2,,,road_type_defaults
20466,4594811180,1998235281,22.000,1.584,free_flow,A,1.00,50.00,50.00,primary,Cầu Nguyễn Văn Cừ,2,,,road_type_defaults
20467,1998235281,1998235268,42.000,3.024,free_flow,A,1.00,50.00,50.00,primary,Cầu Nguyễn Văn Cừ,2,,,road_type_defaults
20468,1998235268,1998235317,39.000,2.808,free_flow,A,1.00,50.00,50.00,primary,Cầu Nguyễn Văn Cừ,2,,,road_type_defaults
20469,1998235317,2289920288,49.000,3.528,free_flow,A,1.00,50.00,50.00,primary,Cầu Nguyễn Văn Cừ,2,,,road_type_defaults
20470,2289920288,1767760220,57.000,4.104,free_flow,A,1.00,50.00,50.00,primary,Cầu Nguyễn Văn Cừ,2,,,road_type_defaults
20831,2358137396,1996745689,9.000,1.117,heavy,D,2.50,30.00,29.00,tertiary,Trần Ðình Xu,4,2020-12-15,period_1_30,train_los+latest_segment_status
20832,1996745689,2358137396,9.000,1.080,free_flow,A,1.00,30.00,30.00,tertiary,Trần Ðình Xu,4,,,road_type_defaults
20833,1996745689,411926072,13.000,1.560,free_flow,A,1.00,30.00,30.00,tertiary,Trần Ðình Xu,4,,,road_type_defaults
20834,411926072,1996745689,13.000,1.560,free_flow,A,1.00,30.00,30.00,tertiary,Trần Ðình Xu,4,,,road_type_defaults
20835,411926072,3338020171,11.000,1.100,free_flow,A,1.00,30.00,36.00,tertiary,Trần Ðình Xu,4,2020-11-27,period_12_00,train_los+latest_segment_status
20836,3338020171,411926072,11.000,1.320,free_flow,A,1.00,30.00,30.00,tertiary,Trần Ðình Xu,4,,,road_type_defaults
20837,3338020171,5795068421,88.000,10.560,free_flow,A,1.00,30.00,30.00,tertiary,Trần Ðình Xu,4,,,road_type_defaults
20838,5795068421,3338020171,88.000,105.600,gridlock,F,8.00,30.00,3.00,tertiary,Trần Ðình Xu,4,2020-11-27,period_12_30,train_los+latest_segment_status
20839,5795068421,5795068422,24.000,12.343,gridlock,F,8.00,30.00,7.00,tertiary,Trần Ðình Xu,4,2020-11-27,period_13_00,train_los+latest_segment_status
20840,5795068422,5795068421,24.000,2.880,free_flow,A,1.00,30.00,30.00,tertiary,Trần Ðình Xu,4,,,road_type_defaults
20841,5795068422,5795068423,38.000,4.560,free_flow,A,1.00,30.00,30.00,tertiary,Trần Ðình Xu,4,,,road_type_defaults
20842,5795068423,5795068422,38.000,4.560,free_flow,A,1.00,30.00,30.00,tertiary,Trần Ðình Xu,4,,,road_type_defaults
20843,5795068423,5811283427,11.000,1.320,free_flow,A,1.00,30.00,30.00,tertiary,Trần Ðình Xu,4,,,road_type_defaults
20844,5811283427,5795068423,11.000,1.320,free_flow,A,1.00,30.00,30.00,tertiary,Trần Ðình Xu,4,,,road_type_defaults
20845,5811283427,4607019392,13.000,1.560,free_flow,A,1.00,30.00,30.00,tertiary,Trần Ðình Xu,4,,,road_type_defaults
20846,4607019392,5811283427,13.000,1.560,free_flow,A,1.00,30.00,30.00,tertiary,Trần Ðình Xu,4,,,road_type_defaults
20847,4607019392,5795188295,10.000,1.200,free_flow,A,1.00,30.00,30.00,tertiary,Trần Ðình Xu,4,,,road_type_defaults
20848,5795188295,4607019392,10.000,1.200,free_flow,A,1.00,30.00,30.00,tertiary,Trần Ðình Xu,4,,,road_type_defaults
20849,5795188295,411921736,12.000,1.440,free_flow,A,1.00,30.00,30.00,tertiary,Trần Ðình Xu,4,,,road_type_defaults
20850,411921736,5795188295,12.000,1.440,free_flow,A,1.00,30.00,30.00,tertiary,Trần Ðình Xu,4,,,road_type_defaults
20851,411921736,4607019395,26.000,3.120,free_flow,A,1.00,30.00,30.00,tertiary,Trần Ðình Xu,4,,,road_type_defaults
20852,4607019395,411921736,26.000,3.120,free_flow,A,1.00,30.00,30.00,tertiary,Trần Ðình Xu,4,,,road_type_defaults
20853,4607019395,411921220,46.000,5.520,free_flow,A,1.00,30.00,30.00,tertiary,Trần Ðình Xu,4,,,road_type_defaults
20854,411921220,4607019395,46.000,5.520,free_flow,A,1.00,30.00,30.00,tertiary,Trần Ðình Xu,4,,,road_type_defaults
20855,411921220,5795068430,24.000,2.880,free_flow,A,1.00,30.00,30.00,tertiary,Trần Ðình Xu,4,,,road_type_defaults
20856,5795068430,411921220,24.000,2.880,free_flow,A,1.00,30.00,30.00,tertiary,Trần Ðình Xu,4,,,road_type_defaults
20857,5795068430,5795068429,53.000,6.360,free_flow,A,1.00,30.00,30.00,tertiary,Trần Ðình Xu,4,,,road_type_defaults
20858,5795068429,5795068430,53.000,6.360,free_flow,A,1.00,30.00,30.00,tertiary,Trần Ðình Xu,4,,,road_type_defaults
20859,5795068429,5795068428,24.000,2.880,free_flow,A,1.00,30.00,30.00,tertiary,Trần Ðình Xu,4,,,road_type_defaults
20860,5795068428,5795068429,24.000,2.880,free_flow,A,1.00,30.00,30.00,tertiary,Trần Ðình Xu,4,,,road_type_defaults
20861,5795068428,5795068427,43.000,5.160,free_flow,A,1.00,30.00,30.00,tertiary,Trần Ðình Xu,4,,,road_type_defaults
20862,5795068427,5795068428,43.000,5.160,free_flow,A,1.00,30.00,30.00,tertiary,Trần Ðình Xu,4,,,road_type_defaults
20863,5795068427,5795068426,5.000,0.600,free_flow,A,1.00,30.00,30.00,tertiary,Trần Ðình Xu,4,,,road_type_defaults
20864,5795068426,5795068427,5.000,0.600,free_flow,A,1.00,30.00,30.00,tertiary,Trần Ðình Xu,4,,,road_type_defaults
20865,5795068426,5795068425,4.000,0.480,free_flow,A,1.00,30.00,30.00,tertiary,Trần Ðình Xu,4,,,road_type_defaults
20866,5795068425,5795068426,4.000,0.480,free_flow,A,1.00,30.00,30.00,tertiary,Trần Ðình Xu,4,,,road_type_defaults
20867,5795068425,411926591,6.000,0.720,free_flow,A,1.00,30.00,30.00,tertiary,Trần Ðình Xu,4,,,road_type_defaults
20868,411926591,5795068425,6.000,0.720,free_flow,A,1.00,30.00,30.00,tertiary,Trần Ðình Xu,4,,,road_type_defaults
20869,411926591,411918668,10.000,1.200,free_flow,A,1.00,30.00,30.00,tertiary,Trần Ðình Xu,4,,,road_type_defaults
20870,411918668,411926591,10.000,1.200,free_flow,A,1.00,30.00,30.00,tertiary,Trần Ðình Xu,4,,,road_type_defaults
20871,411918668,4605065012,27.000,3.240,free_flow,A,1.00,30.00,30.00,tertiary,Trần Ðình Xu,4,,,road_type_defaults
20872,4605065012,411918668,27.000,3.240,free_flow,A,1.00,30.00,30.00,tertiary,Trần Ðình Xu,4,,,road_type_defaults
20873,4605065012,4605065672,64.000,7.680,free_flow,A,1.00,30.00,30.00,tertiary,Trần Ðình Xu,4,,,road_type_defaults
20874,4605065672,4605065012,64.000,7.680,free_flow,A,1.00,30.00,30.00,tertiary,Trần Ðình Xu,4,,,road_type_defaults
20875,4605065672,5795188307,4.000,0.480,free_flow,A,1.00,30.00,30.00,tertiary,Trần Ðình Xu,4,,,road_type_defaults
20876,5795188307,4605065672,4.000,0.480,free_flow,A,1.00,30.00,30.00,tertiary,Trần Ðình Xu,4,,,road_type_defaults
20877,5795188307,4605066040,19.000,2.280,free_flow,A,1.00,30.00,30.00,tertiary,Trần Ðình Xu,4,,,road_type_defaults
20878,4605066040,5795188307,19.000,2.280,free_flow,A,1.00,30.00,30.00,tertiary,Trần Ðình Xu,4,,,road_type_defaults
20879,4605066040,4605065670,14.000,1.680,free_flow,A,1.00,30.00,30.00,tertiary,Trần Ðình Xu,4,,,road_type_defaults
20880,4605065670,4605066040,14.000,1.680,free_flow,A,1.00,30.00,30.00,tertiary,Trần Ðình Xu,4,,,road_type_defaults
20881,4605065670,4605067181,23.000,2.760,free_flow,A,1.00,30.00,30.00,tertiary,Trần Ðình Xu,4,,,road_type_defaults
20882,4605067181,4605065670,23.000,2.760,free_flow,A,1.00,30.00,30.00,tertiary,Trần Ðình Xu,4,,,road_type_defaults
20883,4605067181,4605066211,5.000,0.600,free_flow,A,1.00,30.00,30.00,tertiary,Trần Ðình Xu,4,,,road_type_defaults
20884,4605066211,4605067181,5.000,0.600,free_flow,A,1.00,30.00,30.00,tertiary,Trần Ðình Xu,4,,,road_type_defaults
20885,4605066211,4605065669,12.000,1.440,free_flow,A,1.00,30.00,30.00,tertiary,Trần Ðình Xu,4,,,road_type_defaults
20886,4605065669,4605066211,12.000,1.440,free_flow,A,1.00,30.00,30.00,tertiary,Trần Ðình Xu,4,,,road_type_defaults
20887,4605065669,4609554055,33.000,3.960,free_flow,A,1.00,30.00,30.00,tertiary,Trần Ðình Xu,4,,,road_type_defaults
20888,4609554055,4605065669,33.000,3.960,free_flow,A,1.00,30.00,30.00,tertiary,Trần Ðình Xu,4,,,road_type_defaults
20889,4609554055,5795068450,42.000,5.040,free_flow,A,1.00,30.00,30.00,tertiary,Trần Ðình Xu,4,,,road_type_defaults
20890,5795068450,4609554055,42.000,5.040,free_flow,A,1.00,30.00,30.00,tertiary,Trần Ðình Xu,4,,,road_type_defaults
20891,5795068450,411918465,7.000,0.840,free_flow,A,1.00,30.00,30.00,tertiary,Trần Ðình Xu,4,,,road_type_defaults
20892,411918465,5795068450,7.000,0.840,free_flow,A,1.00,30.00,30.00,tertiary,Trần Ðình Xu,4,,,road_type_defaults
20893,411918465,411926193,90.000,10.800,free_flow,A,1.00,30.00,30.00,tertiary,Trần Ðình Xu,4,,,road_type_defaults
20894,411926193,411918465,90.000,10.800,free_flow,A,1.00,30.00,30.00,tertiary,Trần Ðình Xu,4,,,road_type_defaults
20914,1768565068,2691240096,14.000,1.680,free_flow,A,1.00,30.00,30.00,tertiary,Phó Ðức Chính,4,,,road_type_defaults
20915,2691240096,1768565068,14.000,1.680,free_flow,A,1.00,30.00,30.00,tertiary,Phó Ðức Chính,4,,,road_type_defaults
20916,2691240096,2691240098,2.000,0.157,free_flow,A,1.00,30.00,46.00,tertiary,Phó Ðức Chính,4,2020-12-28,period_5_00,train_los+latest_segment_status
20917,2691240098,2691240096,2.000,0.240,free_flow,A,1.00,30.00,30.00,tertiary,Phó Ðức Chính,4,,,road_type_defaults
20918,2691240098,5762893326,4.000,0.480,free_flow,A,1.00,30.00,30.00,tertiary,Phó Ðức Chính,4,,,road_type_defaults
20919,5762893326,2691240098,4.000,0.480,free_flow,A,1.00,30.00,30.00,tertiary,Phó Ðức Chính,4,,,road_type_defaults
20920,5762893326,5762893322,20.000,2.400,free_flow,A,1.00,30.00,30.00,tertiary,Phó Ðức Chính,4,,,road_type_defaults
20921,5762893322,5762893326,20.000,1.161,free_flow,A,1.00,30.00,62.00,tertiary,Phó Ðức Chính,4,2020-12-28,period_7_30,train_los+latest_segment_status
20922,5762893322,411926069,6.000,0.318,free_flow,A,1.00,30.00,68.00,tertiary,Phó Ðức Chính,4,2020-12-28,period_8_00,train_los+latest_segment_status
20923,411926069,5762893322,6.000,0.720,free_flow,A,1.00,30.00,30.00,tertiary,Phó Ðức Chính,4,,,road_type_defaults
20924,411926069,411919179,133.000,15.960,free_flow,A,1.00,30.00,30.00,tertiary,Phó Ðức Chính,4,,,road_type_defaults
20925,411919179,411926069,133.000,15.960,free_flow,A,1.00,30.00,30.00,tertiary,Phó Ðức Chính,4,,,road_type_defaults
20926,411919179,5762893316,97.000,11.640,free_flow,A,1.00,30.00,30.00,tertiary,Phó Ðức Chính,4,,,road_type_defaults
20927,5762893316,411919179,97.000,11.640,free_flow,A,1.00,30.00,30.00,tertiary,Phó Ðức Chính,4,,,road_type_defaults
20928,5762893316,411926648,75.000,9.000,free_flow,A,1.00,30.00,30.00,tertiary,Phó Ðức Chính,4,,,road_type_defaults
20929,411926648,5762893316,75.000,9.000,free_flow,A,1.00,30.00,30.00,tertiary,Phó Ðức Chính,4,,,road_type_defaults
20960,5735791255,3166987989,89.000,40.050,gridlock,F,8.00,30.00,8.00,tertiary,Calmette,4,2021-04-07,period_13_30,train_los+latest_segment_status
20961,3166987989,5735791255,89.000,10.680,free_flow,A,1.00,30.00,30.00,tertiary,Calmette,4,,,road_type_defaults
20962,3166987989,411925463,41.000,4.920,free_flow,A,1.00,30.00,30.00,tertiary,Calmette,4,,,road_type_defaults
20963,411925463,3166987989,41.000,4.920,free_flow,A,1.00,30.00,30.00,tertiary,Calmette,4,,,road_type_defaults
20964,411925463,411926577,26.000,3.120,free_flow,A,1.00,30.00,30.00,tertiary,Calmette,4,,,road_type_defaults
20965,411926577,411925463,26.000,3.120,free_flow,A,1.00,30.00,30.00,tertiary,Calmette,4,,,road_type_defaults
20966,411926577,411926712,134.000,16.080,free_flow,A,1.00,30.00,30.00,tertiary,Calmette,4,,,road_type_defaults
20967,411926712,411926577,134.000,20.974,heavy,D,2.50,30.00,23.00,tertiary,Calmette,4,2021-04-05,period_11_00,train_los+latest_segment_status
20968,411926712,411926527,65.000,7.800,free_flow,A,1.00,30.00,30.00,tertiary,Calmette,4,,,road_type_defaults
20969,411926527,411926712,65.000,2.962,free_flow,A,1.00,30.00,79.00,tertiary,Calmette,4,2020-12-28,period_6_00,train_los+latest_segment_status
20970,411926527,5762893331,9.000,0.410,free_flow,A,1.00,30.00,79.00,tertiary,Calmette,4,2020-12-28,period_4_30,train_los+latest_segment_status
20971,5762893331,411926527,9.000,1.080,free_flow,A,1.00,30.00,30.00,tertiary,Calmette,4,,,road_type_defaults
20972,5762893331,4609928331,43.000,5.160,free_flow,A,1.00,30.00,30.00,tertiary,Calmette,4,,,road_type_defaults
20973,4609928331,5762893331,43.000,5.160,free_flow,A,1.00,30.00,30.00,tertiary,Calmette,4,,,road_type_defaults
20974,1793489526,5780758109,29.000,2.088,free_flow,A,1.00,50.00,50.00,primary,Nguyễn Thị Minh Khai,2,,,road_type_defaults
20975,5780758109,1793489527,43.000,3.096,free_flow,A,1.00,50.00,50.00,primary,Nguyễn Thị Minh Khai,2,,,road_type_defaults
20976,1793489527,3160583013,22.000,4.168,severe,E,4.00,50.00,19.00,primary,Nguyễn Thị Minh Khai,2,2020-11-16,period_12_00,train_los+latest_segment_status
20977,3160583013,411925910,303.000,33.055,light,B,1.25,50.00,33.00,primary,Nguyễn Thị Minh Khai,2,2020-11-30,period_5_00,train_los+latest_segment_status
20978,411925910,5762610053,18.000,2.592,moderate,C,1.75,50.00,25.00,primary,Nguyễn Thị Minh Khai,2,2020-11-18,period_1_30,train_los+latest_segment_status
20979,5762610053,5762610087,3.000,0.216,free_flow,A,1.00,50.00,50.00,primary,Nguyễn Thị Minh Khai,2,,,road_type_defaults
20980,5762610087,5762610055,85.000,6.120,free_flow,A,1.00,50.00,50.00,primary,Nguyễn Thị Minh Khai,2,,,road_type_defaults
20981,5762610055,411926271,175.000,12.600,free_flow,A,1.00,50.00,50.00,primary,Nguyễn Thị Minh Khai,2,,,road_type_defaults
20982,411926271,5762610054,51.000,13.114,gridlock,F,8.00,50.00,14.00,primary,Nguyễn Thị Minh Khai,2,2020-11-18,period_11_30,train_los+latest_segment_status
20983,411924316,411924633,28.000,3.360,free_flow,A,1.00,30.00,30.00,unclassified,Vườn Chuối,4,,,road_type_defaults
20984,411924633,411924316,28.000,2.965,light,B,1.25,30.00,34.00,unclassified,Vườn Chuối,4,2020-11-17,period_1_30,train_los+latest_segment_status
20985,411924633,411918836,40.000,4.800,free_flow,A,1.00,30.00,30.00,unclassified,Vườn Chuối,4,,,road_type_defaults
20986,411918836,411924633,40.000,4.800,free_flow,A,1.00,30.00,30.00,unclassified,Vườn Chuối,4,,,road_type_defaults
20987,411918836,411918837,33.000,3.960,free_flow,A,1.00,30.00,30.00,unclassified,Vườn Chuối,4,,,road_type_defaults
20988,411918837,411918836,33.000,3.960,free_flow,A,1.00,30.00,30.00,unclassified,Vườn Chuối,4,,,road_type_defaults
20989,411918837,411918835,30.000,3.600,free_flow,A,1.00,30.00,30.00,unclassified,Vườn Chuối,4,,,road_type_defaults
20990,411918835,411918837,30.000,3.600,free_flow,A,1.00,30.00,30.00,unclassified,Vườn Chuối,4,,,road_type_defaults
20991,411918835,411918826,70.000,8.400,free_flow,A,1.00,30.00,30.00,unclassified,Vườn Chuối,4,,,road_type_defaults
20992,411918826,411918835,70.000,8.400,free_flow,A,1.00,30.00,30.00,unclassified,Vườn Chuối,4,,,road_type_defaults
20993,411918826,411918824,29.000,3.480,free_flow,A,1.00,30.00,30.00,unclassified,Vườn Chuối,4,,,road_type_defaults
20994,411918824,411918826,29.000,3.480,free_flow,A,1.00,30.00,30.00,unclassified,Vườn Chuối,4,,,road_type_defaults
20995,411918824,411918819,27.000,3.240,free_flow,A,1.00,30.00,30.00,unclassified,Vườn Chuối,4,,,road_type_defaults
20996,411918819,411918824,27.000,3.240,free_flow,A,1.00,30.00,30.00,unclassified,Vườn Chuối,4,,,road_type_defaults
20997,411918819,411918814,29.000,3.480,free_flow,A,1.00,30.00,30.00,unclassified,Vườn Chuối,4,,,road_type_defaults
20998,411918814,411918819,29.000,3.480,free_flow,A,1.00,30.00,30.00,unclassified,Vườn Chuối,4,,,road_type_defaults
20999,411918814,411918815,4.000,0.480,free_flow,A,1.00,30.00,30.00,unclassified,Vườn Chuối,4,,,road_type_defaults
21000,411918815,411918814,4.000,0.480,free_flow,A,1.00,30.00,30.00,unclassified,Vườn Chuối,4,,,road_type_defaults
21001,411918815,411918828,25.000,3.000,free_flow,A,1.00,30.00,30.00,unclassified,Vườn Chuối,4,,,road_type_defaults
21002,411918828,411918815,25.000,3.000,free_flow,A,1.00,30.00,30.00,unclassified,Vườn Chuối,4,,,road_type_defaults
21003,411918828,411918829,10.000,1.200,free_flow,A,1.00,30.00,30.00,unclassified,Vườn Chuối,4,,,road_type_defaults
21004,411918829,411918828,10.000,1.200,free_flow,A,1.00,30.00,30.00,unclassified,Vườn Chuối,4,,,road_type_defaults
21005,411918829,411918827,41.000,4.920,free_flow,A,1.00,30.00,30.00,unclassified,Vườn Chuối,4,,,road_type_defaults
21006,411918827,411918829,41.000,4.920,free_flow,A,1.00,30.00,30.00,unclassified,Vườn Chuối,4,,,road_type_defaults
21007,411918827,5764789639,51.000,6.120,free_flow,A,1.00,30.00,30.00,unclassified,Vườn Chuối,4,,,road_type_defaults
21008,5764789639,411918827,51.000,6.120,free_flow,A,1.00,30.00,30.00,unclassified,Vườn Chuối,4,,,road_type_defaults
21009,5778245683,411918142,104.000,12.480,free_flow,A,1.00,30.00,30.00,tertiary,Nguyễn Phúc Nguyên,4,,,road_type_defaults
21010,411918142,5778245683,104.000,12.480,free_flow,A,1.00,30.00,30.00,tertiary,Nguyễn Phúc Nguyên,4,,,road_type_defaults
21011,411918142,5778245681,61.000,7.320,free_flow,A,1.00,30.00,30.00,tertiary,Nguyễn Phúc Nguyên,4,,,road_type_defaults
21012,5778245681,411918142,61.000,7.320,free_flow,A,1.00,30.00,30.00,tertiary,Nguyễn Phúc Nguyên,4,,,road_type_defaults
21013,5778245681,5778245680,36.000,4.320,free_flow,A,1.00,30.00,30.00,tertiary,Nguyễn Phúc Nguyên,4,,,road_type_defaults
21014,5778245680,5778245681,36.000,4.320,free_flow,A,1.00,30.00,30.00,tertiary,Nguyễn Phúc Nguyên,4,,,road_type_defaults
21015,5778245680,5778245679,17.000,2.040,free_flow,A,1.00,30.00,30.00,tertiary,Nguyễn Phúc Nguyên,4,,,road_type_defaults
21016,5778245679,5778245680,17.000,2.040,free_flow,A,1.00,30.00,30.00,tertiary,Nguyễn Phúc Nguyên,4,,,road_type_defaults
21017,5778245679,411918148,26.000,3.120,free_flow,A,1.00,30.00,30.00,tertiary,Nguyễn Phúc Nguyên,4,,,road_type_defaults
21018,411918148,5778245679,26.000,3.120,free_flow,A,1.00,30.00,30.00,tertiary,Nguyễn Phúc Nguyên,4,,,road_type_defaults
21019,411918148,5778164491,47.000,5.640,free_flow,A,1.00,30.00,30.00,tertiary,Nguyễn Phúc Nguyên,4,,,road_type_defaults
21020,5778164491,411918148,47.000,5.640,free_flow,A,1.00,30.00,30.00,tertiary,Nguyễn Phúc Nguyên,4,,,road_type_defaults
21021,5778164491,5778872975,5.000,0.600,free_flow,A,1.00,30.00,30.00,tertiary,Nguyễn Phúc Nguyên,4,,,road_type_defaults
21022,5778872975,5778164491,5.000,0.600,free_flow,A,1.00,30.00,30.00,tertiary,Nguyễn Phúc Nguyên,4,,,road_type_defaults
21023,5778872975,5778872974,44.000,5.280,free_flow,A,1.00,30.00,30.00,tertiary,Nguyễn Phúc Nguyên,4,,,road_type_defaults
21024,5778872974,5778872975,44.000,5.280,free_flow,A,1.00,30.00,30.00,tertiary,Nguyễn Phúc Nguyên,4,,,road_type_defaults
21025,5778872974,5778872973,34.000,4.080,free_flow,A,1.00,30.00,30.00,tertiary,Nguyễn Phúc Nguyên,4,,,road_type_defaults
21026,5778872973,5778872974,34.000,11.127,gridlock,F,8.00,30.00,11.00,tertiary,Nguyễn Phúc Nguyên,4,2021-01-05,period_11_30,train_los+latest_segment_status
21027,5778872973,3168933105,38.000,4.560,free_flow,A,1.00,30.00,30.00,tertiary,Nguyễn Phúc Nguyên,4,,,road_type_defaults
21028,3168933105,5778872973,38.000,13.680,gridlock,F,8.00,30.00,10.00,tertiary,Nguyễn Phúc Nguyên,4,2021-01-05,period_10_00,train_los+latest_segment_status
21029,3168933105,5778872972,21.000,2.520,free_flow,A,1.00,30.00,30.00,tertiary,Nguyễn Phúc Nguyên,4,,,road_type_defaults
21030,5778872972,3168933105,21.000,2.520,free_flow,A,1.00,30.00,30.00,tertiary,Nguyễn Phúc Nguyên,4,,,road_type_defaults
21031,5778872972,5778872971,55.000,8.250,heavy,D,2.50,30.00,24.00,tertiary,Nguyễn Phúc Nguyên,4,2021-01-05,period_10_00,train_los+latest_segment_status
21032,5778872971,5778872972,55.000,6.600,free_flow,A,1.00,30.00,30.00,tertiary,Nguyễn Phúc Nguyên,4,,,road_type_defaults
21033,411926356,411926055,130.000,11.700,free_flow,A,1.00,40.00,40.00,secondary,Lý Tự Trọng,3,,,road_type_defaults
21034,411926055,411926390,51.000,5.564,light,B,1.25,40.00,33.00,secondary,Lý Tự Trọng,3,2020-12-10,period_11_30,train_los+latest_segment_status
21035,411926390,411926613,72.000,7.855,light,B,1.25,40.00,33.00,secondary,Lý Tự Trọng,3,2020-12-10,period_11_30,train_los+latest_segment_status
21036,411926613,5763135363,87.000,18.424,severe,E,4.00,40.00,17.00,secondary,Lý Tự Trọng,3,2020-11-28,period_13_30,train_los+latest_segment_status
21037,5763135363,411926617,145.000,15.818,light,B,1.25,40.00,33.00,secondary,Lý Tự Trọng,3,2020-12-10,period_11_30,train_los+latest_segment_status
21038,411926617,411919668,48.000,5.236,light,B,1.25,40.00,33.00,secondary,Lý Tự Trọng,3,2020-12-10,period_11_30,train_los+latest_segment_status
21039,411919668,5763135354,16.000,1.745,light,B,1.25,40.00,33.00,secondary,Lý Tự Trọng,3,2020-11-30,period_5_30,train_los+latest_segment_status
21040,5763135354,411926412,80.000,8.727,light,B,1.25,40.00,33.00,secondary,Lý Tự Trọng,3,2020-11-30,period_4_30,train_los+latest_segment_status
21078,4603729666,2032267102,1.000,0.120,free_flow,A,1.00,30.00,30.00,tertiary,Cống Quỳnh,4,,,road_type_defaults
21079,2032267102,4603729666,1.000,0.120,free_flow,A,1.00,30.00,30.00,tertiary,Cống Quỳnh,4,,,road_type_defaults
21080,2032267102,411918191,60.000,7.200,free_flow,A,1.00,30.00,30.00,tertiary,Cống Quỳnh,4,,,road_type_defaults
21081,411918191,2032267102,60.000,27.000,gridlock,F,8.00,30.00,8.00,tertiary,Cống Quỳnh,4,2020-11-27,period_2_00,train_los+latest_segment_status
21082,411918191,4605071396,28.000,3.360,free_flow,A,1.00,30.00,30.00,tertiary,Cống Quỳnh,4,,,road_type_defaults
21083,4605071396,411918191,28.000,4.582,heavy,D,2.50,30.00,22.00,tertiary,Cống Quỳnh,4,2020-12-01,period_1_30,train_los+latest_segment_status
21084,4605071396,4603755774,22.000,2.640,free_flow,A,1.00,30.00,30.00,tertiary,Cống Quỳnh,4,,,road_type_defaults
21085,4603755774,4605071396,22.000,3.443,heavy,D,2.50,30.00,23.00,tertiary,Cống Quỳnh,4,2020-12-15,period_2_00,train_los+latest_segment_status
21086,4603755774,5780842940,9.000,1.080,free_flow,A,1.00,30.00,30.00,tertiary,Cống Quỳnh,4,,,road_type_defaults
21087,5780842940,4603755774,9.000,1.080,free_flow,A,1.00,30.00,30.00,tertiary,Cống Quỳnh,4,,,road_type_defaults
21088,411925883,5778872974,144.000,21.600,heavy,D,2.50,30.00,24.00,tertiary,Rạch Bùng Binh,4,2020-11-27,period_2_00,train_los+latest_segment_status
21089,5778872974,411925883,144.000,17.280,free_flow,A,1.00,30.00,30.00,tertiary,Rạch Bùng Binh,4,,,road_type_defaults
21090,5778872974,411917855,0.749,0.270,gridlock,F,8.00,30.00,10.00,tertiary,Rạch Bùng Binh,4,2021-01-06,period_0_30,train_los+latest_segment_status
21091,411917855,5778872974,0.749,0.090,free_flow,A,1.00,30.00,30.00,tertiary,Rạch Bùng Binh,4,,,road_type_defaults
21092,411917855,411917856,55.000,6.600,free_flow,A,1.00,30.00,30.00,tertiary,Rạch Bùng Binh,4,,,road_type_defaults
21093,411917856,411917855,55.000,6.600,free_flow,A,1.00,30.00,30.00,tertiary,Rạch Bùng Binh,4,,,road_type_defaults
21094,411917856,411923928,29.000,17.400,gridlock,F,8.00,30.00,6.00,tertiary,Rạch Bùng Binh,4,2021-01-06,period_0_30,train_los+latest_segment_status
21095,411923928,411917856,29.000,1.356,free_flow,A,1.00,30.00,77.00,tertiary,Rạch Bùng Binh,4,2021-01-05,period_10_00,train_los+latest_segment_status
21096,411923928,3734437575,115.000,46.000,gridlock,F,8.00,30.00,9.00,tertiary,Rạch Bùng Binh,4,2021-01-05,period_12_00,train_los+latest_segment_status
21097,3734437575,411923928,115.000,69.000,gridlock,F,8.00,30.00,6.00,tertiary,Rạch Bùng Binh,4,2021-01-05,period_12_00,train_los+latest_segment_status
21110,4603755772,5780842951,13.000,1.560,free_flow,A,1.00,30.00,30.00,tertiary,Cống Quỳnh,4,,,road_type_defaults
21111,5780842951,4603755772,13.000,1.560,free_flow,A,1.00,30.00,30.00,tertiary,Cống Quỳnh,4,,,road_type_defaults
21112,5780842951,4664329972,21.000,2.520,light,B,1.25,30.00,30.00,tertiary,Cống Quỳnh,4,2020-12-15,period_11_00,train_los+latest_segment_status
21113,4664329972,5780842951,21.000,3.979,severe,E,4.00,30.00,19.00,tertiary,Cống Quỳnh,4,2020-12-01,period_12_00,train_los+latest_segment_status
21114,4664329972,4603243122,77.000,9.240,free_flow,A,1.00,30.00,30.00,tertiary,Cống Quỳnh,4,,,road_type_defaults
21115,4603243122,4664329972,77.000,13.860,heavy,D,2.50,30.00,20.00,tertiary,Cống Quỳnh,4,2020-12-15,period_2_00,train_los+latest_segment_status
21116,4603243122,5780842952,1.000,0.300,gridlock,F,8.00,30.00,12.00,tertiary,Cống Quỳnh,4,2020-12-01,period_1_30,train_los+latest_segment_status
21117,5780842952,4603243122,1.000,0.120,free_flow,A,1.00,30.00,30.00,tertiary,Cống Quỳnh,4,,,road_type_defaults
21118,5780842952,5780843153,4.000,0.480,free_flow,A,1.00,30.00,30.00,tertiary,Cống Quỳnh,4,,,road_type_defaults
21119,5780843153,5780842952,4.000,0.480,free_flow,A,1.00,30.00,30.00,tertiary,Cống Quỳnh,4,,,road_type_defaults
21120,5780843153,4607049888,34.000,4.080,free_flow,A,1.00,30.00,30.00,tertiary,Cống Quỳnh,4,,,road_type_defaults
21121,4607049888,5780843153,34.000,1.530,free_flow,A,1.00,30.00,80.00,tertiary,Cống Quỳnh,4,2020-12-28,period_7_30,train_los+latest_segment_status
21122,4607049888,5780842949,43.000,5.160,free_flow,A,1.00,30.00,30.00,tertiary,Cống Quỳnh,4,,,road_type_defaults
21123,5780842949,4607049888,43.000,2.276,free_flow,A,1.00,30.00,68.00,tertiary,Cống Quỳnh,4,2020-12-28,period_7_00,train_los+latest_segment_status
21124,5780842949,4603764607,18.000,2.160,free_flow,A,1.00,30.00,30.00,tertiary,Cống Quỳnh,4,,,road_type_defaults
21125,4603764607,5780842949,18.000,1.137,free_flow,A,1.00,30.00,57.00,tertiary,Cống Quỳnh,4,2020-12-28,period_7_30,train_los+latest_segment_status
21126,4603764607,4603764606,15.000,1.800,free_flow,A,1.00,30.00,30.00,tertiary,Cống Quỳnh,4,,,road_type_defaults
21127,4603764606,4603764607,15.000,0.982,free_flow,A,1.00,30.00,55.00,tertiary,Cống Quỳnh,4,2020-12-28,period_7_00,train_los+latest_segment_status
21128,4603764606,5762711579,2.000,0.240,free_flow,A,1.00,30.00,30.00,tertiary,Cống Quỳnh,4,,,road_type_defaults
21129,5762711579,4603764606,2.000,0.240,free_flow,A,1.00,30.00,30.00,tertiary,Cống Quỳnh,4,,,road_type_defaults
21130,5762711579,5762711580,8.000,5.760,gridlock,F,8.00,30.00,5.00,tertiary,Cống Quỳnh,4,2020-11-20,period_2_00,train_los+latest_segment_status
21131,5762711580,5762711579,8.000,0.960,free_flow,A,1.00,30.00,30.00,tertiary,Cống Quỳnh,4,,,road_type_defaults
21132,5762711580,5762711581,8.000,0.993,moderate,C,1.75,30.00,29.00,tertiary,Cống Quỳnh,4,2020-11-19,period_2_00,train_los+latest_segment_status
21133,5762711581,5762711580,8.000,0.505,free_flow,A,1.00,30.00,57.00,tertiary,Cống Quỳnh,4,2020-12-28,period_6_00,train_los+latest_segment_status
21134,5762711581,4603764604,43.000,5.160,free_flow,A,1.00,30.00,30.00,tertiary,Cống Quỳnh,4,,,road_type_defaults
21135,4603764604,5762711581,43.000,2.382,free_flow,A,1.00,30.00,65.00,tertiary,Cống Quỳnh,4,2020-12-28,period_8_00,train_los+latest_segment_status
21136,4603764604,4608957327,4.000,0.424,light,B,1.25,30.00,34.00,tertiary,Cống Quỳnh,4,2020-11-27,period_2_00,train_los+latest_segment_status
21137,4608957327,4603764604,4.000,0.195,free_flow,A,1.00,30.00,74.00,tertiary,Cống Quỳnh,4,2020-12-09,period_14_00,train_los+latest_segment_status
21138,4608957327,2616958829,35.000,4.200,free_flow,A,1.00,30.00,30.00,tertiary,Cống Quỳnh,4,,,road_type_defaults
21139,2616958829,4608957327,35.000,1.658,free_flow,A,1.00,30.00,76.00,tertiary,Cống Quỳnh,4,2020-12-28,period_7_00,train_los+latest_segment_status
21160,4603175867,4608688932,68.000,8.160,free_flow,A,1.00,30.00,30.00,tertiary,Phạm Hồng Thái,4,,,road_type_defaults
21161,4608688932,5763135343,83.000,9.960,free_flow,A,1.00,30.00,30.00,tertiary,Phạm Hồng Thái,4,,,road_type_defaults
21162,5763135343,4605002478,46.000,5.520,free_flow,A,1.00,30.00,30.00,tertiary,Phạm Hồng Thái,4,,,road_type_defaults
21163,4605002478,5444117929,13.000,1.560,free_flow,A,1.00,30.00,30.00,tertiary,Phạm Hồng Thái,4,,,road_type_defaults
21164,5444117929,4608688128,123.000,14.760,free_flow,A,1.00,30.00,30.00,tertiary,Phạm Hồng Thái,4,,,road_type_defaults
21165,4608688128,4605017103,66.000,7.920,free_flow,A,1.00,30.00,30.00,tertiary,Phạm Hồng Thái,4,,,road_type_defaults
21166,4605017103,411919522,130.000,15.600,free_flow,A,1.00,30.00,30.00,tertiary,Phạm Hồng Thái,4,,,road_type_defaults
21192,1996654212,411924560,33.000,2.829,free_flow,A,1.00,30.00,42.00,tertiary,Hồ Hảo Hớn,4,2020-12-26,period_12_30,train_los+latest_segment_status
21193,411924560,1996654212,33.000,3.960,free_flow,A,1.00,30.00,30.00,tertiary,Hồ Hảo Hớn,4,,,road_type_defaults
21194,411924560,411922504,35.000,4.200,free_flow,A,1.00,30.00,30.00,tertiary,Hồ Hảo Hớn,4,,,road_type_defaults
21195,411922504,411924560,35.000,4.200,free_flow,A,1.00,30.00,30.00,tertiary,Hồ Hảo Hớn,4,,,road_type_defaults
21196,411922504,411926325,35.000,4.200,free_flow,A,1.00,30.00,30.00,tertiary,Hồ Hảo Hớn,4,,,road_type_defaults
21197,411926325,411922504,35.000,7.412,severe,E,4.00,30.00,17.00,tertiary,Hồ Hảo Hớn,4,2020-11-27,period_11_00,train_los+latest_segment_status
21198,411926325,411925112,29.000,3.480,free_flow,A,1.00,30.00,30.00,tertiary,Hồ Hảo Hớn,4,,,road_type_defaults
21199,411925112,411926325,29.000,3.480,free_flow,A,1.00,30.00,30.00,tertiary,Hồ Hảo Hớn,4,,,road_type_defaults
21200,411925112,411924932,37.000,4.440,free_flow,A,1.00,30.00,30.00,tertiary,Hồ Hảo Hớn,4,,,road_type_defaults
21201,411924932,411925112,37.000,4.440,free_flow,A,1.00,30.00,30.00,tertiary,Hồ Hảo Hớn,4,,,road_type_defaults
21202,411924932,411922587,40.000,4.800,free_flow,A,1.00,30.00,30.00,tertiary,Hồ Hảo Hớn,4,,,road_type_defaults
21203,411922587,411924932,40.000,4.800,free_flow,A,1.00,30.00,30.00,tertiary,Hồ Hảo Hớn,4,,,road_type_defaults
21204,411922587,4605057806,4.000,0.480,free_flow,A,1.00,30.00,30.00,tertiary,Hồ Hảo Hớn,4,,,road_type_defaults
21205,4605057806,411922587,4.000,0.480,free_flow,A,1.00,30.00,30.00,tertiary,Hồ Hảo Hớn,4,,,road_type_defaults
21206,4605057806,411925108,44.000,5.280,free_flow,A,1.00,30.00,30.00,tertiary,Hồ Hảo Hớn,4,,,road_type_defaults
21207,411925108,4605057806,44.000,7.200,heavy,D,2.50,30.00,22.00,tertiary,Hồ Hảo Hớn,4,2020-11-27,period_11_00,train_los+latest_segment_status
21208,411925108,411925285,38.000,4.560,free_flow,A,1.00,30.00,30.00,tertiary,Hồ Hảo Hớn,4,,,road_type_defaults
21209,411925285,411925108,38.000,4.560,free_flow,A,1.00,30.00,30.00,tertiary,Hồ Hảo Hớn,4,,,road_type_defaults
21210,411925285,411921228,76.000,9.120,free_flow,A,1.00,30.00,30.00,tertiary,Hồ Hảo Hớn,4,,,road_type_defaults
21211,411921228,411925285,76.000,9.120,free_flow,A,1.00,30.00,30.00,tertiary,Hồ Hảo Hớn,4,,,road_type_defaults
21212,411921228,411925110,59.000,7.080,free_flow,A,1.00,30.00,30.00,tertiary,Hồ Hảo Hớn,4,,,road_type_defaults
21213,411925110,411921228,59.000,9.235,heavy,D,2.50,30.00,23.00,tertiary,Hồ Hảo Hớn,4,2020-11-27,period_11_00,train_los+latest_segment_status
21214,411925110,4603720647,33.000,3.960,free_flow,A,1.00,30.00,30.00,tertiary,Hồ Hảo Hớn,4,,,road_type_defaults
21215,4603720647,411925110,33.000,3.960,free_flow,A,1.00,30.00,30.00,tertiary,Hồ Hảo Hớn,4,,,road_type_defaults
21216,4603720647,4603729664,9.000,1.080,free_flow,A,1.00,30.00,30.00,tertiary,Hồ Hảo Hớn,4,,,road_type_defaults
21217,4603729664,4603720647,9.000,1.080,free_flow,A,1.00,30.00,30.00,tertiary,Hồ Hảo Hớn,4,,,road_type_defaults
21218,4603729664,4603729665,4.000,0.480,free_flow,A,1.00,30.00,30.00,tertiary,Hồ Hảo Hớn,4,,,road_type_defaults
21219,4603729665,4603729664,4.000,0.480,free_flow,A,1.00,30.00,30.00,tertiary,Hồ Hảo Hớn,4,,,road_type_defaults
21220,4603729665,4603729666,14.000,2.291,heavy,D,2.50,30.00,22.00,tertiary,Hồ Hảo Hớn,4,2020-11-27,period_11_00,train_los+latest_segment_status
21221,4603729666,4603729665,14.000,1.680,free_flow,A,1.00,30.00,30.00,tertiary,Hồ Hảo Hớn,4,,,road_type_defaults
21222,1996655118,4593927776,43.000,5.160,free_flow,A,1.00,30.00,30.00,tertiary,Nguyễn Cảnh Chân,4,,,road_type_defaults
21223,4593927776,1996655118,43.000,5.160,free_flow,A,1.00,30.00,30.00,tertiary,Nguyễn Cảnh Chân,4,,,road_type_defaults
21224,4593927776,411918897,35.000,4.200,free_flow,A,1.00,30.00,30.00,tertiary,Nguyễn Cảnh Chân,4,,,road_type_defaults
21225,411918897,4593927776,35.000,4.200,free_flow,A,1.00,30.00,30.00,tertiary,Nguyễn Cảnh Chân,4,,,road_type_defaults
21226,411918897,411918902,38.000,4.560,free_flow,A,1.00,30.00,30.00,tertiary,Nguyễn Cảnh Chân,4,,,road_type_defaults
21227,411918902,411918897,38.000,4.560,free_flow,A,1.00,30.00,30.00,tertiary,Nguyễn Cảnh Chân,4,,,road_type_defaults
21228,411918902,411918901,31.000,3.720,free_flow,A,1.00,30.00,30.00,tertiary,Nguyễn Cảnh Chân,4,,,road_type_defaults
21229,411918901,411918902,31.000,3.720,free_flow,A,1.00,30.00,30.00,tertiary,Nguyễn Cảnh Chân,4,,,road_type_defaults
21230,411918901,411918905,38.000,4.560,free_flow,A,1.00,30.00,30.00,tertiary,Nguyễn Cảnh Chân,4,,,road_type_defaults
21231,411918905,411918901,38.000,4.560,free_flow,A,1.00,30.00,30.00,tertiary,Nguyễn Cảnh Chân,4,,,road_type_defaults
21232,411918905,411918906,35.000,4.200,free_flow,A,1.00,30.00,30.00,tertiary,Nguyễn Cảnh Chân,4,,,road_type_defaults
21233,411918906,411918905,35.000,4.200,free_flow,A,1.00,30.00,30.00,tertiary,Nguyễn Cảnh Chân,4,,,road_type_defaults
21234,411918906,411918908,42.000,5.040,free_flow,A,1.00,30.00,30.00,tertiary,Nguyễn Cảnh Chân,4,,,road_type_defaults
21235,411918908,411918906,42.000,5.040,free_flow,A,1.00,30.00,30.00,tertiary,Nguyễn Cảnh Chân,4,,,road_type_defaults
21236,411918908,4603835832,70.000,8.400,free_flow,A,1.00,30.00,30.00,tertiary,Nguyễn Cảnh Chân,4,,,road_type_defaults
21237,4603835832,411918908,70.000,8.400,free_flow,A,1.00,30.00,30.00,tertiary,Nguyễn Cảnh Chân,4,,,road_type_defaults
21238,4603835832,4603846875,3.000,0.360,free_flow,A,1.00,30.00,30.00,tertiary,Nguyễn Cảnh Chân,4,,,road_type_defaults
21239,4603846875,4603835832,3.000,0.360,free_flow,A,1.00,30.00,30.00,tertiary,Nguyễn Cảnh Chân,4,,,road_type_defaults
21240,4603846875,4613083207,6.000,0.720,free_flow,A,1.00,30.00,30.00,tertiary,Nguyễn Cảnh Chân,4,,,road_type_defaults
21241,4613083207,4603846875,6.000,0.720,free_flow,A,1.00,30.00,30.00,tertiary,Nguyễn Cảnh Chân,4,,,road_type_defaults
21242,4613083207,2032267286,8.000,0.960,free_flow,A,1.00,30.00,30.00,tertiary,Nguyễn Cảnh Chân,4,,,road_type_defaults
21243,2032267286,4613083207,8.000,0.960,free_flow,A,1.00,30.00,30.00,tertiary,Nguyễn Cảnh Chân,4,,,road_type_defaults
21244,2032267286,5795068449,7.000,0.840,free_flow,A,1.00,30.00,30.00,tertiary,Nguyễn Cảnh Chân,4,,,road_type_defaults
21245,5795068449,2032267286,7.000,0.840,free_flow,A,1.00,30.00,30.00,tertiary,Nguyễn Cảnh Chân,4,,,road_type_defaults
21263,5444117929,4608690975,38.000,45.600,gridlock,F,8.00,30.00,3.00,tertiary,Trương Định,4,2021-04-22,period_4_00,train_los+latest_segment_status
21264,4608690975,5763135327,21.000,2.520,free_flow,A,1.00,30.00,30.00,tertiary,Trương Định,4,,,road_type_defaults
21265,5763135327,411918543,23.000,2.760,free_flow,A,1.00,30.00,30.00,tertiary,Trương Định,4,,,road_type_defaults
21266,411918543,411926437,35.000,4.200,free_flow,A,1.00,30.00,30.00,tertiary,Trương Định,4,,,road_type_defaults
21267,411926437,411926613,98.000,11.760,free_flow,A,1.00,30.00,30.00,tertiary,Trương Định,4,,,road_type_defaults
21268,411926613,411919033,139.000,16.680,free_flow,A,1.00,30.00,30.00,tertiary,Trương Định,4,,,road_type_defaults
21287,411919363,411919362,49.000,5.880,free_flow,A,1.00,30.00,30.00,tertiary,Lê Lợi,4,,,road_type_defaults
21288,411919362,2383425451,13.000,1.560,free_flow,A,1.00,30.00,30.00,tertiary,Lê Lợi,4,,,road_type_defaults
21289,2383425451,3166133535,31.000,3.720,free_flow,A,1.00,30.00,30.00,tertiary,Lê Lợi,4,,,road_type_defaults
21290,3166133535,411919358,120.000,14.400,free_flow,A,1.00,30.00,30.00,tertiary,Lê Lợi,4,,,road_type_defaults
21311,411918861,2032267326,7.000,0.933,moderate,C,1.75,50.00,27.00,primary,Nguyễn Thái Học,2,2021-04-21,period_22_30,train_los+latest_segment_status
21312,2032267326,411923507,84.000,6.048,free_flow,A,1.00,50.00,50.00,primary,Nguyễn Thái Học,2,,,road_type_defaults
21313,4646769646,5778245682,21.000,2.520,free_flow,A,1.00,30.00,30.00,tertiary,Lý Chính Thắng,4,,,road_type_defaults
21314,5778245682,411926401,43.000,5.160,free_flow,A,1.00,30.00,30.00,tertiary,Lý Chính Thắng,4,,,road_type_defaults
21315,411926401,411918624,39.000,4.680,free_flow,A,1.00,30.00,30.00,tertiary,Lý Chính Thắng,4,,,road_type_defaults
21316,411918624,3168901215,30.000,3.600,free_flow,A,1.00,30.00,30.00,tertiary,Lý Chính Thắng,4,,,road_type_defaults
21317,3168901215,411926139,24.000,3.086,moderate,C,1.75,30.00,28.00,tertiary,Lý Chính Thắng,4,2020-12-15,period_11_00,train_los+latest_segment_status
21318,411926139,5778212579,72.000,8.640,free_flow,A,1.00,30.00,30.00,tertiary,Lý Chính Thắng,4,,,road_type_defaults
21319,5778212579,411926448,37.000,5.328,moderate,C,1.75,30.00,25.00,tertiary,Lý Chính Thắng,4,2021-01-06,period_0_30,train_los+latest_segment_status
21320,411926448,5778212347,1.000,0.164,heavy,D,2.50,30.00,22.00,tertiary,Lý Chính Thắng,4,2020-12-15,period_11_00,train_los+latest_segment_status
21321,5778212347,5778212577,19.000,2.280,free_flow,A,1.00,30.00,30.00,tertiary,Lý Chính Thắng,4,,,road_type_defaults
21322,5778212577,5778212349,17.000,4.708,gridlock,F,8.00,30.00,13.00,tertiary,Lý Chính Thắng,4,2020-11-27,period_14_00,train_los+latest_segment_status
21323,5778212349,2300361544,8.000,1.252,heavy,D,2.50,30.00,23.00,tertiary,Lý Chính Thắng,4,2020-11-26,period_11_30,train_los+latest_segment_status
21324,2300361544,5772101018,29.000,3.600,moderate,C,1.75,30.00,29.00,tertiary,Lý Chính Thắng,4,2020-12-01,period_12_00,train_los+latest_segment_status
21325,5772101018,411926216,185.000,28.957,heavy,D,2.50,30.00,23.00,tertiary,Lý Chính Thắng,4,2020-12-15,period_11_00,train_los+latest_segment_status
21328,411926551,2393614146,7.000,6.300,gridlock,F,8.00,30.00,4.00,tertiary,Võ Văn Tần,4,2020-12-15,period_1_30,train_los+latest_segment_status
21329,2393614146,411926551,7.000,5.040,gridlock,F,8.00,30.00,5.00,tertiary,Võ Văn Tần,4,2021-01-05,period_12_00,train_los+latest_segment_status
21330,5764869373,411920662,36.000,4.320,free_flow,A,1.00,30.00,30.00,unclassified,Bàn Cờ,4,,,road_type_defaults
21331,411920662,5764869373,36.000,4.320,free_flow,A,1.00,30.00,30.00,unclassified,Bàn Cờ,4,,,road_type_defaults
21332,5778245684,5778245685,7.000,0.630,free_flow,A,1.00,40.00,40.00,tertiary,Nguyễn Thượng Hiền,4,,,road_type_defaults
21333,5778245685,5778212583,67.000,6.030,free_flow,A,1.00,40.00,40.00,tertiary,Nguyễn Thượng Hiền,4,,,road_type_defaults
21334,5778212583,5778245678,21.000,3.600,heavy,D,2.50,40.00,21.00,tertiary,Nguyễn Thượng Hiền,4,2021-01-05,period_0_30,train_los+latest_segment_status
21335,5778245678,5778245677,46.000,4.140,free_flow,A,1.00,40.00,40.00,tertiary,Nguyễn Thượng Hiền,4,,,road_type_defaults
21336,5778245677,5764789643,16.000,1.440,free_flow,A,1.00,40.00,40.00,tertiary,Nguyễn Thượng Hiền,4,,,road_type_defaults
21337,5764789643,5764789644,27.000,2.430,free_flow,A,1.00,40.00,40.00,tertiary,Nguyễn Thượng Hiền,4,,,road_type_defaults
21338,5764789644,5764789645,30.000,2.700,free_flow,A,1.00,40.00,40.00,tertiary,Nguyễn Thượng Hiền,4,,,road_type_defaults
21376,698217095,2233126184,8.000,2.618,gridlock,F,8.00,50.00,11.00,primary,Ngã Bảy Lý Thái Tổ,2,2020-12-07,period_10_30,train_los+latest_segment_status
21377,2233126184,411919584,8.000,1.920,severe,E,4.00,50.00,15.00,primary,Ngã Bảy Lý Thái Tổ,2,2020-12-25,period_9_00,train_los+latest_segment_status
21378,411919584,2614395094,6.000,2.400,moderate,C,1.75,50.00,9.00,primary,Ngã Bảy Lý Thái Tổ,2,2020-08-03,period_0_00,train_los+latest_segment_status
21379,2614395094,2614395092,6.000,10.800,severe,E,4.00,50.00,2.00,primary,Ngã Bảy Lý Thái Tổ,2,2020-08-03,period_0_00,train_los+latest_segment_status
21380,2614395092,2614395089,6.000,1.964,severe,E,4.00,50.00,11.00,primary,Ngã Bảy Lý Thái Tổ,2,2020-08-03,period_0_00,train_los+latest_segment_status
21381,2614395089,2233126178,6.000,7.200,severe,E,4.00,50.00,3.00,primary,Ngã Bảy Lý Thái Tổ,2,2020-08-03,period_0_00,train_los+latest_segment_status
21382,2233126178,698217086,5.000,9.000,severe,E,4.00,50.00,2.00,primary,Ngã Bảy Lý Thái Tổ,2,2020-08-03,period_0_00,train_los+latest_segment_status
21383,698217086,411919629,5.000,2.000,severe,E,4.00,50.00,9.00,primary,Ngã Bảy Lý Thái Tổ,2,2020-08-03,period_0_00,train_los+latest_segment_status
21384,411919629,2614395057,8.000,0.778,moderate,C,1.75,50.00,37.00,primary,Ngã Bảy Lý Thái Tổ,2,2020-08-03,period_0_00,train_los+latest_segment_status
21385,2614395057,2233126176,8.000,1.108,heavy,D,2.50,50.00,26.00,primary,Ngã Bảy Lý Thái Tổ,2,2020-08-03,period_0_00,train_los+latest_segment_status
21386,2233126176,411919626,8.000,1.108,heavy,D,2.50,50.00,26.00,primary,Ngã Bảy Lý Thái Tổ,2,2020-08-03,period_0_00,train_los+latest_segment_status
21387,411919626,2233126173,8.000,2.057,severe,E,4.00,50.00,14.00,primary,Ngã Bảy Lý Thái Tổ,2,2020-08-03,period_0_00,train_los+latest_segment_status
21388,2233126173,4614090211,8.000,4.800,gridlock,F,8.00,50.00,6.00,primary,Ngã Bảy Lý Thái Tổ,2,2021-01-04,period_0_00,train_los+latest_segment_status
21389,4614090211,366432033,8.000,1.920,severe,E,4.00,50.00,15.00,primary,Ngã Bảy Lý Thái Tổ,2,2020-12-25,period_8_00,train_los+latest_segment_status
21390,366432033,2614395055,6.000,3.086,heavy,D,2.50,50.00,7.00,primary,Ngã Bảy Lý Thái Tổ,2,2020-08-03,period_0_00,train_los+latest_segment_status
21391,2614395055,4614090217,6.000,1.543,gridlock,F,8.00,50.00,14.00,primary,Ngã Bảy Lý Thái Tổ,2,2021-04-05,period_13_00,train_los+latest_segment_status
21392,4614090217,698217082,6.000,7.200,gridlock,F,8.00,50.00,3.00,primary,Ngã Bảy Lý Thái Tổ,2,2021-01-04,period_0_00,train_los+latest_segment_status
21393,698217082,411919599,6.000,0.697,light,B,1.25,50.00,31.00,primary,Ngã Bảy Lý Thái Tổ,2,2020-11-26,period_3_00,train_los+latest_segment_status
21394,411919599,698217097,6.000,0.617,moderate,C,1.75,50.00,35.00,primary,Ngã Bảy Lý Thái Tổ,2,2020-08-03,period_0_00,train_los+latest_segment_status
21395,698217097,2614395078,6.000,2.160,heavy,D,2.50,50.00,10.00,primary,Ngã Bảy Lý Thái Tổ,2,2020-08-03,period_0_00,train_los+latest_segment_status
21396,2614395078,2614395084,6.000,0.982,heavy,D,2.50,50.00,22.00,primary,Ngã Bảy Lý Thái Tổ,2,2020-08-03,period_0_00,train_los+latest_segment_status
21397,2614395084,5462350104,6.000,1.350,severe,E,4.00,50.00,16.00,primary,Ngã Bảy Lý Thái Tổ,2,2020-08-03,period_0_00,train_los+latest_segment_status
21398,5462350104,411918417,6.000,1.800,gridlock,F,8.00,50.00,12.00,primary,Ngã Bảy Lý Thái Tổ,2,2020-12-25,period_9_00,train_los+latest_segment_status
21399,411918417,698217095,8.000,5.760,severe,E,4.00,50.00,5.00,primary,Ngã Bảy Lý Thái Tổ,2,2020-08-03,period_0_00,train_los+latest_segment_status
21496,411919403,4646769638,7.000,0.319,free_flow,A,1.00,50.00,79.00,primary,Công Trường Dân Chủ,2,2020-12-27,period_4_30,train_los+latest_segment_status
21497,4646769638,5778245684,6.000,0.432,free_flow,A,1.00,50.00,50.00,primary,Công Trường Dân Chủ,2,,,road_type_defaults
21498,5778245684,4646769639,10.000,1.200,light,B,1.25,50.00,30.00,primary,Công Trường Dân Chủ,2,2020-12-24,period_3_30,train_los+latest_segment_status
21499,4646769639,4879876937,9.000,0.648,free_flow,A,1.00,50.00,50.00,primary,Công Trường Dân Chủ,2,,,road_type_defaults
21500,4879876937,411919210,9.000,0.648,free_flow,A,1.00,50.00,50.00,primary,Công Trường Dân Chủ,2,,,road_type_defaults
21501,411919210,701666214,7.000,0.504,free_flow,A,1.00,50.00,50.00,primary,Công Trường Dân Chủ,2,,,road_type_defaults
21502,701666214,411919202,7.000,0.504,free_flow,A,1.00,50.00,50.00,primary,Công Trường Dân Chủ,2,,,road_type_defaults
21503,411919202,711368028,8.000,0.576,free_flow,A,1.00,50.00,50.00,primary,Công Trường Dân Chủ,2,,,road_type_defaults
21504,711368028,701666217,8.000,0.576,free_flow,A,1.00,50.00,50.00,primary,Công Trường Dân Chủ,2,,,road_type_defaults
21505,701666217,411919197,8.000,0.576,free_flow,A,1.00,50.00,50.00,primary,Công Trường Dân Chủ,2,,,road_type_defaults
21506,411919197,701666218,8.000,0.576,free_flow,A,1.00,50.00,50.00,primary,Công Trường Dân Chủ,2,,,road_type_defaults
21507,701666218,4646769646,8.000,1.029,moderate,C,1.75,50.00,28.00,primary,Công Trường Dân Chủ,2,2020-12-24,period_15_00,train_los+latest_segment_status
21508,4646769646,701666216,8.000,0.576,free_flow,A,1.00,50.00,50.00,primary,Công Trường Dân Chủ,2,,,road_type_defaults
21509,701666216,5778245683,9.000,0.648,free_flow,A,1.00,50.00,50.00,primary,Công Trường Dân Chủ,2,,,road_type_defaults
21510,5778245683,4646769637,7.000,0.504,free_flow,A,1.00,50.00,50.00,primary,Công Trường Dân Chủ,2,,,road_type_defaults
21511,4646769637,4646769645,7.000,0.504,free_flow,A,1.00,50.00,50.00,primary,Công Trường Dân Chủ,2,,,road_type_defaults
21512,4646769645,411919418,9.000,0.648,free_flow,A,1.00,50.00,50.00,primary,Công Trường Dân Chủ,2,,,road_type_defaults
21513,411919418,701666211,9.000,0.648,free_flow,A,1.00,50.00,50.00,primary,Công Trường Dân Chủ,2,,,road_type_defaults
21514,701666211,701666209,9.000,6.480,gridlock,F,8.00,50.00,5.00,primary,Công Trường Dân Chủ,2,2021-01-05,period_0_30,train_los+latest_segment_status
21515,701666209,411919383,9.000,0.648,free_flow,A,1.00,50.00,50.00,primary,Công Trường Dân Chủ,2,,,road_type_defaults
21516,411919383,701666210,9.000,0.334,free_flow,A,1.00,50.00,97.00,primary,Công Trường Dân Chủ,2,2020-12-24,period_15_00,train_los+latest_segment_status
21517,701666210,411919403,7.000,1.260,heavy,D,2.50,50.00,20.00,primary,Công Trường Dân Chủ,2,2021-01-05,period_0_30,train_los+latest_segment_status
21518,411918706,2393618251,10.000,0.720,free_flow,A,1.00,50.00,50.00,primary,Cách Mạng Tháng Tám,2,,,road_type_defaults
21555,2616958835,411918319,14.000,1.260,free_flow,A,1.00,40.00,40.00,secondary,Nguyễn Trãi,3,,,road_type_defaults
21556,411918319,2616958835,14.000,1.527,light,B,1.25,40.00,33.00,secondary,Nguyễn Trãi,3,2020-11-30,period_5_30,train_los+latest_segment_status
21557,411918319,3164258341,23.000,11.829,gridlock,F,8.00,40.00,7.00,secondary,Nguyễn Trãi,3,2020-11-16,period_13_30,train_los+latest_segment_status
21558,3164258341,411918319,23.000,2.070,free_flow,A,1.00,40.00,40.00,secondary,Nguyễn Trãi,3,,,road_type_defaults
21559,3164258341,411918697,40.000,3.600,free_flow,A,1.00,40.00,40.00,secondary,Nguyễn Trãi,3,,,road_type_defaults
21560,411918697,3164258341,40.000,16.000,gridlock,F,8.00,40.00,9.00,secondary,Nguyễn Trãi,3,2020-12-24,period_15_00,train_los+latest_segment_status
21561,411918697,411926632,59.000,5.310,free_flow,A,1.00,40.00,40.00,secondary,Nguyễn Trãi,3,,,road_type_defaults
21562,411926632,411918697,59.000,17.700,gridlock,F,8.00,40.00,12.00,secondary,Nguyễn Trãi,3,2020-12-24,period_15_00,train_los+latest_segment_status
21563,411926632,411923334,38.000,3.420,free_flow,A,1.00,40.00,40.00,secondary,Nguyễn Trãi,3,,,road_type_defaults
21564,411923334,411926632,38.000,9.771,gridlock,F,8.00,40.00,14.00,secondary,Nguyễn Trãi,3,2020-12-24,period_15_00,train_los+latest_segment_status
21565,411923334,411924594,40.000,4.800,light,B,1.25,40.00,30.00,secondary,Nguyễn Trãi,3,2020-12-24,period_14_30,train_los+latest_segment_status
21566,411924594,411923334,40.000,16.000,gridlock,F,8.00,40.00,9.00,secondary,Nguyễn Trãi,3,2021-04-05,period_11_00,train_los+latest_segment_status
21567,411924594,411922680,15.000,1.350,free_flow,A,1.00,40.00,40.00,secondary,Nguyễn Trãi,3,,,road_type_defaults
21568,411922680,411924594,15.000,1.636,light,B,1.25,40.00,33.00,secondary,Nguyễn Trãi,3,2020-11-30,period_4_30,train_los+latest_segment_status
21569,411922680,411924454,24.000,2.160,free_flow,A,1.00,40.00,40.00,secondary,Nguyễn Trãi,3,,,road_type_defaults
21570,411924454,411922680,24.000,4.800,severe,E,4.00,40.00,18.00,secondary,Nguyễn Trãi,3,2020-12-24,period_14_00,train_los+latest_segment_status
21571,411924454,411920969,30.000,2.700,free_flow,A,1.00,40.00,40.00,secondary,Nguyễn Trãi,3,,,road_type_defaults
21572,411920969,411924454,30.000,2.700,free_flow,A,1.00,40.00,40.00,secondary,Nguyễn Trãi,3,,,road_type_defaults
21573,411920969,411922600,49.000,4.410,free_flow,A,1.00,40.00,40.00,secondary,Nguyễn Trãi,3,,,road_type_defaults
21574,411922600,411920969,49.000,8.820,heavy,D,2.50,40.00,20.00,secondary,Nguyễn Trãi,3,2020-12-24,period_14_00,train_los+latest_segment_status
21575,411922600,411925637,8.000,0.720,free_flow,A,1.00,40.00,40.00,secondary,Nguyễn Trãi,3,,,road_type_defaults
21576,411925637,411922600,8.000,0.720,free_flow,A,1.00,40.00,40.00,secondary,Nguyễn Trãi,3,,,road_type_defaults
21577,411925637,411924972,16.000,1.440,free_flow,A,1.00,40.00,40.00,secondary,Nguyễn Trãi,3,,,road_type_defaults
21578,411924972,411925637,16.000,2.400,heavy,D,2.50,40.00,24.00,secondary,Nguyễn Trãi,3,2020-12-24,period_14_00,train_los+latest_segment_status
21579,411924972,5762780544,7.000,0.630,free_flow,A,1.00,40.00,40.00,secondary,Nguyễn Trãi,3,,,road_type_defaults
21580,5762780544,411924972,7.000,0.630,free_flow,A,1.00,40.00,40.00,secondary,Nguyễn Trãi,3,,,road_type_defaults
21581,5762780544,411925865,48.000,4.320,free_flow,A,1.00,40.00,40.00,secondary,Nguyễn Trãi,3,,,road_type_defaults
21582,411925865,5762780544,48.000,4.431,free_flow,A,1.00,40.00,39.00,secondary,Nguyễn Trãi,3,2021-04-05,period_11_00,train_los+latest_segment_status
21583,411925865,4605034948,39.000,3.510,free_flow,A,1.00,40.00,40.00,secondary,Nguyễn Trãi,3,,,road_type_defaults
21584,4605034948,411925865,39.000,3.510,free_flow,A,1.00,40.00,40.00,secondary,Nguyễn Trãi,3,,,road_type_defaults
21655,5762610083,411920209,47.000,3.384,free_flow,A,1.00,50.00,50.00,primary,Lý Thái Tổ,2,,,road_type_defaults
21656,411920209,411925018,62.000,7.200,light,B,1.25,50.00,31.00,primary,Lý Thái Tổ,2,2020-11-30,period_4_30,train_los+latest_segment_status
21657,411925018,3150775228,26.000,8.509,gridlock,F,8.00,50.00,11.00,primary,Lý Thái Tổ,2,2021-03-15,period_10_30,train_los+latest_segment_status
21658,3150775228,411924868,12.000,1.309,light,B,1.25,50.00,33.00,primary,Lý Thái Tổ,2,2020-11-30,period_5_00,train_los+latest_segment_status
21659,411924868,411925022,34.000,2.448,free_flow,A,1.00,50.00,50.00,primary,Lý Thái Tổ,2,,,road_type_defaults
21660,411925022,2498090915,39.000,4.388,light,B,1.25,50.00,32.00,primary,Lý Thái Tổ,2,2021-04-05,period_13_00,train_los+latest_segment_status
21661,2498090915,411920848,14.000,1.527,light,B,1.25,50.00,33.00,primary,Lý Thái Tổ,2,2020-12-10,period_11_30,train_los+latest_segment_status
21662,411920848,5758114513,70.000,5.040,free_flow,A,1.00,50.00,50.00,primary,Lý Thái Tổ,2,,,road_type_defaults
21663,5758114513,2498090914,0.472,0.053,light,B,1.25,50.00,32.00,primary,Lý Thái Tổ,2,2021-03-15,period_10_30,train_los+latest_segment_status
21664,2498090914,411924320,56.000,4.032,free_flow,A,1.00,50.00,50.00,primary,Lý Thái Tổ,2,,,road_type_defaults
21665,411924320,411925053,139.000,21.757,heavy,D,2.50,50.00,23.00,primary,Lý Thái Tổ,2,2021-04-05,period_13_00,train_los+latest_segment_status
21666,411925053,411923825,70.000,10.500,heavy,D,2.50,50.00,24.00,primary,Lý Thái Tổ,2,2021-04-05,period_13_00,train_los+latest_segment_status
21667,411923825,411923247,11.000,1.800,heavy,D,2.50,50.00,22.00,primary,Lý Thái Tổ,2,2021-04-05,period_13_00,train_los+latest_segment_status
21668,411923247,411920875,31.000,4.464,moderate,C,1.75,50.00,25.00,primary,Lý Thái Tổ,2,2021-03-15,period_10_30,train_los+latest_segment_status
21669,411920875,3150775225,57.000,6.218,light,B,1.25,50.00,33.00,primary,Lý Thái Tổ,2,2020-12-25,period_8_00,train_los+latest_segment_status
21670,3150775225,411923847,52.000,5.673,light,B,1.25,50.00,33.00,primary,Lý Thái Tổ,2,2021-04-05,period_13_00,train_los+latest_segment_status
21671,411923847,411923828,35.000,6.300,heavy,D,2.50,50.00,20.00,primary,Lý Thái Tổ,2,2020-12-20,period_11_00,train_los+latest_segment_status
21672,411923828,698217097,12.000,10.800,gridlock,F,8.00,50.00,4.00,primary,Lý Thái Tổ,2,2021-01-04,period_0_00,train_los+latest_segment_status
21837,1996654285,1996745658,85.000,5.100,free_flow,A,1.00,60.00,60.00,trunk,Võ Văn Kiệt,1,,,road_type_defaults
21838,1996745658,1996745533,40.000,2.400,free_flow,A,1.00,60.00,60.00,trunk,Võ Văn Kiệt,1,,,road_type_defaults
21839,1996745533,1767909427,43.000,2.580,free_flow,A,1.00,60.00,60.00,trunk,Võ Văn Kiệt,1,,,road_type_defaults
21840,1767909427,411926112,18.000,1.080,free_flow,A,1.00,60.00,60.00,trunk,Võ Văn Kiệt,1,,,road_type_defaults
21841,411926112,3016580647,3.000,0.180,free_flow,A,1.00,60.00,60.00,trunk,Võ Văn Kiệt,1,,,road_type_defaults
21842,3016580647,1996654026,44.000,2.640,free_flow,A,1.00,60.00,60.00,trunk,Võ Văn Kiệt,1,,,road_type_defaults
21843,1996654026,2666742989,6.000,0.360,free_flow,A,1.00,60.00,60.00,trunk,Võ Văn Kiệt,1,,,road_type_defaults
21844,2666742989,2666742983,16.000,0.960,free_flow,A,1.00,60.00,60.00,trunk,Võ Văn Kiệt,1,,,road_type_defaults
22007,5762610094,3167004173,48.000,3.600,free_flow,A,1.00,30.00,48.00,tertiary,Nguyễn Ðình Chiểu,4,2020-12-12,period_6_30,train_los+latest_segment_status
22008,3167004173,5762610057,6.000,1.662,gridlock,F,8.00,30.00,13.00,tertiary,Nguyễn Ðình Chiểu,4,2021-01-05,period_12_00,train_los+latest_segment_status
22009,5762610057,5764869373,89.000,10.680,free_flow,A,1.00,30.00,30.00,tertiary,Nguyễn Ðình Chiểu,4,,,road_type_defaults
22010,2289920282,706286088,18.000,2.314,moderate,C,1.75,30.00,28.00,tertiary,Cầu Nguyễn Văn Cừ,4,2021-04-16,period_1_30,train_los+latest_segment_status
22011,706286088,2370360786,17.000,2.040,free_flow,A,1.00,30.00,30.00,tertiary,Cầu Nguyễn Văn Cừ,4,,,road_type_defaults
22370,2358232115,1597983325,8.000,0.960,free_flow,A,1.00,30.00,30.00,tertiary,Khánh Hội,4,,,road_type_defaults
22371,1597983325,2358232115,8.000,0.960,free_flow,A,1.00,30.00,30.00,tertiary,Khánh Hội,4,,,road_type_defaults
22372,1597983325,4594687688,23.000,2.760,free_flow,A,1.00,30.00,30.00,tertiary,Khánh Hội,4,,,road_type_defaults
22373,4594687688,1597983325,23.000,2.760,free_flow,A,1.00,30.00,30.00,tertiary,Khánh Hội,4,,,road_type_defaults
22374,4594687688,1768404188,32.000,3.840,free_flow,A,1.00,30.00,30.00,tertiary,Khánh Hội,4,,,road_type_defaults
22375,1768404188,4594687688,32.000,3.840,free_flow,A,1.00,30.00,30.00,tertiary,Khánh Hội,4,,,road_type_defaults
22376,1768404188,5795319699,34.000,4.080,free_flow,A,1.00,30.00,30.00,tertiary,Khánh Hội,4,,,road_type_defaults
22377,5795319699,1768404188,34.000,6.800,severe,E,4.00,30.00,18.00,tertiary,Khánh Hội,4,2021-04-05,period_11_00,train_los+latest_segment_status
22378,5795319699,1768404067,4.000,1.440,gridlock,F,8.00,30.00,10.00,tertiary,Khánh Hội,4,2021-04-05,period_11_00,train_los+latest_segment_status
22379,1768404067,5795319699,4.000,0.480,free_flow,A,1.00,30.00,30.00,tertiary,Khánh Hội,4,,,road_type_defaults
22380,1768404067,1768404179,42.000,5.040,free_flow,A,1.00,30.00,30.00,tertiary,Khánh Hội,4,,,road_type_defaults
22381,1768404179,1768404067,42.000,5.040,free_flow,A,1.00,30.00,30.00,tertiary,Khánh Hội,4,,,road_type_defaults
22382,1768404179,1985832548,43.000,5.160,free_flow,A,1.00,30.00,30.00,tertiary,Khánh Hội,4,,,road_type_defaults
22383,1985832548,1768404179,43.000,5.160,free_flow,A,1.00,30.00,30.00,tertiary,Khánh Hội,4,,,road_type_defaults
22384,1985832548,5772502923,43.000,5.160,free_flow,A,1.00,30.00,30.00,tertiary,Khánh Hội,4,,,road_type_defaults
22385,5772502923,1985832548,43.000,5.160,free_flow,A,1.00,30.00,30.00,tertiary,Khánh Hội,4,,,road_type_defaults
22732,4614001020,4621933726,4.000,0.480,free_flow,A,1.00,30.00,30.00,tertiary,Ngã Sáu Nguyễn Tri Phương,4,,,road_type_defaults
22733,4621933726,5788957691,3.000,0.432,moderate,C,1.75,30.00,25.00,tertiary,Ngã Sáu Nguyễn Tri Phương,4,2020-08-03,period_0_00,train_los+latest_segment_status
22734,5788957691,4621933723,1.000,0.327,severe,E,4.00,30.00,11.00,tertiary,Ngã Sáu Nguyễn Tri Phương,4,2020-08-03,period_0_00,train_los+latest_segment_status
22735,4621933723,4621933724,4.000,2.400,heavy,D,2.50,30.00,6.00,tertiary,Ngã Sáu Nguyễn Tri Phương,4,2020-08-03,period_0_00,train_los+latest_segment_status
22736,4621933724,4614001016,3.000,5.400,heavy,D,2.50,30.00,2.00,tertiary,Ngã Sáu Nguyễn Tri Phương,4,2020-08-03,period_0_00,train_los+latest_segment_status
22737,4614001016,4622024052,3.000,1.080,moderate,C,1.75,30.00,10.00,tertiary,Ngã Sáu Nguyễn Tri Phương,4,2020-08-03,period_0_00,train_los+latest_segment_status
22738,4622024052,4616051258,3.000,0.292,heavy,D,2.50,30.00,37.00,tertiary,Ngã Sáu Nguyễn Tri Phương,4,2020-08-03,period_0_00,train_los+latest_segment_status
22739,4616051258,4616051262,5.000,0.857,heavy,D,2.50,30.00,21.00,tertiary,Ngã Sáu Nguyễn Tri Phương,4,2020-08-03,period_0_00,train_los+latest_segment_status
22740,4616051262,5788957680,2.000,0.960,severe,E,4.00,30.00,7.50,tertiary,Ngã Sáu Nguyễn Tri Phương,4,2020-08-03,period_0_00,train_los+modeled_speed
22741,5788957680,734894535,3.000,1.800,gridlock,F,8.00,30.00,6.00,tertiary,Ngã Sáu Nguyễn Tri Phương,4,2021-01-04,period_0_00,train_los+latest_segment_status
22742,734894535,4614001018,4.000,0.960,heavy,D,2.50,30.00,15.00,tertiary,Ngã Sáu Nguyễn Tri Phương,4,2020-08-03,period_0_00,train_los+latest_segment_status
22743,4614001018,734894515,4.000,0.554,moderate,C,1.75,30.00,26.00,tertiary,Ngã Sáu Nguyễn Tri Phương,4,2020-12-24,period_14_00,train_los+latest_segment_status
22744,734894515,734894505,5.000,0.500,heavy,D,2.50,30.00,36.00,tertiary,Ngã Sáu Nguyễn Tri Phương,4,2020-08-03,period_0_00,train_los+latest_segment_status
22745,734894505,734894519,5.000,2.250,severe,E,4.00,30.00,8.00,tertiary,Ngã Sáu Nguyễn Tri Phương,4,2020-08-03,period_0_00,train_los+latest_segment_status
22746,734894519,4614001017,5.000,0.545,moderate,C,1.75,30.00,33.00,tertiary,Ngã Sáu Nguyễn Tri Phương,4,2020-08-03,period_0_00,train_los+latest_segment_status
22747,4614001017,5788927104,4.000,0.379,heavy,D,2.50,30.00,38.00,tertiary,Ngã Sáu Nguyễn Tri Phương,4,2020-08-03,period_0_00,train_los+latest_segment_status
22748,5788927104,4614030564,1.000,0.180,heavy,D,2.50,30.00,20.00,tertiary,Ngã Sáu Nguyễn Tri Phương,4,2020-08-03,period_0_00,train_los+latest_segment_status
22749,4614030564,4621933725,4.000,1.029,heavy,D,2.50,30.00,14.00,tertiary,Ngã Sáu Nguyễn Tri Phương,4,2020-08-03,period_0_00,train_los+latest_segment_status
22750,4621933725,4614030565,4.000,2.400,severe,E,4.00,30.00,6.00,tertiary,Ngã Sáu Nguyễn Tri Phương,4,2020-08-03,period_0_00,train_los+latest_segment_status
22751,4614030565,4614001019,4.000,2.880,heavy,D,2.50,30.00,5.00,tertiary,Ngã Sáu Nguyễn Tri Phương,4,2020-08-03,period_0_00,train_los+latest_segment_status
22752,4614001019,4623078288,4.000,7.200,severe,E,4.00,30.00,2.00,tertiary,Ngã Sáu Nguyễn Tri Phương,4,2020-08-03,period_0_00,train_los+latest_segment_status
22753,4623078288,2934006863,4.000,0.465,moderate,C,1.75,30.00,31.00,tertiary,Ngã Sáu Nguyễn Tri Phương,4,2020-08-03,period_0_00,train_los+latest_segment_status
22754,2934006863,4623089044,5.000,0.643,severe,E,4.00,30.00,28.00,tertiary,Ngã Sáu Nguyễn Tri Phương,4,2020-08-03,period_0_00,train_los+latest_segment_status
22755,4623089044,2934006860,5.000,2.571,heavy,D,2.50,30.00,7.00,tertiary,Ngã Sáu Nguyễn Tri Phương,4,2020-08-03,period_0_00,train_los+latest_segment_status
22756,2934006860,2233642261,4.000,0.686,severe,E,4.00,30.00,21.00,tertiary,Ngã Sáu Nguyễn Tri Phương,4,2020-08-03,period_0_00,train_los+latest_segment_status
22757,2233642261,4614001020,4.000,1.440,moderate,C,1.75,30.00,10.00,tertiary,Ngã Sáu Nguyễn Tri Phương,4,2020-08-03,period_0_00,train_los+latest_segment_status
22762,366403879,5813779717,3.000,0.360,free_flow,A,1.00,30.00,30.00,tertiary,Hưng Phú,4,,,road_type_defaults
22763,5813779717,366403879,3.000,0.360,free_flow,A,1.00,30.00,30.00,tertiary,Hưng Phú,4,,,road_type_defaults
22764,5813779717,366406797,69.000,8.280,free_flow,A,1.00,30.00,30.00,tertiary,Hưng Phú,4,,,road_type_defaults
22765,366406797,5813779717,69.000,8.280,free_flow,A,1.00,30.00,30.00,tertiary,Hưng Phú,4,,,road_type_defaults
22766,366406797,2044486705,33.000,3.960,free_flow,A,1.00,30.00,30.00,tertiary,Hưng Phú,4,,,road_type_defaults
22767,2044486705,366406797,33.000,3.960,free_flow,A,1.00,30.00,30.00,tertiary,Hưng Phú,4,,,road_type_defaults
22768,2044486705,734894526,30.000,3.600,free_flow,A,1.00,30.00,30.00,tertiary,Hưng Phú,4,,,road_type_defaults
22769,734894526,2044486705,30.000,3.600,free_flow,A,1.00,30.00,30.00,tertiary,Hưng Phú,4,,,road_type_defaults
22770,734894526,5813867366,20.000,2.400,free_flow,A,1.00,30.00,30.00,tertiary,Hưng Phú,4,,,road_type_defaults
22771,5813867366,734894526,20.000,2.400,free_flow,A,1.00,30.00,30.00,tertiary,Hưng Phú,4,,,road_type_defaults
22772,5813867366,2044486382,30.000,3.600,free_flow,A,1.00,30.00,30.00,tertiary,Hưng Phú,4,,,road_type_defaults
22773,2044486382,5813867366,30.000,3.600,free_flow,A,1.00,30.00,30.00,tertiary,Hưng Phú,4,,,road_type_defaults
22774,2044486382,2044487051,13.000,1.560,free_flow,A,1.00,30.00,30.00,tertiary,Hưng Phú,4,,,road_type_defaults
22775,2044487051,2044486382,13.000,1.560,free_flow,A,1.00,30.00,30.00,tertiary,Hưng Phú,4,,,road_type_defaults
22776,2044487051,2044486208,18.000,2.160,free_flow,A,1.00,30.00,30.00,tertiary,Hưng Phú,4,,,road_type_defaults
22777,2044486208,2044487051,18.000,2.160,free_flow,A,1.00,30.00,30.00,tertiary,Hưng Phú,4,,,road_type_defaults
22778,2044486208,737167457,46.000,5.520,free_flow,A,1.00,30.00,30.00,tertiary,Hưng Phú,4,,,road_type_defaults
22779,737167457,2044486208,46.000,5.520,free_flow,A,1.00,30.00,30.00,tertiary,Hưng Phú,4,,,road_type_defaults
22780,737167457,366446703,27.000,3.240,free_flow,A,1.00,30.00,30.00,tertiary,Hưng Phú,4,,,road_type_defaults
22781,366446703,737167457,27.000,3.240,free_flow,A,1.00,30.00,30.00,tertiary,Hưng Phú,4,,,road_type_defaults
22782,366446703,5813867141,8.000,0.960,free_flow,A,1.00,30.00,30.00,tertiary,Hưng Phú,4,,,road_type_defaults
22783,5813867141,366446703,8.000,0.960,free_flow,A,1.00,30.00,30.00,tertiary,Hưng Phú,4,,,road_type_defaults
22784,5813867141,5813867126,14.000,1.680,free_flow,A,1.00,30.00,30.00,tertiary,Hưng Phú,4,,,road_type_defaults
22785,5813867126,5813867141,14.000,1.680,free_flow,A,1.00,30.00,30.00,tertiary,Hưng Phú,4,,,road_type_defaults
22786,5813867126,5816803086,4.000,0.480,free_flow,A,1.00,30.00,30.00,tertiary,Hưng Phú,4,,,road_type_defaults
22787,5816803086,5813867126,4.000,0.480,free_flow,A,1.00,30.00,30.00,tertiary,Hưng Phú,4,,,road_type_defaults
22788,5816803086,5802590451,36.000,4.320,free_flow,A,1.00,30.00,30.00,tertiary,Hưng Phú,4,,,road_type_defaults
22789,5802590451,5816803086,36.000,4.320,free_flow,A,1.00,30.00,30.00,tertiary,Hưng Phú,4,,,road_type_defaults
22790,5802590451,366427918,52.000,6.240,free_flow,A,1.00,30.00,30.00,tertiary,Hưng Phú,4,,,road_type_defaults
22791,366427918,5802590451,52.000,6.240,free_flow,A,1.00,30.00,30.00,tertiary,Hưng Phú,4,,,road_type_defaults
22792,366427918,5813867371,58.000,6.960,free_flow,A,1.00,30.00,30.00,tertiary,Hưng Phú,4,,,road_type_defaults
22793,5813867371,366427918,58.000,6.960,free_flow,A,1.00,30.00,30.00,tertiary,Hưng Phú,4,,,road_type_defaults
22794,5813867371,5813867370,16.000,1.920,free_flow,A,1.00,30.00,30.00,tertiary,Hưng Phú,4,,,road_type_defaults
22795,5813867370,5813867371,16.000,1.920,free_flow,A,1.00,30.00,30.00,tertiary,Hưng Phú,4,,,road_type_defaults
22796,5813867370,366448829,21.000,2.520,free_flow,A,1.00,30.00,30.00,tertiary,Hưng Phú,4,,,road_type_defaults
22797,366448829,5813867370,21.000,2.520,free_flow,A,1.00,30.00,30.00,tertiary,Hưng Phú,4,,,road_type_defaults
22798,366448829,366462472,38.000,4.560,free_flow,A,1.00,30.00,30.00,tertiary,Hưng Phú,4,,,road_type_defaults
22799,366462472,366448829,38.000,4.560,free_flow,A,1.00,30.00,30.00,tertiary,Hưng Phú,4,,,road_type_defaults
22800,366462472,366430714,59.000,7.080,free_flow,A,1.00,30.00,30.00,tertiary,Hưng Phú,4,,,road_type_defaults
22801,366430714,366462472,59.000,7.080,free_flow,A,1.00,30.00,30.00,tertiary,Hưng Phú,4,,,road_type_defaults
22802,366430714,366398791,36.000,4.320,free_flow,A,1.00,30.00,30.00,tertiary,Hưng Phú,4,,,road_type_defaults
22803,366398791,366430714,36.000,4.320,free_flow,A,1.00,30.00,30.00,tertiary,Hưng Phú,4,,,road_type_defaults
22804,366398791,366403874,42.000,5.040,free_flow,A,1.00,30.00,30.00,tertiary,Hưng Phú,4,,,road_type_defaults
22805,366403874,366398791,42.000,5.040,free_flow,A,1.00,30.00,30.00,tertiary,Hưng Phú,4,,,road_type_defaults
22806,366403874,366398541,90.000,10.800,free_flow,A,1.00,30.00,30.00,tertiary,Hưng Phú,4,,,road_type_defaults
22807,366398541,366403874,90.000,10.800,free_flow,A,1.00,30.00,30.00,tertiary,Hưng Phú,4,,,road_type_defaults
22808,366398541,5802590353,2.000,0.240,free_flow,A,1.00,30.00,30.00,tertiary,Hưng Phú,4,,,road_type_defaults
22809,5802590353,366398541,2.000,0.240,free_flow,A,1.00,30.00,30.00,tertiary,Hưng Phú,4,,,road_type_defaults
22810,5802590353,366433117,38.000,4.560,free_flow,A,1.00,30.00,30.00,tertiary,Hưng Phú,4,,,road_type_defaults
22811,366433117,5802590353,38.000,4.560,free_flow,A,1.00,30.00,30.00,tertiary,Hưng Phú,4,,,road_type_defaults
22812,366433117,2042473369,54.000,6.480,free_flow,A,1.00,30.00,30.00,tertiary,Hưng Phú,4,,,road_type_defaults
22813,2042473369,366433117,54.000,6.480,free_flow,A,1.00,30.00,30.00,tertiary,Hưng Phú,4,,,road_type_defaults
22814,2042473369,366450255,63.000,7.560,free_flow,A,1.00,30.00,30.00,tertiary,Hưng Phú,4,,,road_type_defaults
22815,366450255,2042473369,63.000,7.560,free_flow,A,1.00,30.00,30.00,tertiary,Hưng Phú,4,,,road_type_defaults
22816,366450255,366421065,24.000,2.880,free_flow,A,1.00,30.00,30.00,tertiary,Hưng Phú,4,,,road_type_defaults
22817,366421065,366450255,24.000,2.880,free_flow,A,1.00,30.00,30.00,tertiary,Hưng Phú,4,,,road_type_defaults
22818,366421065,2042473444,4.000,0.480,free_flow,A,1.00,30.00,30.00,tertiary,Hưng Phú,4,,,road_type_defaults
22819,2042473444,366421065,4.000,0.480,free_flow,A,1.00,30.00,30.00,tertiary,Hưng Phú,4,,,road_type_defaults
22820,2042473444,2042473633,22.000,2.640,free_flow,A,1.00,30.00,30.00,tertiary,Hưng Phú,4,,,road_type_defaults
22821,2042473633,2042473444,22.000,2.640,free_flow,A,1.00,30.00,30.00,tertiary,Hưng Phú,4,,,road_type_defaults
22822,2042473633,5674570710,24.000,2.880,free_flow,A,1.00,30.00,30.00,tertiary,Hưng Phú,4,,,road_type_defaults
22823,5674570710,2042473633,24.000,2.880,free_flow,A,1.00,30.00,30.00,tertiary,Hưng Phú,4,,,road_type_defaults
22824,5674570710,2042473386,10.000,1.200,free_flow,A,1.00,30.00,30.00,tertiary,Hưng Phú,4,,,road_type_defaults
22825,2042473386,5674570710,10.000,1.200,free_flow,A,1.00,30.00,30.00,tertiary,Hưng Phú,4,,,road_type_defaults
22826,2042473386,2042473297,9.000,1.080,free_flow,A,1.00,30.00,30.00,tertiary,Hưng Phú,4,,,road_type_defaults
22827,2042473297,2042473386,9.000,1.080,free_flow,A,1.00,30.00,30.00,tertiary,Hưng Phú,4,,,road_type_defaults
22828,2042473297,2042473664,25.000,3.000,free_flow,A,1.00,30.00,30.00,tertiary,Hưng Phú,4,,,road_type_defaults
22829,2042473664,2042473297,25.000,3.000,free_flow,A,1.00,30.00,30.00,tertiary,Hưng Phú,4,,,road_type_defaults
22830,2042473664,366476369,19.000,2.280,free_flow,A,1.00,30.00,30.00,tertiary,Hưng Phú,4,,,road_type_defaults
22831,366476369,2042473664,19.000,2.280,free_flow,A,1.00,30.00,30.00,tertiary,Hưng Phú,4,,,road_type_defaults
22832,366476369,2044486185,7.000,0.840,free_flow,A,1.00,30.00,30.00,tertiary,Hưng Phú,4,,,road_type_defaults
22833,2044486185,366476369,7.000,0.840,free_flow,A,1.00,30.00,30.00,tertiary,Hưng Phú,4,,,road_type_defaults
22834,2044486185,2042473360,6.000,0.720,free_flow,A,1.00,30.00,30.00,tertiary,Hưng Phú,4,,,road_type_defaults
22835,2042473360,2044486185,6.000,0.720,free_flow,A,1.00,30.00,30.00,tertiary,Hưng Phú,4,,,road_type_defaults
22836,2042473360,2042473713,23.000,2.760,free_flow,A,1.00,30.00,30.00,tertiary,Hưng Phú,4,,,road_type_defaults
22837,2042473713,2042473360,23.000,2.760,free_flow,A,1.00,30.00,30.00,tertiary,Hưng Phú,4,,,road_type_defaults
22838,2042473713,5802709327,29.000,3.480,free_flow,A,1.00,30.00,30.00,tertiary,Hưng Phú,4,,,road_type_defaults
22839,5802709327,2042473713,29.000,3.480,free_flow,A,1.00,30.00,30.00,tertiary,Hưng Phú,4,,,road_type_defaults
22840,5802709327,366376502,10.000,1.200,free_flow,A,1.00,30.00,30.00,tertiary,Hưng Phú,4,,,road_type_defaults
22841,366376502,5802709327,10.000,1.200,free_flow,A,1.00,30.00,30.00,tertiary,Hưng Phú,4,,,road_type_defaults
22842,366376502,366440647,45.000,5.400,free_flow,A,1.00,30.00,30.00,tertiary,Hưng Phú,4,,,road_type_defaults
22843,366440647,366376502,45.000,5.400,free_flow,A,1.00,30.00,30.00,tertiary,Hưng Phú,4,,,road_type_defaults
22844,366440647,746617437,40.000,4.800,free_flow,A,1.00,30.00,30.00,tertiary,Hưng Phú,4,,,road_type_defaults
22845,746617437,366440647,40.000,4.800,free_flow,A,1.00,30.00,30.00,tertiary,Hưng Phú,4,,,road_type_defaults
22846,746617437,2042473370,56.000,6.720,free_flow,A,1.00,30.00,30.00,tertiary,Hưng Phú,4,,,road_type_defaults
22847,2042473370,746617437,56.000,6.720,free_flow,A,1.00,30.00,30.00,tertiary,Hưng Phú,4,,,road_type_defaults
22866,366450608,5780574591,0.377,0.045,free_flow,A,1.00,30.00,30.00,tertiary,Nguyễn Chí Thanh,4,,,road_type_defaults
22867,5780574591,366450608,0.377,0.049,heavy,D,2.50,30.00,28.00,tertiary,Nguyễn Chí Thanh,4,2020-08-03,period_0_00,train_los+latest_segment_status
22868,5780574591,3184829222,38.000,10.523,heavy,D,2.50,30.00,13.00,tertiary,Nguyễn Chí Thanh,4,2020-08-03,period_0_00,train_los+latest_segment_status
22869,3184829222,5780574591,38.000,4.560,light,B,1.25,30.00,30.00,tertiary,Nguyễn Chí Thanh,4,2021-01-03,period_2_00,train_los+latest_segment_status
22870,3184829222,5051610762,9.000,3.240,severe,E,4.00,30.00,10.00,tertiary,Nguyễn Chí Thanh,4,2020-08-03,period_0_00,train_los+latest_segment_status
22871,5051610762,3184829222,9.000,1.080,heavy,D,2.50,30.00,30.00,tertiary,Nguyễn Chí Thanh,4,2020-08-03,period_0_00,train_los+latest_segment_status
22872,5051610762,5051610764,21.000,2.439,heavy,D,2.50,30.00,31.00,tertiary,Nguyễn Chí Thanh,4,2020-08-03,period_0_00,train_los+latest_segment_status
22873,5051610764,5051610762,21.000,12.600,heavy,D,2.50,30.00,6.00,tertiary,Nguyễn Chí Thanh,4,2020-08-03,period_0_00,train_los+latest_segment_status
22874,5051610764,5051610776,17.000,30.600,severe,E,4.00,30.00,2.00,tertiary,Nguyễn Chí Thanh,4,2020-08-03,period_0_00,train_los+latest_segment_status
22875,5051610776,5051610764,17.000,1.974,moderate,C,1.75,30.00,31.00,tertiary,Nguyễn Chí Thanh,4,2020-08-03,period_0_00,train_los+latest_segment_status
22876,5051610776,5803395576,92.000,8.492,severe,E,4.00,30.00,39.00,tertiary,Nguyễn Chí Thanh,4,2020-08-03,period_0_00,train_los+latest_segment_status
22877,5803395576,5051610776,92.000,11.421,moderate,C,1.75,30.00,29.00,tertiary,Nguyễn Chí Thanh,4,2021-01-03,period_2_00,train_los+latest_segment_status
22878,5803395576,366474412,19.000,7.600,severe,E,4.00,30.00,9.00,tertiary,Nguyễn Chí Thanh,4,2020-08-03,period_0_00,train_los+latest_segment_status
22879,366474412,5803395576,19.000,17.100,severe,E,4.00,30.00,4.00,tertiary,Nguyễn Chí Thanh,4,2020-08-03,period_0_00,train_los+latest_segment_status
22880,366474412,366427992,11.000,6.600,severe,E,4.00,30.00,6.00,tertiary,Nguyễn Chí Thanh,4,2020-08-03,period_0_00,train_los+latest_segment_status
22881,366427992,366474412,11.000,1.042,heavy,D,2.50,30.00,38.00,tertiary,Nguyễn Chí Thanh,4,2020-08-03,period_0_00,train_los+latest_segment_status
22882,366427992,366452532,103.000,10.594,moderate,C,1.75,30.00,35.00,tertiary,Nguyễn Chí Thanh,4,2020-08-03,period_0_00,train_los+latest_segment_status
22883,366452532,366427992,103.000,52.971,severe,E,4.00,30.00,7.00,tertiary,Nguyễn Chí Thanh,4,2020-08-03,period_0_00,train_los+latest_segment_status
22920,4594841780,366374577,9.000,0.810,free_flow,A,1.00,40.00,40.00,primary_link,Quận 8,3,,,road_type_defaults
22921,366374577,2044486311,104.000,9.360,free_flow,A,1.00,40.00,40.00,primary_link,Quận 8,3,,,road_type_defaults
22922,2044486311,2044487222,61.000,5.490,free_flow,A,1.00,40.00,40.00,primary_link,Quận 8,3,,,road_type_defaults
22923,2044487222,1987338579,37.000,4.297,light,B,1.25,40.00,31.00,primary_link,Quận 8,3,2021-03-15,period_10_30,train_los+latest_segment_status
22924,1987338579,2044486215,6.000,0.540,free_flow,A,1.00,40.00,40.00,primary_link,Quận 8,3,,,road_type_defaults
22925,1998235300,4594994059,5.000,0.600,free_flow,A,1.00,30.00,30.00,tertiary,Cầu Nguyễn Văn Cừ,4,,,road_type_defaults
22926,4594994059,4594916760,3.000,0.360,free_flow,A,1.00,30.00,30.00,tertiary,Cầu Nguyễn Văn Cừ,4,,,road_type_defaults
22927,4594916760,4594565389,4.000,0.480,free_flow,A,1.00,30.00,30.00,tertiary,Cầu Nguyễn Văn Cừ,4,,,road_type_defaults
22928,4594565389,1987340005,4.000,0.480,free_flow,A,1.00,30.00,30.00,tertiary,Cầu Nguyễn Văn Cừ,4,,,road_type_defaults
22929,1987340005,734894518,5.000,0.600,free_flow,A,1.00,30.00,30.00,tertiary,Cầu Nguyễn Văn Cừ,4,,,road_type_defaults
22930,734894518,4594564188,5.000,0.600,free_flow,A,1.00,30.00,30.00,tertiary,Cầu Nguyễn Văn Cừ,4,,,road_type_defaults
22962,1767234522,1767821187,67.000,8.040,free_flow,A,1.00,30.00,30.00,tertiary,Bến Vân Đồn,4,,,road_type_defaults
22963,1767821187,2027773428,17.000,2.040,free_flow,A,1.00,30.00,30.00,tertiary,Bến Vân Đồn,4,,,road_type_defaults
22964,2027773428,4594586190,31.000,3.720,free_flow,A,1.00,30.00,30.00,tertiary,Bến Vân Đồn,4,,,road_type_defaults
22965,4594586190,1987339563,28.000,3.360,free_flow,A,1.00,30.00,30.00,tertiary,Bến Vân Đồn,4,,,road_type_defaults
22966,1987339563,4594586189,19.000,2.280,free_flow,A,1.00,30.00,30.00,tertiary,Bến Vân Đồn,4,,,road_type_defaults
22967,4594586189,2027772999,24.000,2.880,free_flow,A,1.00,30.00,30.00,tertiary,Bến Vân Đồn,4,,,road_type_defaults
22968,2027772999,366429097,83.000,9.960,free_flow,A,1.00,30.00,30.00,tertiary,Bến Vân Đồn,4,,,road_type_defaults
22969,366429097,1597983325,49.000,5.880,free_flow,A,1.00,30.00,30.00,tertiary,Bến Vân Đồn,4,,,road_type_defaults
22970,1597983325,366439426,20.000,2.400,free_flow,A,1.00,30.00,30.00,tertiary,Bến Vân Đồn,4,,,road_type_defaults
22971,366439426,1768404184,35.000,4.200,free_flow,A,1.00,30.00,30.00,tertiary,Bến Vân Đồn,4,,,road_type_defaults
22972,1768404184,366453699,49.000,5.880,free_flow,A,1.00,30.00,30.00,tertiary,Bến Vân Đồn,4,,,road_type_defaults
22973,366453699,5795319703,37.000,4.440,free_flow,A,1.00,30.00,30.00,tertiary,Bến Vân Đồn,4,,,road_type_defaults
22974,5795319703,366421101,39.000,4.680,free_flow,A,1.00,30.00,30.00,tertiary,Bến Vân Đồn,4,,,road_type_defaults
22975,366421101,4594693808,21.000,2.520,free_flow,A,1.00,30.00,30.00,tertiary,Bến Vân Đồn,4,,,road_type_defaults
22976,4594693808,4594693817,19.000,2.280,free_flow,A,1.00,30.00,30.00,tertiary,Bến Vân Đồn,4,,,road_type_defaults
22977,4594693817,4594693825,6.000,0.720,free_flow,A,1.00,30.00,30.00,tertiary,Bến Vân Đồn,4,,,road_type_defaults
22978,4594693825,4594693807,9.000,1.080,free_flow,A,1.00,30.00,30.00,tertiary,Bến Vân Đồn,4,,,road_type_defaults
22979,4594693807,5772502951,8.000,0.960,free_flow,A,1.00,30.00,30.00,tertiary,Bến Vân Đồn,4,,,road_type_defaults
22980,5772502951,4596177933,7.000,0.840,free_flow,A,1.00,30.00,30.00,tertiary,Bến Vân Đồn,4,,,road_type_defaults
22981,4596177933,738217337,15.000,1.800,free_flow,A,1.00,30.00,30.00,tertiary,Bến Vân Đồn,4,,,road_type_defaults
22982,738217337,366375808,12.000,1.440,free_flow,A,1.00,30.00,30.00,tertiary,Bến Vân Đồn,4,,,road_type_defaults
22983,366375808,4594693818,10.000,1.200,free_flow,A,1.00,30.00,30.00,tertiary,Bến Vân Đồn,4,,,road_type_defaults
22984,4594693818,2362584863,10.000,1.200,free_flow,A,1.00,30.00,30.00,tertiary,Bến Vân Đồn,4,,,road_type_defaults
22985,2362584863,4594693789,11.000,1.320,free_flow,A,1.00,30.00,30.00,tertiary,Bến Vân Đồn,4,,,road_type_defaults
22986,4594693789,4594693790,13.000,1.560,free_flow,A,1.00,30.00,30.00,tertiary,Bến Vân Đồn,4,,,road_type_defaults
22987,4594693790,5772092736,9.000,1.080,free_flow,A,1.00,30.00,30.00,tertiary,Bến Vân Đồn,4,,,road_type_defaults
22988,5772092736,4594693819,2.000,0.240,free_flow,A,1.00,30.00,30.00,tertiary,Bến Vân Đồn,4,,,road_type_defaults
22989,4594693819,1987943102,11.000,1.320,free_flow,A,1.00,30.00,30.00,tertiary,Bến Vân Đồn,4,,,road_type_defaults
22990,1987943102,4594693820,19.000,2.280,free_flow,A,1.00,30.00,30.00,tertiary,Bến Vân Đồn,4,,,road_type_defaults
22991,4594693820,4594693821,18.000,2.160,free_flow,A,1.00,30.00,30.00,tertiary,Bến Vân Đồn,4,,,road_type_defaults
22992,4594693821,4594693791,19.000,2.280,free_flow,A,1.00,30.00,30.00,tertiary,Bến Vân Đồn,4,,,road_type_defaults
22993,4594693791,366455483,15.000,1.800,free_flow,A,1.00,30.00,30.00,tertiary,Bến Vân Đồn,4,,,road_type_defaults
23004,2685998299,2685998300,11.000,1.320,free_flow,A,1.00,30.00,30.00,tertiary,Cao Lỗ,4,,,road_type_defaults
23005,2685998300,2685998299,11.000,1.320,free_flow,A,1.00,30.00,30.00,tertiary,Cao Lỗ,4,,,road_type_defaults
23006,2685998300,2685998301,10.000,1.200,free_flow,A,1.00,30.00,30.00,tertiary,Cao Lỗ,4,,,road_type_defaults
23007,2685998301,2685998300,10.000,1.200,free_flow,A,1.00,30.00,30.00,tertiary,Cao Lỗ,4,,,road_type_defaults
23008,2685998301,473364333,11.000,1.320,free_flow,A,1.00,30.00,30.00,tertiary,Cao Lỗ,4,,,road_type_defaults
23009,473364333,2685998301,11.000,1.320,free_flow,A,1.00,30.00,30.00,tertiary,Cao Lỗ,4,,,road_type_defaults
23659,2032267247,403582429,9.000,1.080,free_flow,A,1.00,30.00,30.00,unclassified,Đường số 48,4,,,road_type_defaults
23660,403582429,2032267247,9.000,1.080,free_flow,A,1.00,30.00,30.00,unclassified,Đường số 48,4,,,road_type_defaults
23661,403582429,5811529993,59.000,7.080,free_flow,A,1.00,30.00,30.00,unclassified,Đường số 48,4,,,road_type_defaults
23662,5811529993,403582429,59.000,7.080,free_flow,A,1.00,30.00,30.00,unclassified,Đường số 48,4,,,road_type_defaults
23663,5811529993,5811529979,51.000,6.120,free_flow,A,1.00,30.00,30.00,unclassified,Đường số 48,4,,,road_type_defaults
23664,5811529979,5811529993,51.000,6.120,free_flow,A,1.00,30.00,30.00,unclassified,Đường số 48,4,,,road_type_defaults
23665,5811529979,5811529977,80.000,9.290,light,B,1.25,30.00,31.00,unclassified,Đường số 48,4,2021-04-05,period_11_00,train_los+latest_segment_status
23666,5811529977,5811529979,80.000,9.600,free_flow,A,1.00,30.00,30.00,unclassified,Đường số 48,4,,,road_type_defaults
23667,5811529977,738217350,8.000,1.200,heavy,D,2.50,30.00,24.00,unclassified,Đường số 48,4,2021-04-05,period_11_00,train_los+latest_segment_status
23668,738217350,5811529977,8.000,0.960,free_flow,A,1.00,30.00,30.00,unclassified,Đường số 48,4,,,road_type_defaults
23669,738217350,5811529996,18.000,2.160,free_flow,A,1.00,30.00,30.00,unclassified,Đường số 48,4,,,road_type_defaults
23670,5811529996,738217350,18.000,2.160,free_flow,A,1.00,30.00,30.00,unclassified,Đường số 48,4,,,road_type_defaults
23671,5811529996,5778287253,26.000,3.120,free_flow,A,1.00,30.00,30.00,unclassified,Đường số 48,4,,,road_type_defaults
23672,5778287253,5811529996,26.000,3.120,free_flow,A,1.00,30.00,30.00,unclassified,Đường số 48,4,,,road_type_defaults
23673,5778287253,738217351,4.000,0.480,free_flow,A,1.00,30.00,30.00,unclassified,Đường số 48,4,,,road_type_defaults
23674,738217351,5778287253,4.000,0.533,moderate,C,1.75,30.00,27.00,unclassified,Đường số 48,4,2021-04-05,period_11_00,train_los+latest_segment_status
25663,5780574623,5780574622,30.000,3.600,free_flow,A,1.00,30.00,30.00,tertiary,Ngô Quyền,4,,,road_type_defaults
25664,5780574622,5780574623,30.000,9.000,heavy,D,2.50,30.00,12.00,tertiary,Ngô Quyền,4,2020-08-03,period_0_00,train_los+latest_segment_status
25665,5780574622,5780574621,14.000,1.527,heavy,D,2.50,30.00,33.00,tertiary,Ngô Quyền,4,2020-08-03,period_0_00,train_los+latest_segment_status
25666,5780574621,5780574622,14.000,7.200,moderate,C,1.75,30.00,7.00,tertiary,Ngô Quyền,4,2020-08-03,period_0_00,train_los+latest_segment_status
25667,5780574621,5780574620,5.000,1.800,severe,E,4.00,30.00,10.00,tertiary,Ngô Quyền,4,2020-08-03,period_0_00,train_los+latest_segment_status
25668,5780574620,5780574621,5.000,6.000,severe,E,4.00,30.00,3.00,tertiary,Ngô Quyền,4,2020-08-03,period_0_00,train_los+latest_segment_status
25669,5780574620,5780574619,18.000,8.100,severe,E,4.00,30.00,8.00,tertiary,Ngô Quyền,4,2020-08-03,period_0_00,train_los+latest_segment_status
25670,5780574619,5780574620,18.000,3.600,severe,E,4.00,30.00,18.00,tertiary,Ngô Quyền,4,2020-08-03,period_0_00,train_los+latest_segment_status
25671,5780574619,5780574618,13.000,4.680,severe,E,4.00,30.00,10.00,tertiary,Ngô Quyền,4,2020-08-03,period_0_00,train_los+latest_segment_status
25672,5780574618,5780574619,13.000,1.232,moderate,C,1.75,30.00,38.00,tertiary,Ngô Quyền,4,2020-08-03,period_0_00,train_los+latest_segment_status
25673,5780574618,5780574617,36.000,6.480,severe,E,4.00,30.00,20.00,tertiary,Ngô Quyền,4,2020-08-03,period_0_00,train_los+latest_segment_status
25674,5780574617,5780574618,36.000,3.503,moderate,C,1.75,30.00,37.00,tertiary,Ngô Quyền,4,2020-08-03,period_0_00,train_los+latest_segment_status
25675,5780574617,5780574616,33.000,29.700,gridlock,F,8.00,30.00,4.00,tertiary,Ngô Quyền,4,2020-12-24,period_13_30,train_los+latest_segment_status
25676,5780574616,5780574617,33.000,14.850,heavy,D,2.50,30.00,8.00,tertiary,Ngô Quyền,4,2020-08-03,period_0_00,train_los+latest_segment_status
25677,5780574616,5780574615,16.000,1.986,gridlock,F,8.00,30.00,29.00,tertiary,Ngô Quyền,4,2020-12-24,period_14_00,train_los+latest_segment_status
25678,5780574615,5780574616,16.000,57.600,gridlock,F,8.00,30.00,1.00,tertiary,Ngô Quyền,4,2020-12-24,period_13_30,train_los+latest_segment_status
25679,5780574615,5780574614,14.000,1.400,heavy,D,2.50,30.00,36.00,tertiary,Ngô Quyền,4,2020-08-03,period_0_00,train_los+latest_segment_status
25680,5780574614,5780574615,14.000,12.600,severe,E,4.00,30.00,4.00,tertiary,Ngô Quyền,4,2020-08-03,period_0_00,train_los+latest_segment_status
25681,5780574614,5780574613,15.000,3.000,severe,E,4.00,30.00,18.00,tertiary,Ngô Quyền,4,2020-08-03,period_0_00,train_los+latest_segment_status
25682,5780574613,5780574614,15.000,1.459,heavy,D,2.50,30.00,37.00,tertiary,Ngô Quyền,4,2020-08-03,period_0_00,train_los+latest_segment_status
25683,5780574613,5780574612,14.000,1.575,severe,E,4.00,30.00,32.00,tertiary,Ngô Quyền,4,2020-08-03,period_0_00,train_los+latest_segment_status
25684,5780574612,5780574613,14.000,2.016,moderate,C,1.75,30.00,25.00,tertiary,Ngô Quyền,4,2020-12-24,period_14_00,train_los+latest_segment_status
25685,5780574612,5780574611,25.000,11.250,moderate,C,1.75,30.00,8.00,tertiary,Ngô Quyền,4,2020-08-03,period_0_00,train_los+latest_segment_status
25686,5780574611,5780574612,25.000,30.000,heavy,D,2.50,30.00,3.00,tertiary,Ngô Quyền,4,2020-08-03,period_0_00,train_los+latest_segment_status
25687,5780574611,5780574610,26.000,3.744,heavy,D,2.50,30.00,25.00,tertiary,Ngô Quyền,4,2020-08-03,period_0_00,train_los+latest_segment_status
25688,5780574610,5780574611,26.000,5.200,severe,E,4.00,30.00,18.00,tertiary,Ngô Quyền,4,2020-12-24,period_14_00,train_los+latest_segment_status
25689,5780574610,5780574609,23.000,2.435,heavy,D,2.50,30.00,34.00,tertiary,Ngô Quyền,4,2020-08-03,period_0_00,train_los+latest_segment_status
25690,5780574609,5780574610,23.000,5.175,severe,E,4.00,30.00,16.00,tertiary,Ngô Quyền,4,2020-08-03,period_0_00,train_los+latest_segment_status
25691,5780574609,5780574608,19.000,2.974,heavy,D,2.50,30.00,23.00,tertiary,Ngô Quyền,4,2020-08-03,period_0_00,train_los+latest_segment_status
25692,5780574608,5780574609,19.000,3.257,heavy,D,2.50,30.00,21.00,tertiary,Ngô Quyền,4,2020-12-24,period_14_00,train_los+latest_segment_status
25693,5780574608,5780574607,26.000,9.360,moderate,C,1.75,30.00,10.00,tertiary,Ngô Quyền,4,2020-08-03,period_0_00,train_los+latest_segment_status
25694,5780574607,5780574608,26.000,10.400,gridlock,F,8.00,30.00,9.00,tertiary,Ngô Quyền,4,2021-01-03,period_1_30,train_los+latest_segment_status
25695,5780574607,5780574606,41.000,4.761,moderate,C,1.75,30.00,31.00,tertiary,Ngô Quyền,4,2020-08-03,period_0_00,train_los+latest_segment_status
25696,5780574606,5780574607,41.000,73.800,severe,E,4.00,30.00,2.00,tertiary,Ngô Quyền,4,2020-08-03,period_0_00,train_los+latest_segment_status
25697,5780574606,5780574605,8.000,1.200,heavy,D,2.50,30.00,24.00,tertiary,Ngô Quyền,4,2020-12-24,period_14_00,train_los+latest_segment_status
25698,5780574605,5780574606,8.000,0.758,moderate,C,1.75,30.00,38.00,tertiary,Ngô Quyền,4,2020-08-03,period_0_00,train_los+latest_segment_status
25699,5780574605,5780574604,22.000,4.659,severe,E,4.00,30.00,17.00,tertiary,Ngô Quyền,4,2020-08-03,period_0_00,train_los+latest_segment_status
25700,5780574604,5780574605,22.000,3.443,heavy,D,2.50,30.00,23.00,tertiary,Ngô Quyền,4,2020-08-03,period_0_00,train_los+latest_segment_status
25701,5780574604,5780574603,8.000,1.694,moderate,C,1.75,30.00,17.00,tertiary,Ngô Quyền,4,2020-08-03,period_0_00,train_los+latest_segment_status
25702,5780574603,5780574604,8.000,1.152,severe,E,4.00,30.00,25.00,tertiary,Ngô Quyền,4,2020-08-03,period_0_00,train_los+latest_segment_status
25703,5780574603,5780574602,22.000,4.400,heavy,D,2.50,30.00,18.00,tertiary,Ngô Quyền,4,2020-08-03,period_0_00,train_los+latest_segment_status
25704,5780574602,5780574603,22.000,2.829,moderate,C,1.75,30.00,28.00,tertiary,Ngô Quyền,4,2020-12-24,period_14_00,train_los+latest_segment_status
25705,5780574602,5780574601,28.000,8.400,heavy,D,2.50,30.00,12.00,tertiary,Ngô Quyền,4,2020-08-03,period_0_00,train_los+modeled_speed
25706,5780574601,5780574602,28.000,3.150,heavy,D,2.50,30.00,32.00,tertiary,Ngô Quyền,4,2020-08-03,period_0_00,train_los+latest_segment_status
25707,5780574601,5780574600,19.000,5.700,gridlock,F,8.00,30.00,12.00,tertiary,Ngô Quyền,4,2020-12-18,period_7_30,train_los+latest_segment_status
25708,5780574600,5780574601,19.000,5.700,heavy,D,2.50,30.00,12.00,tertiary,Ngô Quyền,4,2020-08-03,period_0_00,train_los+modeled_speed
25709,5780574600,5780574599,8.000,1.309,heavy,D,2.50,30.00,22.00,tertiary,Ngô Quyền,4,2020-08-03,period_0_00,train_los+latest_segment_status
25710,5780574599,5780574600,8.000,1.600,severe,E,4.00,30.00,18.00,tertiary,Ngô Quyền,4,2020-12-24,period_14_00,train_los+latest_segment_status
25711,5780574599,5780574598,30.000,3.600,moderate,C,1.75,30.00,30.00,tertiary,Ngô Quyền,4,2020-08-03,period_0_00,train_los+latest_segment_status
25712,5780574598,5780574599,30.000,9.000,severe,E,4.00,30.00,12.00,tertiary,Ngô Quyền,4,2020-08-03,period_0_00,train_los+latest_segment_status
25713,5780574598,5780574597,28.000,9.164,gridlock,F,8.00,30.00,11.00,tertiary,Ngô Quyền,4,2020-11-28,period_10_30,train_los+latest_segment_status
25714,5780574597,5780574598,28.000,4.383,heavy,D,2.50,30.00,23.00,tertiary,Ngô Quyền,4,2020-12-24,period_14_00,train_los+latest_segment_status
25715,5780574597,5780574596,30.000,4.000,moderate,C,1.75,30.00,27.00,tertiary,Ngô Quyền,4,2020-08-03,period_0_00,train_los+latest_segment_status
25716,5780574596,5780574597,30.000,6.353,heavy,D,2.50,30.00,17.00,tertiary,Ngô Quyền,4,2020-08-03,period_0_00,train_los+latest_segment_status
25717,5780574596,5780574595,37.000,7.835,severe,E,4.00,30.00,17.00,tertiary,Ngô Quyền,4,2020-12-24,period_14_00,train_los+latest_segment_status
25718,5780574595,5780574596,37.000,4.440,moderate,C,1.75,30.00,30.00,tertiary,Ngô Quyền,4,2020-08-03,period_0_00,train_los+latest_segment_status
25719,5780574595,5780574594,36.000,16.200,heavy,D,2.50,30.00,8.00,tertiary,Ngô Quyền,4,2020-08-03,period_0_00,train_los+latest_segment_status
25720,5780574594,5780574595,36.000,14.400,gridlock,F,8.00,30.00,9.00,tertiary,Ngô Quyền,4,2020-12-25,period_4_30,train_los+latest_segment_status
25721,5780574594,5788957692,8.000,1.800,gridlock,F,8.00,30.00,16.00,tertiary,Ngô Quyền,4,2020-12-24,period_14_00,train_los+latest_segment_status
25722,5788957692,5780574594,8.000,1.029,moderate,C,1.75,30.00,28.00,tertiary,Ngô Quyền,4,2020-08-03,period_0_00,train_los+latest_segment_status
26261,5758114505,411921177,33.000,3.960,free_flow,A,1.00,30.00,30.00,tertiary,Nguyễn Thiện Thuật,4,,,road_type_defaults
26262,411921177,5758114505,33.000,11.880,gridlock,F,8.00,30.00,10.00,tertiary,Nguyễn Thiện Thuật,4,2021-04-16,period_1_30,train_los+latest_segment_status
26263,411921177,411920544,71.000,8.520,free_flow,A,1.00,30.00,30.00,tertiary,Nguyễn Thiện Thuật,4,,,road_type_defaults
26264,411920544,411921177,71.000,25.560,gridlock,F,8.00,30.00,10.00,tertiary,Nguyễn Thiện Thuật,4,2020-12-25,period_10_00,train_los+latest_segment_status
26265,411920544,411920408,78.000,9.360,free_flow,A,1.00,30.00,30.00,tertiary,Nguyễn Thiện Thuật,4,,,road_type_defaults
26266,411920408,411920544,78.000,11.700,heavy,D,2.50,30.00,24.00,tertiary,Nguyễn Thiện Thuật,4,2020-12-25,period_10_00,train_los+latest_segment_status
26267,411920408,411921110,71.000,8.520,free_flow,A,1.00,30.00,30.00,tertiary,Nguyễn Thiện Thuật,4,,,road_type_defaults
26268,411921110,411920408,71.000,8.520,free_flow,A,1.00,30.00,30.00,tertiary,Nguyễn Thiện Thuật,4,,,road_type_defaults
26269,411921110,3164261853,105.000,12.600,free_flow,A,1.00,30.00,30.00,tertiary,Nguyễn Thiện Thuật,4,,,road_type_defaults
26270,3164261853,411921110,105.000,15.750,heavy,D,2.50,30.00,24.00,tertiary,Nguyễn Thiện Thuật,4,2020-12-25,period_10_00,train_los+latest_segment_status
26271,3164261853,411918314,16.000,1.920,free_flow,A,1.00,30.00,30.00,tertiary,Nguyễn Thiện Thuật,4,,,road_type_defaults
26272,411918314,3164261853,16.000,1.920,free_flow,A,1.00,30.00,30.00,tertiary,Nguyễn Thiện Thuật,4,,,road_type_defaults
26273,411918314,411925088,18.000,2.160,free_flow,A,1.00,30.00,30.00,tertiary,Nguyễn Thiện Thuật,4,,,road_type_defaults
26274,411925088,411918314,18.000,2.160,free_flow,A,1.00,30.00,30.00,tertiary,Nguyễn Thiện Thuật,4,,,road_type_defaults
26275,411925088,5764817340,79.000,9.480,free_flow,A,1.00,30.00,30.00,tertiary,Nguyễn Thiện Thuật,4,,,road_type_defaults
26276,5764817340,411925088,79.000,9.807,moderate,C,1.75,30.00,29.00,tertiary,Nguyễn Thiện Thuật,4,2020-12-25,period_10_00,train_los+latest_segment_status
26277,4631143728,2364075311,11.000,3.960,severe,E,4.00,40.00,10.00,secondary,Đường Trần Hưng Ðạo,3,2020-08-03,period_0_00,train_los+latest_segment_status
26642,5788957691,5788957690,87.000,10.440,free_flow,A,1.00,30.00,30.00,tertiary,Nguyễn Chí Thanh,4,,,road_type_defaults
26643,5788957690,5788957691,87.000,62.640,gridlock,F,8.00,30.00,5.00,tertiary,Nguyễn Chí Thanh,4,2021-01-03,period_2_00,train_los+latest_segment_status
26644,5788957690,5788957689,77.000,16.306,heavy,D,2.50,30.00,17.00,tertiary,Nguyễn Chí Thanh,4,2020-08-03,period_0_00,train_los+latest_segment_status
26645,5788957689,5788957690,77.000,14.589,severe,E,4.00,30.00,19.00,tertiary,Nguyễn Chí Thanh,4,2021-01-03,period_2_00,train_los+latest_segment_status
26646,5788957689,5788957688,31.000,27.900,severe,E,4.00,30.00,4.00,tertiary,Nguyễn Chí Thanh,4,2020-08-03,period_0_00,train_los+latest_segment_status
26647,5788957688,5788957689,31.000,4.852,heavy,D,2.50,30.00,23.00,tertiary,Nguyễn Chí Thanh,4,2020-08-03,period_0_00,train_los+latest_segment_status
26648,5788957688,5803394839,90.000,14.727,heavy,D,2.50,30.00,22.00,tertiary,Nguyễn Chí Thanh,4,2020-08-03,period_0_00,train_los+latest_segment_status
26649,5803394839,5788957688,90.000,12.960,moderate,C,1.75,30.00,25.00,tertiary,Nguyễn Chí Thanh,4,2021-01-03,period_2_00,train_los+latest_segment_status
26650,5803394839,5788957687,11.000,1.277,moderate,C,1.75,30.00,31.00,tertiary,Nguyễn Chí Thanh,4,2020-08-03,period_0_00,train_los+latest_segment_status
26651,5788957687,5803394839,11.000,2.084,moderate,C,1.75,30.00,19.00,tertiary,Nguyễn Chí Thanh,4,2020-08-03,period_0_00,train_los+latest_segment_status
26652,5788957687,5788957686,18.000,1.800,moderate,C,1.75,30.00,36.00,tertiary,Nguyễn Chí Thanh,4,2020-08-03,period_0_00,train_los+latest_segment_status
26653,5788957686,5788957687,18.000,1.851,heavy,D,2.50,30.00,35.00,tertiary,Nguyễn Chí Thanh,4,2020-08-03,period_0_00,train_los+latest_segment_status
26654,5788957686,366450608,33.000,10.800,heavy,D,2.50,30.00,11.00,tertiary,Nguyễn Chí Thanh,4,2020-08-03,period_0_00,train_los+latest_segment_status
26655,366450608,5788957686,33.000,4.950,heavy,D,2.50,30.00,24.00,tertiary,Nguyễn Chí Thanh,4,2020-08-03,period_0_00,train_los+latest_segment_status
26656,1767203803,5735791251,10.000,2.400,heavy,D,2.50,30.00,15.00,tertiary,Cầu Calmette,4,2020-08-03,period_0_00,train_los+latest_segment_status
26657,5735791251,1767203801,4.000,0.480,free_flow,A,1.00,30.00,30.00,tertiary,Cầu Calmette,4,,,road_type_defaults
26658,1767203801,5735791255,7.000,0.840,free_flow,A,1.00,30.00,30.00,tertiary,Cầu Calmette,4,,,road_type_defaults
26660,1768404192,2032267415,36.000,2.592,free_flow,A,1.00,50.00,50.00,primary,Cầu Ông Lãnh,2,,,road_type_defaults
26661,2032267415,1997244047,25.000,1.800,free_flow,A,1.00,50.00,50.00,primary,Cầu Ông Lãnh,2,,,road_type_defaults
26662,1997244047,714567128,29.000,2.088,free_flow,A,1.00,50.00,50.00,primary,Cầu Ông Lãnh,2,,,road_type_defaults
26663,714567128,1987943092,34.000,2.448,free_flow,A,1.00,50.00,50.00,primary,Cầu Ông Lãnh,2,,,road_type_defaults
26664,1987943092,2032267348,100.000,7.200,free_flow,A,1.00,50.00,50.00,primary,Cầu Ông Lãnh,2,,,road_type_defaults
26709,2032267348,2358137423,86.083,6.198,free_flow,A,1.00,50.00,50.00,primary,Cầu Ông Lãnh,2,,,road_type_defaults
84637,2358137423,2032267441,11.917,0.858,free_flow,A,1.00,50.00,50.00,primary,Cầu Ông Lãnh,2,,,road_type_defaults
26710,2032267441,1996654700,14.827,1.271,free_flow,A,1.00,50.00,42.00,primary,Cầu Ông Lãnh,2,2020-09-11,period_0_30,train_los+latest_segment_status
84638,1996654700,4594765219,14.173,1.020,free_flow,A,1.00,50.00,50.00,primary,Cầu Ông Lãnh,2,,,road_type_defaults
26667,4594765219,1767231969,20.000,1.440,free_flow,A,1.00,50.00,50.00,primary,Cầu Ông Lãnh,2,,,road_type_defaults
26668,1767231969,4594765218,18.000,1.296,free_flow,A,1.00,50.00,50.00,primary,Cầu Ông Lãnh,2,,,road_type_defaults
26669,4594765218,2032267185,29.000,2.088,free_flow,A,1.00,50.00,50.00,primary,Cầu Ông Lãnh,2,,,road_type_defaults
26670,2032267185,411918861,83.000,5.976,free_flow,A,1.00,50.00,50.00,primary,Cầu Ông Lãnh,2,,,road_type_defaults
26671,1767234521,1767234522,39.000,4.680,free_flow,A,1.00,30.00,30.00,tertiary,Cầu Dừa,4,,,road_type_defaults
26672,1767760204,5814168790,4.000,0.288,free_flow,A,1.00,50.00,50.00,trunk_link,Nguyễn Văn Cừ,3,,,road_type_defaults
26673,5814168790,1767760231,12.000,0.864,free_flow,A,1.00,50.00,50.00,trunk_link,Nguyễn Văn Cừ,3,,,road_type_defaults
26674,1767760231,3338020094,10.000,0.720,free_flow,A,1.00,50.00,50.00,trunk_link,Nguyễn Văn Cừ,3,,,road_type_defaults
26675,3338020094,1996655828,9.000,0.648,free_flow,A,1.00,50.00,50.00,trunk_link,Nguyễn Văn Cừ,3,,,road_type_defaults
26676,1996655828,3338020105,7.000,0.504,free_flow,A,1.00,50.00,50.00,trunk_link,Nguyễn Văn Cừ,3,,,road_type_defaults
26677,3338020105,1767760198,7.000,0.504,free_flow,A,1.00,50.00,50.00,trunk_link,Nguyễn Văn Cừ,3,,,road_type_defaults
26678,1767760198,1767760230,104.000,7.488,free_flow,A,1.00,50.00,50.00,trunk_link,Nguyễn Văn Cừ,3,,,road_type_defaults
26679,1767760230,1767760262,41.000,4.473,light,B,1.25,50.00,33.00,trunk_link,Nguyễn Văn Cừ,3,2020-11-27,period_13_30,train_los+latest_segment_status
26680,1767760262,1767760220,24.000,1.728,free_flow,A,1.00,50.00,50.00,trunk_link,Nguyễn Văn Cừ,3,,,road_type_defaults
26681,2289920280,1767760237,23.000,3.600,heavy,D,2.50,50.00,23.00,trunk_link,Nguyễn Văn Cừ,3,2020-11-27,period_13_30,train_los+latest_segment_status
26682,1767760237,1767760267,37.000,2.664,free_flow,A,1.00,50.00,50.00,trunk_link,Nguyễn Văn Cừ,3,,,road_type_defaults
26683,1767760267,1998235314,23.000,1.656,free_flow,A,1.00,50.00,50.00,trunk_link,Nguyễn Văn Cừ,3,,,road_type_defaults
26684,1998235314,1998235322,31.000,2.232,free_flow,A,1.00,50.00,50.00,trunk_link,Nguyễn Văn Cừ,3,,,road_type_defaults
26685,1998235322,1998235326,24.000,1.728,free_flow,A,1.00,50.00,50.00,trunk_link,Nguyễn Văn Cừ,3,,,road_type_defaults
26686,1998235326,1767760195,32.000,2.304,free_flow,A,1.00,50.00,50.00,trunk_link,Nguyễn Văn Cừ,3,,,road_type_defaults
26687,1767760195,3338019292,13.000,0.936,free_flow,A,1.00,50.00,50.00,trunk_link,Nguyễn Văn Cừ,3,,,road_type_defaults
26688,3338019292,1996655654,4.000,0.288,free_flow,A,1.00,50.00,50.00,trunk_link,Nguyễn Văn Cừ,3,,,road_type_defaults
26689,1996655654,3338019280,10.000,0.720,free_flow,A,1.00,50.00,50.00,trunk_link,Nguyễn Văn Cừ,3,,,road_type_defaults
26690,3338019280,1767760234,9.000,0.648,free_flow,A,1.00,50.00,50.00,trunk_link,Nguyễn Văn Cừ,3,,,road_type_defaults
26691,1767760234,5814168791,11.000,0.792,free_flow,A,1.00,50.00,50.00,trunk_link,Nguyễn Văn Cừ,3,,,road_type_defaults
26692,5814168791,4419663830,5.000,0.360,free_flow,A,1.00,50.00,50.00,trunk_link,Nguyễn Văn Cừ,3,,,road_type_defaults
26693,1767760217,1998235260,7.000,0.840,free_flow,A,1.00,30.00,30.00,tertiary,Cầu Nguyễn Văn Cừ,4,,,road_type_defaults
26694,1998235260,5772502891,6.000,0.720,free_flow,A,1.00,30.00,30.00,tertiary,Cầu Nguyễn Văn Cừ,4,,,road_type_defaults
26695,5772502891,1767760225,8.000,0.960,free_flow,A,1.00,30.00,30.00,tertiary,Cầu Nguyễn Văn Cừ,4,,,road_type_defaults
26696,1767760225,1998235332,7.000,0.840,free_flow,A,1.00,30.00,30.00,tertiary,Cầu Nguyễn Văn Cừ,4,,,road_type_defaults
26697,1998235332,1767760224,6.000,0.720,free_flow,A,1.00,30.00,30.00,tertiary,Cầu Nguyễn Văn Cừ,4,,,road_type_defaults
26698,1767760224,1767760271,7.000,0.840,free_flow,A,1.00,30.00,30.00,tertiary,Cầu Nguyễn Văn Cừ,4,,,road_type_defaults
26699,5800683733,5813779719,12.000,1.440,free_flow,A,1.00,30.00,30.00,tertiary,Nguyễn Thị Tần,4,,,road_type_defaults
26700,5813779719,5800683733,12.000,1.440,free_flow,A,1.00,30.00,30.00,tertiary,Nguyễn Thị Tần,4,,,road_type_defaults
26701,5813779719,366463306,68.000,10.643,heavy,D,2.50,30.00,23.00,tertiary,Nguyễn Thị Tần,4,2020-12-25,period_9_00,train_los+latest_segment_status
26702,366463306,5813779719,68.000,8.160,free_flow,A,1.00,30.00,30.00,tertiary,Nguyễn Thị Tần,4,,,road_type_defaults
26703,5772092880,1987338525,57.000,4.104,free_flow,A,1.00,50.00,50.00,primary,Bến Vân Đồn,2,,,road_type_defaults
26704,1987338525,5772092878,49.000,3.528,free_flow,A,1.00,50.00,50.00,primary,Bến Vân Đồn,2,,,road_type_defaults
26705,5772092878,1767760227,49.000,3.528,free_flow,A,1.00,50.00,50.00,primary,Bến Vân Đồn,2,,,road_type_defaults
26706,1767760227,4594693824,23.000,1.656,free_flow,A,1.00,50.00,50.00,primary,Bến Vân Đồn,2,,,road_type_defaults
26707,4594693824,4594790873,13.000,0.936,free_flow,A,1.00,50.00,50.00,primary,Bến Vân Đồn,2,,,road_type_defaults
26708,4594790873,4594790872,19.000,1.368,free_flow,A,1.00,50.00,50.00,primary,Bến Vân Đồn,2,,,road_type_defaults
26746,1767909393,5772092869,12.000,0.720,free_flow,A,1.00,60.00,60.00,trunk_link,Đường hầm sông Sài Gòn,3,,,road_type_defaults
26749,1767909393,2025938533,9.000,0.648,free_flow,A,1.00,50.00,50.00,primary,Võ Văn Kiệt,2,,,road_type_defaults
26761,2025938531,2025938529,26.000,1.872,free_flow,A,1.00,50.00,50.00,trunk_link,Võ Văn Kiệt,3,,,road_type_defaults
26762,2025938529,1767909382,92.000,6.624,free_flow,A,1.00,50.00,50.00,trunk_link,Võ Văn Kiệt,3,,,road_type_defaults
26793,2305201711,2305201712,10.000,1.500,moderate,C,1.75,50.00,24.00,primary,Đường Nguyễn Thái Học,2,2021-04-05,period_11_00,train_los+latest_segment_status
26794,2305201712,2305201708,50.000,3.600,free_flow,A,1.00,50.00,50.00,primary,Nguyễn Thái Học,2,,,road_type_defaults
26795,2305201708,1768404192,27.000,1.944,free_flow,A,1.00,50.00,50.00,primary,Nguyễn Thái Học,2,,,road_type_defaults
26804,5778222836,1768404135,8.000,0.960,free_flow,A,1.00,30.00,30.00,unclassified,Vĩnh Hội,4,,,road_type_defaults
26805,1768404135,5778222836,8.000,0.960,free_flow,A,1.00,30.00,30.00,unclassified,Vĩnh Hội,4,,,road_type_defaults
26806,1768404135,5778222835,90.000,10.800,free_flow,A,1.00,30.00,30.00,unclassified,Vĩnh Hội,4,,,road_type_defaults
26807,5778222835,1768404135,90.000,10.800,free_flow,A,1.00,30.00,30.00,unclassified,Vĩnh Hội,4,,,road_type_defaults
26808,5778222835,1768404194,2.000,0.240,free_flow,A,1.00,30.00,30.00,unclassified,Vĩnh Hội,4,,,road_type_defaults
26809,1768404194,5778222835,2.000,0.240,free_flow,A,1.00,30.00,30.00,unclassified,Vĩnh Hội,4,,,road_type_defaults
26876,725885085,1769277482,58.000,6.960,free_flow,A,1.00,30.00,30.00,tertiary,Lê Lợi,4,,,road_type_defaults
26894,2358232101,2358234404,114.000,13.680,free_flow,A,1.00,30.00,30.00,tertiary,Cầu Nguyễn Kiệu,4,,,road_type_defaults
26994,383553866,366401128,113.000,13.560,free_flow,A,1.00,30.00,30.00,tertiary,Cầu Nguyễn Kiệu,4,,,road_type_defaults
27104,5462422209,5813691633,6.000,3.600,gridlock,F,8.00,30.00,6.00,tertiary,Trần Xuân Soạn,4,2021-03-15,period_10_30,train_los+latest_segment_status
27105,5813691633,5462422209,6.000,0.720,free_flow,A,1.00,30.00,30.00,tertiary,Trần Xuân Soạn,4,,,road_type_defaults
27106,5813691633,2692556747,7.000,0.840,free_flow,A,1.00,30.00,30.00,tertiary,Trần Xuân Soạn,4,,,road_type_defaults
27107,2692556747,5813691633,7.000,0.840,free_flow,A,1.00,30.00,30.00,tertiary,Trần Xuân Soạn,4,,,road_type_defaults
27108,2692556747,2309294271,9.000,1.080,free_flow,A,1.00,30.00,30.00,tertiary,Trần Xuân Soạn,4,,,road_type_defaults
27109,2309294271,2692556747,9.000,1.080,free_flow,A,1.00,30.00,30.00,tertiary,Trần Xuân Soạn,4,,,road_type_defaults
27110,2309294271,5813691634,28.000,3.360,free_flow,A,1.00,30.00,30.00,tertiary,Trần Xuân Soạn,4,,,road_type_defaults
27111,5813691634,2309294271,28.000,3.360,free_flow,A,1.00,30.00,30.00,tertiary,Trần Xuân Soạn,4,,,road_type_defaults
27112,5813691634,2156217894,28.000,3.360,free_flow,A,1.00,30.00,30.00,tertiary,Trần Xuân Soạn,4,,,road_type_defaults
27113,2156217894,5813691634,28.000,3.360,free_flow,A,1.00,30.00,30.00,tertiary,Trần Xuân Soạn,4,,,road_type_defaults
27114,2156217894,3171499320,20.000,2.400,free_flow,A,1.00,30.00,30.00,tertiary,Trần Xuân Soạn,4,,,road_type_defaults
27115,3171499320,2156217894,20.000,1.846,free_flow,A,1.00,30.00,39.00,tertiary,Trần Xuân Soạn,4,2020-12-25,period_9_00,train_los+latest_segment_status
27116,3171499320,2154852773,21.000,2.520,free_flow,A,1.00,30.00,30.00,tertiary,Trần Xuân Soạn,4,,,road_type_defaults
27117,2154852773,3171499320,21.000,2.520,free_flow,A,1.00,30.00,30.00,tertiary,Trần Xuân Soạn,4,,,road_type_defaults
27118,2154852773,2156217910,45.000,5.400,free_flow,A,1.00,30.00,30.00,tertiary,Trần Xuân Soạn,4,,,road_type_defaults
27119,2156217910,2154852773,45.000,5.400,free_flow,A,1.00,30.00,30.00,tertiary,Trần Xuân Soạn,4,,,road_type_defaults
27120,2156217910,2692556767,33.000,5.940,heavy,D,2.50,30.00,20.00,tertiary,Trần Xuân Soạn,4,2020-12-25,period_9_00,train_los+latest_segment_status
27121,2692556767,2156217910,33.000,3.960,free_flow,A,1.00,30.00,30.00,tertiary,Trần Xuân Soạn,4,,,road_type_defaults
27122,2692556767,366372405,30.000,6.000,severe,E,4.00,30.00,18.00,tertiary,Trần Xuân Soạn,4,2020-12-25,period_9_00,train_los+latest_segment_status
27123,366372405,2692556767,30.000,3.600,free_flow,A,1.00,30.00,30.00,tertiary,Trần Xuân Soạn,4,,,road_type_defaults
27124,366372405,2692556769,29.000,3.480,free_flow,A,1.00,30.00,30.00,tertiary,Trần Xuân Soạn,4,,,road_type_defaults
27125,2692556769,366372405,29.000,3.480,free_flow,A,1.00,30.00,30.00,tertiary,Trần Xuân Soạn,4,,,road_type_defaults
27126,2692556769,366469352,24.000,2.880,free_flow,A,1.00,30.00,30.00,tertiary,Trần Xuân Soạn,4,,,road_type_defaults
27127,366469352,2692556769,24.000,2.880,free_flow,A,1.00,30.00,30.00,tertiary,Trần Xuân Soạn,4,,,road_type_defaults
27128,366469352,366381209,8.000,0.960,free_flow,A,1.00,30.00,30.00,tertiary,Trần Xuân Soạn,4,,,road_type_defaults
27129,366381209,366469352,8.000,0.960,free_flow,A,1.00,30.00,30.00,tertiary,Trần Xuân Soạn,4,,,road_type_defaults
27130,366381209,2692556772,15.000,1.800,free_flow,A,1.00,30.00,30.00,tertiary,Trần Xuân Soạn,4,,,road_type_defaults
27131,2692556772,366381209,15.000,1.800,free_flow,A,1.00,30.00,30.00,tertiary,Trần Xuân Soạn,4,,,road_type_defaults
27132,2692556772,2692556774,27.000,3.240,free_flow,A,1.00,30.00,30.00,tertiary,Trần Xuân Soạn,4,,,road_type_defaults
27133,2692556774,2692556772,27.000,3.240,free_flow,A,1.00,30.00,30.00,tertiary,Trần Xuân Soạn,4,,,road_type_defaults
27134,2692556774,366438592,63.000,8.400,moderate,C,1.75,30.00,27.00,tertiary,Trần Xuân Soạn,4,2020-12-25,period_9_00,train_los+latest_segment_status
27135,366438592,2692556774,63.000,7.560,free_flow,A,1.00,30.00,30.00,tertiary,Trần Xuân Soạn,4,,,road_type_defaults
27136,366438592,366431629,129.000,15.480,free_flow,A,1.00,30.00,30.00,tertiary,Trần Xuân Soạn,4,,,road_type_defaults
27137,366431629,366438592,129.000,15.480,free_flow,A,1.00,30.00,30.00,tertiary,Trần Xuân Soạn,4,,,road_type_defaults
27138,366431629,3171499319,32.000,4.608,moderate,C,1.75,30.00,25.00,tertiary,Trần Xuân Soạn,4,2020-12-25,period_9_00,train_los+latest_segment_status
27139,3171499319,366431629,32.000,3.840,free_flow,A,1.00,30.00,30.00,tertiary,Trần Xuân Soạn,4,,,road_type_defaults
27140,3171499319,5813622284,56.000,6.720,free_flow,A,1.00,30.00,30.00,tertiary,Trần Xuân Soạn,4,,,road_type_defaults
27141,5813622284,3171499319,56.000,6.720,free_flow,A,1.00,30.00,30.00,tertiary,Trần Xuân Soạn,4,,,road_type_defaults
27142,5813622284,5813622291,24.000,2.880,free_flow,A,1.00,30.00,30.00,tertiary,Trần Xuân Soạn,4,,,road_type_defaults
27143,5813622291,5813622284,24.000,2.880,free_flow,A,1.00,30.00,30.00,tertiary,Trần Xuân Soạn,4,,,road_type_defaults
27144,5813622291,366382203,89.000,10.012,light,B,1.25,30.00,32.00,tertiary,Trần Xuân Soạn,4,2020-12-25,period_9_00,train_los+latest_segment_status
27145,366382203,5813622291,89.000,10.680,free_flow,A,1.00,30.00,30.00,tertiary,Trần Xuân Soạn,4,,,road_type_defaults
29007,1996654292,4618374509,15.000,1.688,severe,E,4.00,50.00,32.00,primary,Võ Văn Kiệt,2,2020-08-03,period_0_00,train_los+latest_segment_status
29008,4618374509,1996654051,10.000,0.720,free_flow,A,1.00,50.00,50.00,primary,Võ Văn Kiệt,2,,,road_type_defaults
29009,1996654051,4618374502,20.000,1.440,free_flow,A,1.00,50.00,50.00,primary,Võ Văn Kiệt,2,,,road_type_defaults
29010,4618374502,1996653940,2.000,0.144,free_flow,A,1.00,50.00,50.00,primary,Võ Văn Kiệt,2,,,road_type_defaults
29011,1996653940,4618374496,18.000,1.296,free_flow,A,1.00,50.00,50.00,primary,Võ Văn Kiệt,2,,,road_type_defaults
29012,4618374496,4618374495,1.000,0.072,free_flow,A,1.00,50.00,50.00,primary,Võ Văn Kiệt,2,,,road_type_defaults
29013,4618374495,1997154497,7.000,0.504,free_flow,A,1.00,50.00,50.00,primary,Võ Văn Kiệt,2,,,road_type_defaults
29014,1997154497,1996654469,12.000,0.864,free_flow,A,1.00,50.00,50.00,primary,Võ Văn Kiệt,2,,,road_type_defaults
29015,1996654469,4618427491,13.000,0.936,free_flow,A,1.00,50.00,50.00,primary,Võ Văn Kiệt,2,,,road_type_defaults
29016,4618427491,1996654136,13.000,0.936,free_flow,A,1.00,50.00,50.00,primary,Võ Văn Kiệt,2,,,road_type_defaults
29017,1996654136,1996655105,19.000,1.368,free_flow,A,1.00,50.00,50.00,primary,Võ Văn Kiệt,2,,,road_type_defaults
29018,1996655105,4618427492,11.000,0.792,free_flow,A,1.00,50.00,50.00,primary,Võ Văn Kiệt,2,,,road_type_defaults
29019,4618427492,1996654564,13.000,0.936,free_flow,A,1.00,50.00,50.00,primary,Võ Văn Kiệt,2,,,road_type_defaults
29020,1996654564,1996655669,11.000,0.792,free_flow,A,1.00,50.00,50.00,primary,Võ Văn Kiệt,2,,,road_type_defaults
29021,1996655669,1996655651,11.000,0.792,free_flow,A,1.00,50.00,50.00,primary,Võ Văn Kiệt,2,,,road_type_defaults
29022,1996655651,1996654166,14.000,1.008,free_flow,A,1.00,50.00,50.00,primary,Võ Văn Kiệt,2,,,road_type_defaults
29023,1996654166,1996654213,12.000,0.864,free_flow,A,1.00,50.00,50.00,primary,Võ Văn Kiệt,2,,,road_type_defaults
29024,1996654213,1996655819,11.000,0.792,free_flow,A,1.00,50.00,50.00,primary,Võ Văn Kiệt,2,,,road_type_defaults
29025,1996655819,1996654504,16.000,1.152,free_flow,A,1.00,50.00,50.00,primary,Võ Văn Kiệt,2,,,road_type_defaults
29026,1996654504,1996654538,12.000,0.864,free_flow,A,1.00,50.00,50.00,primary,Võ Văn Kiệt,2,,,road_type_defaults
29027,1996654538,1996655358,14.000,1.008,free_flow,A,1.00,50.00,50.00,primary,Võ Văn Kiệt,2,,,road_type_defaults
29028,1996655358,1996655856,13.000,0.936,free_flow,A,1.00,50.00,50.00,primary,Võ Văn Kiệt,2,,,road_type_defaults
29029,1996655856,1996654120,16.000,1.152,free_flow,A,1.00,50.00,50.00,primary,Võ Văn Kiệt,2,,,road_type_defaults
29030,1996654120,1996655581,14.000,1.008,free_flow,A,1.00,50.00,50.00,primary,Võ Văn Kiệt,2,,,road_type_defaults
29031,1996655581,1996655449,20.000,1.440,free_flow,A,1.00,50.00,50.00,primary,Võ Văn Kiệt,2,,,road_type_defaults
29032,1996655449,4618374500,18.000,1.296,free_flow,A,1.00,50.00,50.00,primary,Võ Văn Kiệt,2,,,road_type_defaults
29033,4618374500,5816803084,10.000,0.720,free_flow,A,1.00,50.00,50.00,primary,Võ Văn Kiệt,2,,,road_type_defaults
29034,5816803084,1996655152,6.000,0.432,free_flow,A,1.00,50.00,50.00,primary,Võ Văn Kiệt,2,,,road_type_defaults
29035,1996655152,1996655304,17.000,1.224,free_flow,A,1.00,50.00,50.00,primary,Võ Văn Kiệt,2,,,road_type_defaults
29036,1996655304,4618374499,15.000,1.080,free_flow,A,1.00,50.00,50.00,primary,Võ Văn Kiệt,2,,,road_type_defaults
29037,4618374499,1996655503,18.000,1.296,free_flow,A,1.00,50.00,50.00,primary,Võ Văn Kiệt,2,,,road_type_defaults
29038,1996655503,1996654187,21.000,1.512,free_flow,A,1.00,50.00,50.00,primary,Võ Văn Kiệt,2,,,road_type_defaults
29039,1996654187,4618374498,19.000,1.368,free_flow,A,1.00,50.00,50.00,primary,Võ Văn Kiệt,2,,,road_type_defaults
29040,4618374498,4611905370,16.000,1.152,free_flow,A,1.00,50.00,50.00,primary,Võ Văn Kiệt,2,,,road_type_defaults
29041,4611905370,4611905368,13.000,0.936,free_flow,A,1.00,50.00,50.00,primary,Võ Văn Kiệt,2,,,road_type_defaults
29042,4611905368,5813970740,8.000,0.576,free_flow,A,1.00,50.00,50.00,primary,Võ Văn Kiệt,2,,,road_type_defaults
29043,5813970740,1996655354,4.000,0.288,free_flow,A,1.00,50.00,50.00,primary,Võ Văn Kiệt,2,,,road_type_defaults
29044,1996655354,1996654390,11.000,0.792,free_flow,A,1.00,50.00,50.00,primary,Võ Văn Kiệt,2,,,road_type_defaults
29045,1996654390,4611905362,13.000,0.936,free_flow,A,1.00,50.00,50.00,primary,Võ Văn Kiệt,2,,,road_type_defaults
29046,4611905362,5813971193,5.000,0.360,free_flow,A,1.00,50.00,50.00,primary,Võ Văn Kiệt,2,,,road_type_defaults
29047,5813971193,4609356096,5.000,0.360,free_flow,A,1.00,50.00,50.00,primary,Võ Văn Kiệt,2,,,road_type_defaults
29048,4609356096,1996655538,11.000,0.792,free_flow,A,1.00,50.00,50.00,primary,Võ Văn Kiệt,2,,,road_type_defaults
29049,1996655538,1996655093,13.000,0.936,free_flow,A,1.00,50.00,50.00,primary,Võ Văn Kiệt,2,,,road_type_defaults
29050,1996655093,4618434250,13.000,0.936,free_flow,A,1.00,50.00,50.00,primary,Võ Văn Kiệt,2,,,road_type_defaults
29051,4618434250,1996654170,85.000,6.120,free_flow,A,1.00,50.00,50.00,primary,Võ Văn Kiệt,2,,,road_type_defaults
29052,1996654170,1996655095,50.000,3.600,free_flow,A,1.00,50.00,50.00,primary,Võ Văn Kiệt,2,,,road_type_defaults
29053,1996655095,1996655702,60.000,4.320,free_flow,A,1.00,50.00,50.00,primary,Võ Văn Kiệt,2,,,road_type_defaults
29054,1996655702,1996654598,34.000,2.448,free_flow,A,1.00,50.00,50.00,primary,Võ Văn Kiệt,2,,,road_type_defaults
29055,1996654598,1996655723,46.000,3.312,free_flow,A,1.00,50.00,50.00,primary,Võ Văn Kiệt,2,,,road_type_defaults
29056,1996655723,4609356097,98.000,7.056,free_flow,A,1.00,50.00,50.00,primary,Võ Văn Kiệt,2,,,road_type_defaults
29057,4609356097,1996655091,18.000,1.296,free_flow,A,1.00,50.00,50.00,primary,Võ Văn Kiệt,2,,,road_type_defaults
29058,1996655091,1996654296,110.000,7.920,free_flow,A,1.00,50.00,50.00,primary,Võ Văn Kiệt,2,,,road_type_defaults
29059,1996654296,1996654745,96.000,6.912,free_flow,A,1.00,50.00,50.00,primary,Võ Văn Kiệt,2,,,road_type_defaults
29148,1996654026,2666742989,5.794,6.952,heavy,D,2.50,50.00,3.00,primary,Võ Văn Kiệt,2,2020-08-03,period_0_00,train_los+latest_segment_status
84639,2666742989,2666742991,7.206,8.648,heavy,D,2.50,50.00,3.00,primary,Võ Văn Kiệt,2,2020-08-03,period_0_00,train_los+latest_segment_status
29107,2666742991,2666742980,10.000,0.720,free_flow,A,1.00,50.00,50.00,primary,Võ Văn Kiệt,2,,,road_type_defaults
29108,2666742980,1996654006,23.000,1.656,free_flow,A,1.00,50.00,50.00,primary,Võ Văn Kiệt,2,,,road_type_defaults
29109,1996654006,1996654940,39.000,2.808,free_flow,A,1.00,50.00,50.00,primary,Võ Văn Kiệt,2,,,road_type_defaults
29110,1996654940,1996654892,39.000,2.808,free_flow,A,1.00,50.00,50.00,primary,Võ Văn Kiệt,2,,,road_type_defaults
29111,1996654892,1996654022,20.000,1.440,free_flow,A,1.00,50.00,50.00,primary,Võ Văn Kiệt,2,,,road_type_defaults
29112,1996654022,3338020337,19.000,1.368,free_flow,A,1.00,50.00,50.00,primary,Võ Văn Kiệt,2,,,road_type_defaults
29113,3338020337,1996654208,19.000,1.368,free_flow,A,1.00,50.00,50.00,primary,Võ Văn Kiệt,2,,,road_type_defaults
29114,1996654208,3338020332,37.000,2.664,free_flow,A,1.00,50.00,50.00,primary,Võ Văn Kiệt,2,,,road_type_defaults
29115,3338020332,3338020327,28.000,2.016,free_flow,A,1.00,50.00,50.00,primary,Võ Văn Kiệt,2,,,road_type_defaults
29116,3338020327,2131959241,47.000,3.384,free_flow,A,1.00,50.00,50.00,primary,Võ Văn Kiệt,2,,,road_type_defaults
29117,2131959241,4594765213,19.000,1.368,free_flow,A,1.00,50.00,50.00,primary,Võ Văn Kiệt,2,,,road_type_defaults
29118,4594765213,5500064106,16.000,1.152,free_flow,A,1.00,50.00,50.00,primary,Võ Văn Kiệt,2,,,road_type_defaults
29119,5500064106,3338020301,59.000,4.248,free_flow,A,1.00,50.00,50.00,primary,Võ Văn Kiệt,2,,,road_type_defaults
29120,3338020301,5772159000,142.000,10.224,free_flow,A,1.00,50.00,50.00,primary,Võ Văn Kiệt,2,,,road_type_defaults
29121,5772159000,5268007024,48.000,3.456,free_flow,A,1.00,50.00,50.00,primary,Võ Văn Kiệt,2,,,road_type_defaults
29122,5268007024,3338020294,49.000,3.528,free_flow,A,1.00,50.00,50.00,primary,Võ Văn Kiệt,2,,,road_type_defaults
29123,3338020294,5795269937,29.000,2.088,free_flow,A,1.00,50.00,50.00,primary,Võ Văn Kiệt,2,,,road_type_defaults
29124,5795269937,3338020192,39.000,2.808,free_flow,A,1.00,50.00,50.00,primary,Võ Văn Kiệt,2,,,road_type_defaults
29125,3338020192,5795270655,11.000,0.792,free_flow,A,1.00,50.00,50.00,primary,Võ Văn Kiệt,2,,,road_type_defaults
29126,5795270655,3338020187,66.000,4.752,free_flow,A,1.00,50.00,50.00,primary,Võ Văn Kiệt,2,,,road_type_defaults
29127,3338020187,3338020186,41.000,2.952,free_flow,A,1.00,50.00,50.00,primary,Võ Văn Kiệt,2,,,road_type_defaults
29128,3338020186,3338020181,36.000,2.592,free_flow,A,1.00,50.00,50.00,primary,Võ Văn Kiệt,2,,,road_type_defaults
29129,3338020181,1996654898,30.000,2.160,free_flow,A,1.00,50.00,50.00,primary,Võ Văn Kiệt,2,,,road_type_defaults
29130,1996654898,1996654212,53.000,3.816,free_flow,A,1.00,50.00,50.00,primary,Võ Văn Kiệt,2,,,road_type_defaults
29131,1996654212,5811504035,90.000,6.480,free_flow,A,1.00,50.00,50.00,primary,Võ Văn Kiệt,2,,,road_type_defaults
29132,5811504035,3338020171,119.000,8.568,free_flow,A,1.00,50.00,50.00,primary,Võ Văn Kiệt,2,,,road_type_defaults
29133,3338020171,3338020168,22.000,6.092,gridlock,F,8.00,50.00,13.00,primary,Võ Văn Kiệt,2,2020-11-27,period_11_00,train_los+latest_segment_status
29134,3338020168,5811283440,35.000,2.520,free_flow,A,1.00,50.00,50.00,primary,Võ Văn Kiệt,2,,,road_type_defaults
29135,5811283440,1996745647,86.000,154.800,gridlock,F,8.00,50.00,2.00,primary,Võ Văn Kiệt,2,2020-11-27,period_13_30,train_los+latest_segment_status
29136,1996745647,3338020159,85.000,8.743,severe,E,4.00,50.00,35.00,primary,Võ Văn Kiệt,2,2020-11-27,period_13_30,train_los+latest_segment_status
29137,3338020159,1996655118,136.000,9.792,free_flow,A,1.00,50.00,50.00,primary,Võ Văn Kiệt,2,,,road_type_defaults
29138,1996655118,1996654191,30.000,3.857,moderate,C,1.75,50.00,28.00,primary,Võ Văn Kiệt,2,2020-11-27,period_13_30,train_los+latest_segment_status
29139,1996654191,4593777904,27.000,1.944,free_flow,A,1.00,50.00,50.00,primary,Võ Văn Kiệt,2,,,road_type_defaults
29140,4593777904,3338020134,18.000,1.964,light,B,1.25,50.00,33.00,primary,Võ Văn Kiệt,2,2020-11-27,period_13_30,train_los+latest_segment_status
29141,3338020134,5811285085,26.000,1.872,free_flow,A,1.00,50.00,50.00,primary,Võ Văn Kiệt,2,,,road_type_defaults
29142,5811285085,5811285079,49.000,3.528,free_flow,A,1.00,50.00,50.00,primary,Võ Văn Kiệt,2,,,road_type_defaults
29143,5811285079,5811285101,48.000,3.456,free_flow,A,1.00,50.00,50.00,primary,Võ Văn Kiệt,2,,,road_type_defaults
29144,5811285101,5811285109,68.000,8.441,moderate,C,1.75,50.00,29.00,primary,Võ Văn Kiệt,2,2020-11-27,period_13_30,train_los+latest_segment_status
29145,5811285109,5814168788,61.000,4.392,free_flow,A,1.00,50.00,50.00,primary,Võ Văn Kiệt,2,,,road_type_defaults
29146,5814168788,3338020129,33.000,2.376,free_flow,A,1.00,50.00,50.00,primary,Võ Văn Kiệt,2,,,road_type_defaults
29147,3338020129,1996654028,13.000,2.229,heavy,D,2.50,50.00,21.00,primary,Võ Văn Kiệt,2,2020-11-27,period_13_30,train_los+latest_segment_status
29178,4631143725,4631143724,37.000,10.246,moderate,C,1.75,50.00,13.00,primary,Nguyễn Tri Phương,2,2020-08-03,period_0_00,train_los+latest_segment_status
29179,4631143724,4631143713,4.000,1.800,gridlock,F,8.00,50.00,8.00,primary,Nguyễn Tri Phương,2,2021-01-03,period_23_30,train_los+latest_segment_status
29180,4631143713,1996654153,154.000,11.088,free_flow,A,1.00,50.00,50.00,primary,Nguyễn Tri Phương,2,,,road_type_defaults
29181,4631738600,5816871670,4.000,0.800,heavy,D,2.50,40.00,18.00,secondary,Trần Hưng Ðạo,3,2021-01-03,period_23_30,train_los+latest_segment_status
29182,5816871670,5816931356,29.000,6.525,heavy,D,2.50,40.00,16.00,secondary,Trần Hưng Ðạo,3,2020-08-03,period_0_00,train_los+latest_segment_status
29183,5816931356,5816871667,11.000,5.657,heavy,D,2.50,40.00,7.00,secondary,Trần Hưng Ðạo,3,2020-08-03,period_0_00,train_los+latest_segment_status
29184,5816871667,366413446,23.000,13.800,severe,E,4.00,40.00,6.00,secondary,Trần Hưng Ðạo,3,2020-08-03,period_0_00,train_los+latest_segment_status
29185,366413446,4309718849,17.000,15.300,severe,E,4.00,40.00,4.00,secondary,Trần Hưng Ðạo,3,2020-08-03,period_0_00,train_los+latest_segment_status
29186,4309718849,5816871664,23.000,82.800,heavy,D,2.50,40.00,1.00,secondary,Trần Hưng Ðạo,3,2020-08-03,period_0_00,train_los+latest_segment_status
29187,5816871664,4309718850,5.000,1.500,severe,E,4.00,40.00,12.00,secondary,Trần Hưng Ðạo,3,2020-08-03,period_0_00,train_los+latest_segment_status
29188,4309718850,5816931419,61.000,8.784,heavy,D,2.50,40.00,25.00,secondary,Trần Hưng Ðạo,3,2020-08-03,period_0_00,train_los+latest_segment_status
29189,5816931419,366453009,2.000,0.267,severe,E,4.00,40.00,27.00,secondary,Trần Hưng Ðạo,3,2020-08-03,period_0_00,train_los+latest_segment_status
29190,366453009,4979973979,45.000,32.400,heavy,D,2.50,40.00,5.00,secondary,Trần Hưng Ðạo,3,2020-08-03,period_0_00,train_los+latest_segment_status
29191,4979973979,3160545660,32.000,8.862,severe,E,4.00,40.00,13.00,secondary,Trần Hưng Ðạo,3,2020-08-03,period_0_00,train_los+latest_segment_status
29220,3338020342,1996654679,17.000,1.530,free_flow,A,1.00,40.00,40.00,primary_link,Võ Văn Kiệt,3,,,road_type_defaults
29221,1996654679,1996654996,15.000,1.350,free_flow,A,1.00,40.00,40.00,primary_link,Võ Văn Kiệt,3,,,road_type_defaults
29222,1996654996,1996655526,16.000,1.440,free_flow,A,1.00,40.00,40.00,primary_link,Võ Văn Kiệt,3,,,road_type_defaults
29223,1996655526,1996655710,6.000,0.540,free_flow,A,1.00,40.00,40.00,primary_link,Võ Văn Kiệt,3,,,road_type_defaults
29224,1996655710,1996654250,7.000,0.630,free_flow,A,1.00,40.00,40.00,primary_link,Võ Văn Kiệt,3,,,road_type_defaults
29225,1996654250,1996655226,8.000,0.720,free_flow,A,1.00,40.00,40.00,primary_link,Võ Văn Kiệt,3,,,road_type_defaults
29244,5816931401,5816931395,38.000,68.400,severe,E,4.00,50.00,2.00,primary,Hồng Bàng,2,2020-08-03,period_0_00,train_los+latest_segment_status
29245,5816931395,3151254802,6.000,0.939,heavy,D,2.50,50.00,23.00,primary,Hồng Bàng,2,2020-08-03,period_0_00,train_los+latest_segment_status
29246,3151254802,5816931418,14.000,1.575,severe,E,4.00,50.00,32.00,primary,Hồng Bàng,2,2020-08-03,period_0_00,train_los+latest_segment_status
29247,5816931418,366368048,48.000,5.236,heavy,D,2.50,50.00,33.00,primary,Hồng Bàng,2,2020-08-03,period_0_00,train_los+latest_segment_status
29248,366368048,5803395574,92.000,47.314,heavy,D,2.50,50.00,7.00,primary,Hồng Bàng,2,2020-08-03,period_0_00,train_los+latest_segment_status
29249,5803395574,4616029241,31.000,13.950,severe,E,4.00,50.00,8.00,primary,Hồng Bàng,2,2020-08-03,period_0_00,train_los+latest_segment_status
29265,5813971193,4609356096,5.027,0.724,heavy,D,2.50,40.00,25.00,tertiary,Bến Hàm Tử,4,2020-08-03,period_0_00,train_los+latest_segment_status
84640,4609356096,4618434249,9.973,1.436,heavy,D,2.50,40.00,25.00,tertiary,Bến Hàm Tử,4,2020-08-03,period_0_00,train_los+latest_segment_status
29251,4618434249,1996655028,118.000,10.620,free_flow,A,1.00,40.00,40.00,tertiary,Bến Hàm Tử,4,,,road_type_defaults
29252,1996655028,1996654116,103.000,9.270,free_flow,A,1.00,40.00,40.00,tertiary,Bến Hàm Tử,4,,,road_type_defaults
29253,1996654116,5813971185,36.000,3.240,free_flow,A,1.00,40.00,40.00,tertiary,Bến Hàm Tử,4,,,road_type_defaults
29254,5813971185,5816803104,42.000,3.780,free_flow,A,1.00,40.00,40.00,tertiary,Bến Hàm Tử,4,,,road_type_defaults
29255,5816803104,3462850858,83.000,7.470,free_flow,A,1.00,40.00,40.00,tertiary,Bến Hàm Tử,4,,,road_type_defaults
29256,3462850858,1996654979,35.000,3.150,free_flow,A,1.00,40.00,40.00,tertiary,Bến Hàm Tử,4,,,road_type_defaults
29257,1996654979,1996654153,18.000,1.620,free_flow,A,1.00,40.00,40.00,tertiary,Bến Hàm Tử,4,,,road_type_defaults
29258,1996654153,4611587129,39.000,3.600,free_flow,A,1.00,40.00,39.00,tertiary,Bến Hàm Tử,4,2021-01-02,period_10_30,train_los+latest_segment_status
29259,4611587129,1996654225,8.000,0.720,free_flow,A,1.00,40.00,40.00,tertiary,Bến Hàm Tử,4,,,road_type_defaults
29260,1996654225,1996654975,9.000,0.810,free_flow,A,1.00,40.00,40.00,tertiary,Bến Hàm Tử,4,,,road_type_defaults
29261,1996654975,5816871666,12.000,1.080,free_flow,A,1.00,40.00,40.00,tertiary,Bến Hàm Tử,4,,,road_type_defaults
29262,5816871666,1996655657,45.000,4.050,free_flow,A,1.00,40.00,40.00,tertiary,Bến Hàm Tử,4,,,road_type_defaults
29263,1996655657,1996654396,35.000,3.150,free_flow,A,1.00,40.00,40.00,tertiary,Bến Hàm Tử,4,,,road_type_defaults
29264,1996654396,1996654745,60.000,5.400,free_flow,A,1.00,40.00,40.00,tertiary,Bến Hàm Tử,4,,,road_type_defaults
29289,4609356098,1996654282,3.000,0.675,severe,E,4.00,50.00,16.00,primary,Nguyễn Tri Phương,2,2020-08-03,period_0_00,train_los+latest_segment_status
29290,1996654282,4609356097,10.000,0.720,free_flow,A,1.00,50.00,50.00,primary,Nguyễn Tri Phương,2,,,road_type_defaults
29291,4609356097,1996654979,44.000,3.168,free_flow,A,1.00,50.00,50.00,primary,Nguyễn Tri Phương,2,,,road_type_defaults
29304,1996655657,1996655340,5.000,0.529,moderate,C,1.75,40.00,34.00,primary_link,Bến Hàm Tử,3,2020-08-03,period_0_00,train_los+latest_segment_status
29305,1996655340,1996655657,5.000,0.450,free_flow,A,1.00,40.00,40.00,primary_link,Bến Hàm Tử,3,,,road_type_defaults
29306,1996655340,1996654499,4.000,0.360,free_flow,A,1.00,40.00,40.00,primary_link,Bến Hàm Tử,3,,,road_type_defaults
29307,1996654499,1996655340,4.000,0.360,free_flow,A,1.00,40.00,40.00,primary_link,Bến Hàm Tử,3,,,road_type_defaults
29308,1996654499,1996655466,5.000,0.450,free_flow,A,1.00,40.00,40.00,primary_link,Bến Hàm Tử,3,,,road_type_defaults
29309,1996655466,1996654499,5.000,0.450,free_flow,A,1.00,40.00,40.00,primary_link,Bến Hàm Tử,3,,,road_type_defaults
29310,1996655466,1996654770,5.000,0.450,free_flow,A,1.00,40.00,40.00,primary_link,Võ Văn Kiệt,3,,,road_type_defaults
29311,1996654770,1996655466,5.000,0.450,free_flow,A,1.00,40.00,40.00,primary_link,Võ Văn Kiệt,3,,,road_type_defaults
29312,1996654770,1996654296,8.000,0.720,free_flow,A,1.00,40.00,40.00,primary_link,Võ Văn Kiệt,3,,,road_type_defaults
29313,1996654296,1996654770,8.000,0.720,free_flow,A,1.00,40.00,40.00,primary_link,Võ Văn Kiệt,3,,,road_type_defaults
29355,1769173950,1996655021,20.000,1.600,free_flow,A,1.00,50.00,45.00,primary,Võ Văn Kiệt,2,2021-01-02,period_10_30,train_los+latest_segment_status
29356,1996655021,1996654636,24.000,1.728,free_flow,A,1.00,50.00,50.00,primary,Võ Văn Kiệt,2,,,road_type_defaults
29357,1996654636,1996654843,17.000,1.224,free_flow,A,1.00,50.00,50.00,primary,Võ Văn Kiệt,2,,,road_type_defaults
29358,1996654843,1996654066,10.000,0.720,free_flow,A,1.00,50.00,50.00,primary,Võ Văn Kiệt,2,,,road_type_defaults
29359,1996654066,1996654193,17.000,1.224,free_flow,A,1.00,50.00,50.00,primary,Võ Văn Kiệt,2,,,road_type_defaults
29360,1996654193,1996655313,10.000,0.720,free_flow,A,1.00,50.00,50.00,primary,Võ Văn Kiệt,2,,,road_type_defaults
29361,1996655313,1996654172,12.000,0.864,free_flow,A,1.00,50.00,50.00,primary,Võ Văn Kiệt,2,,,road_type_defaults
29362,1996654172,1996654158,30.000,2.160,free_flow,A,1.00,50.00,50.00,primary,Võ Văn Kiệt,2,,,road_type_defaults
29478,5780574588,5805637454,155.000,50.727,heavy,D,2.50,50.00,11.00,primary,An Dương Vương,2,2020-08-03,period_0_00,train_los+latest_segment_status
29479,5805637454,5817380554,66.000,6.988,severe,E,4.00,50.00,34.00,primary,An Dương Vương,2,2020-08-03,period_0_00,train_los+latest_segment_status
29480,5817380554,5802993757,119.000,13.387,heavy,D,2.50,50.00,32.00,primary,An Dương Vương,2,2020-08-03,period_0_00,train_los+latest_segment_status
29481,1767909382,1996655640,76.000,7.200,moderate,C,1.75,50.00,38.00,trunk_link,Cầu Calmette,3,2020-08-03,period_0_00,train_los+latest_segment_status
29482,1996655640,1767909425,47.000,3.384,free_flow,A,1.00,50.00,50.00,trunk_link,Cầu Calmette,3,,,road_type_defaults
29483,1767909425,1996655421,43.000,3.096,free_flow,A,1.00,50.00,50.00,trunk_link,Cầu Calmette,3,,,road_type_defaults
29484,1996655421,3335314143,36.000,2.592,free_flow,A,1.00,50.00,50.00,trunk_link,Cầu Calmette,3,,,road_type_defaults
29485,3335314143,3335314144,5.000,0.360,free_flow,A,1.00,50.00,50.00,trunk_link,Cầu Calmette,3,,,road_type_defaults
29486,3335314144,1767909356,6.000,0.432,free_flow,A,1.00,50.00,50.00,trunk_link,Cầu Calmette,3,,,road_type_defaults
29487,1767909383,1997316901,35.000,2.520,free_flow,A,1.00,50.00,50.00,trunk_link,Cầu Calmette,3,,,road_type_defaults
29488,1997316901,2380787706,25.000,1.800,free_flow,A,1.00,50.00,50.00,trunk_link,Cầu Calmette,3,,,road_type_defaults
29489,2380787706,2380787705,14.000,1.008,free_flow,A,1.00,50.00,50.00,trunk_link,Cầu Calmette,3,,,road_type_defaults
29490,2380787705,2380787704,23.000,1.656,free_flow,A,1.00,50.00,50.00,trunk_link,Cầu Calmette,3,,,road_type_defaults
29491,2380787704,1767909393,24.000,1.728,free_flow,A,1.00,50.00,50.00,trunk_link,Cầu Calmette,3,,,road_type_defaults
29492,3335314137,4594693801,8.000,0.960,free_flow,A,1.00,30.00,30.00,tertiary,Cầu Calmette,4,,,road_type_defaults
29493,4594693801,1773240191,10.000,1.200,free_flow,A,1.00,30.00,30.00,tertiary,Cầu Calmette,4,,,road_type_defaults
29494,411918417,5058497796,36.000,3.927,light,B,1.25,50.00,33.00,primary,Ðiện Biên Phủ,2,2021-04-05,period_11_00,train_los+latest_segment_status
29495,5058497796,5003306422,93.000,55.800,heavy,D,2.50,50.00,6.00,primary,Ðiện Biên Phủ,2,2020-08-03,period_0_00,train_los+latest_segment_status
29496,5003306422,411921368,8.000,0.720,free_flow,A,1.00,50.00,40.00,primary,Ðiện Biên Phủ,2,2021-01-04,period_0_00,train_los+latest_segment_status
29497,411921368,411918408,56.000,10.080,heavy,D,2.50,50.00,20.00,primary,Ðiện Biên Phủ,2,2020-08-03,period_0_00,train_los+modeled_speed
29498,411918408,411918937,45.000,5.062,light,B,1.25,50.00,32.00,primary,Ðiện Biên Phủ,2,2021-01-04,period_0_00,train_los+latest_segment_status
29499,411918937,4421905095,53.000,95.400,heavy,D,2.50,50.00,2.00,primary,Ðiện Biên Phủ,2,2020-08-03,period_0_00,train_los+latest_segment_status
29500,4421905095,698217105,22.000,2.933,severe,E,4.00,50.00,27.00,primary,Ðiện Biên Phủ,2,2020-12-25,period_10_00,train_los+latest_segment_status
29501,698217105,5764817338,10.000,1.161,light,B,1.25,50.00,31.00,primary,Ðiện Biên Phủ,2,2021-01-04,period_0_00,train_los+latest_segment_status
29502,5764817338,5764817339,28.000,3.055,moderate,C,1.75,50.00,33.00,primary,Ðiện Biên Phủ,2,2020-08-03,period_0_00,train_los+latest_segment_status
29503,5764817339,5764817340,29.000,3.368,heavy,D,2.50,50.00,31.00,primary,Ðiện Biên Phủ,2,2020-08-03,period_0_00,train_los+latest_segment_status
29504,4646769632,5058497774,97.000,11.640,moderate,C,1.75,30.00,30.00,tertiary,Trần Minh Quyền,4,2020-08-03,period_0_00,train_los+latest_segment_status
29505,5058497774,4646769632,97.000,13.968,heavy,D,2.50,30.00,25.00,tertiary,Trần Minh Quyền,4,2020-08-03,period_0_00,train_los+latest_segment_status
29506,5058497774,5058497766,48.000,9.600,heavy,D,2.50,30.00,18.00,tertiary,Trần Minh Quyền,4,2020-08-03,period_0_00,train_los+latest_segment_status
29507,5058497766,5058497774,48.000,13.292,heavy,D,2.50,30.00,13.00,tertiary,Trần Minh Quyền,4,2020-08-03,period_0_00,train_los+latest_segment_status
29508,5058497766,5059496013,56.000,20.160,heavy,D,2.50,30.00,10.00,tertiary,Trần Minh Quyền,4,2020-08-03,period_0_00,train_los+latest_segment_status
29509,5059496013,5058497766,56.000,5.760,light,B,1.25,30.00,35.00,tertiary,Trần Minh Quyền,4,2020-08-03,period_0_00,train_los+latest_segment_status
29510,5059496013,5058497764,13.000,3.120,severe,E,4.00,30.00,15.00,tertiary,Trần Minh Quyền,4,2020-12-25,period_10_00,train_los+latest_segment_status
29511,5058497764,5059496013,13.000,1.800,severe,E,4.00,30.00,26.00,tertiary,Trần Minh Quyền,4,2020-08-03,period_0_00,train_los+latest_segment_status
29512,5058497764,411918937,76.000,18.240,heavy,D,2.50,30.00,15.00,tertiary,Trần Minh Quyền,4,2020-08-03,period_0_00,train_los+latest_segment_status
29513,411918937,5058497764,76.000,34.200,heavy,D,2.50,30.00,8.00,tertiary,Trần Minh Quyền,4,2020-08-03,period_0_00,train_los+latest_segment_status
29522,2358234404,1998235340,18.000,2.160,free_flow,A,1.00,30.00,30.00,tertiary,Cầu Nguyễn Văn Cừ,4,,,road_type_defaults
29539,1998235311,383553866,18.000,2.160,free_flow,A,1.00,30.00,30.00,tertiary,Cầu Nguyễn Văn Cừ,4,,,road_type_defaults
29623,1861212907,1769173868,44.000,3.168,free_flow,A,1.00,50.00,50.00,primary,Võ Văn Kiệt,2,,,road_type_defaults
29624,1769173868,1998452788,53.000,3.816,free_flow,A,1.00,50.00,50.00,primary,Võ Văn Kiệt,2,,,road_type_defaults
29625,1998452762,2044487229,8.000,0.960,free_flow,A,1.00,30.00,30.00,tertiary,Võ Văn Kiệt,4,,,road_type_defaults
29626,2044487229,1769173868,9.000,1.080,free_flow,A,1.00,30.00,30.00,tertiary,Võ Văn Kiệt,4,,,road_type_defaults
29629,4489056951,1998452762,18.000,1.296,free_flow,A,1.00,50.00,50.00,trunk_link,Võ Văn Kiệt,3,,,road_type_defaults
29630,1998452762,1998452788,61.000,4.392,free_flow,A,1.00,50.00,50.00,trunk_link,Võ Văn Kiệt,3,,,road_type_defaults
29641,366383389,366403879,146.000,17.520,free_flow,A,1.00,30.00,30.00,tertiary,Cầu Chữ Y,4,,,road_type_defaults
29642,366403879,366383389,146.000,17.520,free_flow,A,1.00,30.00,30.00,tertiary,Cầu Chữ Y,4,,,road_type_defaults
30367,5778272145,2026784607,25.000,3.000,free_flow,A,1.00,30.00,30.00,unclassified,Nguyễn Hữu Hào,4,,,road_type_defaults
30368,2026784607,5778272145,25.000,3.000,free_flow,A,1.00,30.00,30.00,unclassified,Nguyễn Hữu Hào,4,,,road_type_defaults
30369,2026784607,5772092723,76.000,9.120,free_flow,A,1.00,30.00,30.00,unclassified,Nguyễn Hữu Hào,4,,,road_type_defaults
30370,5772092723,2026784607,76.000,9.120,free_flow,A,1.00,30.00,30.00,unclassified,Nguyễn Hữu Hào,4,,,road_type_defaults
30371,5772092723,5772092726,50.000,6.000,free_flow,A,1.00,30.00,30.00,unclassified,Nguyễn Hữu Hào,4,,,road_type_defaults
30372,5772092726,5772092723,50.000,6.000,free_flow,A,1.00,30.00,30.00,unclassified,Nguyễn Hữu Hào,4,,,road_type_defaults
30373,5772092726,5772092727,8.000,0.960,free_flow,A,1.00,30.00,30.00,unclassified,Nguyễn Hữu Hào,4,,,road_type_defaults
30374,5772092727,5772092726,8.000,0.960,free_flow,A,1.00,30.00,30.00,unclassified,Nguyễn Hữu Hào,4,,,road_type_defaults
30375,5772092727,1987339817,51.000,6.120,free_flow,A,1.00,30.00,30.00,unclassified,Nguyễn Hữu Hào,4,,,road_type_defaults
30376,1987339817,5772092727,51.000,6.120,free_flow,A,1.00,30.00,30.00,unclassified,Nguyễn Hữu Hào,4,,,road_type_defaults
30377,1987339817,5772092722,42.000,5.040,free_flow,A,1.00,30.00,30.00,unclassified,Nguyễn Hữu Hào,4,,,road_type_defaults
30378,5772092722,1987339817,42.000,5.040,free_flow,A,1.00,30.00,30.00,unclassified,Nguyễn Hữu Hào,4,,,road_type_defaults
30379,2664205597,2353541573,38.000,2.736,free_flow,A,1.00,50.00,50.00,primary,Trần Hưng Ðạo,2,,,road_type_defaults
30380,2353541573,4609917916,124.000,8.928,free_flow,A,1.00,50.00,50.00,primary,Trần Hưng Ðạo,2,,,road_type_defaults
30381,4609917916,5307226946,73.000,5.256,free_flow,A,1.00,50.00,50.00,primary,Trần Hưng Ðạo,2,,,road_type_defaults
30382,5307226946,2365199344,73.000,5.256,free_flow,A,1.00,50.00,50.00,primary,Trần Hưng Ðạo,2,,,road_type_defaults
30387,411926369,3171509286,68.000,4.896,free_flow,A,1.00,50.00,50.00,primary,Nguyễn Thái Học,2,,,road_type_defaults
30388,3171509286,5781158285,17.000,1.224,free_flow,A,1.00,50.00,50.00,primary,Nguyễn Thái Học,2,,,road_type_defaults
30389,5781158285,2032267376,12.000,0.864,free_flow,A,1.00,50.00,50.00,primary,Nguyễn Thái Học,2,,,road_type_defaults
30390,2032267376,5762893314,26.000,1.872,free_flow,A,1.00,50.00,50.00,primary,Nguyễn Thái Học,2,,,road_type_defaults
30391,5762893314,2131959234,44.000,3.168,free_flow,A,1.00,50.00,50.00,primary,Nguyễn Thái Học,2,,,road_type_defaults
30392,2131959234,5500064101,57.000,4.104,free_flow,A,1.00,50.00,50.00,primary,Nguyễn Thái Học,2,,,road_type_defaults
30393,5500064101,5781158271,9.000,0.648,free_flow,A,1.00,50.00,50.00,primary,Nguyễn Thái Học,2,,,road_type_defaults
30413,2032267506,2032267104,47.000,3.384,free_flow,A,1.00,50.00,50.00,primary,Hoàng Diệu,2,,,road_type_defaults
30414,2032267104,2034589260,2.000,0.144,free_flow,A,1.00,50.00,50.00,primary,Hoàng Diệu,2,,,road_type_defaults
30415,2034589260,5772502921,52.000,3.744,free_flow,A,1.00,50.00,50.00,primary,Hoàng Diệu,2,,,road_type_defaults
30416,5772502921,5772092727,46.000,3.312,free_flow,A,1.00,50.00,50.00,primary,Hoàng Diệu,2,,,road_type_defaults
30417,5772092727,5772092725,10.000,0.720,free_flow,A,1.00,50.00,50.00,primary,Hoàng Diệu,2,,,road_type_defaults
30418,5772092725,3171491269,7.000,0.504,free_flow,A,1.00,50.00,50.00,primary,Hoàng Diệu,2,,,road_type_defaults
30419,3171491269,2305201712,66.000,4.752,free_flow,A,1.00,50.00,50.00,primary,Hoàng Diệu,2,,,road_type_defaults
30420,4610649697,5762783657,63.000,4.536,free_flow,A,1.00,50.00,50.00,primary,Nguyễn Thị Nghĩa,2,,,road_type_defaults
30421,5762783657,5762736902,43.000,3.096,free_flow,A,1.00,50.00,50.00,primary,Nguyễn Thị Nghĩa,2,,,road_type_defaults
30422,5762736902,5762736910,23.000,1.656,free_flow,A,1.00,50.00,50.00,primary,Nguyễn Thị Nghĩa,2,,,road_type_defaults
30423,5762736910,5762736911,3.000,0.372,moderate,C,1.75,50.00,29.00,primary,Nguyễn Thị Nghĩa,2,2020-11-28,period_13_30,train_los+latest_segment_status
30424,5762736911,2032267208,1.000,0.072,free_flow,A,1.00,50.00,50.00,primary,Nguyễn Thị Nghĩa,2,,,road_type_defaults
30425,2032267208,5762736913,1.000,0.072,free_flow,A,1.00,50.00,50.00,primary,Nguyễn Thị Nghĩa,2,,,road_type_defaults
30426,5762736913,4609314795,15.000,1.080,free_flow,A,1.00,50.00,50.00,primary,Nguyễn Thị Nghĩa,2,,,road_type_defaults
30427,5781158297,1996655496,0.414,0.037,free_flow,A,1.00,40.00,40.00,primary_link,Nguyễn Thái Học,3,,,road_type_defaults
30428,1996655496,1996655847,5.000,0.450,free_flow,A,1.00,40.00,40.00,primary_link,Nguyễn Thái Học,3,,,road_type_defaults
30429,1996655847,1996655814,5.000,0.450,free_flow,A,1.00,40.00,40.00,primary_link,Nguyễn Thái Học,3,,,road_type_defaults
30430,1996655814,1996654402,3.000,0.270,free_flow,A,1.00,40.00,40.00,primary_link,Nguyễn Thái Học,3,,,road_type_defaults
30431,1996654402,1996654360,5.000,0.450,free_flow,A,1.00,40.00,40.00,primary_link,Nguyễn Thái Học,3,,,road_type_defaults
30432,1996654360,2131959241,12.000,1.080,free_flow,A,1.00,40.00,40.00,primary_link,Nguyễn Thái Học,3,,,road_type_defaults
30433,3506700347,2527488815,12.000,0.864,free_flow,A,1.00,50.00,50.00,primary,Nguyễn Thị Nghĩa,2,,,road_type_defaults
30434,2527488815,2032267463,6.000,0.432,free_flow,A,1.00,50.00,50.00,primary,Nguyễn Thị Nghĩa,2,,,road_type_defaults
30435,2032267463,5762736907,17.000,1.224,free_flow,A,1.00,50.00,50.00,primary,Nguyễn Thị Nghĩa,2,,,road_type_defaults
30436,5762736907,5763168791,64.000,4.608,free_flow,A,1.00,50.00,50.00,primary,Nguyễn Thị Nghĩa,2,,,road_type_defaults
30437,5763168791,4610643513,32.000,2.304,free_flow,A,1.00,50.00,50.00,primary,Nguyễn Thị Nghĩa,2,,,road_type_defaults
30593,411919485,2353541600,30.000,2.700,free_flow,A,1.00,40.00,40.00,secondary,Hàm Nghi,3,,,road_type_defaults
30594,2353541600,3335337342,7.000,0.630,free_flow,A,1.00,40.00,40.00,secondary,Hàm Nghi,3,,,road_type_defaults
30599,2305201707,2305201706,48.000,3.456,free_flow,A,1.00,50.00,50.00,primary,Nguyễn Thái Học,2,,,road_type_defaults
30606,4604860551,5763168797,62.000,4.464,free_flow,A,1.00,50.00,50.00,primary,Nguyễn Thị Minh Khai,2,,,road_type_defaults
30607,5763168797,2667727001,118.000,8.496,free_flow,A,1.00,50.00,50.00,primary,Nguyễn Thị Minh Khai,2,,,road_type_defaults
30608,2667727001,4604860552,30.000,2.160,free_flow,A,1.00,50.00,50.00,primary,Nguyễn Thị Minh Khai,2,,,road_type_defaults
30609,4604860552,5778360136,41.000,2.952,free_flow,A,1.00,50.00,50.00,primary,Nguyễn Thị Minh Khai,2,,,road_type_defaults
30610,5778360136,2037831447,20.000,1.440,free_flow,A,1.00,50.00,50.00,primary,Nguyễn Thị Minh Khai,2,,,road_type_defaults
30611,2037831447,2037831448,36.000,2.592,free_flow,A,1.00,50.00,50.00,primary,Nguyễn Thị Minh Khai,2,,,road_type_defaults
30612,2037831448,411925830,55.000,3.960,free_flow,A,1.00,50.00,50.00,primary,Nguyễn Thị Minh Khai,2,,,road_type_defaults
30661,4631143717,4631143733,147.000,10.584,free_flow,A,1.00,50.00,50.00,primary,Cầu Nguyễn Tri Phương,2,,,road_type_defaults
30662,4631143733,5816976961,31.000,2.232,free_flow,A,1.00,50.00,50.00,primary,Cầu Nguyễn Tri Phương,2,,,road_type_defaults
30663,5816976961,4631143730,29.000,2.088,free_flow,A,1.00,50.00,50.00,primary,Cầu Nguyễn Tri Phương,2,,,road_type_defaults
30664,4631143730,4631143731,41.000,2.952,free_flow,A,1.00,50.00,50.00,primary,Cầu Nguyễn Tri Phương,2,,,road_type_defaults
30665,4631143731,4631143715,174.000,12.528,free_flow,A,1.00,50.00,50.00,primary,Cầu Nguyễn Tri Phương,2,,,road_type_defaults
30912,2468453127,2044486159,8.000,0.720,free_flow,A,1.00,40.00,40.00,primary_link,Phạm Thế Hiển,3,,,road_type_defaults
30913,2044486159,5800600033,39.000,3.510,free_flow,A,1.00,40.00,40.00,primary_link,Phạm Thế Hiển,3,,,road_type_defaults
30914,5800600033,1773321401,117.000,10.530,free_flow,A,1.00,40.00,40.00,primary_link,Phạm Thế Hiển,3,,,road_type_defaults
30915,1773321401,383552890,39.000,3.510,free_flow,A,1.00,40.00,40.00,primary_link,Phạm Thế Hiển,3,,,road_type_defaults
31584,411923507,3171509287,63.000,4.536,free_flow,A,1.00,50.00,50.00,primary,Nguyễn Thái Học,2,,,road_type_defaults
31585,3171509287,411918348,85.000,6.120,free_flow,A,1.00,50.00,50.00,primary,Nguyễn Thái Học,2,,,road_type_defaults
32345,5780574589,5803395629,112.000,8.064,free_flow,A,1.00,50.00,50.00,primary,Hồng Bàng,2,,,road_type_defaults
32346,5803395629,3116315719,24.000,3.323,heavy,D,2.50,50.00,26.00,primary,Hồng Bàng,2,2020-08-03,period_0_00,train_los+latest_segment_status
32347,3116315719,4616029240,182.000,46.800,heavy,D,2.50,50.00,14.00,primary,Hồng Bàng,2,2020-08-03,period_0_00,train_los+latest_segment_status
33000,411925056,411925240,79.000,9.480,free_flow,A,1.00,30.00,30.00,tertiary,Lê Lai,4,,,road_type_defaults
33001,411925240,411925056,79.000,9.480,free_flow,A,1.00,30.00,30.00,tertiary,Lê Lai,4,,,road_type_defaults
33603,411919033,4641350102,87.000,10.440,free_flow,A,1.00,30.00,30.00,tertiary,Trương Định,4,,,road_type_defaults
33604,4641350102,4603901559,12.000,0.939,free_flow,A,1.00,30.00,46.00,tertiary,Trương Định,4,2020-12-26,period_10_30,train_los+latest_segment_status
33605,4603901559,4697194514,50.000,3.600,free_flow,A,1.00,30.00,50.00,tertiary,Trương Định,4,2020-12-26,period_11_30,train_los+latest_segment_status
33606,4697194514,411919038,29.000,2.088,free_flow,A,1.00,30.00,50.00,tertiary,Trương Định,4,2020-12-26,period_12_30,train_los+latest_segment_status
33607,411919038,4604860551,219.000,15.768,free_flow,A,1.00,30.00,50.00,tertiary,Trương Định,4,2020-12-26,period_10_30,train_los+latest_segment_status
33608,4604860551,4697194515,8.000,0.576,free_flow,A,1.00,30.00,50.00,tertiary,Trương Định,4,2020-12-26,period_12_30,train_los+latest_segment_status
33609,4697194515,411925453,79.000,5.688,free_flow,A,1.00,30.00,50.00,tertiary,Trương Định,4,2020-12-26,period_11_30,train_los+latest_segment_status
33610,411925453,411925919,75.000,5.400,free_flow,A,1.00,30.00,50.00,tertiary,Trương Định,4,2020-12-26,period_12_30,train_los+latest_segment_status
33611,411925919,5778360113,68.000,4.896,free_flow,A,1.00,30.00,50.00,tertiary,Trương Định,4,2020-12-26,period_11_30,train_los+latest_segment_status
33612,5778360113,411925335,10.000,0.720,free_flow,A,1.00,30.00,50.00,tertiary,Trương Định,4,2020-12-26,period_12_30,train_los+latest_segment_status
33613,411925335,5778360115,15.000,1.080,free_flow,A,1.00,30.00,50.00,tertiary,Trương Định,4,2020-12-26,period_10_00,train_los+latest_segment_status
33614,5778360115,411926667,61.000,7.320,free_flow,A,1.00,30.00,30.00,tertiary,Trương Định,4,,,road_type_defaults
33615,411926667,4010762986,31.000,3.016,free_flow,A,1.00,30.00,37.00,tertiary,Trương Định,4,2020-12-26,period_11_30,train_los+latest_segment_status
33616,4010762986,411925869,30.000,3.600,free_flow,A,1.00,30.00,30.00,tertiary,Trương Định,4,,,road_type_defaults
33617,411925869,411918254,11.000,0.921,free_flow,A,1.00,30.00,43.00,tertiary,Trương Định,4,2020-12-26,period_10_30,train_los+latest_segment_status
33618,411918254,5778300414,50.000,4.286,free_flow,A,1.00,30.00,42.00,tertiary,Trương Định,4,2020-12-26,period_9_30,train_los+latest_segment_status
33619,5778300414,5778300421,58.000,4.350,free_flow,A,1.00,30.00,48.00,tertiary,Trương Định,4,2020-12-26,period_10_30,train_los+latest_segment_status
33620,5778300421,2300346900,63.000,7.560,free_flow,A,1.00,30.00,30.00,tertiary,Trương Định,4,,,road_type_defaults
33621,2300346900,5778300416,18.000,2.817,heavy,D,2.50,30.00,23.00,tertiary,Trương Định,4,2020-12-15,period_1_30,train_los+latest_segment_status
33622,5778300416,411926607,82.000,10.179,moderate,C,1.75,30.00,29.00,tertiary,Trương Định,4,2020-11-28,period_13_30,train_los+latest_segment_status
33623,411926607,411926628,126.000,19.722,heavy,D,2.50,30.00,23.00,tertiary,Trương Định,4,2020-11-28,period_13_30,train_los+latest_segment_status
34539,2363974217,2363974212,228.000,27.360,free_flow,A,1.00,30.00,30.00,tertiary,Bến Vân Đồn,4,,,road_type_defaults
34540,2363974212,4594693793,22.000,2.640,free_flow,A,1.00,30.00,30.00,tertiary,Bến Vân Đồn,4,,,road_type_defaults
34541,4594693793,4594693792,20.000,2.400,free_flow,A,1.00,30.00,30.00,tertiary,Bến Vân Đồn,4,,,road_type_defaults
34542,4594693792,4594693795,10.000,1.200,free_flow,A,1.00,30.00,30.00,tertiary,Bến Vân Đồn,4,,,road_type_defaults
34543,4594693795,2363974219,10.000,1.200,free_flow,A,1.00,30.00,30.00,tertiary,Bến Vân Đồn,4,,,road_type_defaults
34544,2363974219,4594693794,25.000,3.000,free_flow,A,1.00,30.00,30.00,tertiary,Bến Vân Đồn,4,,,road_type_defaults
34545,4594693794,2363974220,52.000,6.240,free_flow,A,1.00,30.00,30.00,tertiary,Bến Vân Đồn,4,,,road_type_defaults
34546,2363974220,3335314138,32.000,3.840,free_flow,A,1.00,30.00,30.00,tertiary,Bến Vân Đồn,4,,,road_type_defaults
34547,3335314138,2380787694,21.000,2.520,free_flow,A,1.00,30.00,30.00,tertiary,Bến Vân Đồn,4,,,road_type_defaults
34548,2380787694,1773240191,10.000,1.200,free_flow,A,1.00,30.00,30.00,tertiary,Bến Vân Đồn,4,,,road_type_defaults
34801,4609802777,411926622,41.000,2.952,free_flow,A,1.00,50.00,50.00,primary,Trần Hưng Ðạo,2,,,road_type_defaults
34802,411926622,4597084182,146.000,7.300,free_flow,A,1.00,50.00,72.00,primary,Trần Hưng Ðạo,2,2020-12-27,period_4_30,train_los+latest_segment_status
34803,4597084182,411923369,31.000,1.413,free_flow,A,1.00,50.00,79.00,primary,Trần Hưng Ðạo,2,2020-12-28,period_6_30,train_los+latest_segment_status
34804,411923369,3160559561,52.000,3.744,free_flow,A,1.00,50.00,50.00,primary,Trần Hưng Ðạo,2,,,road_type_defaults
34805,3160559561,4591922983,8.000,0.576,free_flow,A,1.00,50.00,50.00,primary,Trần Hưng Ðạo,2,,,road_type_defaults
34806,4591922983,411924371,29.000,2.088,free_flow,A,1.00,50.00,50.00,primary,Trần Hưng Ðạo,2,,,road_type_defaults
34807,411924371,411926503,17.000,1.224,free_flow,A,1.00,50.00,50.00,primary,Trần Hưng Ðạo,2,,,road_type_defaults
34808,4609314796,4649967850,146.000,10.512,free_flow,A,1.00,50.00,50.00,primary,Nguyễn Thái Học,2,,,road_type_defaults
34809,4649967850,4612970106,8.000,0.576,free_flow,A,1.00,50.00,50.00,primary,Nguyễn Thái Học,2,,,road_type_defaults
34810,4612970106,5762736901,7.000,0.504,free_flow,A,1.00,50.00,50.00,primary,Nguyễn Thái Học,2,,,road_type_defaults
34811,5762736901,4612970105,9.000,0.450,free_flow,A,1.00,50.00,72.00,primary,Nguyễn Thái Học,2,2020-12-28,period_8_00,train_los+latest_segment_status
34812,4612970105,4609802778,14.000,1.008,free_flow,A,1.00,50.00,50.00,primary,Nguyễn Thái Học,2,,,road_type_defaults
34813,4609802778,2032267137,82.000,5.904,free_flow,A,1.00,50.00,50.00,primary,Nguyễn Thái Học,2,,,road_type_defaults
34814,2032267137,411926369,19.000,1.368,free_flow,A,1.00,50.00,50.00,primary,Nguyễn Thái Học,2,,,road_type_defaults
34815,411918348,411919456,39.000,2.808,free_flow,A,1.00,50.00,50.00,primary,Nguyễn Thái Học,2,,,road_type_defaults
34816,411919456,4612970108,80.000,5.760,free_flow,A,1.00,50.00,50.00,primary,Nguyễn Thái Học,2,,,road_type_defaults
34817,4612970108,5762736900,9.000,0.648,free_flow,A,1.00,50.00,50.00,primary,Nguyễn Thái Học,2,,,road_type_defaults
34818,5762736900,4612970107,7.000,0.504,free_flow,A,1.00,50.00,50.00,primary,Nguyễn Thái Học,2,,,road_type_defaults
34819,4612970107,4649999511,8.000,0.576,free_flow,A,1.00,50.00,50.00,primary,Nguyễn Thái Học,2,,,road_type_defaults
34820,4649999511,4609877993,140.000,10.080,free_flow,A,1.00,50.00,50.00,primary,Nguyễn Thái Học,2,,,road_type_defaults
34821,1769277482,1769277447,150.000,9.153,free_flow,A,1.00,30.00,59.00,tertiary,Lê Lợi,4,2021-04-05,period_11_00,train_los+latest_segment_status
34891,5772502925,2253460206,13.000,0.936,free_flow,A,1.00,50.00,50.00,primary,Khánh Hội,2,,,road_type_defaults
34892,2253460206,3171491271,16.000,1.152,free_flow,A,1.00,50.00,50.00,primary,Khánh Hội,2,,,road_type_defaults
34893,3171491271,2253460208,190.000,13.680,free_flow,A,1.00,50.00,50.00,primary,Khánh Hội,2,,,road_type_defaults
34894,2253460208,5778272142,3.000,0.216,free_flow,A,1.00,50.00,50.00,primary,Khánh Hội,2,,,road_type_defaults
34895,5778272142,5778222782,67.000,4.824,free_flow,A,1.00,50.00,50.00,primary,Khánh Hội,2,,,road_type_defaults
34896,5778222782,2365206752,69.000,4.968,free_flow,A,1.00,50.00,50.00,primary,Khánh Hội,2,,,road_type_defaults
34897,2365206752,3171491273,19.000,1.368,free_flow,A,1.00,50.00,50.00,primary,Khánh Hội,2,,,road_type_defaults
34898,3171491273,2348757730,105.000,7.560,free_flow,A,1.00,50.00,50.00,primary,Khánh Hội,2,,,road_type_defaults
34901,2348761055,1780010887,62.000,5.723,moderate,C,1.75,50.00,39.00,primary,Khánh Hội,2,2021-04-05,period_11_00,train_los+latest_segment_status
34902,1780010887,1777960232,11.000,3.960,gridlock,F,8.00,50.00,10.00,primary,Khánh Hội,2,2021-04-05,period_11_00,train_los+latest_segment_status
34903,1777960232,3171491272,41.000,2.952,free_flow,A,1.00,50.00,50.00,primary,Khánh Hội,2,,,road_type_defaults
34904,3171491272,746617476,40.000,2.880,free_flow,A,1.00,50.00,50.00,primary,Khánh Hội,2,,,road_type_defaults
34905,746617476,5778272141,112.000,8.064,free_flow,A,1.00,50.00,50.00,primary,Khánh Hội,2,,,road_type_defaults
34906,5778272141,366414596,3.000,0.216,free_flow,A,1.00,50.00,50.00,primary,Khánh Hội,2,,,road_type_defaults
34907,366414596,2365200725,206.000,14.832,free_flow,A,1.00,50.00,50.00,primary,Khánh Hội,2,,,road_type_defaults
34908,2365200725,366408252,13.000,0.936,free_flow,A,1.00,50.00,50.00,primary,Khánh Hội,2,,,road_type_defaults
36246,2468452113,2044487252,39.000,5.616,moderate,C,1.75,50.00,25.00,primary,Dương Bá Trạc,2,2020-12-03,period_4_30,train_los+latest_segment_status
36247,2044487252,2044486934,31.000,8.585,gridlock,F,8.00,50.00,13.00,primary,Dương Bá Trạc,2,2021-03-15,period_10_30,train_los+latest_segment_status
36248,2044486934,3175002780,60.000,54.000,gridlock,F,8.00,50.00,4.00,primary,Dương Bá Trạc,2,2021-03-15,period_10_30,train_los+latest_segment_status
36249,3175002780,366385182,26.000,31.200,gridlock,F,8.00,50.00,3.00,primary,Dương Bá Trạc,2,2021-03-15,period_10_30,train_los+latest_segment_status
36250,366385182,4594580079,18.000,1.296,free_flow,A,1.00,50.00,50.00,primary,Dương Bá Trạc,2,,,road_type_defaults
36251,4594580079,366476538,91.000,6.552,free_flow,A,1.00,50.00,50.00,primary,Dương Bá Trạc,2,,,road_type_defaults
36295,2289920280,1767760237,22.993,5.912,gridlock,F,8.00,50.00,14.00,primary,Cầu Nguyễn Văn Cừ,2,2021-03-15,period_10_30,train_los+latest_segment_status
84641,1767760237,2289920294,30.007,7.716,gridlock,F,8.00,50.00,14.00,primary,Cầu Nguyễn Văn Cừ,2,2021-03-15,period_10_30,train_los+latest_segment_status
36253,2289920294,2289920293,21.000,1.512,free_flow,A,1.00,50.00,50.00,primary,Cầu Nguyễn Văn Cừ,2,,,road_type_defaults
36254,2289920293,2289920283,36.000,2.592,free_flow,A,1.00,50.00,50.00,primary,Cầu Nguyễn Văn Cừ,2,,,road_type_defaults
36296,2289920283,1998235326,30.307,2.182,free_flow,A,1.00,50.00,50.00,primary,Cầu Nguyễn Văn Cừ,2,,,road_type_defaults
84642,1998235326,2289920281,31.693,2.282,free_flow,A,1.00,50.00,50.00,primary,Cầu Nguyễn Văn Cừ,2,,,road_type_defaults
36256,2289920281,2289920286,28.000,2.016,free_flow,A,1.00,50.00,50.00,primary,Cầu Nguyễn Văn Cừ,2,,,road_type_defaults
36257,2289920286,4594811181,11.000,0.792,free_flow,A,1.00,50.00,50.00,primary,Cầu Nguyễn Văn Cừ,2,,,road_type_defaults
36297,4594811181,4419663830,10.312,0.742,free_flow,A,1.00,50.00,50.00,primary,Cầu Nguyễn Văn Cừ,2,,,road_type_defaults
84643,4419663830,1996745861,0.561,0.040,free_flow,A,1.00,50.00,50.00,primary,Cầu Nguyễn Văn Cừ,2,,,road_type_defaults
84644,1996745861,5814168791,3.071,0.221,free_flow,A,1.00,50.00,50.00,primary,Cầu Nguyễn Văn Cừ,2,,,road_type_defaults
84645,5814168791,706286176,6.057,0.436,free_flow,A,1.00,50.00,50.00,primary,Cầu Nguyễn Văn Cừ,2,,,road_type_defaults
36298,706286176,2358137420,8.527,0.614,free_flow,A,1.00,50.00,50.00,primary,Cầu Nguyễn Văn Cừ,2,,,road_type_defaults
84646,2358137420,5462422205,63.473,4.570,free_flow,A,1.00,50.00,50.00,primary,Cầu Nguyễn Văn Cừ,2,,,road_type_defaults
36260,5462422205,4594811182,53.000,3.816,free_flow,A,1.00,50.00,50.00,primary,Cầu Nguyễn Văn Cừ,2,,,road_type_defaults
36261,4594811182,2289920282,31.000,2.232,free_flow,A,1.00,50.00,50.00,primary,Cầu Nguyễn Văn Cừ,2,,,road_type_defaults
36262,2289920282,2370360786,21.000,1.512,free_flow,A,1.00,50.00,50.00,primary,Cầu Nguyễn Văn Cừ,2,,,road_type_defaults
36299,2370360786,4594841779,152.166,10.956,free_flow,A,1.00,50.00,50.00,primary,Cầu Nguyễn Văn Cừ,2,,,road_type_defaults
84647,4594841779,366452547,209.834,15.108,free_flow,A,1.00,50.00,50.00,primary,Cầu Nguyễn Văn Cừ,2,,,road_type_defaults
36264,1767760220,2289921217,52.000,3.744,free_flow,A,1.00,50.00,50.00,primary,Nguyễn Văn Cừ,2,,,road_type_defaults
36265,2289921217,5806004711,62.000,4.464,free_flow,A,1.00,50.00,50.00,primary,Nguyễn Văn Cừ,2,,,road_type_defaults
36266,5806004711,4609836317,3.000,0.098,heavy,D,2.50,50.00,110.00,primary,Nguyễn Văn Cừ,2,2021-04-05,period_13_00,train_los+latest_segment_status
36267,4609836317,4609829831,10.000,0.720,free_flow,A,1.00,50.00,50.00,primary,Nguyễn Văn Cừ,2,,,road_type_defaults
36268,4609829831,5806004712,5.000,0.360,free_flow,A,1.00,50.00,50.00,primary,Nguyễn Văn Cừ,2,,,road_type_defaults
36269,5806004712,2289923630,8.000,0.576,free_flow,A,1.00,50.00,50.00,primary,Nguyễn Văn Cừ,2,,,road_type_defaults
36270,2364089048,3628475247,58.000,4.176,free_flow,A,1.00,50.00,50.00,primary,Nguyễn Văn Cừ,2,,,road_type_defaults
36271,3628475247,5806004387,6.000,0.432,free_flow,A,1.00,50.00,50.00,primary,Nguyễn Văn Cừ,2,,,road_type_defaults
36272,5806004387,2289920290,13.000,0.936,free_flow,A,1.00,50.00,50.00,primary,Nguyễn Văn Cừ,2,,,road_type_defaults
36273,2289920290,3628475246,17.000,1.749,free_flow,A,1.00,50.00,35.00,primary,Nguyễn Văn Cừ,2,2020-12-25,period_8_00,train_los+latest_segment_status
36274,3628475246,5814336826,4.000,0.288,free_flow,A,1.00,50.00,50.00,primary,Nguyễn Văn Cừ,2,,,road_type_defaults
36275,5814336826,2289920280,17.000,1.224,free_flow,A,1.00,50.00,50.00,primary,Nguyễn Văn Cừ,2,,,road_type_defaults
36276,2364075311,3462850856,34.000,2.267,free_flow,A,1.00,40.00,54.00,secondary,Trần Hưng Ðạo,3,2021-03-15,period_10_30,train_los+latest_segment_status
36277,3462850856,3160548761,107.000,9.630,free_flow,A,1.00,40.00,40.00,secondary,Trần Hưng Ðạo,3,,,road_type_defaults
36278,3160548761,2364075318,24.000,2.160,free_flow,A,1.00,40.00,40.00,secondary,Trần Hưng Ðạo,3,,,road_type_defaults
36279,2364075318,5816800365,11.000,0.990,free_flow,A,1.00,40.00,40.00,secondary,Trần Hưng Ðạo,3,,,road_type_defaults
36280,5816800365,5816803102,42.000,3.780,free_flow,A,1.00,40.00,40.00,secondary,Trần Hưng Ðạo,3,,,road_type_defaults
36281,5816803102,4631178579,46.000,4.140,free_flow,A,1.00,40.00,40.00,secondary,Trần Hưng Ðạo,3,,,road_type_defaults
36282,2289923630,2289923638,161.000,11.592,free_flow,A,1.00,50.00,50.00,primary,Nguyễn Văn Cừ,2,,,road_type_defaults
36283,2289923638,4611399534,7.000,1.260,heavy,D,2.50,50.00,20.00,primary,Nguyễn Văn Cừ,2,2021-04-05,period_13_00,train_los+latest_segment_status
36284,4611399534,2289923628,49.000,3.528,free_flow,A,1.00,50.00,50.00,primary,Nguyễn Văn Cừ,2,,,road_type_defaults
36285,2289923628,2289923632,12.000,7.200,gridlock,F,8.00,50.00,6.00,primary,Nguyễn Văn Cừ,2,2021-03-15,period_10_30,train_los+latest_segment_status
36286,2289923632,4611406619,15.000,1.080,free_flow,A,1.00,50.00,50.00,primary,Nguyễn Văn Cừ,2,,,road_type_defaults
36287,4611406619,2289923637,4.000,0.600,heavy,D,2.50,50.00,24.00,primary,Nguyễn Văn Cừ,2,2020-11-27,period_14_00,train_los+latest_segment_status
36288,2289923637,4611394688,13.000,0.936,free_flow,A,1.00,50.00,50.00,primary,Nguyễn Văn Cừ,2,,,road_type_defaults
36289,4611394688,411924148,14.000,0.988,free_flow,A,1.00,50.00,51.00,primary,Nguyễn Văn Cừ,2,2020-12-25,period_8_00,train_los+latest_segment_status
36290,411924148,2289923635,7.000,8.400,gridlock,F,8.00,50.00,3.00,primary,Nguyễn Văn Cừ,2,2020-12-25,period_8_00,train_los+latest_segment_status
36291,2289923635,4611409246,13.000,1.462,light,B,1.25,50.00,32.00,primary,Nguyễn Văn Cừ,2,2021-03-15,period_10_30,train_los+latest_segment_status
36292,4611409246,411918236,43.000,22.114,gridlock,F,8.00,50.00,7.00,primary,Nguyễn Văn Cừ,2,2021-03-15,period_10_30,train_los+latest_segment_status
36293,411918236,2289923631,181.000,7.405,severe,E,4.00,50.00,88.00,primary,Nguyễn Văn Cừ,2,2021-04-05,period_13_00,train_los+latest_segment_status
36294,2289923631,2289923629,21.000,18.900,gridlock,F,8.00,50.00,4.00,primary,Nguyễn Văn Cừ,2,2021-03-15,period_10_30,train_los+latest_segment_status
36345,2027772573,2295381730,36.000,4.320,free_flow,A,1.00,30.00,30.00,unclassified,Đường 10A,4,,,road_type_defaults
36346,2295381730,2027772573,36.000,4.320,free_flow,A,1.00,30.00,30.00,unclassified,Đường 10A,4,,,road_type_defaults
36347,2295381730,2026784744,27.000,3.240,free_flow,A,1.00,30.00,30.00,unclassified,Đường 10A,4,,,road_type_defaults
36348,2026784744,2295381730,27.000,3.240,free_flow,A,1.00,30.00,30.00,unclassified,Đường 10A,4,,,road_type_defaults
36349,2026784744,366378475,46.000,5.520,free_flow,A,1.00,30.00,30.00,unclassified,Đường 10A,4,,,road_type_defaults
36350,366378475,2026784744,46.000,5.520,free_flow,A,1.00,30.00,30.00,unclassified,Đường 10A,4,,,road_type_defaults
36351,366378475,366446972,27.000,3.240,free_flow,A,1.00,30.00,30.00,unclassified,Đường 10A,4,,,road_type_defaults
36352,366446972,366378475,27.000,3.240,free_flow,A,1.00,30.00,30.00,unclassified,Đường 10A,4,,,road_type_defaults
36353,366446972,2026784333,9.000,1.080,free_flow,A,1.00,30.00,30.00,unclassified,Đường 10A,4,,,road_type_defaults
36354,2026784333,366446972,9.000,1.080,free_flow,A,1.00,30.00,30.00,unclassified,Đường 10A,4,,,road_type_defaults
36355,2026784333,1780010891,27.000,3.240,free_flow,A,1.00,30.00,30.00,unclassified,Đường 10A,4,,,road_type_defaults
36356,1780010891,2026784333,27.000,3.240,free_flow,A,1.00,30.00,30.00,unclassified,Đường 10A,4,,,road_type_defaults
36357,1780010891,2027773127,8.000,0.960,free_flow,A,1.00,30.00,30.00,unclassified,Đường 10A,4,,,road_type_defaults
36358,2027773127,1780010891,8.000,0.960,free_flow,A,1.00,30.00,30.00,unclassified,Đường 10A,4,,,road_type_defaults
36359,738217351,5778222778,4.000,0.480,free_flow,A,1.00,30.00,30.00,unclassified,Đường số 48,4,,,road_type_defaults
36360,5778222778,738217351,4.000,0.480,free_flow,A,1.00,30.00,30.00,unclassified,Đường số 48,4,,,road_type_defaults
36361,5778222778,5778222783,37.000,4.440,free_flow,A,1.00,30.00,30.00,unclassified,Đường số 48,4,,,road_type_defaults
36362,5778222783,5778222778,37.000,4.440,free_flow,A,1.00,30.00,30.00,unclassified,Đường số 48,4,,,road_type_defaults
36363,5778222783,2365206751,71.000,8.520,free_flow,A,1.00,30.00,30.00,unclassified,Đường số 48,4,,,road_type_defaults
36364,2365206751,5778222783,71.000,8.520,free_flow,A,1.00,30.00,30.00,unclassified,Đường số 48,4,,,road_type_defaults
36365,2365206751,5778222781,45.000,6.480,moderate,C,1.75,30.00,25.00,unclassified,Đường số 48,4,2021-04-05,period_11_00,train_los+latest_segment_status
36366,5778222781,2365206751,45.000,5.400,free_flow,A,1.00,30.00,30.00,unclassified,Đường số 48,4,,,road_type_defaults
36367,5778222781,5778222761,67.000,8.614,moderate,C,1.75,30.00,28.00,unclassified,Đường số 48,4,2021-04-05,period_11_00,train_los+latest_segment_status
36368,5778222761,5778222781,67.000,8.040,free_flow,A,1.00,30.00,30.00,unclassified,Đường số 48,4,,,road_type_defaults
36746,4612970101,4609310620,93.000,15.943,heavy,D,2.50,50.00,21.00,primary,Cách Mạng Tháng Tám,2,2020-08-03,period_0_00,train_los+latest_segment_status
36747,4609310620,4603207418,111.000,7.992,free_flow,A,1.00,50.00,50.00,primary,Cách Mạng Tháng Tám,2,,,road_type_defaults
36748,4603207418,4609313866,142.000,46.473,gridlock,F,8.00,50.00,11.00,primary,Cách Mạng Tháng Tám,2,2021-01-05,period_12_00,train_los+latest_segment_status
36749,4609313866,3164237713,17.000,1.224,free_flow,A,1.00,50.00,50.00,primary,Cách Mạng Tháng Tám,2,,,road_type_defaults
36750,3164237713,411918181,81.000,5.832,free_flow,A,1.00,50.00,50.00,primary,Cách Mạng Tháng Tám,2,,,road_type_defaults
36751,411925307,3164237712,19.000,1.368,free_flow,A,1.00,50.00,50.00,primary,Cách Mạng Tháng Tám,2,,,road_type_defaults
36752,3164237712,5238614065,124.000,23.495,severe,E,4.00,50.00,19.00,primary,Cách Mạng Tháng Tám,2,2020-12-24,period_15_00,train_los+latest_segment_status
36753,5238614065,5763168798,110.000,30.462,gridlock,F,8.00,50.00,13.00,primary,Cách Mạng Tháng Tám,2,2020-12-24,period_15_00,train_los+latest_segment_status
36754,5763168798,5763168804,47.000,16.920,gridlock,F,8.00,50.00,10.00,primary,Cách Mạng Tháng Tám,2,2021-04-05,period_11_00,train_los+latest_segment_status
36755,5763168804,411918706,45.000,7.043,heavy,D,2.50,50.00,23.00,primary,Cách Mạng Tháng Tám,2,2021-01-05,period_12_00,train_los+latest_segment_status
36829,2300361544,2300361543,55.000,7.920,free_flow,A,1.00,25.00,25.00,tertiary_link,Bà Huyện Thanh Quan,4,,,road_type_defaults
36830,4629021467,4628956511,24.000,2.160,free_flow,A,1.00,40.00,40.00,secondary,An Dương Vương,3,,,road_type_defaults
36831,4628956511,4629021467,24.000,2.160,free_flow,A,1.00,40.00,40.00,secondary,An Dương Vương,3,,,road_type_defaults
36832,4628956511,366371650,162.000,14.580,free_flow,A,1.00,40.00,40.00,secondary,An Dương Vương,3,,,road_type_defaults
36833,366371650,4628956511,162.000,14.580,free_flow,A,1.00,40.00,40.00,secondary,An Dương Vương,3,,,road_type_defaults
36834,366371650,5805637463,81.000,13.255,heavy,D,2.50,40.00,22.00,secondary,An Dương Vương,3,2021-01-02,period_10_30,train_los+latest_segment_status
36835,5805637463,366371650,81.000,7.290,free_flow,A,1.00,40.00,40.00,secondary,An Dương Vương,3,,,road_type_defaults
36836,5805637463,3151254797,13.000,2.463,severe,E,4.00,40.00,19.00,secondary,An Dương Vương,3,2021-01-02,period_10_30,train_los+latest_segment_status
36837,3151254797,5805637463,13.000,1.170,free_flow,A,1.00,40.00,40.00,secondary,An Dương Vương,3,,,road_type_defaults
36838,3151254797,366466647,128.000,11.520,free_flow,A,1.00,40.00,40.00,secondary,An Dương Vương,3,,,road_type_defaults
36839,366466647,3151254797,128.000,11.520,free_flow,A,1.00,40.00,40.00,secondary,An Dương Vương,3,,,road_type_defaults
36840,366466647,5598914621,58.000,6.960,light,B,1.25,40.00,30.00,secondary,An Dương Vương,3,2021-01-03,period_2_00,train_los+latest_segment_status
36841,5598914621,366466647,58.000,5.220,free_flow,A,1.00,40.00,40.00,secondary,An Dương Vương,3,,,road_type_defaults
36842,5598914621,5794913265,3.000,0.327,light,B,1.25,40.00,33.00,secondary,An Dương Vương,3,2021-01-03,period_2_00,train_los+latest_segment_status
36843,5794913265,5598914621,3.000,0.270,free_flow,A,1.00,40.00,40.00,secondary,An Dương Vương,3,,,road_type_defaults
36844,5794913265,5794913275,50.000,4.500,free_flow,A,1.00,40.00,40.00,secondary,An Dương Vương,3,,,road_type_defaults
36845,5794913275,5794913265,50.000,4.500,free_flow,A,1.00,40.00,40.00,secondary,An Dương Vương,3,,,road_type_defaults
36846,5794913275,5805820852,10.000,1.636,heavy,D,2.50,40.00,22.00,secondary,An Dương Vương,3,2020-12-25,period_9_00,train_los+latest_segment_status
36847,5805820852,5794913275,10.000,0.900,free_flow,A,1.00,40.00,40.00,secondary,An Dương Vương,3,,,road_type_defaults
36848,5805820852,3116315714,2.000,0.180,free_flow,A,1.00,40.00,40.00,secondary,An Dương Vương,3,,,road_type_defaults
36849,3116315714,5805820852,2.000,0.180,free_flow,A,1.00,40.00,40.00,secondary,An Dương Vương,3,,,road_type_defaults
36850,3116315714,5794913283,66.000,5.940,free_flow,A,1.00,40.00,40.00,secondary,An Dương Vương,3,,,road_type_defaults
36851,5794913283,3116315714,66.000,5.940,free_flow,A,1.00,40.00,40.00,secondary,An Dương Vương,3,,,road_type_defaults
36852,5794913283,5794913321,48.000,13.292,gridlock,F,8.00,40.00,13.00,secondary,An Dương Vương,3,2020-12-25,period_9_00,train_los+latest_segment_status
36853,5794913321,5794913283,48.000,4.320,free_flow,A,1.00,40.00,40.00,secondary,An Dương Vương,3,,,road_type_defaults
36854,5794913321,1793489523,53.000,4.770,free_flow,A,1.00,40.00,40.00,secondary,An Dương Vương,3,,,road_type_defaults
36855,1793489523,5794913321,53.000,4.770,free_flow,A,1.00,40.00,40.00,secondary,An Dương Vương,3,,,road_type_defaults
36856,1793489523,5794940759,151.000,17.535,severe,E,4.00,40.00,31.00,secondary,An Dương Vương,3,2021-01-03,period_2_00,train_los+latest_segment_status
36857,5794940759,1793489523,151.000,13.590,free_flow,A,1.00,40.00,40.00,secondary,An Dương Vương,3,,,road_type_defaults
36858,5794940759,1541029245,47.000,5.834,moderate,C,1.75,40.00,29.00,secondary,An Dương Vương,3,2021-01-03,period_2_00,train_los+latest_segment_status
36859,1541029245,5794940759,47.000,4.230,free_flow,A,1.00,40.00,40.00,secondary,An Dương Vương,3,,,road_type_defaults
36860,1541029245,5598913731,90.000,14.087,heavy,D,2.50,40.00,23.00,secondary,An Dương Vương,3,2021-01-03,period_2_00,train_los+latest_segment_status
36861,5598913731,1541029245,90.000,8.100,free_flow,A,1.00,40.00,40.00,secondary,An Dương Vương,3,,,road_type_defaults
36862,5598913731,1765166512,23.000,5.175,severe,E,4.00,40.00,16.00,secondary,An Dương Vương,3,2021-01-03,period_2_00,train_los+latest_segment_status
36863,1765166512,5598913731,23.000,2.070,free_flow,A,1.00,40.00,40.00,secondary,An Dương Vương,3,,,road_type_defaults
36864,1765166512,5795001640,53.000,4.770,free_flow,A,1.00,40.00,40.00,secondary,An Dương Vương,3,,,road_type_defaults
36865,5795001640,1765166512,53.000,4.770,free_flow,A,1.00,40.00,40.00,secondary,An Dương Vương,3,,,road_type_defaults
36866,5795001640,366462922,6.000,1.029,heavy,D,2.50,40.00,21.00,secondary,An Dương Vương,3,2020-11-16,period_13_30,train_los+latest_segment_status
36867,366462922,5795001640,6.000,0.540,free_flow,A,1.00,40.00,40.00,secondary,An Dương Vương,3,,,road_type_defaults
36868,2300363358,4616143780,3.000,0.216,free_flow,A,1.00,50.00,50.00,primary,Phường 8,2,,,road_type_defaults
36869,4616143780,2300363358,3.000,0.284,light,B,1.25,50.00,38.00,primary,Phường 8,2,2020-08-03,period_0_00,train_los+latest_segment_status
36870,4616143780,4621858720,3.000,1.800,severe,E,4.00,50.00,6.00,primary,Phường 8,2,2020-08-03,period_0_00,train_los+latest_segment_status
36871,4621858720,4616143780,3.000,0.491,heavy,D,2.50,50.00,22.00,primary,Phường 8,2,2020-08-03,period_0_00,train_los+latest_segment_status
36872,4621858720,4621858721,3.000,1.350,severe,E,4.00,50.00,8.00,primary,Phường 8,2,2020-08-03,period_0_00,train_los+latest_segment_status
36873,4621858721,4621858720,3.000,0.568,moderate,C,1.75,50.00,19.00,primary,Phường 8,2,2020-08-03,period_0_00,train_los+latest_segment_status
36874,4621858721,4621858722,3.000,0.491,heavy,D,2.50,50.00,22.00,primary,Phường 8,2,2020-08-03,period_0_00,train_los+latest_segment_status
36875,4621858722,4621858721,3.000,0.327,heavy,D,2.50,50.00,33.00,primary,Phường 8,2,2020-08-03,period_0_00,train_los+latest_segment_status
36876,4621858722,4629021465,3.000,0.292,moderate,C,1.75,50.00,37.00,primary,Phường 8,2,2020-08-03,period_0_00,train_los+latest_segment_status
36877,4629021465,4621858722,3.000,0.514,heavy,D,2.50,50.00,21.00,primary,Phường 8,2,2020-08-03,period_0_00,train_los+latest_segment_status
36878,4629021465,2300363363,3.000,1.543,severe,E,4.00,50.00,7.00,primary,Phường 8,2,2020-08-03,period_0_00,train_los+latest_segment_status
36879,2300363363,4629021465,3.000,2.700,heavy,D,2.50,50.00,4.00,primary,Phường 8,2,2020-08-03,period_0_00,train_los+latest_segment_status
36880,2300363363,4616143783,3.000,1.080,heavy,D,2.50,50.00,10.00,primary,Phường 8,2,2020-08-03,period_0_00,train_los+latest_segment_status
36881,4616143783,2300363363,3.000,0.831,severe,E,4.00,50.00,13.00,primary,Phường 8,2,2020-08-03,period_0_00,train_los+latest_segment_status
36882,4616143783,4629025806,3.000,0.277,heavy,D,2.50,50.00,39.00,primary,Phường 8,2,2020-08-03,period_0_00,train_los+latest_segment_status
36883,4629025806,4616143783,3.000,0.771,severe,E,4.00,50.00,14.00,primary,Phường 8,2,2020-08-03,period_0_00,train_los+latest_segment_status
36884,4629025806,4616143784,2.000,0.288,heavy,D,2.50,50.00,25.00,primary,Phường 8,2,2020-08-03,period_0_00,train_los+latest_segment_status
36885,4616143784,4629025806,2.000,0.300,heavy,D,2.50,50.00,24.00,primary,Phường 8,2,2020-08-03,period_0_00,train_los+latest_segment_status
36886,4616143784,2300363368,2.000,2.400,severe,E,4.00,50.00,3.00,primary,Phường 8,2,2020-08-03,period_0_00,train_los+latest_segment_status
36887,2300363368,4616143784,2.000,0.300,severe,E,4.00,50.00,24.00,primary,Phường 8,2,2020-08-03,period_0_00,train_los+latest_segment_status
36888,2300363368,4616143776,3.000,2.160,severe,E,4.00,50.00,5.00,primary,Phường 8,2,2020-08-03,period_0_00,train_los+latest_segment_status
36889,4616143776,2300363368,3.000,0.415,moderate,C,1.75,50.00,26.00,primary,Phường 8,2,2020-08-03,period_0_00,train_los+latest_segment_status
36890,4616143776,4621858716,3.000,0.348,moderate,C,1.75,50.00,31.00,primary,Đường Trần Phú,2,2020-08-03,period_0_00,train_los+latest_segment_status
36891,4621858716,4616143776,3.000,0.635,severe,E,4.00,50.00,17.00,primary,Phường 8,2,2020-08-03,period_0_00,train_los+latest_segment_status
36892,4621858716,2300363370,3.000,0.432,heavy,D,2.50,50.00,25.00,primary,Đường Trần Phú,2,2020-08-03,period_0_00,train_los+latest_segment_status
36893,2300363370,4621858716,3.000,0.216,free_flow,A,1.00,50.00,50.00,primary,Phường 8,2,,,road_type_defaults
36894,2300363370,2300363373,3.000,0.216,free_flow,A,1.00,50.00,50.00,primary,Đường Trần Phú,2,,,road_type_defaults
36895,2300363373,2300363370,3.000,0.216,free_flow,A,1.00,50.00,50.00,primary,Đường Trần Phú,2,,,road_type_defaults
36896,2300363373,4629021462,3.000,0.216,free_flow,A,1.00,50.00,50.00,primary,Đường Trần Phú,2,,,road_type_defaults
36897,4629021462,2300363373,3.000,0.216,free_flow,A,1.00,50.00,50.00,primary,Đường Trần Phú,2,,,road_type_defaults
36898,4629021462,4629021464,3.000,0.216,free_flow,A,1.00,50.00,50.00,primary,Phường 8,2,,,road_type_defaults
36899,4629021464,4629021462,3.000,0.216,free_flow,A,1.00,50.00,50.00,primary,Đường Trần Phú,2,,,road_type_defaults
36900,4629021464,4628844527,2.000,0.144,free_flow,A,1.00,50.00,50.00,primary,Phường 8,2,,,road_type_defaults
36901,4628844527,4629021464,2.000,0.144,free_flow,A,1.00,50.00,50.00,primary,Phường 8,2,,,road_type_defaults
36902,4628844527,4621858719,2.000,0.144,free_flow,A,1.00,50.00,50.00,primary,Phường 8,2,,,road_type_defaults
36903,4621858719,4628844527,2.000,0.144,free_flow,A,1.00,50.00,50.00,primary,Phường 8,2,,,road_type_defaults
36904,4621858719,4629021463,2.000,0.144,free_flow,A,1.00,50.00,50.00,primary,Phường 8,2,,,road_type_defaults
36905,4629021463,4621858719,2.000,0.144,free_flow,A,1.00,50.00,50.00,primary,Phường 8,2,,,road_type_defaults
36906,4629021463,4629021467,2.000,1.029,gridlock,F,8.00,50.00,7.00,primary,Đường An Dương Vương,2,2021-01-02,period_10_30,train_los+latest_segment_status
36907,4629021467,4629021463,2.000,0.144,free_flow,A,1.00,50.00,50.00,primary,Phường 8,2,,,road_type_defaults
36908,4629021467,4616143772,2.000,0.144,free_flow,A,1.00,50.00,50.00,primary,Phường 8,2,,,road_type_defaults
36909,4616143772,4629021467,2.000,0.144,free_flow,A,1.00,50.00,50.00,primary,Phường 8,2,,,road_type_defaults
36910,4616143772,4628844526,2.000,0.144,free_flow,A,1.00,50.00,50.00,primary,Phường 8,2,,,road_type_defaults
36911,4628844526,4616143772,2.000,0.144,free_flow,A,1.00,50.00,50.00,primary,Phường 8,2,,,road_type_defaults
36912,4628844526,2300363371,2.000,0.144,free_flow,A,1.00,50.00,50.00,primary,Phường 8,2,,,road_type_defaults
36913,2300363371,4628844526,2.000,0.144,free_flow,A,1.00,50.00,50.00,primary,Phường 8,2,,,road_type_defaults
36914,2300363371,2300363358,2.000,0.144,free_flow,A,1.00,50.00,50.00,primary,Phường 8,2,,,road_type_defaults
36915,2300363358,2300363371,2.000,0.144,free_flow,A,1.00,50.00,50.00,primary,Phường 8,2,,,road_type_defaults
37281,411926551,411923123,86.000,6.192,free_flow,A,1.00,50.00,50.00,primary,Cách Mạng Tháng Tám,2,,,road_type_defaults
37282,411923123,411926563,84.000,11.631,severe,E,4.00,50.00,26.00,primary,Cách Mạng Tháng Tám,2,2021-01-05,period_12_00,train_los+latest_segment_status
37283,411926563,411926493,55.000,6.600,light,B,1.25,50.00,30.00,primary,Cách Mạng Tháng Tám,2,2021-04-05,period_11_00,train_los+latest_segment_status
37284,411926493,411926011,69.000,24.840,gridlock,F,8.00,50.00,10.00,primary,Cách Mạng Tháng Tám,2,2021-04-16,period_1_30,train_los+latest_segment_status
37425,2327219050,2327219045,13.000,0.936,free_flow,A,1.00,50.00,50.00,trunk_link,Võ Văn Kiệt,3,,,road_type_defaults
37426,2327219045,2327219050,13.000,0.936,free_flow,A,1.00,50.00,50.00,trunk_link,Võ Văn Kiệt,3,,,road_type_defaults
37994,411925883,411923758,10.000,0.720,free_flow,A,1.00,50.00,50.00,primary,Cách Mạng Tháng Tám,2,,,road_type_defaults
37995,411923758,411925883,10.000,0.720,free_flow,A,1.00,50.00,50.00,primary,Cách Mạng Tháng Tám,2,,,road_type_defaults
37996,411923758,411920114,10.000,0.720,free_flow,A,1.00,50.00,50.00,primary,Cách Mạng Tháng Tám,2,,,road_type_defaults
37997,411920114,411923758,10.000,4.500,gridlock,F,8.00,50.00,8.00,primary,Cách Mạng Tháng Tám,2,2020-12-09,period_10_30,train_los+latest_segment_status
37998,411920114,3160535890,30.000,108.000,gridlock,F,8.00,50.00,1.00,primary,Cách Mạng Tháng Tám,2,2020-12-09,period_10_30,train_los+latest_segment_status
37999,3160535890,411920114,30.000,7.200,severe,E,4.00,50.00,15.00,primary,Cách Mạng Tháng Tám,2,2021-04-05,period_11_00,train_los+latest_segment_status
38000,3160535890,411925476,10.000,36.000,gridlock,F,8.00,50.00,1.00,primary,Cách Mạng Tháng Tám,2,2020-12-09,period_10_30,train_los+latest_segment_status
38001,411925476,3160535890,10.000,4.500,gridlock,F,8.00,50.00,8.00,primary,Cách Mạng Tháng Tám,2,2021-01-05,period_11_30,train_los+latest_segment_status
38002,411925476,411917905,62.000,4.464,free_flow,A,1.00,50.00,50.00,primary,Cách Mạng Tháng Tám,2,,,road_type_defaults
38003,411917905,411925476,62.000,27.900,gridlock,F,8.00,50.00,8.00,primary,Cách Mạng Tháng Tám,2,2021-01-06,period_0_30,train_los+latest_segment_status
38004,411917905,5059499528,13.000,6.686,gridlock,F,8.00,50.00,7.00,primary,Cách Mạng Tháng Tám,2,2021-04-05,period_11_00,train_los+latest_segment_status
38005,5059499528,411917905,13.000,0.936,free_flow,A,1.00,50.00,50.00,primary,Cách Mạng Tháng Tám,2,,,road_type_defaults
38006,5059499528,5778164526,23.000,1.656,free_flow,A,1.00,50.00,50.00,primary,Cách Mạng Tháng Tám,2,,,road_type_defaults
38007,5778164526,5059499528,23.000,3.764,heavy,D,2.50,50.00,22.00,primary,Cách Mạng Tháng Tám,2,2021-01-06,period_0_30,train_los+latest_segment_status
38008,5778164526,4877811748,23.000,1.656,free_flow,A,1.00,50.00,50.00,primary,Cách Mạng Tháng Tám,2,,,road_type_defaults
38009,4877811748,5778164526,23.000,2.957,severe,E,4.00,50.00,28.00,primary,Cách Mạng Tháng Tám,2,2021-04-05,period_11_00,train_los+latest_segment_status
38010,4877811748,5778164496,2.000,0.144,free_flow,A,1.00,50.00,50.00,primary,Cách Mạng Tháng Tám,2,,,road_type_defaults
38011,5778164496,4877811748,2.000,0.144,free_flow,A,1.00,50.00,50.00,primary,Cách Mạng Tháng Tám,2,,,road_type_defaults
38012,5778164496,5778164527,3.000,0.216,free_flow,A,1.00,50.00,50.00,primary,Cách Mạng Tháng Tám,2,,,road_type_defaults
38013,5778164527,5778164496,3.000,1.080,gridlock,F,8.00,50.00,10.00,primary,Cách Mạng Tháng Tám,2,2021-01-06,period_0_30,train_los+latest_segment_status
38014,5778164527,5063700697,89.000,6.408,free_flow,A,1.00,50.00,50.00,primary,Cách Mạng Tháng Tám,2,,,road_type_defaults
38015,5063700697,5778164527,89.000,160.200,gridlock,F,8.00,50.00,2.00,primary,Cách Mạng Tháng Tám,2,2021-01-06,period_0_30,train_los+latest_segment_status
38016,5063700697,411924698,19.000,1.368,free_flow,A,1.00,50.00,50.00,primary,Cách Mạng Tháng Tám,2,,,road_type_defaults
38017,411924698,5063700697,19.000,1.900,free_flow,A,1.00,50.00,36.00,primary,Cách Mạng Tháng Tám,2,2021-01-05,period_10_00,train_los+latest_segment_status
38018,411924698,4879876935,27.000,1.944,free_flow,A,1.00,50.00,50.00,primary,Cách Mạng Tháng Tám,2,,,road_type_defaults
38019,4879876935,411924698,27.000,1.944,free_flow,A,1.00,50.00,50.00,primary,Cách Mạng Tháng Tám,2,,,road_type_defaults
38826,2358137370,706286189,33.000,2.376,free_flow,A,1.00,50.00,50.00,trunk_link,Võ Văn Kiệt,3,,,road_type_defaults
38827,2358137401,1996745414,10.000,0.720,free_flow,A,1.00,50.00,50.00,trunk_link,Võ Văn Kiệt,3,,,road_type_defaults
38828,1996745414,2358137401,10.000,0.720,free_flow,A,1.00,50.00,50.00,trunk_link,Võ Văn Kiệt,3,,,road_type_defaults
38874,1773240191,2358235322,19.000,2.280,free_flow,A,1.00,30.00,30.00,tertiary,Bến Vân Đồn,4,,,road_type_defaults
38875,2358235322,2358232093,30.000,3.600,free_flow,A,1.00,30.00,30.00,tertiary,Bến Vân Đồn,4,,,road_type_defaults
38876,2358232093,4594693803,18.000,2.160,free_flow,A,1.00,30.00,30.00,tertiary,Bến Vân Đồn,4,,,road_type_defaults
38877,4594693803,4594693802,19.000,2.280,free_flow,A,1.00,30.00,30.00,tertiary,Bến Vân Đồn,4,,,road_type_defaults
38878,4594693802,4594693804,13.000,1.560,light,B,1.25,30.00,30.00,tertiary,Bến Vân Đồn,4,2021-04-05,period_11_00,train_los+latest_segment_status
38879,4594693804,4594693805,8.000,0.960,free_flow,A,1.00,30.00,30.00,tertiary,Bến Vân Đồn,4,,,road_type_defaults
38880,4594693805,2362584861,7.000,0.840,free_flow,A,1.00,30.00,30.00,tertiary,Bến Vân Đồn,4,,,road_type_defaults
38881,2362584861,2358232095,18.000,2.160,free_flow,A,1.00,30.00,30.00,tertiary,Bến Vân Đồn,4,,,road_type_defaults
38882,2358232095,4594693806,23.000,2.760,free_flow,A,1.00,30.00,30.00,tertiary,Bến Vân Đồn,4,,,road_type_defaults
38883,4594693806,2358235321,31.000,4.292,moderate,C,1.75,30.00,26.00,tertiary,Bến Vân Đồn,4,2021-04-05,period_11_00,train_los+latest_segment_status
38884,2358235321,4594693813,9.000,1.080,free_flow,A,1.00,30.00,30.00,tertiary,Bến Vân Đồn,4,,,road_type_defaults
38885,4594693813,4594693812,10.000,1.200,free_flow,A,1.00,30.00,30.00,tertiary,Bến Vân Đồn,4,,,road_type_defaults
38886,4594693812,4594693814,9.000,1.080,free_flow,A,1.00,30.00,30.00,tertiary,Bến Vân Đồn,4,,,road_type_defaults
38887,4594693814,2358232111,11.000,1.650,heavy,D,2.50,30.00,24.00,tertiary,Bến Vân Đồn,4,2021-04-05,period_11_00,train_los+latest_segment_status
38888,2358232111,4594693816,10.000,1.200,free_flow,A,1.00,30.00,30.00,tertiary,Bến Vân Đồn,4,,,road_type_defaults
38889,4594693816,4594693815,14.000,1.680,free_flow,A,1.00,30.00,30.00,tertiary,Bến Vân Đồn,4,,,road_type_defaults
38890,4594693815,4594693811,105.000,12.600,free_flow,A,1.00,30.00,30.00,tertiary,Bến Vân Đồn,4,,,road_type_defaults
38891,4594693811,2358232115,67.000,10.487,heavy,D,2.50,30.00,23.00,tertiary,Bến Vân Đồn,4,2021-04-05,period_11_00,train_los+latest_segment_status
38892,2358232115,4594693810,34.000,4.080,free_flow,A,1.00,30.00,30.00,tertiary,Bến Vân Đồn,4,,,road_type_defaults
38893,4594693810,4594693809,25.000,6.000,severe,E,4.00,30.00,15.00,tertiary,Bến Vân Đồn,4,2021-04-05,period_11_00,train_los+latest_segment_status
38894,4594693809,4594580088,36.000,4.320,free_flow,A,1.00,30.00,30.00,tertiary,Bến Vân Đồn,4,,,road_type_defaults
38895,4594580088,4594580087,17.000,2.040,free_flow,A,1.00,30.00,30.00,tertiary,Bến Vân Đồn,4,,,road_type_defaults
38896,4594580087,4594580086,18.000,2.160,free_flow,A,1.00,30.00,30.00,tertiary,Bến Vân Đồn,4,,,road_type_defaults
38897,4594580086,4594580085,23.000,2.760,free_flow,A,1.00,30.00,30.00,tertiary,Bến Vân Đồn,4,,,road_type_defaults
38898,4594580085,2358232103,18.000,2.160,free_flow,A,1.00,30.00,30.00,tertiary,Bến Vân Đồn,4,,,road_type_defaults
38899,2358232103,4594580084,16.000,1.920,free_flow,A,1.00,30.00,30.00,tertiary,Bến Vân Đồn,4,,,road_type_defaults
38900,4594580084,2358232107,23.000,0.941,free_flow,A,1.00,30.00,88.00,tertiary,Bến Vân Đồn,4,2020-11-27,period_12_00,train_los+latest_segment_status
38901,2358232107,2358232113,15.000,1.800,free_flow,A,1.00,30.00,30.00,tertiary,Bến Vân Đồn,4,,,road_type_defaults
38902,2358232113,4594687687,13.000,1.560,free_flow,A,1.00,30.00,30.00,tertiary,Bến Vân Đồn,4,,,road_type_defaults
38903,4594687687,4594580083,14.000,1.680,free_flow,A,1.00,30.00,30.00,tertiary,Bến Vân Đồn,4,,,road_type_defaults
38904,4594580083,2358232128,61.000,7.320,free_flow,A,1.00,30.00,30.00,tertiary,Bến Vân Đồn,4,,,road_type_defaults
38905,366455483,5772092896,4.000,0.480,free_flow,A,1.00,30.00,30.00,tertiary,Bến Vân Đồn,4,,,road_type_defaults
38906,5772092896,366443600,36.000,4.320,free_flow,A,1.00,30.00,30.00,tertiary,Bến Vân Đồn,4,,,road_type_defaults
38907,366443600,5772092859,6.000,0.720,free_flow,A,1.00,30.00,30.00,tertiary,Bến Vân Đồn,4,,,road_type_defaults
38908,5772092859,5772092886,25.000,3.000,free_flow,A,1.00,30.00,30.00,tertiary,Bến Vân Đồn,4,,,road_type_defaults
38909,5772092886,5772092887,13.000,1.560,free_flow,A,1.00,30.00,30.00,tertiary,Bến Vân Đồn,4,,,road_type_defaults
38910,5772092887,366458078,4.000,0.480,free_flow,A,1.00,30.00,30.00,tertiary,Bến Vân Đồn,4,,,road_type_defaults
38911,366458078,366430474,45.000,5.400,free_flow,A,1.00,30.00,30.00,tertiary,Bến Vân Đồn,4,,,road_type_defaults
38912,366430474,366404410,39.000,4.680,free_flow,A,1.00,30.00,30.00,tertiary,Bến Vân Đồn,4,,,road_type_defaults
38913,366404410,4594693796,15.000,1.800,free_flow,A,1.00,30.00,30.00,tertiary,Bến Vân Đồn,4,,,road_type_defaults
38914,4594693796,1767909424,15.000,1.800,free_flow,A,1.00,30.00,30.00,tertiary,Bến Vân Đồn,4,,,road_type_defaults
38915,1767909424,1767909455,32.000,3.840,free_flow,A,1.00,30.00,30.00,tertiary,Bến Vân Đồn,4,,,road_type_defaults
38916,1767909455,4594693800,16.000,1.920,free_flow,A,1.00,30.00,30.00,tertiary,Bến Vân Đồn,4,,,road_type_defaults
38917,4594693800,4594693797,22.000,2.640,free_flow,A,1.00,30.00,30.00,tertiary,Bến Vân Đồn,4,,,road_type_defaults
38925,2358232128,2358232130,40.000,4.800,free_flow,A,1.00,30.00,30.00,tertiary,Cầu Dừa,4,,,road_type_defaults
38926,2358232130,2358232105,87.000,10.440,free_flow,A,1.00,30.00,30.00,tertiary,Bến Vân Đồn,4,,,road_type_defaults
38927,2358232105,4594580082,111.000,13.320,free_flow,A,1.00,30.00,30.00,tertiary,Bến Vân Đồn,4,,,road_type_defaults
38928,4594580082,2358232119,28.000,3.360,free_flow,A,1.00,30.00,30.00,tertiary,Bến Vân Đồn,4,,,road_type_defaults
38929,2358232119,2380787693,28.000,3.360,free_flow,A,1.00,30.00,30.00,tertiary,Bến Vân Đồn,4,,,road_type_defaults
38930,2380787693,4594580081,33.000,3.960,free_flow,A,1.00,30.00,30.00,tertiary,Bến Vân Đồn,4,,,road_type_defaults
38931,4594580081,2358232087,32.000,3.840,free_flow,A,1.00,30.00,30.00,tertiary,Bến Vân Đồn,4,,,road_type_defaults
38932,2358232087,2358232117,54.000,7.776,moderate,C,1.75,30.00,25.00,tertiary,Bến Vân Đồn,4,2020-11-27,period_12_30,train_los+latest_segment_status
38933,2358232117,2358232121,40.000,4.800,free_flow,A,1.00,30.00,30.00,tertiary,Bến Vân Đồn,4,,,road_type_defaults
38934,2358232121,2377619572,187.000,22.440,free_flow,A,1.00,30.00,30.00,tertiary,Bến Vân Đồn,4,,,road_type_defaults
38935,2377619572,4594877895,40.000,4.800,free_flow,A,1.00,30.00,30.00,tertiary,Bến Vân Đồn,4,,,road_type_defaults
38936,4594877895,4594580080,16.000,1.920,free_flow,A,1.00,30.00,30.00,tertiary,Bến Vân Đồn,4,,,road_type_defaults
38937,4594580080,4594877893,14.000,1.680,free_flow,A,1.00,30.00,30.00,tertiary,Bến Vân Đồn,4,,,road_type_defaults
38938,4594877893,4594687680,17.000,2.040,free_flow,A,1.00,30.00,30.00,tertiary,Bến Vân Đồn,4,,,road_type_defaults
38939,4594687680,2358232124,21.000,2.520,free_flow,A,1.00,30.00,30.00,tertiary,Bến Vân Đồn,4,,,road_type_defaults
38940,2358232124,2358232101,51.000,6.120,free_flow,A,1.00,30.00,30.00,tertiary,Bến Vân Đồn,4,,,road_type_defaults
38941,2358234404,734894520,18.000,2.160,free_flow,A,1.00,30.00,30.00,tertiary,Cầu Nguyễn Văn Cừ,4,,,road_type_defaults
38976,3506700347,2527488819,17.000,1.530,free_flow,A,1.00,40.00,40.00,primary_link,Nguyễn Thị Nghĩa,3,,,road_type_defaults
39067,411918706,2364030594,43.000,3.096,free_flow,A,1.00,50.00,50.00,primary,Nguyễn Thị Minh Khai,2,,,road_type_defaults
39068,2393618251,411924874,8.000,0.720,free_flow,A,1.00,40.00,40.00,primary_link,Nguyễn Thị Minh Khai,3,,,road_type_defaults
39069,5764817348,5059499397,31.000,3.720,free_flow,A,1.00,30.00,30.00,tertiary,Cao Thắng,4,,,road_type_defaults
39070,5059499397,5764817348,31.000,7.440,severe,E,4.00,30.00,15.00,tertiary,Cao Thắng,4,2021-01-05,period_10_30,train_los+latest_segment_status
39071,5059499397,5059499402,45.000,5.400,free_flow,A,1.00,30.00,30.00,tertiary,Cao Thắng,4,,,road_type_defaults
39072,5059499402,5059499397,45.000,9.529,severe,E,4.00,30.00,17.00,tertiary,Cao Thắng,4,2021-01-05,period_12_00,train_los+latest_segment_status
39073,5059499402,3462940813,7.000,0.840,free_flow,A,1.00,30.00,30.00,tertiary,Cao Thắng,4,,,road_type_defaults
39074,3462940813,5059499402,7.000,2.100,gridlock,F,8.00,30.00,12.00,tertiary,Cao Thắng,4,2021-01-05,period_10_30,train_los+latest_segment_status
39075,3462940813,5059499404,13.000,1.560,free_flow,A,1.00,30.00,30.00,tertiary,Cao Thắng,4,,,road_type_defaults
39076,5059499404,3462940813,13.000,0.592,free_flow,A,1.00,30.00,79.00,tertiary,Cao Thắng,4,2020-12-28,period_6_00,train_los+latest_segment_status
39077,5059499404,3164261856,6.000,0.720,free_flow,A,1.00,30.00,30.00,tertiary,Cao Thắng,4,,,road_type_defaults
39078,3164261856,5059499404,6.000,0.982,heavy,D,2.50,30.00,22.00,tertiary,Cao Thắng,4,2021-01-05,period_12_00,train_los+latest_segment_status
39079,3164261856,3462940808,12.000,1.440,free_flow,A,1.00,30.00,30.00,tertiary,Cao Thắng,4,,,road_type_defaults
39080,3462940808,3164261856,12.000,0.547,free_flow,A,1.00,30.00,79.00,tertiary,Cao Thắng,4,2020-12-28,period_8_00,train_los+latest_segment_status
39081,3462940808,5059499391,57.000,6.840,free_flow,A,1.00,30.00,30.00,tertiary,Cao Thắng,4,,,road_type_defaults
39082,5059499391,3462940808,57.000,12.071,severe,E,4.00,30.00,17.00,tertiary,Cao Thắng,4,2021-01-05,period_12_00,train_los+latest_segment_status
39083,5059499391,366419521,4.000,0.480,free_flow,A,1.00,30.00,30.00,tertiary,Cao Thắng,4,,,road_type_defaults
39084,366419521,5059499391,4.000,0.480,free_flow,A,1.00,30.00,30.00,tertiary,Cao Thắng,4,,,road_type_defaults
39085,2364089048,4609836317,10.000,2.400,severe,E,4.00,50.00,15.00,primary,Trần Hưng Ðạo,2,2021-01-05,period_10_30,train_los+latest_segment_status
39086,4609836317,3160554147,35.000,2.520,free_flow,A,1.00,50.00,50.00,primary,Trần Hưng Ðạo,2,,,road_type_defaults
39087,3160554147,4613083207,356.000,25.632,free_flow,A,1.00,50.00,50.00,primary,Trần Hưng Ðạo,2,,,road_type_defaults
39088,4613083207,5795188300,286.000,20.592,free_flow,A,1.00,50.00,50.00,primary,Trần Hưng Ðạo,2,,,road_type_defaults
39089,5795188300,5795068431,79.000,5.688,free_flow,A,1.00,50.00,50.00,primary,Trần Hưng Ðạo,2,,,road_type_defaults
39090,5795068431,5795068425,0.840,0.060,free_flow,A,1.00,50.00,50.00,primary,Trần Hưng Ðạo,2,,,road_type_defaults
39091,5795068425,3160559458,178.000,12.816,free_flow,A,1.00,50.00,50.00,primary,Trần Hưng Ðạo,2,,,road_type_defaults
39092,3160559458,4603729664,19.000,1.368,free_flow,A,1.00,50.00,50.00,primary,Trần Hưng Ðạo,2,,,road_type_defaults
39093,4603729664,4308471159,116.000,8.352,free_flow,A,1.00,50.00,50.00,primary,Trần Hưng Ðạo,2,,,road_type_defaults
39094,4308471159,5781023256,113.000,20.340,heavy,D,2.50,50.00,20.00,primary,Trần Hưng Ðạo,2,2020-11-17,period_1_30,train_los+latest_segment_status
39095,5781023256,2364089045,5.000,0.360,free_flow,A,1.00,50.00,50.00,primary,Trần Hưng Ðạo,2,,,road_type_defaults
39096,2364089045,4302891988,44.000,3.168,free_flow,A,1.00,50.00,50.00,primary,Trần Hưng Ðạo,2,,,road_type_defaults
39097,4302891988,5781158293,139.000,10.008,free_flow,A,1.00,50.00,50.00,primary,Trần Hưng Ðạo,2,,,road_type_defaults
39098,5781158293,5778873001,144.000,10.368,free_flow,A,1.00,50.00,50.00,primary,Trần Hưng Ðạo,2,,,road_type_defaults
39099,5778873001,5762736901,175.000,7.875,free_flow,A,1.00,50.00,80.00,primary,Trần Hưng Ðạo,2,2020-12-28,period_8_00,train_los+latest_segment_status
39100,5762736901,5762736900,12.000,0.864,free_flow,A,1.00,50.00,50.00,primary,Trần Hưng Ðạo,2,,,road_type_defaults
39101,5762736900,1769265762,312.000,22.464,free_flow,A,1.00,50.00,50.00,primary,Trần Hưng Ðạo,2,,,road_type_defaults
39102,1769265762,2663926519,167.000,12.024,free_flow,A,1.00,50.00,50.00,primary,Trần Hưng Ðạo,2,,,road_type_defaults
39179,706286088,2380787688,11.000,1.320,free_flow,A,1.00,30.00,30.00,tertiary,Cầu Nguyễn Văn Cừ,4,,,road_type_defaults
39180,2380787688,706286088,11.000,1.320,free_flow,A,1.00,30.00,30.00,tertiary,Cầu Nguyễn Văn Cừ,4,,,road_type_defaults
39181,2380787688,1987339292,7.000,0.840,free_flow,A,1.00,30.00,30.00,tertiary,Cầu Nguyễn Văn Cừ,4,,,road_type_defaults
39182,1987339292,2380787688,7.000,0.840,free_flow,A,1.00,30.00,30.00,tertiary,Cầu Nguyễn Văn Cừ,4,,,road_type_defaults
39183,1987339292,2380787687,6.000,0.720,free_flow,A,1.00,30.00,30.00,tertiary,Cầu Nguyễn Văn Cừ,4,,,road_type_defaults
39184,2380787687,1987339292,6.000,0.720,free_flow,A,1.00,30.00,30.00,tertiary,Cầu Nguyễn Văn Cừ,4,,,road_type_defaults
39185,2380787687,706286038,6.000,0.720,free_flow,A,1.00,30.00,30.00,tertiary,Cầu Nguyễn Văn Cừ,4,,,road_type_defaults
39186,706286038,2380787687,6.000,0.720,free_flow,A,1.00,30.00,30.00,tertiary,Cầu Nguyễn Văn Cừ,4,,,road_type_defaults
39187,706286038,2380787690,6.000,0.720,free_flow,A,1.00,30.00,30.00,tertiary,Cầu Nguyễn Văn Cừ,4,,,road_type_defaults
39188,2380787690,706286038,6.000,0.720,free_flow,A,1.00,30.00,30.00,tertiary,Cầu Nguyễn Văn Cừ,4,,,road_type_defaults
39189,2380787690,1987339381,6.000,0.720,free_flow,A,1.00,30.00,30.00,tertiary,Cầu Nguyễn Văn Cừ,4,,,road_type_defaults
39190,1987339381,2380787690,6.000,0.720,free_flow,A,1.00,30.00,30.00,tertiary,Cầu Nguyễn Văn Cừ,4,,,road_type_defaults
39191,1987339381,706286168,4.000,0.480,free_flow,A,1.00,30.00,30.00,tertiary,Cầu Nguyễn Văn Cừ,4,,,road_type_defaults
39192,706286168,1987339381,4.000,0.480,free_flow,A,1.00,30.00,30.00,tertiary,Cầu Nguyễn Văn Cừ,4,,,road_type_defaults
39193,706286168,4594564169,5.000,0.600,free_flow,A,1.00,30.00,30.00,tertiary,Cầu Nguyễn Văn Cừ,4,,,road_type_defaults
39194,4594564169,706286168,5.000,0.600,free_flow,A,1.00,30.00,30.00,tertiary,Cầu Nguyễn Văn Cừ,4,,,road_type_defaults
39195,4594564169,1987339380,5.000,0.600,free_flow,A,1.00,30.00,30.00,tertiary,Cầu Nguyễn Văn Cừ,4,,,road_type_defaults
39196,1987339380,4594564169,5.000,0.600,free_flow,A,1.00,30.00,30.00,tertiary,Cầu Nguyễn Văn Cừ,4,,,road_type_defaults
39197,1987339380,706286130,4.000,0.480,free_flow,A,1.00,30.00,30.00,tertiary,Cầu Nguyễn Văn Cừ,4,,,road_type_defaults
39198,706286130,1987339380,4.000,0.480,free_flow,A,1.00,30.00,30.00,tertiary,Cầu Nguyễn Văn Cừ,4,,,road_type_defaults
39199,706286130,2380787691,5.000,0.600,free_flow,A,1.00,30.00,30.00,tertiary,Cầu Nguyễn Văn Cừ,4,,,road_type_defaults
39200,2380787691,706286130,5.000,0.600,free_flow,A,1.00,30.00,30.00,tertiary,Cầu Nguyễn Văn Cừ,4,,,road_type_defaults
39201,2380787691,4594564168,6.000,0.720,free_flow,A,1.00,30.00,30.00,tertiary,Cầu Nguyễn Văn Cừ,4,,,road_type_defaults
39202,4594564168,2380787691,6.000,0.720,free_flow,A,1.00,30.00,30.00,tertiary,Cầu Nguyễn Văn Cừ,4,,,road_type_defaults
39203,4594564168,1987338771,7.000,0.840,free_flow,A,1.00,30.00,30.00,tertiary,Cầu Nguyễn Văn Cừ,4,,,road_type_defaults
39204,1987338771,4594564168,7.000,0.840,free_flow,A,1.00,30.00,30.00,tertiary,Cầu Nguyễn Văn Cừ,4,,,road_type_defaults
39205,1987338771,706286233,10.000,1.200,free_flow,A,1.00,30.00,30.00,tertiary,Cầu Nguyễn Văn Cừ,4,,,road_type_defaults
39206,706286233,1987338771,10.000,1.200,free_flow,A,1.00,30.00,30.00,tertiary,Cầu Nguyễn Văn Cừ,4,,,road_type_defaults
39207,706286233,4594916756,14.000,1.680,free_flow,A,1.00,30.00,30.00,tertiary,Cầu Nguyễn Văn Cừ,4,,,road_type_defaults
39208,4594916756,706286233,14.000,1.680,free_flow,A,1.00,30.00,30.00,tertiary,Cầu Nguyễn Văn Cừ,4,,,road_type_defaults
39226,4879876937,4878179936,28.000,2.016,free_flow,A,1.00,50.00,50.00,primary,Cách Mạng Tháng Tám,2,,,road_type_defaults
39227,4878179936,3164258340,37.000,2.664,free_flow,A,1.00,50.00,50.00,primary,Cách Mạng Tháng Tám,2,,,road_type_defaults
39228,3164258340,2393615145,52.000,3.744,free_flow,A,1.00,50.00,50.00,primary,Cách Mạng Tháng Tám,2,,,road_type_defaults
39229,2393615145,5778212559,24.000,3.456,moderate,C,1.75,50.00,25.00,primary,Cách Mạng Tháng Tám,2,2020-12-24,period_3_30,train_los+latest_segment_status
39230,5778212559,5778212563,74.000,5.328,free_flow,A,1.00,50.00,50.00,primary,Cách Mạng Tháng Tám,2,,,road_type_defaults
39231,5778212563,2393614148,9.000,2.700,gridlock,F,8.00,50.00,12.00,primary,Cách Mạng Tháng Tám,2,2021-01-04,period_0_00,train_los+latest_segment_status
39232,2393614148,3164258338,43.000,3.096,free_flow,A,1.00,50.00,50.00,primary,Cách Mạng Tháng Tám,2,,,road_type_defaults
39233,3164258338,2393614156,25.000,1.800,free_flow,A,1.00,50.00,50.00,primary,Cách Mạng Tháng Tám,2,,,road_type_defaults
39234,2393614156,2393615144,125.000,9.000,free_flow,A,1.00,50.00,50.00,primary,Cách Mạng Tháng Tám,2,,,road_type_defaults
39235,2393615144,2393614154,37.000,2.664,free_flow,A,1.00,50.00,50.00,primary,Cách Mạng Tháng Tám,2,,,road_type_defaults
39236,2393614154,2393614153,45.000,3.240,free_flow,A,1.00,50.00,50.00,primary,Cách Mạng Tháng Tám,2,,,road_type_defaults
39237,2393614153,4627742385,2.000,0.144,free_flow,A,1.00,50.00,50.00,primary,Cách Mạng Tháng Tám,2,,,road_type_defaults
39238,4627742385,2393614155,14.000,1.008,free_flow,A,1.00,50.00,50.00,primary,Cách Mạng Tháng Tám,2,,,road_type_defaults
39239,2393614155,2393615146,42.000,3.024,free_flow,A,1.00,50.00,50.00,primary,Cách Mạng Tháng Tám,2,,,road_type_defaults
39240,2393614146,4607288659,33.000,2.200,free_flow,A,1.00,30.00,54.00,tertiary,Võ Văn Tần,4,2020-11-20,period_2_00,train_los+latest_segment_status
39241,4607288659,2393614146,33.000,3.960,free_flow,A,1.00,30.00,30.00,tertiary,Võ Văn Tần,4,,,road_type_defaults
39242,4607288659,411923863,29.000,3.480,free_flow,A,1.00,30.00,30.00,tertiary,Võ Văn Tần,4,,,road_type_defaults
39243,411923863,4607288659,29.000,3.480,free_flow,A,1.00,30.00,30.00,tertiary,Võ Văn Tần,4,,,road_type_defaults
39244,411923863,4607249123,9.000,1.080,free_flow,A,1.00,30.00,30.00,tertiary,Võ Văn Tần,4,,,road_type_defaults
39245,4607249123,411923863,9.000,1.080,free_flow,A,1.00,30.00,30.00,tertiary,Võ Văn Tần,4,,,road_type_defaults
39246,4607249123,411921831,4.000,0.480,free_flow,A,1.00,30.00,30.00,tertiary,Võ Văn Tần,4,,,road_type_defaults
39247,411921831,4607249123,4.000,0.480,free_flow,A,1.00,30.00,30.00,tertiary,Võ Văn Tần,4,,,road_type_defaults
39248,411921831,4604903927,18.000,2.160,free_flow,A,1.00,30.00,30.00,tertiary,Võ Văn Tần,4,,,road_type_defaults
39249,4604903927,411921831,18.000,2.160,free_flow,A,1.00,30.00,30.00,tertiary,Võ Văn Tần,4,,,road_type_defaults
39250,4604903927,411922626,4.000,0.480,free_flow,A,1.00,30.00,30.00,tertiary,Võ Văn Tần,4,,,road_type_defaults
39251,411922626,4604903927,4.000,0.480,free_flow,A,1.00,30.00,30.00,tertiary,Võ Văn Tần,4,,,road_type_defaults
39252,411922626,411923909,11.000,1.320,free_flow,A,1.00,30.00,30.00,tertiary,Võ Văn Tần,4,,,road_type_defaults
39253,411923909,411922626,11.000,1.320,free_flow,A,1.00,30.00,30.00,tertiary,Võ Văn Tần,4,,,road_type_defaults
39254,411923909,411922076,14.000,1.680,free_flow,A,1.00,30.00,30.00,tertiary,Võ Văn Tần,4,,,road_type_defaults
39255,411922076,411923909,14.000,1.680,free_flow,A,1.00,30.00,30.00,tertiary,Võ Văn Tần,4,,,road_type_defaults
39256,411922076,5763269262,17.000,2.040,free_flow,A,1.00,30.00,30.00,tertiary,Võ Văn Tần,4,,,road_type_defaults
39257,5763269262,411922076,17.000,2.040,free_flow,A,1.00,30.00,30.00,tertiary,Võ Văn Tần,4,,,road_type_defaults
39258,5763269262,411918158,2.000,0.240,free_flow,A,1.00,30.00,30.00,tertiary,Võ Văn Tần,4,,,road_type_defaults
39259,411918158,5763269262,2.000,0.240,free_flow,A,1.00,30.00,30.00,tertiary,Võ Văn Tần,4,,,road_type_defaults
39260,411918158,4604865410,23.000,2.760,free_flow,A,1.00,30.00,30.00,tertiary,Võ Văn Tần,4,,,road_type_defaults
39261,4604865410,411918158,23.000,2.760,free_flow,A,1.00,30.00,30.00,tertiary,Võ Văn Tần,4,,,road_type_defaults
39262,2393614146,2393614150,32.000,2.304,free_flow,A,1.00,50.00,50.00,primary,Cách Mạng Tháng Tám,2,,,road_type_defaults
39263,2393614150,411924874,114.000,8.208,free_flow,A,1.00,50.00,50.00,primary,Cách Mạng Tháng Tám,2,,,road_type_defaults
39264,411924874,3116310153,34.000,2.448,free_flow,A,1.00,50.00,50.00,primary,Nguyễn Thị Minh Khai,2,,,road_type_defaults
39265,3116310153,2364060008,52.000,3.744,free_flow,A,1.00,50.00,50.00,primary,Nguyễn Thị Minh Khai,2,,,road_type_defaults
39266,2364060008,411922630,42.000,9.450,severe,E,4.00,50.00,16.00,primary,Nguyễn Thị Minh Khai,2,2020-11-16,period_13_30,train_los+latest_segment_status
39267,411922630,411922637,70.000,5.040,free_flow,A,1.00,50.00,50.00,primary,Nguyễn Thị Minh Khai,2,,,road_type_defaults
39268,411922637,2364059997,49.000,7.056,moderate,C,1.75,50.00,25.00,primary,Nguyễn Thị Minh Khai,2,2020-11-16,period_13_30,train_los+latest_segment_status
39269,2364059997,2364059993,35.000,2.520,free_flow,A,1.00,50.00,50.00,primary,Nguyễn Thị Minh Khai,2,,,road_type_defaults
39270,2364059993,2364059995,31.000,5.580,heavy,D,2.50,50.00,20.00,primary,Nguyễn Thị Minh Khai,2,2020-11-16,period_13_30,train_los+latest_segment_status
39271,2364059995,2364060006,35.000,2.520,free_flow,A,1.00,50.00,50.00,primary,Nguyễn Thị Minh Khai,2,,,road_type_defaults
39272,2364060006,2364060004,63.000,4.536,free_flow,A,1.00,50.00,50.00,primary,Nguyễn Thị Minh Khai,2,,,road_type_defaults
39273,2364060004,2364060009,24.000,1.964,free_flow,A,1.00,50.00,44.00,primary,Nguyễn Thị Minh Khai,2,2020-11-29,period_2_30,train_los+latest_segment_status
39274,2364060009,2364059996,38.000,2.736,free_flow,A,1.00,50.00,50.00,primary,Nguyễn Thị Minh Khai,2,,,road_type_defaults
39275,2393618251,3164237716,93.000,6.696,free_flow,A,1.00,50.00,50.00,primary,Cách Mạng Tháng Tám,2,,,road_type_defaults
39276,3164237716,411926551,53.000,19.080,gridlock,F,8.00,50.00,10.00,primary,Cách Mạng Tháng Tám,2,2021-04-05,period_11_00,train_los+latest_segment_status
40432,2026784733,706286177,161.000,19.320,free_flow,A,1.00,30.00,30.00,unclassified,Đường số 41,4,,,road_type_defaults
40433,706286177,746617486,69.000,8.280,free_flow,A,1.00,30.00,30.00,unclassified,Đường số 41,4,,,road_type_defaults
40434,746617486,2027773409,25.000,3.000,free_flow,A,1.00,30.00,30.00,unclassified,Đường số 41,4,,,road_type_defaults
40435,2027773409,366414596,28.000,3.360,free_flow,A,1.00,30.00,30.00,unclassified,Đường số 41,4,,,road_type_defaults
40436,366414596,2253460208,4.000,0.480,free_flow,A,1.00,30.00,30.00,unclassified,Đường số 41,4,,,road_type_defaults
40443,1780010914,1780010887,32.000,3.840,free_flow,A,1.00,30.00,30.00,unclassified,Đường số 51,4,,,road_type_defaults
40444,1780010887,1780010914,32.000,3.840,free_flow,A,1.00,30.00,30.00,unclassified,Đường số 51,4,,,road_type_defaults
40467,411919418,2433276967,34.000,2.448,free_flow,A,1.00,50.00,50.00,primary,3 Tháng 2,2,,,road_type_defaults
40468,2433276967,4976692688,261.000,134.229,gridlock,F,8.00,50.00,7.00,primary,3 Tháng 2,2,2020-12-24,period_3_30,train_los+latest_segment_status
40469,4976692688,4646788529,9.000,4.050,heavy,D,2.50,50.00,8.00,primary,3 Tháng 2,2,2021-01-05,period_0_30,train_los+latest_segment_status
40470,4646788529,4646769643,26.000,1.872,free_flow,A,1.00,50.00,50.00,primary,3 Tháng 2,2,,,road_type_defaults
40471,4646769643,2433276954,25.000,1.800,free_flow,A,1.00,50.00,50.00,primary,3 Tháng 2,2,,,road_type_defaults
40472,2433276954,4646769644,23.000,1.656,free_flow,A,1.00,50.00,50.00,primary,3 Tháng 2,2,,,road_type_defaults
40473,4646769644,2433276966,22.000,1.584,free_flow,A,1.00,50.00,50.00,primary,3 Tháng 2,2,,,road_type_defaults
40474,2433276966,2433276963,208.000,14.976,free_flow,A,1.00,50.00,50.00,primary,3 Tháng 2,2,,,road_type_defaults
40475,2433276963,2433279316,165.000,59.400,gridlock,F,8.00,50.00,10.00,primary,3 Tháng 2,2,2021-01-05,period_12_00,train_los+latest_segment_status
40476,2433279316,5764920244,136.000,54.400,gridlock,F,8.00,50.00,9.00,primary,3 Tháng 2,2,2021-01-05,period_12_00,train_los+latest_segment_status
40477,5764920244,2433276955,42.000,37.800,moderate,C,1.75,50.00,4.00,primary,3 Tháng 2,2,2020-08-03,period_0_00,train_los+latest_segment_status
40478,2433276955,4646816751,97.000,9.977,moderate,C,1.75,50.00,35.00,primary,3 Tháng 2,2,2020-08-03,period_0_00,train_los+latest_segment_status
40479,4646816751,2433279317,81.000,9.720,severe,E,4.00,50.00,30.00,primary,3 Tháng 2,2,2020-08-03,period_0_00,train_los+latest_segment_status
40480,2433279317,4646816752,83.000,42.686,severe,E,4.00,50.00,7.00,primary,3 Tháng 2,2,2020-08-03,period_0_00,train_los+latest_segment_status
41124,2468452124,2468452113,11.000,0.990,free_flow,A,1.00,40.00,40.00,primary_link,Dương Bá Trạc,3,,,road_type_defaults
41125,2468452113,2468452124,11.000,3.300,gridlock,F,8.00,40.00,12.00,primary_link,Dương Bá Trạc,3,2021-03-15,period_10_30,train_los+latest_segment_status
41130,2468452114,3175002781,22.000,1.584,free_flow,A,1.00,50.00,50.00,primary,Dương Bá Trạc,2,,,road_type_defaults
41131,3175002781,2468453127,63.000,4.536,free_flow,A,1.00,50.00,50.00,primary,Dương Bá Trạc,2,,,road_type_defaults
41132,2468453127,2468452119,6.000,0.432,free_flow,A,1.00,50.00,50.00,primary,Dương Bá Trạc,2,,,road_type_defaults
41133,366452547,2044486215,6.000,0.432,free_flow,A,1.00,50.00,50.00,primary,Dương Bá Trạc,2,,,road_type_defaults
41134,2044486215,1773321419,11.000,0.792,free_flow,A,1.00,50.00,50.00,primary,Dương Bá Trạc,2,,,road_type_defaults
41135,1773321419,2044487029,13.000,0.632,free_flow,A,1.00,50.00,74.00,primary,Dương Bá Trạc,2,2021-04-05,period_12_30,train_los+latest_segment_status
41136,2044487029,2044487203,23.000,1.656,free_flow,A,1.00,50.00,50.00,primary,Dương Bá Trạc,2,,,road_type_defaults
41137,2044487203,3175002782,26.000,5.506,severe,E,4.00,50.00,17.00,primary,Dương Bá Trạc,2,2020-12-25,period_8_00,train_los+latest_segment_status
41138,3175002782,366477769,122.000,27.450,severe,E,4.00,50.00,16.00,primary,Dương Bá Trạc,2,2021-03-15,period_10_30,train_los+latest_segment_status
41139,366477769,2468452113,31.000,3.487,heavy,D,2.50,50.00,32.00,primary,Dương Bá Trạc,2,2021-04-05,period_12_30,train_los+latest_segment_status
41140,2468452124,2922933636,39.000,2.808,free_flow,A,1.00,50.00,50.00,primary,Dương Bá Trạc,2,,,road_type_defaults
41141,2922933636,2468452114,104.000,7.488,free_flow,A,1.00,50.00,50.00,primary,Dương Bá Trạc,2,,,road_type_defaults
41158,2468452110,3175002779,58.000,4.176,free_flow,A,1.00,50.00,50.00,primary,Dương Bá Trạc,2,,,road_type_defaults
41159,3175002779,4594580077,24.000,1.728,free_flow,A,1.00,50.00,50.00,primary,Dương Bá Trạc,2,,,road_type_defaults
41160,4594580077,4594580078,23.000,1.656,free_flow,A,1.00,50.00,50.00,primary,Dương Bá Trạc,2,,,road_type_defaults
41161,4594580078,2468452121,9.000,0.648,free_flow,A,1.00,50.00,50.00,primary,Dương Bá Trạc,2,,,road_type_defaults
41162,2468452121,2468452118,50.000,3.600,free_flow,A,1.00,50.00,50.00,primary,Dương Bá Trạc,2,,,road_type_defaults
41163,2468452118,5668712838,28.000,50.400,gridlock,F,8.00,50.00,2.00,primary,Dương Bá Trạc,2,2021-03-15,period_10_30,train_los+latest_segment_status
41164,5668712838,2468452124,79.000,35.550,gridlock,F,8.00,50.00,8.00,primary,Dương Bá Trạc,2,2021-03-15,period_10_30,train_los+latest_segment_status
41910,5778872958,5778872959,36.000,3.703,free_flow,A,1.00,30.00,35.00,tertiary,Thành Thái,4,2021-01-03,period_1_30,train_los+latest_segment_status
41911,5778872959,5778872958,36.000,8.100,severe,E,4.00,30.00,16.00,tertiary,Thành Thái,4,2020-12-24,period_13_00,train_los+latest_segment_status
41912,5778872959,5778872960,4.000,0.197,free_flow,A,1.00,30.00,73.00,tertiary,Thành Thái,4,2020-12-28,period_8_00,train_los+latest_segment_status
41913,5778872960,5778872959,4.000,0.626,heavy,D,2.50,30.00,23.00,tertiary,Thành Thái,4,2021-04-05,period_13_00,train_los+latest_segment_status
41914,5778872960,366457979,6.000,0.288,free_flow,A,1.00,30.00,75.00,tertiary,Thành Thái,4,2020-12-27,period_3_00,train_los+latest_segment_status
41915,366457979,5778872960,6.000,0.982,heavy,D,2.50,30.00,22.00,tertiary,Thành Thái,4,2020-12-25,period_7_30,train_los+latest_segment_status
41916,366457979,5765019210,83.000,59.760,heavy,D,2.50,30.00,5.00,tertiary,Thành Thái,4,2020-08-03,period_0_00,train_los+latest_segment_status
41917,5765019210,366457979,83.000,99.600,severe,E,4.00,30.00,3.00,tertiary,Thành Thái,4,2020-08-03,period_0_00,train_los+latest_segment_status
41918,5765019210,5778872961,151.000,54.360,gridlock,F,8.00,30.00,10.00,tertiary,Thành Thái,4,2021-04-05,period_13_00,train_los+latest_segment_status
41919,5778872961,5765019210,151.000,41.815,heavy,D,2.50,30.00,13.00,tertiary,Thành Thái,4,2020-08-03,period_0_00,train_los+latest_segment_status
41920,5778872961,5778872962,46.000,5.914,moderate,C,1.75,30.00,28.00,tertiary,Thành Thái,4,2021-04-05,period_13_00,train_los+latest_segment_status
41921,5778872962,5778872961,46.000,5.914,moderate,C,1.75,30.00,28.00,tertiary,Thành Thái,4,2020-11-26,period_3_00,train_los+latest_segment_status
41922,5778872962,5778872963,37.000,6.343,heavy,D,2.50,30.00,21.00,tertiary,Thành Thái,4,2021-01-03,period_1_30,train_los+latest_segment_status
41923,5778872963,5778872962,37.000,9.514,severe,E,4.00,30.00,14.00,tertiary,Thành Thái,4,2020-08-03,period_0_00,train_los+latest_segment_status
41924,5778872963,5757841614,47.000,8.460,heavy,D,2.50,30.00,20.00,tertiary,Thành Thái,4,2021-01-03,period_1_30,train_los+latest_segment_status
41925,5757841614,5778872963,47.000,4.976,moderate,C,1.75,30.00,34.00,tertiary,Thành Thái,4,2020-08-03,period_0_00,train_los+latest_segment_status
41926,5757841614,5778872964,16.000,3.200,severe,E,4.00,30.00,18.00,tertiary,Thành Thái,4,2020-11-27,period_4_00,train_los+latest_segment_status
41927,5778872964,5757841614,16.000,1.600,heavy,D,2.50,30.00,36.00,tertiary,Thành Thái,4,2020-08-03,period_0_00,train_los+latest_segment_status
41928,5778872964,5778872965,40.000,7.579,severe,E,4.00,30.00,19.00,tertiary,Thành Thái,4,2021-01-03,period_1_30,train_los+latest_segment_status
41929,5778872965,5778872964,40.000,5.760,severe,E,4.00,30.00,25.00,tertiary,Thành Thái,4,2020-08-03,period_0_00,train_los+latest_segment_status
41930,5778872965,5778872966,5.000,0.545,moderate,C,1.75,30.00,33.00,tertiary,Thành Thái,4,2020-08-03,period_0_00,train_los+latest_segment_status
41931,5778872966,5778872965,5.000,0.643,severe,E,4.00,30.00,28.00,tertiary,Thành Thái,4,2020-08-03,period_0_00,train_los+latest_segment_status
41932,5778872966,5892098005,1.000,3.600,severe,E,4.00,30.00,1.00,tertiary,Thành Thái,4,2020-08-03,period_0_00,train_los+latest_segment_status
41933,5892098005,5778872966,1.000,0.257,severe,E,4.00,30.00,14.00,tertiary,Thành Thái,4,2020-08-03,period_0_00,train_los+latest_segment_status
41934,5892098005,5892098006,3.000,2.700,severe,E,4.00,30.00,4.00,tertiary,Thành Thái,4,2020-08-03,period_0_00,train_los+latest_segment_status
41935,5892098006,5892098005,3.000,2.160,severe,E,4.00,30.00,5.00,tertiary,Thành Thái,4,2020-08-03,period_0_00,train_los+latest_segment_status
41938,698217082,2498090916,19.000,2.533,moderate,C,1.75,50.00,27.00,primary,Lý Thái Tổ,2,2020-12-25,period_10_00,train_los+latest_segment_status
41939,2498090916,3342060872,10.000,1.800,heavy,D,2.50,50.00,20.00,primary,Lý Thái Tổ,2,2020-08-03,period_0_00,train_los+latest_segment_status
41940,3342060872,366390222,47.000,4.453,heavy,D,2.50,50.00,38.00,primary,Lý Thái Tổ,2,2020-08-03,period_0_00,train_los+latest_segment_status
41941,366390222,3150775226,44.000,7.920,severe,E,4.00,50.00,20.00,primary,Lý Thái Tổ,2,2020-08-03,period_0_00,train_los+latest_segment_status
41942,3150775226,2498090913,76.000,14.400,moderate,C,1.75,50.00,19.00,primary,Lý Thái Tổ,2,2020-08-03,period_0_00,train_los+latest_segment_status
41943,2498090913,5758130729,140.000,15.750,moderate,C,1.75,50.00,32.00,primary,Lý Thái Tổ,2,2020-08-03,period_0_00,train_los+latest_segment_status
41944,5758130729,5758130724,51.000,5.564,light,B,1.25,50.00,33.00,primary,Lý Thái Tổ,2,2020-11-18,period_1_30,train_los+latest_segment_status
41945,5758130724,3768905105,72.000,5.184,free_flow,A,1.00,50.00,50.00,primary,Lý Thái Tổ,2,,,road_type_defaults
41946,3768905105,5758114516,86.000,6.192,free_flow,A,1.00,50.00,50.00,primary,Lý Thái Tổ,2,,,road_type_defaults
41947,5758114516,3150775227,102.000,7.344,free_flow,A,1.00,50.00,50.00,primary,Lý Thái Tổ,2,,,road_type_defaults
41948,3150775227,2498092000,75.000,5.400,free_flow,A,1.00,50.00,50.00,primary,Lý Thái Tổ,2,,,road_type_defaults
41949,2498092000,2498090917,45.000,3.240,free_flow,A,1.00,50.00,50.00,primary,Lý Thái Tổ,2,,,road_type_defaults
42279,2520636461,2520636462,21.000,1.890,free_flow,A,1.00,40.00,40.00,primary_link,Đường Cách Mạng Tháng Tám,3,,,road_type_defaults
42280,5762736913,2527488815,11.000,1.042,free_flow,A,1.00,30.00,38.00,tertiary,Lê Lai,4,2021-01-05,period_0_30,train_los+latest_segment_status
42281,2527488815,2527488819,14.000,1.680,free_flow,A,1.00,30.00,30.00,tertiary,Lê Lai,4,,,road_type_defaults
42282,2527488819,2527488811,99.000,11.880,free_flow,A,1.00,30.00,30.00,tertiary,Lê Lai,4,,,road_type_defaults
42283,2527488811,4608694745,73.000,8.760,free_flow,A,1.00,30.00,30.00,tertiary,Lê Lai,4,,,road_type_defaults
42284,4608694745,4610715696,55.000,6.600,free_flow,A,1.00,30.00,30.00,tertiary,Lê Lai,4,,,road_type_defaults
42285,4610715696,5444117926,18.000,2.160,free_flow,A,1.00,30.00,30.00,tertiary,Lê Lai,4,,,road_type_defaults
42286,5444117926,5444117927,24.000,2.880,free_flow,A,1.00,30.00,30.00,tertiary,Lê Lai,4,,,road_type_defaults
42287,5444117927,5444117928,2.000,0.240,free_flow,A,1.00,30.00,30.00,tertiary,Lê Lai,4,,,road_type_defaults
42288,4605017322,2527492308,5.000,0.720,free_flow,A,1.00,25.00,25.00,tertiary_link,Phạm Hồng Thái,4,,,road_type_defaults
42289,2527492308,2527492310,4.000,0.576,free_flow,A,1.00,25.00,25.00,tertiary_link,Phạm Hồng Thái,4,,,road_type_defaults
42290,2527492310,2527492311,4.000,0.576,free_flow,A,1.00,25.00,25.00,tertiary_link,Phạm Hồng Thái,4,,,road_type_defaults
42291,2527492311,2527492309,5.000,0.720,free_flow,A,1.00,25.00,25.00,tertiary_link,Lê Lai,4,,,road_type_defaults
43174,4610643517,411925307,97.000,6.984,free_flow,A,1.00,50.00,50.00,primary,Cách Mạng Tháng Tám,2,,,road_type_defaults
43487,1985832570,2044486401,42.000,5.040,free_flow,A,1.00,30.00,30.00,tertiary,Cầu Calmette,4,,,road_type_defaults
43488,2044486401,1767194040,43.000,5.160,free_flow,A,1.00,30.00,30.00,tertiary,Cầu Calmette,4,,,road_type_defaults
43489,1767194040,2044486389,20.000,2.400,free_flow,A,1.00,30.00,30.00,tertiary,Cầu Calmette,4,,,road_type_defaults
43490,2044486389,1767909383,38.000,4.560,free_flow,A,1.00,30.00,30.00,tertiary,Cầu Calmette,4,,,road_type_defaults
43501,1767909383,1996654636,43.391,5.207,free_flow,A,1.00,30.00,30.00,tertiary,Cầu Calmette,4,,,road_type_defaults
84648,1996654636,3335314147,5.609,0.673,free_flow,A,1.00,30.00,30.00,tertiary,Cầu Calmette,4,,,road_type_defaults
43492,3335314147,1767203803,156.000,21.600,moderate,C,1.75,30.00,26.00,tertiary,Cầu Calmette,4,2021-04-05,period_11_00,train_los+latest_segment_status
43493,1767203799,2380787707,101.000,11.018,light,B,1.25,30.00,33.00,tertiary,Cầu Calmette,4,2021-04-05,period_11_00,train_los+latest_segment_status
43494,2380787707,1767909356,108.000,17.673,heavy,D,2.50,30.00,22.00,tertiary,Cầu Calmette,4,2021-04-05,period_11_00,train_los+latest_segment_status
43495,1767909356,3335314146,16.000,1.920,free_flow,A,1.00,30.00,30.00,tertiary,Cầu Calmette,4,,,road_type_defaults
43496,3335314146,3335314145,17.000,2.040,free_flow,A,1.00,30.00,30.00,tertiary,Cầu Calmette,4,,,road_type_defaults
43497,3335314145,2025938558,16.000,3.388,severe,E,4.00,30.00,17.00,tertiary,Cầu Calmette,4,2021-04-05,period_11_00,train_los+latest_segment_status
43498,2025938558,1773240209,13.000,1.560,free_flow,A,1.00,30.00,30.00,tertiary,Cầu Calmette,4,,,road_type_defaults
43499,1773240209,2025938568,48.000,5.760,free_flow,A,1.00,30.00,30.00,tertiary,Cầu Calmette,4,,,road_type_defaults
43500,2025938568,1767178666,66.000,7.920,free_flow,A,1.00,30.00,30.00,tertiary,Cầu Calmette,4,,,road_type_defaults
44463,2393615146,4100167207,52.000,3.744,free_flow,A,1.00,50.00,50.00,primary,Cách Mạng Tháng Tám,2,2020-12-26,period_10_30,train_los+latest_segment_status
44464,4100167207,2393614152,0.277,0.020,free_flow,A,1.00,50.00,50.00,primary,Cách Mạng Tháng Tám,2,,,road_type_defaults
44465,2393614152,2393614157,29.000,2.088,free_flow,A,1.00,50.00,50.00,primary,Cách Mạng Tháng Tám,2,,,road_type_defaults
44466,2393614157,3164237717,10.000,0.720,free_flow,A,1.00,50.00,50.00,primary,Cách Mạng Tháng Tám,2,,,road_type_defaults
44467,3164237717,2393614147,45.000,8.526,severe,E,4.00,50.00,19.00,primary,Cách Mạng Tháng Tám,2,2020-11-27,period_1_30,train_los+latest_segment_status
44468,2393614147,4607266228,14.000,1.008,free_flow,A,1.00,50.00,50.00,primary,Cách Mạng Tháng Tám,2,,,road_type_defaults
44469,4607266228,2393614146,71.000,5.112,free_flow,A,1.00,50.00,50.00,primary,Cách Mạng Tháng Tám,2,,,road_type_defaults
44643,2854592012,2854592014,11.000,0.990,free_flow,A,1.00,40.00,40.00,primary_link,Lê Lai,3,,,road_type_defaults
44644,2854592014,2854592011,5.000,0.450,free_flow,A,1.00,40.00,40.00,primary_link,Lê Lai,3,,,road_type_defaults
44645,2854592011,2854592010,5.000,0.383,free_flow,A,1.00,40.00,47.00,primary_link,Nguyễn Thị Nghĩa,3,2021-04-05,period_11_00,train_los+latest_segment_status
44646,2854592010,4609314795,8.000,0.720,free_flow,A,1.00,40.00,40.00,primary_link,Nguyễn Thị Nghĩa,3,,,road_type_defaults
45067,4609314796,4603781754,58.000,6.960,free_flow,A,1.00,30.00,30.00,tertiary,Phạm Ngũ Lão,4,,,road_type_defaults
45068,4603781754,4609314796,58.000,6.327,heavy,D,2.50,30.00,33.00,tertiary,Phạm Ngũ Lão,4,2021-04-05,period_11_00,train_los+latest_segment_status
45069,4603781754,4603781755,15.000,1.800,free_flow,A,1.00,30.00,30.00,tertiary,Phạm Ngũ Lão,4,,,road_type_defaults
45070,4603781755,4603781754,15.000,1.800,free_flow,A,1.00,30.00,30.00,tertiary,Phạm Ngũ Lão,4,,,road_type_defaults
45071,4603781755,411918419,30.000,3.600,free_flow,A,1.00,30.00,30.00,tertiary,Phạm Ngũ Lão,4,,,road_type_defaults
45072,411918419,4603781755,30.000,4.320,moderate,C,1.75,30.00,25.00,tertiary,Phạm Ngũ Lão,4,2021-04-05,period_11_00,train_los+latest_segment_status
45073,411918419,3506704700,32.000,3.840,free_flow,A,1.00,30.00,30.00,tertiary,Phạm Ngũ Lão,4,,,road_type_defaults
45074,3506704700,411918419,32.000,3.840,free_flow,A,1.00,30.00,30.00,tertiary,Phạm Ngũ Lão,4,,,road_type_defaults
45075,3506704700,411926483,22.000,2.640,free_flow,A,1.00,30.00,30.00,tertiary,Phạm Ngũ Lão,4,,,road_type_defaults
45076,411926483,3506704700,22.000,2.640,free_flow,A,1.00,30.00,30.00,tertiary,Phạm Ngũ Lão,4,,,road_type_defaults
45077,411926483,4616981011,63.000,7.560,free_flow,A,1.00,30.00,30.00,tertiary,Phạm Ngũ Lão,4,,,road_type_defaults
45078,4616981011,411926483,63.000,7.560,free_flow,A,1.00,30.00,30.00,tertiary,Phạm Ngũ Lão,4,,,road_type_defaults
45079,4616981011,411922596,31.000,3.720,free_flow,A,1.00,30.00,30.00,tertiary,Phạm Ngũ Lão,4,,,road_type_defaults
45080,411922596,4616981011,31.000,3.720,free_flow,A,1.00,30.00,30.00,tertiary,Phạm Ngũ Lão,4,,,road_type_defaults
45081,411922596,4597097831,13.000,1.560,free_flow,A,1.00,30.00,30.00,tertiary,Phạm Ngũ Lão,4,,,road_type_defaults
45082,4597097831,411922596,13.000,1.560,free_flow,A,1.00,30.00,30.00,tertiary,Phạm Ngũ Lão,4,,,road_type_defaults
45083,4597097831,4607240943,26.000,3.120,free_flow,A,1.00,30.00,30.00,tertiary,Phạm Ngũ Lão,4,,,road_type_defaults
45084,4607240943,4597097831,26.000,3.120,free_flow,A,1.00,30.00,30.00,tertiary,Phạm Ngũ Lão,4,,,road_type_defaults
45085,4607240943,4607240944,10.000,1.200,free_flow,A,1.00,30.00,30.00,tertiary,Phạm Ngũ Lão,4,,,road_type_defaults
45086,4607240944,4607240943,10.000,1.200,free_flow,A,1.00,30.00,30.00,tertiary,Phạm Ngũ Lão,4,,,road_type_defaults
45087,4607240944,3342113908,40.000,4.800,free_flow,A,1.00,30.00,30.00,tertiary,Phạm Ngũ Lão,4,,,road_type_defaults
45088,3342113908,4607240944,40.000,4.800,free_flow,A,1.00,30.00,30.00,tertiary,Phạm Ngũ Lão,4,,,road_type_defaults
45089,3342113908,3342113907,11.000,1.320,free_flow,A,1.00,30.00,30.00,tertiary,Phạm Ngũ Lão,4,,,road_type_defaults
45090,3342113907,3342113908,11.000,1.320,free_flow,A,1.00,30.00,30.00,tertiary,Phạm Ngũ Lão,4,,,road_type_defaults
45091,3342113907,4615523688,55.000,6.600,free_flow,A,1.00,30.00,30.00,tertiary,Phạm Ngũ Lão,4,,,road_type_defaults
45092,4615523688,3342113907,55.000,6.600,free_flow,A,1.00,30.00,30.00,tertiary,Phạm Ngũ Lão,4,,,road_type_defaults
45093,4615523688,4603761227,10.000,1.200,free_flow,A,1.00,30.00,30.00,tertiary,Phạm Ngũ Lão,4,,,road_type_defaults
45094,4603761227,4615523688,10.000,1.200,free_flow,A,1.00,30.00,30.00,tertiary,Phạm Ngũ Lão,4,,,road_type_defaults
45095,4603761227,4603761225,66.000,7.920,free_flow,A,1.00,30.00,30.00,tertiary,Phạm Ngũ Lão,4,,,road_type_defaults
45096,4603761225,4603761227,66.000,7.920,free_flow,A,1.00,30.00,30.00,tertiary,Phạm Ngũ Lão,4,,,road_type_defaults
45097,4603761225,4603761222,94.000,11.280,free_flow,A,1.00,30.00,30.00,tertiary,Phạm Ngũ Lão,4,,,road_type_defaults
45098,4603761222,4603761225,94.000,18.800,gridlock,F,8.00,30.00,18.00,tertiary,Phạm Ngũ Lão,4,2020-12-24,period_14_00,train_los+latest_segment_status
45099,4603761222,5762726870,53.000,6.360,free_flow,A,1.00,30.00,30.00,tertiary,Phạm Ngũ Lão,4,,,road_type_defaults
45100,5762726870,4603761222,53.000,6.579,moderate,C,1.75,30.00,29.00,tertiary,Phạm Ngũ Lão,4,2020-12-24,period_14_00,train_los+latest_segment_status
45101,5762726870,5762711582,70.000,8.400,free_flow,A,1.00,30.00,30.00,tertiary,Phạm Ngũ Lão,4,,,road_type_defaults
45102,5762711582,5762726870,70.000,7.412,light,B,1.25,30.00,34.00,tertiary,Phạm Ngũ Lão,4,2020-12-24,period_14_00,train_los+latest_segment_status
45103,734894520,383553866,18.000,2.160,free_flow,A,1.00,30.00,30.00,tertiary,Cầu Nguyễn Văn Cừ,4,,,road_type_defaults
45104,2305201706,2305201705,10.000,0.720,free_flow,A,1.00,50.00,50.00,primary,Nguyễn Thái Học,2,,,road_type_defaults
45105,2044486631,3335314148,177.000,21.240,free_flow,A,1.00,30.00,30.00,tertiary,Cầu Calmette,4,,,road_type_defaults
45106,3335314148,3335314154,2.000,0.240,free_flow,A,1.00,30.00,30.00,tertiary,Cầu Calmette,4,,,road_type_defaults
45107,3335314154,3335314153,2.000,0.240,free_flow,A,1.00,30.00,30.00,tertiary,Cầu Calmette,4,,,road_type_defaults
45108,3335314153,3335314152,2.000,0.240,free_flow,A,1.00,30.00,30.00,tertiary,Cầu Calmette,4,,,road_type_defaults
45109,3335314152,3335314155,2.000,0.240,free_flow,A,1.00,30.00,30.00,tertiary,Cầu Calmette,4,,,road_type_defaults
45110,3335314155,3335314151,3.000,0.360,free_flow,A,1.00,30.00,30.00,tertiary,Cầu Calmette,4,,,road_type_defaults
45111,3335314151,3335314150,3.000,0.360,free_flow,A,1.00,30.00,30.00,tertiary,Cầu Calmette,4,,,road_type_defaults
45112,3335314150,3335314149,4.000,0.480,free_flow,A,1.00,30.00,30.00,tertiary,Cầu Calmette,4,,,road_type_defaults
45113,3335314149,1767194040,9.000,1.080,free_flow,A,1.00,30.00,30.00,tertiary,Cầu Calmette,4,,,road_type_defaults
45114,4609877991,3160567895,41.000,4.920,free_flow,A,1.00,30.00,30.00,tertiary,Phạm Ngũ Lão,4,,,road_type_defaults
45115,3160567895,4609319428,70.000,8.400,free_flow,A,1.00,30.00,30.00,tertiary,Phạm Ngũ Lão,4,,,road_type_defaults
45116,4609319428,4609877993,169.000,20.280,free_flow,A,1.00,30.00,30.00,tertiary,Phạm Ngũ Lão,4,,,road_type_defaults
45117,4609877993,4609314796,12.000,1.440,free_flow,A,1.00,30.00,30.00,tertiary,Phạm Ngũ Lão,4,,,road_type_defaults
45443,2364059999,411920215,79.000,9.480,free_flow,A,1.00,30.00,30.00,tertiary,Nguyễn Thiện Thuật,4,,,road_type_defaults
45444,411920215,2364059999,79.000,9.480,light,B,1.25,30.00,30.00,tertiary,Nguyễn Thiện Thuật,4,2020-11-27,period_14_00,train_los+latest_segment_status
45445,411920215,5382724127,60.000,7.200,free_flow,A,1.00,30.00,30.00,tertiary,Nguyễn Thiện Thuật,4,,,road_type_defaults
45446,5382724127,411920215,60.000,9.818,severe,E,4.00,30.00,22.00,tertiary,Nguyễn Thiện Thuật,4,2020-11-16,period_14_00,train_los+latest_segment_status
45447,5382724127,5382724126,22.000,2.640,free_flow,A,1.00,30.00,30.00,tertiary,Nguyễn Thiện Thuật,4,,,road_type_defaults
45448,5382724126,5382724127,22.000,2.640,free_flow,A,1.00,30.00,30.00,tertiary,Nguyễn Thiện Thuật,4,,,road_type_defaults
45449,5382724126,3462932131,98.000,11.760,free_flow,A,1.00,30.00,30.00,tertiary,Nguyễn Thiện Thuật,4,,,road_type_defaults
45450,3462932131,5382724126,98.000,14.112,moderate,C,1.75,30.00,25.00,tertiary,Nguyễn Thiện Thuật,4,2020-11-16,period_14_00,train_los+latest_segment_status
45451,3462932131,3164261852,18.000,2.160,free_flow,A,1.00,30.00,30.00,tertiary,Nguyễn Thiện Thuật,4,,,road_type_defaults
45452,3164261852,3462932131,18.000,2.160,free_flow,A,1.00,30.00,30.00,tertiary,Nguyễn Thiện Thuật,4,,,road_type_defaults
45453,3164261852,5758114505,34.000,4.080,free_flow,A,1.00,30.00,30.00,tertiary,Nguyễn Thiện Thuật,4,,,road_type_defaults
45454,5758114505,3164261852,34.000,9.415,gridlock,F,8.00,30.00,13.00,tertiary,Nguyễn Thiện Thuật,4,2020-11-16,period_14_00,train_los+latest_segment_status
45457,2364059996,3160583016,203.000,14.616,free_flow,A,1.00,50.00,50.00,primary,Nguyễn Thị Minh Khai,2,,,road_type_defaults
45458,3160583016,2364060002,128.000,115.200,gridlock,F,8.00,50.00,4.00,primary,Nguyễn Thị Minh Khai,2,2020-12-15,period_11_00,train_los+latest_segment_status
45459,5762610054,411922898,15.000,4.500,gridlock,F,8.00,50.00,12.00,primary,Nguyễn Thị Minh Khai,2,2021-01-05,period_12_00,train_los+latest_segment_status
45460,411922898,411920948,43.000,3.096,free_flow,A,1.00,50.00,50.00,primary,Nguyễn Thị Minh Khai,2,,,road_type_defaults
45461,411920948,4604903936,69.000,4.968,free_flow,A,1.00,50.00,50.00,primary,Nguyễn Thị Minh Khai,2,,,road_type_defaults
45462,4604903936,3160583017,88.000,6.336,free_flow,A,1.00,50.00,50.00,primary,Nguyễn Thị Minh Khai,2,,,road_type_defaults
45463,3160583017,411924257,12.000,0.864,free_flow,A,1.00,50.00,50.00,primary,Nguyễn Thị Minh Khai,2,,,road_type_defaults
45464,411924257,411918366,23.000,1.656,free_flow,A,1.00,50.00,50.00,primary,Nguyễn Thị Minh Khai,2,,,road_type_defaults
45465,411918366,5763263836,61.000,4.392,free_flow,A,1.00,50.00,50.00,primary,Nguyễn Thị Minh Khai,2,,,road_type_defaults
45466,5763263836,411922629,33.000,2.376,free_flow,A,1.00,50.00,50.00,primary,Nguyễn Thị Minh Khai,2,,,road_type_defaults
45467,411922629,4612970101,133.000,9.576,free_flow,A,1.00,50.00,50.00,primary,Nguyễn Thị Minh Khai,2,,,road_type_defaults
45468,4612970101,411918706,8.000,0.576,free_flow,A,1.00,50.00,50.00,primary,Nguyễn Thị Minh Khai,2,,,road_type_defaults
45705,366416137,5816800361,125.000,15.000,free_flow,A,1.00,30.00,30.00,tertiary,Trần Phú,4,,,road_type_defaults
45706,5816800361,366416137,125.000,40.909,heavy,D,2.50,30.00,11.00,tertiary,Trần Phú,4,2020-08-03,period_0_00,train_los+latest_segment_status
45707,5816800361,4631150865,40.000,6.261,moderate,C,1.75,30.00,23.00,tertiary,Trần Phú,4,2021-01-02,period_10_30,train_los+latest_segment_status
45708,4631150865,5816800361,40.000,72.000,heavy,D,2.50,30.00,2.00,tertiary,Trần Phú,4,2020-08-03,period_0_00,train_los+latest_segment_status
45709,4631150865,4629021461,24.000,43.200,heavy,D,2.50,30.00,2.00,tertiary,Trần Phú,4,2020-08-03,period_0_00,train_los+latest_segment_status
45710,4629021461,4631150865,24.000,3.323,heavy,D,2.50,30.00,26.00,tertiary,Trần Phú,4,2020-08-03,period_0_00,train_los+latest_segment_status
45711,4629021461,366473174,31.000,2.480,moderate,C,1.75,30.00,45.00,tertiary,Trần Phú,4,2021-01-02,period_10_30,train_los+latest_segment_status
45712,366473174,4629021461,31.000,27.900,gridlock,F,8.00,30.00,4.00,tertiary,Trần Phú,4,2021-01-03,period_2_00,train_los+latest_segment_status
45713,366473174,366466608,102.000,30.600,gridlock,F,8.00,30.00,12.00,tertiary,Trần Phú,4,2021-01-03,period_2_00,train_los+latest_segment_status
45714,366466608,366473174,102.000,10.200,heavy,D,2.50,30.00,36.00,tertiary,Trần Phú,4,2020-08-03,period_0_00,train_los+latest_segment_status
45715,2934000190,2934000187,14.000,2.653,severe,E,4.00,50.00,19.00,primary,Nguyễn Tri Phương,2,2021-01-02,period_10_30,train_los+latest_segment_status
45716,2934006863,2934006859,90.000,23.143,moderate,C,1.75,40.00,14.00,secondary,Nguyễn Tri Phương,3,2020-08-03,period_0_00,train_los+latest_segment_status
45717,2934006859,2934006868,120.000,11.368,heavy,D,2.50,40.00,38.00,secondary,Nguyễn Tri Phương,3,2020-08-03,period_0_00,train_los+latest_segment_status
45718,2934006868,5045757151,28.000,9.164,gridlock,F,8.00,40.00,11.00,secondary,Nguyễn Tri Phương,3,2020-08-03,period_0_00,train_los+latest_segment_status
45719,5045757151,5045757139,18.000,4.629,severe,E,4.00,40.00,14.00,secondary,Nguyễn Tri Phương,3,2020-08-03,period_0_00,train_los+latest_segment_status
45720,5045757139,5045757189,68.000,18.831,moderate,C,1.75,40.00,13.00,secondary,Nguyễn Tri Phương,3,2020-08-03,period_0_00,train_los+latest_segment_status
45721,5045757189,2934006871,20.000,3.273,severe,E,4.00,40.00,22.00,secondary,Nguyễn Tri Phương,3,2020-08-03,period_0_00,train_los+latest_segment_status
45722,2934006871,4623078280,82.000,10.933,severe,E,4.00,40.00,27.00,secondary,Nguyễn Tri Phương,3,2020-08-03,period_0_00,train_los+latest_segment_status
45723,4623078280,3150110707,24.000,3.757,heavy,D,2.50,40.00,23.00,secondary,Nguyễn Tri Phương,3,2020-08-03,period_0_00,train_los+latest_segment_status
45724,3150110707,5045757211,57.000,10.260,heavy,D,2.50,40.00,20.00,secondary,Nguyễn Tri Phương,3,2020-08-03,period_0_00,train_los+latest_segment_status
45725,5045757211,4623078282,25.000,4.737,severe,E,4.00,40.00,19.00,secondary,Nguyễn Tri Phương,3,2020-08-03,period_0_00,train_los+latest_segment_status
45726,4623078282,5045757305,24.000,21.600,severe,E,4.00,40.00,4.00,secondary,Nguyễn Tri Phương,3,2020-08-03,period_0_00,train_los+latest_segment_status
45727,5045757305,5045757324,31.000,12.400,severe,E,4.00,40.00,9.00,secondary,Nguyễn Tri Phương,3,2020-08-03,period_0_00,train_los+latest_segment_status
45728,5045757324,5045757349,40.000,4.114,moderate,C,1.75,40.00,35.00,secondary,Nguyễn Tri Phương,3,2020-08-03,period_0_00,train_los+latest_segment_status
45729,5045757349,5757841608,11.000,1.131,moderate,C,1.75,40.00,35.00,secondary,Nguyễn Tri Phương,3,2020-08-03,period_0_00,train_los+latest_segment_status
45730,5757841608,4623078284,1.000,0.180,severe,E,4.00,40.00,20.00,secondary,Nguyễn Tri Phương,3,2020-08-03,period_0_00,train_los+latest_segment_status
45731,4623078284,2934006867,40.000,20.571,severe,E,4.00,40.00,7.00,secondary,Nguyễn Tri Phương,3,2020-08-03,period_0_00,train_los+latest_segment_status
45732,2934006867,2934006865,35.000,3.600,moderate,C,1.75,40.00,35.00,secondary,Nguyễn Tri Phương,3,2020-08-03,period_0_00,train_los+latest_segment_status
45733,2934006865,2934006858,34.000,7.200,moderate,C,1.75,40.00,17.00,secondary,Nguyễn Tri Phương,3,2020-08-03,period_0_00,train_los+latest_segment_status
45734,2934006858,2934006869,35.000,6.300,heavy,D,2.50,40.00,20.00,secondary,Nguyễn Tri Phương,3,2020-08-03,period_0_00,train_los+latest_segment_status
45735,2934006869,2934006856,31.000,1.226,free_flow,A,1.00,40.00,91.00,secondary,Nguyễn Tri Phương,3,2020-12-25,period_7_30,train_los+latest_segment_status
45736,2934006856,2934006866,47.000,4.453,heavy,D,2.50,40.00,38.00,secondary,Nguyễn Tri Phương,3,2020-08-03,period_0_00,train_los+latest_segment_status
45767,3338165670,5762726863,19.000,1.710,free_flow,A,1.00,40.00,40.00,secondary,Nguyễn Trãi,3,,,road_type_defaults
45768,5762726863,3338165670,19.000,1.710,free_flow,A,1.00,40.00,40.00,secondary,Nguyễn Trãi,3,,,road_type_defaults
45769,5762726863,5780842933,22.000,1.980,free_flow,A,1.00,40.00,40.00,secondary,Nguyễn Trãi,3,,,road_type_defaults
45770,5780842933,5762726863,22.000,1.980,free_flow,A,1.00,40.00,40.00,secondary,Nguyễn Trãi,3,,,road_type_defaults
45771,5780842933,5780842939,20.000,1.800,free_flow,A,1.00,40.00,40.00,secondary,Nguyễn Trãi,3,,,road_type_defaults
45772,5780842939,5780842933,20.000,1.800,free_flow,A,1.00,40.00,40.00,secondary,Nguyễn Trãi,3,,,road_type_defaults
45773,5780842939,4607572825,18.000,1.620,free_flow,A,1.00,40.00,40.00,secondary,Nguyễn Trãi,3,,,road_type_defaults
45774,4607572825,5780842939,18.000,1.620,free_flow,A,1.00,40.00,40.00,secondary,Nguyễn Trãi,3,,,road_type_defaults
45775,4607572825,5762726875,3.000,0.270,free_flow,A,1.00,40.00,40.00,secondary,Nguyễn Trãi,3,,,road_type_defaults
45776,5762726875,4607572825,3.000,0.270,free_flow,A,1.00,40.00,40.00,secondary,Nguyễn Trãi,3,,,road_type_defaults
45777,5762726875,4615020059,43.000,3.870,free_flow,A,1.00,40.00,40.00,secondary,Nguyễn Trãi,3,,,road_type_defaults
45778,4615020059,5762726875,43.000,3.870,free_flow,A,1.00,40.00,40.00,secondary,Nguyễn Trãi,3,,,road_type_defaults
45779,4615020059,5762726861,13.000,1.170,free_flow,A,1.00,40.00,40.00,secondary,Nguyễn Trãi,3,,,road_type_defaults
45780,5762726861,4615020059,13.000,1.170,free_flow,A,1.00,40.00,40.00,secondary,Nguyễn Trãi,3,,,road_type_defaults
45781,5762726861,4615020060,13.000,1.170,free_flow,A,1.00,40.00,40.00,secondary,Nguyễn Trãi,3,,,road_type_defaults
45782,4615020060,5762726861,13.000,1.170,free_flow,A,1.00,40.00,40.00,secondary,Nguyễn Trãi,3,,,road_type_defaults
45783,4615020060,411926106,9.000,0.810,free_flow,A,1.00,40.00,40.00,secondary,Nguyễn Trãi,3,,,road_type_defaults
45784,411926106,4615020060,9.000,0.810,free_flow,A,1.00,40.00,40.00,secondary,Nguyễn Trãi,3,,,road_type_defaults
45785,411926106,5780843174,25.000,2.250,free_flow,A,1.00,40.00,40.00,secondary,Nguyễn Trãi,3,,,road_type_defaults
45786,5780843174,411926106,25.000,2.250,free_flow,A,1.00,40.00,40.00,secondary,Nguyễn Trãi,3,,,road_type_defaults
45787,5780843174,411922370,7.000,0.630,free_flow,A,1.00,40.00,40.00,secondary,Nguyễn Trãi,3,,,road_type_defaults
45788,411922370,5780843174,7.000,0.630,free_flow,A,1.00,40.00,40.00,secondary,Nguyễn Trãi,3,,,road_type_defaults
45789,411922370,411918169,33.000,2.970,free_flow,A,1.00,40.00,40.00,secondary,Nguyễn Trãi,3,,,road_type_defaults
45790,411918169,411922370,33.000,2.970,free_flow,A,1.00,40.00,40.00,secondary,Nguyễn Trãi,3,,,road_type_defaults
45791,411918169,4604949058,20.000,1.800,free_flow,A,1.00,40.00,40.00,secondary,Nguyễn Trãi,3,,,road_type_defaults
45792,4604949058,411918169,20.000,1.800,free_flow,A,1.00,40.00,40.00,secondary,Nguyễn Trãi,3,,,road_type_defaults
45793,4604949058,5780758058,18.000,1.620,free_flow,A,1.00,40.00,40.00,secondary,Nguyễn Trãi,3,,,road_type_defaults
45794,5780758058,4604949058,18.000,1.620,free_flow,A,1.00,40.00,40.00,secondary,Nguyễn Trãi,3,,,road_type_defaults
45795,5780758058,5780843160,78.000,7.020,free_flow,A,1.00,40.00,40.00,secondary,Nguyễn Trãi,3,,,road_type_defaults
45796,5780843160,5780758058,78.000,7.020,free_flow,A,1.00,40.00,40.00,secondary,Nguyễn Trãi,3,,,road_type_defaults
45797,5780843160,411926193,6.000,0.540,free_flow,A,1.00,40.00,40.00,secondary,Nguyễn Trãi,3,,,road_type_defaults
45798,411926193,5780843160,6.000,0.540,free_flow,A,1.00,40.00,40.00,secondary,Nguyễn Trãi,3,,,road_type_defaults
45799,411926193,4607349131,47.000,4.230,free_flow,A,1.00,40.00,40.00,secondary,Nguyễn Trãi,3,,,road_type_defaults
45800,4607349131,411926193,47.000,4.230,free_flow,A,1.00,40.00,40.00,secondary,Nguyễn Trãi,3,,,road_type_defaults
45801,4607349131,4607349648,38.000,3.420,free_flow,A,1.00,40.00,40.00,secondary,Nguyễn Trãi,3,,,road_type_defaults
45802,4607349648,4607349131,38.000,3.420,free_flow,A,1.00,40.00,40.00,secondary,Nguyễn Trãi,3,,,road_type_defaults
45803,4607349648,5780755899,18.000,1.620,free_flow,A,1.00,40.00,40.00,secondary,Nguyễn Trãi,3,,,road_type_defaults
45804,5780755899,4607349648,18.000,1.620,free_flow,A,1.00,40.00,40.00,secondary,Nguyễn Trãi,3,,,road_type_defaults
45805,5780755899,411926194,12.000,1.080,free_flow,A,1.00,40.00,40.00,secondary,Nguyễn Trãi,3,,,road_type_defaults
45806,411926194,5780755899,12.000,1.080,free_flow,A,1.00,40.00,40.00,secondary,Nguyễn Trãi,3,,,road_type_defaults
45807,411926194,5795001633,154.000,13.860,free_flow,A,1.00,40.00,40.00,secondary,Nguyễn Trãi,3,,,road_type_defaults
45808,5795001633,411926194,154.000,13.860,free_flow,A,1.00,40.00,40.00,secondary,Nguyễn Trãi,3,,,road_type_defaults
45809,5795001633,5794999651,14.000,1.260,free_flow,A,1.00,40.00,40.00,secondary,Nguyễn Trãi,3,,,road_type_defaults
45810,5794999651,5795001633,14.000,1.260,free_flow,A,1.00,40.00,40.00,secondary,Nguyễn Trãi,3,,,road_type_defaults
45811,5794999651,411920788,87.000,7.830,free_flow,A,1.00,40.00,40.00,secondary,Nguyễn Trãi,3,,,road_type_defaults
45812,411920788,5794999651,87.000,7.830,free_flow,A,1.00,40.00,40.00,secondary,Nguyễn Trãi,3,,,road_type_defaults
45813,411920788,411918233,31.000,2.790,free_flow,A,1.00,40.00,40.00,secondary,Nguyễn Trãi,3,,,road_type_defaults
45814,411918233,411920788,31.000,2.790,free_flow,A,1.00,40.00,40.00,secondary,Nguyễn Trãi,3,,,road_type_defaults
45815,411918233,411918231,23.000,2.070,free_flow,A,1.00,40.00,40.00,secondary,Nguyễn Trãi,3,,,road_type_defaults
45816,411918231,411918233,23.000,2.070,free_flow,A,1.00,40.00,40.00,secondary,Nguyễn Trãi,3,,,road_type_defaults
45817,411918231,411921399,19.000,1.710,free_flow,A,1.00,40.00,40.00,secondary,Nguyễn Trãi,3,,,road_type_defaults
45818,411921399,411918231,19.000,1.710,free_flow,A,1.00,40.00,40.00,secondary,Nguyễn Trãi,3,,,road_type_defaults
45819,411921399,411918239,11.000,0.990,free_flow,A,1.00,40.00,40.00,secondary,Nguyễn Trãi,3,,,road_type_defaults
45820,411918239,411921399,11.000,0.990,free_flow,A,1.00,40.00,40.00,secondary,Nguyễn Trãi,3,,,road_type_defaults
45821,411918239,411924900,19.000,1.710,free_flow,A,1.00,40.00,40.00,secondary,Nguyễn Trãi,3,,,road_type_defaults
45822,411924900,411918239,19.000,1.710,free_flow,A,1.00,40.00,40.00,secondary,Nguyễn Trãi,3,,,road_type_defaults
45823,411924900,5795001634,68.000,6.120,free_flow,A,1.00,40.00,40.00,secondary,Nguyễn Trãi,3,,,road_type_defaults
45824,5795001634,411924900,68.000,6.120,free_flow,A,1.00,40.00,40.00,secondary,Nguyễn Trãi,3,,,road_type_defaults
45825,5795001634,411918236,10.000,0.900,free_flow,A,1.00,40.00,40.00,secondary,Nguyễn Trãi,3,,,road_type_defaults
45826,411918236,5795001634,10.000,0.900,free_flow,A,1.00,40.00,40.00,secondary,Nguyễn Trãi,3,,,road_type_defaults
45827,411918236,366467217,11.000,0.990,free_flow,A,1.00,40.00,40.00,secondary,Nguyễn Trãi,3,,,road_type_defaults
45828,366467217,411918236,11.000,0.990,free_flow,A,1.00,40.00,40.00,secondary,Nguyễn Trãi,3,,,road_type_defaults
45829,3338165688,4666227464,26.000,3.120,free_flow,A,1.00,30.00,30.00,tertiary,Cống Quỳnh,4,,,road_type_defaults
45830,4666227464,3338165688,26.000,3.120,free_flow,A,1.00,30.00,30.00,tertiary,Cống Quỳnh,4,,,road_type_defaults
46953,2934006866,2433653223,17.000,1.275,free_flow,A,1.00,40.00,48.00,secondary,Thành Thái,3,2021-04-21,period_22_00,train_los+latest_segment_status
46954,5892098006,2999030270,43.000,4.837,heavy,D,2.50,30.00,32.00,tertiary,Thành Thái,4,2020-08-03,period_0_00,train_los+latest_segment_status
46955,2999030272,2999030273,12.000,1.137,heavy,D,2.50,40.00,38.00,primary_link,Thành Thái,3,2020-08-03,period_0_00,train_los+latest_segment_status
46956,2999030273,2999030267,20.000,36.000,moderate,C,1.75,40.00,2.00,primary_link,Thành Thái,3,2020-08-03,period_0_00,train_los+latest_segment_status
46961,2999030267,5892098006,22.782,3.154,moderate,C,1.75,40.00,26.00,primary_link,Thành Thái,3,2020-12-25,period_10_00,train_los+latest_segment_status
84649,5892098006,5892098005,3.218,0.446,moderate,C,1.75,40.00,26.00,primary_link,Thành Thái,3,2020-12-25,period_10_00,train_los+latest_segment_status
46962,5778872966,5892098006,4.647,2.390,gridlock,F,8.00,40.00,7.00,primary_link,Đường Thành Thái,3,2020-12-25,period_10_00,train_los+latest_segment_status
84650,5892098006,2999040632,18.353,9.439,gridlock,F,8.00,40.00,7.00,primary_link,Đường Thành Thái,3,2020-12-25,period_10_00,train_los+latest_segment_status
46959,2999040632,4629703858,31.000,22.320,gridlock,F,8.00,40.00,5.00,primary_link,Đường Thành Thái,3,2020-11-18,period_1_30,train_los+latest_segment_status
46960,4629703858,4629703859,11.000,2.829,gridlock,F,8.00,40.00,14.00,primary_link,Đường 3 Tháng 2,3,2021-01-03,period_1_30,train_los+latest_segment_status
47166,2032267337,2032267247,54.000,6.480,free_flow,A,1.00,30.00,30.00,unclassified,Hoàng Diệu,4,,,road_type_defaults
47167,2032267247,2032267470,37.000,4.440,free_flow,A,1.00,30.00,30.00,unclassified,Hoàng Diệu,4,,,road_type_defaults
47168,366408252,2027773690,29.000,3.729,severe,E,4.00,50.00,28.00,primary,Hoàng Diệu,2,2021-04-05,period_11_00,train_los+latest_segment_status
47169,2027773690,3171491270,13.000,0.936,free_flow,A,1.00,50.00,50.00,primary,Hoàng Diệu,2,,,road_type_defaults
47170,3171491270,1767234732,11.000,0.792,free_flow,A,1.00,50.00,50.00,primary,Hoàng Diệu,2,,,road_type_defaults
47171,1767234732,1767235000,71.000,5.112,free_flow,A,1.00,50.00,50.00,primary,Hoàng Diệu,2,,,road_type_defaults
47172,1767235000,1768404084,60.000,4.320,free_flow,A,1.00,50.00,50.00,primary,Hoàng Diệu,2,,,road_type_defaults
47173,1768404084,2305201705,62.000,4.464,free_flow,A,1.00,50.00,50.00,primary,Hoàng Diệu,2,,,road_type_defaults
47174,2305201705,2305201711,11.000,0.792,free_flow,A,1.00,50.00,50.00,primary,Hoàng Diệu,2,,,road_type_defaults
47198,2026784433,746617465,24.000,2.880,free_flow,A,1.00,30.00,30.00,unclassified,Tân Vĩnh,4,,,road_type_defaults
47199,746617465,2026784433,24.000,2.880,free_flow,A,1.00,30.00,30.00,unclassified,Tân Vĩnh,4,,,road_type_defaults
47219,5772092722,5772092721,20.000,2.400,free_flow,A,1.00,30.00,30.00,unclassified,Nguyễn Hữu Hào,4,,,road_type_defaults
47220,5772092721,5772092722,20.000,2.400,free_flow,A,1.00,30.00,30.00,unclassified,Nguyễn Hữu Hào,4,,,road_type_defaults
47221,5772092721,5772092855,45.000,5.400,free_flow,A,1.00,30.00,30.00,unclassified,Nguyễn Hữu Hào,4,,,road_type_defaults
47222,5772092855,5772092721,45.000,5.400,free_flow,A,1.00,30.00,30.00,unclassified,Nguyễn Hữu Hào,4,,,road_type_defaults
47223,5772092855,5772092895,6.000,0.720,free_flow,A,1.00,30.00,30.00,unclassified,Nguyễn Hữu Hào,4,,,road_type_defaults
47224,5772092895,5772092855,6.000,0.720,free_flow,A,1.00,30.00,30.00,unclassified,Nguyễn Hữu Hào,4,,,road_type_defaults
47225,5772092895,5772746291,29.000,3.480,free_flow,A,1.00,30.00,30.00,unclassified,Nguyễn Hữu Hào,4,,,road_type_defaults
47226,5772746291,5772092895,29.000,3.480,free_flow,A,1.00,30.00,30.00,unclassified,Nguyễn Hữu Hào,4,,,road_type_defaults
47227,5772746291,5772092897,79.000,9.480,free_flow,A,1.00,30.00,30.00,unclassified,Nguyễn Hữu Hào,4,,,road_type_defaults
47228,5772092897,5772746291,79.000,9.480,free_flow,A,1.00,30.00,30.00,unclassified,Nguyễn Hữu Hào,4,,,road_type_defaults
47229,5772092897,5772092896,14.000,1.680,free_flow,A,1.00,30.00,30.00,unclassified,Nguyễn Hữu Hào,4,,,road_type_defaults
47230,5772092896,5772092897,14.000,1.680,free_flow,A,1.00,30.00,30.00,unclassified,Nguyễn Hữu Hào,4,,,road_type_defaults
47313,4604865410,411924251,49.000,5.880,free_flow,A,1.00,30.00,30.00,tertiary,Võ Văn Tần,4,,,road_type_defaults
47314,411924251,4604865410,49.000,5.880,free_flow,A,1.00,30.00,30.00,tertiary,Võ Văn Tần,4,,,road_type_defaults
47315,411924251,411924582,11.000,1.320,free_flow,A,1.00,30.00,30.00,tertiary,Võ Văn Tần,4,,,road_type_defaults
47316,411924582,411924251,11.000,1.320,free_flow,A,1.00,30.00,30.00,tertiary,Võ Văn Tần,4,,,road_type_defaults
47317,411924582,411924562,48.000,5.760,free_flow,A,1.00,30.00,30.00,tertiary,Võ Văn Tần,4,,,road_type_defaults
47318,411924562,411924582,48.000,5.760,free_flow,A,1.00,30.00,30.00,tertiary,Võ Văn Tần,4,,,road_type_defaults
47319,411924562,411921863,27.000,3.240,free_flow,A,1.00,30.00,30.00,tertiary,Võ Văn Tần,4,,,road_type_defaults
47320,411921863,411924562,27.000,2.068,free_flow,A,1.00,30.00,47.00,tertiary,Võ Văn Tần,4,2020-11-29,period_2_30,train_los+latest_segment_status
47321,411921863,4604920479,29.000,3.480,free_flow,A,1.00,30.00,30.00,tertiary,Võ Văn Tần,4,,,road_type_defaults
47322,4604920479,411921863,29.000,3.480,free_flow,A,1.00,30.00,30.00,tertiary,Võ Văn Tần,4,,,road_type_defaults
47323,4604920479,411921157,15.000,1.800,free_flow,A,1.00,30.00,30.00,tertiary,Võ Văn Tần,4,,,road_type_defaults
47324,411921157,4604920479,15.000,1.800,free_flow,A,1.00,30.00,30.00,tertiary,Võ Văn Tần,4,,,road_type_defaults
47325,411921157,411920780,18.000,2.160,free_flow,A,1.00,30.00,30.00,tertiary,Võ Văn Tần,4,,,road_type_defaults
47326,411920780,411921157,18.000,2.160,free_flow,A,1.00,30.00,30.00,tertiary,Võ Văn Tần,4,,,road_type_defaults
47327,411920780,411925620,27.000,3.240,free_flow,A,1.00,30.00,30.00,tertiary,Võ Văn Tần,4,,,road_type_defaults
47328,411925620,411920780,27.000,3.240,free_flow,A,1.00,30.00,30.00,tertiary,Võ Văn Tần,4,,,road_type_defaults
47329,411925620,411925913,8.000,0.960,free_flow,A,1.00,30.00,30.00,tertiary,Võ Văn Tần,4,,,road_type_defaults
47330,411925913,411925620,8.000,0.960,free_flow,A,1.00,30.00,30.00,tertiary,Võ Văn Tần,4,,,road_type_defaults
47331,2393614152,411925765,37.000,4.440,free_flow,A,1.00,30.00,30.00,tertiary,Nguyễn Ðình Chiểu,4,,,road_type_defaults
47332,411925765,5763263834,34.000,20.400,gridlock,F,8.00,30.00,6.00,tertiary,Nguyễn Ðình Chiểu,4,2021-04-05,period_11_00,train_los+latest_segment_status
47333,5763263834,411918386,2.000,0.094,moderate,C,1.75,30.00,77.00,tertiary,Nguyễn Ðình Chiểu,4,2021-04-16,period_1_30,train_los+latest_segment_status
47334,411918386,3167004171,11.000,1.320,free_flow,A,1.00,30.00,30.00,tertiary,Nguyễn Ðình Chiểu,4,,,road_type_defaults
47335,3167004171,4649999510,2.000,0.195,free_flow,A,1.00,30.00,37.00,tertiary,Nguyễn Ðình Chiểu,4,2020-11-16,period_1_30,train_los+latest_segment_status
47336,4649999510,411918700,17.000,1.700,free_flow,A,1.00,30.00,36.00,tertiary,Nguyễn Ðình Chiểu,4,2020-11-17,period_1_30,train_los+latest_segment_status
47337,411918700,4627745553,7.000,0.840,free_flow,A,1.00,30.00,30.00,tertiary,Nguyễn Ðình Chiểu,4,,,road_type_defaults
47338,4627745553,4627742716,44.000,5.280,free_flow,A,1.00,30.00,30.00,tertiary,Nguyễn Ðình Chiểu,4,,,road_type_defaults
47339,4627742716,5763263953,23.000,2.855,moderate,C,1.75,30.00,29.00,tertiary,Nguyễn Ðình Chiểu,4,2020-12-01,period_1_30,train_los+latest_segment_status
47340,5763263953,411920483,3.000,0.635,severe,E,4.00,30.00,17.00,tertiary,Nguyễn Ðình Chiểu,4,2021-04-16,period_1_30,train_los+latest_segment_status
47341,411920483,5763263852,23.000,2.760,free_flow,A,1.00,30.00,30.00,tertiary,Nguyễn Ðình Chiểu,4,,,road_type_defaults
47342,5763263852,411924561,24.000,2.880,free_flow,A,1.00,30.00,30.00,tertiary,Nguyễn Ðình Chiểu,4,,,road_type_defaults
47343,411924561,4607499383,11.000,1.320,free_flow,A,1.00,30.00,30.00,tertiary,Nguyễn Ðình Chiểu,4,,,road_type_defaults
47344,4607499383,5763263851,3.000,0.360,free_flow,A,1.00,30.00,30.00,tertiary,Nguyễn Ðình Chiểu,4,,,road_type_defaults
47345,5763263851,5763263832,10.000,0.837,free_flow,A,1.00,30.00,43.00,tertiary,Nguyễn Ðình Chiểu,4,2020-11-29,period_2_30,train_los+latest_segment_status
47346,5763263832,5763263831,24.000,4.800,severe,E,4.00,30.00,18.00,tertiary,Nguyễn Ðình Chiểu,4,2020-11-19,period_2_00,train_los+latest_segment_status
47347,5763263831,411922702,7.000,2.520,gridlock,F,8.00,30.00,10.00,tertiary,Nguyễn Ðình Chiểu,4,2020-12-15,period_2_00,train_los+latest_segment_status
47348,411922702,4607549727,16.000,1.920,free_flow,A,1.00,30.00,30.00,tertiary,Nguyễn Ðình Chiểu,4,,,road_type_defaults
47349,4607549727,5764789632,11.000,9.900,gridlock,F,8.00,30.00,4.00,tertiary,Nguyễn Ðình Chiểu,4,2020-11-19,period_2_00,train_los+latest_segment_status
47350,5764789632,4899423023,12.000,14.400,gridlock,F,8.00,30.00,3.00,tertiary,Nguyễn Ðình Chiểu,4,2021-04-16,period_1_30,train_los+latest_segment_status
47351,4899423023,411921846,22.000,8.800,gridlock,F,8.00,30.00,9.00,tertiary,Nguyễn Ðình Chiểu,4,2021-04-16,period_1_30,train_los+latest_segment_status
47352,411921846,3167004172,9.000,0.704,free_flow,A,1.00,30.00,46.00,tertiary,Nguyễn Ðình Chiểu,4,2021-04-16,period_1_30,train_los+latest_segment_status
47353,3167004172,411923488,18.000,3.240,heavy,D,2.50,30.00,20.00,tertiary,Nguyễn Ðình Chiểu,4,2020-11-19,period_2_00,train_los+latest_segment_status
47354,411923488,411924537,28.000,2.800,free_flow,A,1.00,30.00,36.00,tertiary,Nguyễn Ðình Chiểu,4,2020-12-15,period_2_00,train_los+latest_segment_status
47355,411924537,411924316,39.000,4.529,light,B,1.25,30.00,31.00,tertiary,Nguyễn Ðình Chiểu,4,2020-11-19,period_2_00,train_los+latest_segment_status
47356,411924316,411923251,20.000,3.130,heavy,D,2.50,30.00,23.00,tertiary,Nguyễn Ðình Chiểu,4,2020-11-20,period_2_00,train_los+latest_segment_status
47357,411923251,411923168,43.000,5.160,free_flow,A,1.00,30.00,30.00,tertiary,Nguyễn Ðình Chiểu,4,,,road_type_defaults
47358,411923168,411922744,13.000,1.300,free_flow,A,1.00,30.00,36.00,tertiary,Nguyễn Ðình Chiểu,4,2021-04-16,period_1_30,train_los+latest_segment_status
47359,411922744,5764789631,11.000,1.414,moderate,C,1.75,30.00,28.00,tertiary,Nguyễn Ðình Chiểu,4,2020-12-15,period_2_00,train_los+latest_segment_status
47360,5764789631,411924323,23.000,2.435,light,B,1.25,30.00,34.00,tertiary,Nguyễn Ðình Chiểu,4,2020-11-20,period_2_00,train_los+latest_segment_status
47361,411924323,5764789630,20.000,2.400,free_flow,A,1.00,30.00,30.00,tertiary,Nguyễn Ðình Chiểu,4,,,road_type_defaults
47362,5764789630,411918472,19.000,2.631,moderate,C,1.75,30.00,26.00,tertiary,Nguyễn Ðình Chiểu,4,2020-11-19,period_2_00,train_los+latest_segment_status
47363,411918472,411923852,17.000,2.040,free_flow,A,1.00,30.00,30.00,tertiary,Nguyễn Ðình Chiểu,4,,,road_type_defaults
47364,411923852,411920294,13.000,1.510,light,B,1.25,30.00,31.00,tertiary,Nguyễn Ðình Chiểu,4,2020-12-01,period_1_30,train_los+latest_segment_status
47365,411920294,5764789629,10.000,1.161,light,B,1.25,30.00,31.00,tertiary,Nguyễn Ðình Chiểu,4,2021-04-16,period_1_30,train_los+latest_segment_status
47366,5764789629,411918736,9.000,1.080,free_flow,A,1.00,30.00,30.00,tertiary,Nguyễn Ðình Chiểu,4,,,road_type_defaults
47367,411918736,5764789628,21.000,2.908,moderate,C,1.75,30.00,26.00,tertiary,Nguyễn Ðình Chiểu,4,2020-12-15,period_2_00,train_los+latest_segment_status
47368,5764789628,5764789627,19.000,2.443,moderate,C,1.75,30.00,28.00,tertiary,Nguyễn Ðình Chiểu,4,2020-11-20,period_2_00,train_los+latest_segment_status
47369,5764789627,5764789626,12.000,1.440,free_flow,A,1.00,30.00,30.00,tertiary,Nguyễn Ðình Chiểu,4,,,road_type_defaults
47370,5764789626,5762610094,44.000,5.280,free_flow,A,1.00,30.00,30.00,tertiary,Nguyễn Ðình Chiểu,4,,,road_type_defaults
47371,411925913,411926324,36.000,4.181,severe,E,4.00,30.00,31.00,tertiary,Võ Văn Tần,4,2021-04-16,period_1_30,train_los+latest_segment_status
47372,411926324,411925913,36.000,8.100,severe,E,4.00,30.00,16.00,tertiary,Võ Văn Tần,4,2020-11-19,period_11_30,train_los+latest_segment_status
47373,411926324,411925854,31.000,55.800,gridlock,F,8.00,30.00,2.00,tertiary,Võ Văn Tần,4,2020-11-17,period_11_30,train_los+latest_segment_status
47374,411925854,411926324,31.000,3.720,free_flow,A,1.00,30.00,30.00,tertiary,Võ Văn Tần,4,,,road_type_defaults
47375,411925854,411926282,55.000,6.600,free_flow,A,1.00,30.00,30.00,tertiary,Võ Văn Tần,4,,,road_type_defaults
47376,411926282,411925854,55.000,14.143,gridlock,F,8.00,30.00,14.00,tertiary,Võ Văn Tần,4,2020-11-26,period_11_30,train_los+latest_segment_status
47377,411926282,411924321,71.000,8.520,free_flow,A,1.00,30.00,30.00,tertiary,Võ Văn Tần,4,,,road_type_defaults
47378,411924321,411926282,71.000,8.520,free_flow,A,1.00,30.00,30.00,tertiary,Võ Văn Tần,4,,,road_type_defaults
47379,411924321,411925704,55.000,6.600,free_flow,A,1.00,30.00,30.00,tertiary,Võ Văn Tần,4,,,road_type_defaults
47380,411925704,411924321,55.000,6.600,free_flow,A,1.00,30.00,30.00,tertiary,Võ Văn Tần,4,,,road_type_defaults
47381,411925704,411925807,32.000,3.840,free_flow,A,1.00,30.00,30.00,tertiary,Võ Văn Tần,4,,,road_type_defaults
47382,411925807,411925704,32.000,3.840,free_flow,A,1.00,30.00,30.00,tertiary,Võ Văn Tần,4,,,road_type_defaults
47383,411925807,411918681,28.000,3.360,free_flow,A,1.00,30.00,30.00,tertiary,Võ Văn Tần,4,,,road_type_defaults
47384,411918681,411925807,28.000,3.360,free_flow,A,1.00,30.00,30.00,tertiary,Võ Văn Tần,4,,,road_type_defaults
47385,411918681,411918679,26.000,3.120,free_flow,A,1.00,30.00,30.00,tertiary,Võ Văn Tần,4,,,road_type_defaults
47386,411918679,411918681,26.000,3.120,free_flow,A,1.00,30.00,30.00,tertiary,Võ Văn Tần,4,,,road_type_defaults
47387,411918679,411926469,42.000,5.040,free_flow,A,1.00,30.00,30.00,tertiary,Võ Văn Tần,4,,,road_type_defaults
47388,411926469,411918679,42.000,5.040,free_flow,A,1.00,30.00,30.00,tertiary,Võ Văn Tần,4,,,road_type_defaults
47465,2032267470,2027772746,9.000,1.296,free_flow,A,1.00,25.00,25.00,residential,Đường Hoàng Diệu,4,,,road_type_defaults
49148,411926229,411918213,37.000,4.440,free_flow,A,1.00,30.00,30.00,unclassified,Nguyễn Thông,4,,,road_type_defaults
49149,411918213,411926229,37.000,4.440,free_flow,A,1.00,30.00,30.00,unclassified,Nguyễn Thông,4,,,road_type_defaults
49150,411918213,411917856,118.000,12.873,light,B,1.25,30.00,33.00,unclassified,Nguyễn Thông,4,2020-12-26,period_12_30,train_los+latest_segment_status
49151,411917856,411918213,118.000,14.160,free_flow,A,1.00,30.00,30.00,unclassified,Nguyễn Thông,4,,,road_type_defaults
49152,411917856,411926137,130.000,36.000,gridlock,F,8.00,30.00,13.00,unclassified,Nguyễn Thông,4,2021-01-06,period_0_30,train_los+latest_segment_status
49153,411926137,411917856,130.000,15.600,free_flow,A,1.00,30.00,30.00,unclassified,Nguyễn Thông,4,,,road_type_defaults
49154,411926137,411918501,74.000,9.867,moderate,C,1.75,30.00,27.00,unclassified,Nguyễn Thông,4,2021-01-06,period_0_30,train_los+latest_segment_status
49155,411918501,411926137,74.000,5.328,free_flow,A,1.00,30.00,50.00,unclassified,Nguyễn Thông,4,2020-12-26,period_8_30,train_los+latest_segment_status
49156,411918501,411926139,83.000,7.863,moderate,C,1.75,30.00,38.00,unclassified,Nguyễn Thông,4,2021-01-06,period_0_30,train_los+latest_segment_status
49157,411926139,411918501,83.000,5.976,free_flow,A,1.00,30.00,50.00,unclassified,Nguyễn Thông,4,2020-11-29,period_6_30,train_los+latest_segment_status
49158,411926139,411926052,117.000,23.400,gridlock,F,8.00,30.00,18.00,unclassified,Nguyễn Thông,4,2021-01-06,period_0_30,train_los+latest_segment_status
49159,411926052,411926139,117.000,14.040,free_flow,A,1.00,30.00,30.00,unclassified,Nguyễn Thông,4,,,road_type_defaults
49160,411926052,411926172,109.000,20.653,gridlock,F,8.00,30.00,19.00,unclassified,Nguyễn Thông,4,2021-01-05,period_12_00,train_los+latest_segment_status
49161,411926172,411926052,109.000,13.080,light,B,1.25,30.00,30.00,unclassified,Nguyễn Thông,4,2020-11-27,period_14_00,train_los+latest_segment_status
49162,411926172,4932267125,35.000,5.478,severe,E,4.00,30.00,23.00,unclassified,Nguyễn Thông,4,2021-01-05,period_12_00,train_los+latest_segment_status
49163,4932267125,411926172,35.000,4.200,free_flow,A,1.00,30.00,30.00,unclassified,Nguyễn Thông,4,,,road_type_defaults
49164,4932267125,5778212575,18.000,1.507,free_flow,A,1.00,30.00,43.00,unclassified,Nguyễn Thông,4,2020-12-26,period_10_30,train_los+latest_segment_status
49165,5778212575,4932267125,18.000,2.160,free_flow,A,1.00,30.00,30.00,unclassified,Nguyễn Thông,4,,,road_type_defaults
49166,5778212575,3081520486,3.000,0.277,free_flow,A,1.00,30.00,39.00,unclassified,Nguyễn Thông,4,2020-12-26,period_12_30,train_los+latest_segment_status
49167,3081520486,5778212575,3.000,0.360,free_flow,A,1.00,30.00,30.00,unclassified,Nguyễn Thông,4,,,road_type_defaults
49168,3081520486,3257247348,68.000,8.160,free_flow,A,1.00,30.00,30.00,unclassified,Nguyễn Thông,4,,,road_type_defaults
49169,3257247348,3081520486,68.000,11.127,heavy,D,2.50,30.00,22.00,unclassified,Nguyễn Thông,4,2021-01-05,period_0_30,train_los+latest_segment_status
49170,3257247348,411926049,69.000,9.554,moderate,C,1.75,30.00,26.00,unclassified,Nguyễn Thông,4,2021-01-05,period_12_00,train_los+latest_segment_status
49171,411926049,3257247348,69.000,8.280,free_flow,A,1.00,30.00,30.00,unclassified,Nguyễn Thông,4,,,road_type_defaults
49172,411926049,3257259160,106.000,7.788,free_flow,A,1.00,30.00,49.00,unclassified,Nguyễn Thông,4,2020-12-26,period_12_30,train_los+latest_segment_status
49173,3257259160,411926049,106.000,17.345,heavy,D,2.50,30.00,22.00,unclassified,Nguyễn Thông,4,2021-01-05,period_12_00,train_los+latest_segment_status
49174,3257259160,411926050,47.000,10.575,severe,E,4.00,30.00,16.00,unclassified,Nguyễn Thông,4,2021-01-05,period_12_00,train_los+latest_segment_status
49175,411926050,3257259160,47.000,5.640,free_flow,A,1.00,30.00,30.00,unclassified,Nguyễn Thông,4,,,road_type_defaults
49176,411926050,2520636900,16.000,1.152,free_flow,A,1.00,30.00,50.00,unclassified,Nguyễn Thông,4,2020-12-26,period_12_30,train_los+latest_segment_status
49177,2520636900,411926050,16.000,1.920,free_flow,A,1.00,30.00,30.00,unclassified,Nguyễn Thông,4,,,road_type_defaults
49178,2520636900,3744246109,11.000,0.792,free_flow,A,1.00,30.00,50.00,unclassified,Nguyễn Thông,4,2020-12-26,period_10_00,train_los+latest_segment_status
49179,3744246109,2520636900,11.000,1.320,free_flow,A,1.00,30.00,30.00,unclassified,Nguyễn Thông,4,,,road_type_defaults
49180,3744246109,411919149,53.000,3.816,free_flow,A,1.00,30.00,50.00,unclassified,Nguyễn Thông,4,2020-12-26,period_9_00,train_los+latest_segment_status
49181,411919149,3744246109,53.000,6.360,free_flow,A,1.00,30.00,30.00,unclassified,Nguyễn Thông,4,,,road_type_defaults
49182,5462344911,5462344910,181.000,13.032,free_flow,A,1.00,50.00,50.00,primary,Cầu vượt Lý Thái Tổ - Nguyễn Tri Phương,2,2020-12-26,period_11_30,train_los+latest_segment_status
49183,5462344910,5462344911,181.000,93.086,severe,E,4.00,50.00,7.00,primary,Cầu vượt Lý Thái Tổ - Nguyễn Tri Phương,2,2020-08-03,period_0_00,train_los+latest_segment_status
49184,5462344910,3262508964,59.000,10.620,severe,E,4.00,50.00,20.00,primary,Cầu vượt Lý Thái Tổ - Nguyễn Tri Phương,2,2020-12-25,period_8_00,train_los+latest_segment_status
49185,3262508964,5462344910,59.000,23.600,heavy,D,2.50,50.00,9.00,primary,Cầu vượt Lý Thái Tổ - Nguyễn Tri Phương,2,2020-08-03,period_0_00,train_los+latest_segment_status
49190,3262508964,5462282628,87.963,18.627,severe,E,4.00,50.00,17.00,primary,Cầu vượt Lý Thái Tổ - Nguyễn Tri Phương,2,2020-12-25,period_10_00,train_los+latest_segment_status
84651,5462282628,5757841587,7.037,5.067,gridlock,F,8.00,50.00,5.00,primary,Cầu vượt Lý Thái Tổ - Nguyễn Tri Phương,2,2020-12-25,period_10_00,train_los+latest_segment_status
49191,5757841587,5462282628,7.037,2.815,heavy,D,2.50,50.00,9.00,primary,Cầu vượt Lý Thái Tổ - Nguyễn Tri Phương,2,2020-08-03,period_0_00,train_los+latest_segment_status
84652,5462282628,3262508964,87.963,35.185,heavy,D,2.50,50.00,9.00,primary,Cầu vượt Lý Thái Tổ - Nguyễn Tri Phương,2,2020-08-03,period_0_00,train_los+latest_segment_status
49192,5757841587,5462282636,4.859,0.972,severe,E,4.00,50.00,18.00,primary,Cầu vượt Lý Thái Tổ - Nguyễn Tri Phương,2,2021-04-05,period_13_00,train_los+latest_segment_status
84653,5462282636,5462282635,3.489,0.698,severe,E,4.00,50.00,18.00,primary,Cầu vượt Lý Thái Tổ - Nguyễn Tri Phương,2,2021-04-05,period_13_00,train_los+latest_segment_status
84654,5462282635,5462282634,2.662,0.532,severe,E,4.00,50.00,18.00,primary,Cầu vượt Lý Thái Tổ - Nguyễn Tri Phương,2,2021-04-05,period_13_00,train_los+latest_segment_status
84655,5462282634,5757841588,249.989,49.998,severe,E,4.00,50.00,18.00,primary,Cầu vượt Lý Thái Tổ - Nguyễn Tri Phương,2,2021-04-05,period_13_00,train_los+latest_segment_status
49193,5757841588,5462282636,248.343,29.801,heavy,D,2.50,50.00,30.00,primary,Cầu vượt Lý Thái Tổ - Nguyễn Tri Phương,2,2020-08-03,period_0_00,train_los+latest_segment_status
84656,5462282636,5462282635,3.436,0.412,heavy,D,2.50,50.00,30.00,primary,Cầu vượt Lý Thái Tổ - Nguyễn Tri Phương,2,2020-08-03,period_0_00,train_los+latest_segment_status
84657,5462282635,5462282634,2.622,0.315,heavy,D,2.50,50.00,30.00,primary,Cầu vượt Lý Thái Tổ - Nguyễn Tri Phương,2,2020-08-03,period_0_00,train_los+latest_segment_status
84658,5462282634,5757841587,6.599,0.792,heavy,D,2.50,50.00,30.00,primary,Cầu vượt Lý Thái Tổ - Nguyễn Tri Phương,2,2020-08-03,period_0_00,train_los+latest_segment_status
49290,5763135365,411926505,69.000,8.280,free_flow,A,1.00,30.00,30.00,tertiary,Lê Thánh Tôn,4,,,road_type_defaults
49291,411926505,411926438,59.000,7.080,free_flow,A,1.00,30.00,30.00,tertiary,Lê Thánh Tôn,4,,,road_type_defaults
49292,411926438,411926429,63.000,7.560,free_flow,A,1.00,30.00,30.00,tertiary,Lê Thánh Tôn,4,,,road_type_defaults
49293,411926429,411926437,152.000,18.240,free_flow,A,1.00,30.00,30.00,tertiary,Lê Thánh Tôn,4,,,road_type_defaults
49294,411926437,4608280833,95.000,11.400,free_flow,A,1.00,30.00,30.00,tertiary,Lê Thánh Tôn,4,,,road_type_defaults
49295,4608280833,5444117923,46.000,5.520,free_flow,A,1.00,30.00,30.00,tertiary,Lê Thánh Tôn,4,,,road_type_defaults
49296,5444117923,4605017103,19.000,2.280,free_flow,A,1.00,30.00,30.00,tertiary,Lê Thánh Tôn,4,,,road_type_defaults
49620,4605034948,5762726890,88.000,7.920,free_flow,A,1.00,40.00,40.00,secondary,Nguyễn Trãi,3,,,road_type_defaults
49621,5762726890,4605034948,88.000,28.800,gridlock,F,8.00,40.00,11.00,secondary,Nguyễn Trãi,3,2020-12-24,period_14_00,train_los+latest_segment_status
49622,5762726890,411922074,24.000,5.760,severe,E,4.00,40.00,15.00,secondary,Nguyễn Trãi,3,2020-12-24,period_14_00,train_los+latest_segment_status
49623,411922074,5762726890,24.000,4.547,severe,E,4.00,40.00,19.00,secondary,Nguyễn Trãi,3,2020-11-16,period_13_30,train_los+latest_segment_status
49624,411922074,5762711603,26.000,2.340,free_flow,A,1.00,40.00,40.00,secondary,Nguyễn Trãi,3,,,road_type_defaults
49625,5762711603,411922074,26.000,4.070,heavy,D,2.50,40.00,23.00,secondary,Nguyễn Trãi,3,2020-11-27,period_2_00,train_los+latest_segment_status
49626,5762711603,411921473,7.000,0.630,free_flow,A,1.00,40.00,40.00,secondary,Nguyễn Trãi,3,,,road_type_defaults
49627,411921473,5762711603,7.000,1.008,moderate,C,1.75,40.00,25.00,secondary,Nguyễn Trãi,3,2020-11-18,period_11_30,train_los+latest_segment_status
49628,411921473,4608876661,23.000,2.070,free_flow,A,1.00,40.00,40.00,secondary,Nguyễn Trãi,3,,,road_type_defaults
49629,4608876661,411921473,23.000,3.312,moderate,C,1.75,40.00,25.00,secondary,Nguyễn Trãi,3,2020-12-15,period_11_00,train_los+latest_segment_status
49630,4608876661,411926098,24.000,2.160,free_flow,A,1.00,40.00,40.00,secondary,Nguyễn Trãi,3,,,road_type_defaults
49631,411926098,4608876661,24.000,10.800,gridlock,F,8.00,40.00,8.00,secondary,Nguyễn Trãi,3,2020-11-20,period_11_30,train_los+latest_segment_status
49632,411926098,4608876662,42.000,3.780,free_flow,A,1.00,40.00,40.00,secondary,Nguyễn Trãi,3,,,road_type_defaults
49633,4608876662,411926098,42.000,11.631,gridlock,F,8.00,40.00,13.00,secondary,Nguyễn Trãi,3,2020-12-15,period_11_00,train_los+latest_segment_status
49634,411922074,5762711597,40.000,4.800,free_flow,A,1.00,30.00,30.00,tertiary,Lê Lai,4,,,road_type_defaults
49635,5762711597,411922074,40.000,4.800,free_flow,A,1.00,30.00,30.00,tertiary,Lê Lai,4,,,road_type_defaults
49636,5762711597,4608867550,77.000,9.240,free_flow,A,1.00,30.00,30.00,tertiary,Lê Lai,4,,,road_type_defaults
49637,4608867550,5762711597,77.000,15.400,severe,E,4.00,30.00,18.00,tertiary,Lê Lai,4,2020-12-24,period_14_00,train_los+latest_segment_status
49638,4608867550,2692556834,36.000,6.171,heavy,D,2.50,30.00,21.00,tertiary,Lê Lai,4,2020-11-27,period_2_00,train_los+latest_segment_status
49639,2692556834,4608867550,36.000,4.320,free_flow,A,1.00,30.00,30.00,tertiary,Lê Lai,4,,,road_type_defaults
49673,2692556834,411925240,21.037,1.803,free_flow,A,1.00,30.00,42.00,tertiary,Lê Lai,4,2020-12-28,period_7_30,train_los+latest_segment_status
84659,411925240,411925056,78.963,9.476,free_flow,A,1.00,30.00,30.00,tertiary,Lê Lai,4,,,road_type_defaults
49674,411925056,411925240,78.963,9.476,free_flow,A,1.00,30.00,30.00,tertiary,Lê Lai,4,,,road_type_defaults
84660,411925240,2692556834,21.037,2.524,free_flow,A,1.00,30.00,30.00,tertiary,Lê Lai,4,,,road_type_defaults
49642,411925056,5762780541,6.000,0.720,free_flow,A,1.00,30.00,30.00,tertiary,Lê Lai,4,,,road_type_defaults
49643,5762780541,411925056,6.000,0.720,free_flow,A,1.00,30.00,30.00,tertiary,Lê Lai,4,,,road_type_defaults
49644,5762780541,3342113909,4.000,0.480,free_flow,A,1.00,30.00,30.00,tertiary,Lê Lai,4,,,road_type_defaults
49645,3342113909,5762780541,4.000,0.480,free_flow,A,1.00,30.00,30.00,tertiary,Lê Lai,4,,,road_type_defaults
49646,3342113909,3342113910,13.000,1.560,free_flow,A,1.00,30.00,30.00,tertiary,Lê Lai,4,,,road_type_defaults
49647,3342113910,3342113909,13.000,1.560,free_flow,A,1.00,30.00,30.00,tertiary,Lê Lai,4,,,road_type_defaults
49648,3342113910,411923196,54.000,6.480,free_flow,A,1.00,30.00,30.00,tertiary,Lê Lai,4,,,road_type_defaults
49649,411923196,3342113910,54.000,6.480,free_flow,A,1.00,30.00,30.00,tertiary,Lê Lai,4,,,road_type_defaults
49650,411923196,3342113911,70.000,8.400,free_flow,A,1.00,30.00,30.00,tertiary,Lê Lai,4,,,road_type_defaults
49651,3342113911,411923196,70.000,8.400,free_flow,A,1.00,30.00,30.00,tertiary,Lê Lai,4,,,road_type_defaults
49652,3342113911,411923354,1.000,0.120,free_flow,A,1.00,30.00,30.00,tertiary,Lê Lai,4,,,road_type_defaults
49653,411923354,3342113911,1.000,0.120,free_flow,A,1.00,30.00,30.00,tertiary,Lê Lai,4,,,road_type_defaults
49654,411923354,3342113912,36.000,4.320,free_flow,A,1.00,30.00,30.00,tertiary,Lê Lai,4,,,road_type_defaults
49655,3342113912,411923354,36.000,4.320,free_flow,A,1.00,30.00,30.00,tertiary,Lê Lai,4,,,road_type_defaults
49656,3342113912,411919062,5.000,0.600,free_flow,A,1.00,30.00,30.00,tertiary,Lê Lai,4,,,road_type_defaults
49657,411919062,3342113912,5.000,0.600,free_flow,A,1.00,30.00,30.00,tertiary,Lê Lai,4,,,road_type_defaults
49658,411919062,3342113913,17.000,2.040,free_flow,A,1.00,30.00,30.00,tertiary,Lê Lai,4,,,road_type_defaults
49659,3342113913,411919062,17.000,2.040,free_flow,A,1.00,30.00,30.00,tertiary,Lê Lai,4,,,road_type_defaults
49660,3342113913,411918407,10.000,1.200,free_flow,A,1.00,30.00,30.00,tertiary,Lê Lai,4,,,road_type_defaults
49661,411918407,3342113913,10.000,1.200,free_flow,A,1.00,30.00,30.00,tertiary,Lê Lai,4,,,road_type_defaults
49662,411918407,5762736906,103.000,12.360,free_flow,A,1.00,30.00,30.00,tertiary,Lê Lai,4,,,road_type_defaults
49663,5762736906,411918407,103.000,12.360,free_flow,A,1.00,30.00,30.00,tertiary,Lê Lai,4,,,road_type_defaults
49664,5762736906,2854592012,9.000,1.080,free_flow,A,1.00,30.00,30.00,tertiary,Lê Lai,4,,,road_type_defaults
49665,2854592012,5762736906,9.000,1.080,free_flow,A,1.00,30.00,30.00,tertiary,Lê Lai,4,,,road_type_defaults
49666,2854592012,5762736912,12.000,1.440,free_flow,A,1.00,30.00,30.00,tertiary,Lê Lai,4,,,road_type_defaults
49667,5762736912,2854592012,12.000,1.440,free_flow,A,1.00,30.00,30.00,tertiary,Lê Lai,4,,,road_type_defaults
49668,2365199344,4612970107,161.000,11.592,free_flow,A,1.00,50.00,50.00,primary,Trần Hưng Ðạo,2,,,road_type_defaults
49669,4612970107,4612970106,12.000,0.758,free_flow,A,1.00,50.00,57.00,primary,Trần Hưng Ðạo,2,2020-12-28,period_7_30,train_los+latest_segment_status
49670,4612970106,4609802777,133.000,7.366,free_flow,A,1.00,50.00,65.00,primary,Trần Hưng Ðạo,2,2020-12-28,period_5_30,train_los+latest_segment_status
49671,2034589355,2353541588,9.000,0.410,free_flow,A,1.00,40.00,79.00,secondary,Hàm Nghi,3,2020-12-28,period_7_30,train_los+latest_segment_status
49672,2353541588,4610019119,45.000,4.050,free_flow,A,1.00,40.00,40.00,secondary,Hàm Nghi,3,,,road_type_defaults
49800,411926496,5778360143,84.000,18.900,severe,E,4.00,30.00,16.00,tertiary,Nguyễn Ðình Chiểu,4,2021-04-16,period_1_30,train_los+latest_segment_status
49801,5778360143,5778360141,9.000,0.876,free_flow,A,1.00,30.00,37.00,tertiary,Nguyễn Ðình Chiểu,4,2021-04-16,period_1_30,train_los+latest_segment_status
49802,5778360141,411925926,91.000,10.920,free_flow,A,1.00,30.00,30.00,tertiary,Nguyễn Ðình Chiểu,4,,,road_type_defaults
49803,411925926,411925999,90.000,7.714,free_flow,A,1.00,30.00,42.00,tertiary,Nguyễn Ðình Chiểu,4,2021-04-16,period_1_30,train_los+latest_segment_status
49804,411925999,2341633617,58.000,8.031,moderate,C,1.75,30.00,26.00,tertiary,Nguyễn Ðình Chiểu,4,2021-04-16,period_1_30,train_los+latest_segment_status
49805,2341633617,4010811131,26.000,3.120,free_flow,A,1.00,30.00,30.00,tertiary,Nguyễn Ðình Chiểu,4,,,road_type_defaults
49806,4010811131,411926667,10.000,1.200,free_flow,A,1.00,30.00,30.00,tertiary,Nguyễn Ðình Chiểu,4,,,road_type_defaults
49807,411926667,3167001369,125.000,20.455,heavy,D,2.50,30.00,22.00,tertiary,Nguyễn Ðình Chiểu,4,2021-04-16,period_1_30,train_los+latest_segment_status
49808,3167001369,411926609,49.000,25.200,severe,E,4.00,30.00,7.00,tertiary,Nguyễn Ðình Chiểu,4,2021-04-16,period_1_30,train_los+latest_segment_status
49820,3334355736,2034589318,19.000,2.280,free_flow,A,1.00,30.00,30.00,tertiary,Hàm Nghi,4,,,road_type_defaults
49821,2034589318,2663926497,24.000,2.880,free_flow,A,1.00,30.00,30.00,tertiary,Hàm Nghi,4,,,road_type_defaults
49822,2663926497,1768565067,10.000,1.200,free_flow,A,1.00,30.00,30.00,tertiary,Hàm Nghi,4,,,road_type_defaults
49823,1768565067,411917837,196.000,23.520,free_flow,A,1.00,30.00,30.00,tertiary,Hàm Nghi,4,,,road_type_defaults
49828,1773240209,3335314142,7.000,0.840,free_flow,A,1.00,30.00,30.00,tertiary,Cầu Calmette,4,,,road_type_defaults
49829,3335314142,3335314141,3.000,0.360,free_flow,A,1.00,30.00,30.00,tertiary,Cầu Calmette,4,,,road_type_defaults
49830,3335314141,3335314140,3.000,0.360,free_flow,A,1.00,30.00,30.00,tertiary,Cầu Calmette,4,,,road_type_defaults
49831,3335314140,3335314139,2.000,0.240,free_flow,A,1.00,30.00,30.00,tertiary,Cầu Calmette,4,,,road_type_defaults
49832,3335314139,2044486904,5.000,0.600,free_flow,A,1.00,30.00,30.00,tertiary,Cầu Calmette,4,,,road_type_defaults
49833,2044486904,1773240188,6.000,0.720,free_flow,A,1.00,30.00,30.00,tertiary,Cầu Calmette,4,,,road_type_defaults
49834,1773240188,1987339999,15.000,1.800,free_flow,A,1.00,30.00,30.00,tertiary,Cầu Calmette,4,,,road_type_defaults
49835,1987339999,1773240185,30.000,3.600,free_flow,A,1.00,30.00,30.00,tertiary,Cầu Calmette,4,,,road_type_defaults
49836,1773240185,1773240208,36.000,3.927,light,B,1.25,30.00,33.00,tertiary,Cầu Calmette,4,2021-04-05,period_11_00,train_los+latest_segment_status
49837,1773240208,3335314137,88.000,10.560,free_flow,A,1.00,30.00,30.00,tertiary,Cầu Calmette,4,,,road_type_defaults
49858,3335337342,2034589256,28.000,2.520,free_flow,A,1.00,40.00,40.00,secondary,Hàm Nghi,3,,,road_type_defaults
49859,2034589256,2032267266,19.000,1.710,free_flow,A,1.00,40.00,40.00,secondary,Hàm Nghi,3,,,road_type_defaults
49860,2032267266,2146838326,201.000,18.090,free_flow,A,1.00,40.00,40.00,secondary,Hàm Nghi,3,,,road_type_defaults
49874,5307201457,3166133536,103.000,12.360,free_flow,A,1.00,30.00,30.00,tertiary,Lê Lợi,4,,,road_type_defaults
49875,3166133536,2383425454,36.000,4.320,free_flow,A,1.00,30.00,30.00,tertiary,Lê Lợi,4,,,road_type_defaults
49876,2383425454,411918918,13.000,1.560,free_flow,A,1.00,30.00,30.00,tertiary,Lê Lợi,4,,,road_type_defaults
49877,411918918,2034589326,30.000,3.600,free_flow,A,1.00,30.00,30.00,tertiary,Lê Lợi,4,,,road_type_defaults
49879,2034589326,4610019122,25.269,3.032,free_flow,A,1.00,30.00,30.00,tertiary,Lê Lợi,4,,,road_type_defaults
84661,4610019122,4603175867,6.731,0.808,free_flow,A,1.00,30.00,30.00,tertiary,Lê Lợi,4,,,road_type_defaults
49892,3116339932,5816931387,88.000,12.185,severe,E,4.00,30.00,26.00,tertiary,Nguyễn Trãi,4,2020-08-03,period_0_00,train_los+latest_segment_status
49893,5816931387,366466828,16.000,3.840,severe,E,4.00,30.00,15.00,tertiary,Nguyễn Trãi,4,2020-08-03,period_0_00,train_los+latest_segment_status
49894,366466828,366440428,111.000,10.800,heavy,D,2.50,30.00,37.00,tertiary,Nguyễn Trãi,4,2020-08-03,period_0_00,train_los+latest_segment_status
49895,366440428,5816931420,3.000,0.327,severe,E,4.00,30.00,33.00,tertiary,Nguyễn Trãi,4,2020-08-03,period_0_00,train_los+latest_segment_status
49896,5816931420,4979973986,34.000,5.564,moderate,C,1.75,30.00,22.00,tertiary,Nguyễn Trãi,4,2020-08-03,period_0_00,train_los+latest_segment_status
49897,4979973986,1997154840,25.000,7.500,severe,E,4.00,30.00,12.00,tertiary,Nguyễn Trãi,4,2020-08-03,period_0_00,train_los+latest_segment_status
49898,1997154840,1997154670,55.000,6.000,moderate,C,1.75,30.00,33.00,tertiary,Nguyễn Trãi,4,2020-08-03,period_0_00,train_los+latest_segment_status
49899,1997154670,4191281725,14.000,2.291,severe,E,4.00,30.00,22.00,tertiary,Nguyễn Trãi,4,2020-08-03,period_0_00,train_los+latest_segment_status
49900,4191281725,3116339937,24.000,2.541,moderate,C,1.75,30.00,34.00,tertiary,Nguyễn Trãi,4,2020-08-03,period_0_00,train_los+latest_segment_status
49901,3116339937,366401636,101.000,33.055,heavy,D,2.50,30.00,11.00,tertiary,Nguyễn Trãi,4,2020-08-03,period_0_00,train_los+latest_segment_status
49902,366401636,5816931363,21.000,1.989,heavy,D,2.50,30.00,38.00,tertiary,Nguyễn Trãi,4,2020-08-03,period_0_00,train_los+latest_segment_status
49903,5816931363,366404649,50.000,5.000,heavy,D,2.50,30.00,36.00,tertiary,Nguyễn Trãi,4,2020-08-03,period_0_00,train_los+latest_segment_status
49904,3334355736,1768565068,20.000,2.118,heavy,D,2.50,30.00,34.00,tertiary,Phó Ðức Chính,4,2020-08-03,period_0_00,train_los+latest_segment_status
49905,1768565068,3334355736,20.000,2.400,free_flow,A,1.00,30.00,30.00,tertiary,Phó Ðức Chính,4,,,road_type_defaults
49906,3335337342,3334355736,8.000,0.626,free_flow,A,1.00,30.00,46.00,tertiary,Phó Ðức Chính,4,2020-12-28,period_6_30,train_los+latest_segment_status
49907,3334355736,3335337342,8.000,0.960,free_flow,A,1.00,30.00,30.00,tertiary,Phó Ðức Chính,4,,,road_type_defaults
49908,411926648,411918200,56.000,4.688,free_flow,A,1.00,30.00,43.00,tertiary,Phó Ðức Chính,4,2020-12-28,period_7_00,train_los+latest_segment_status
49909,411918200,411926648,56.000,6.720,free_flow,A,1.00,30.00,30.00,tertiary,Phó Ðức Chính,4,,,road_type_defaults
49910,411918200,411918297,55.000,6.600,free_flow,A,1.00,30.00,30.00,tertiary,Phó Ðức Chính,4,,,road_type_defaults
49911,411918297,411918200,55.000,6.600,free_flow,A,1.00,30.00,30.00,tertiary,Phó Ðức Chính,4,,,road_type_defaults
49912,411918297,1769173868,13.000,1.560,free_flow,A,1.00,30.00,30.00,tertiary,Phó Ðức Chính,4,,,road_type_defaults
49913,1769173868,411918297,13.000,1.560,free_flow,A,1.00,30.00,30.00,tertiary,Phó Ðức Chính,4,,,road_type_defaults
49946,2527492309,2527488817,98.000,11.760,free_flow,A,1.00,30.00,30.00,tertiary,Lê Lai,4,,,road_type_defaults
49947,2527488817,1861212914,22.000,2.640,free_flow,A,1.00,30.00,30.00,tertiary,Lê Lai,4,,,road_type_defaults
49948,1861212914,5762736909,90.000,10.800,free_flow,A,1.00,30.00,30.00,tertiary,Lê Lai,4,,,road_type_defaults
49949,5762736909,2362579516,6.000,0.720,free_flow,A,1.00,30.00,30.00,tertiary,Lê Lai,4,,,road_type_defaults
49950,2362579516,2032267463,17.000,2.040,free_flow,A,1.00,30.00,30.00,tertiary,Lê Lai,4,,,road_type_defaults
49951,2032267463,5762736914,8.000,0.960,free_flow,A,1.00,30.00,30.00,tertiary,Lê Lai,4,,,road_type_defaults
49952,5762736914,5762736910,2.000,0.240,free_flow,A,1.00,30.00,30.00,tertiary,Lê Lai,4,,,road_type_defaults
49953,5762736910,5762736912,10.000,1.200,free_flow,A,1.00,30.00,30.00,tertiary,Lê Lai,4,,,road_type_defaults
49954,5762736912,5762736913,10.000,1.200,free_flow,A,1.00,30.00,30.00,tertiary,Lê Lai,4,,,road_type_defaults
49973,2364030594,5763168799,17.000,1.224,free_flow,A,1.00,50.00,50.00,primary,Nguyễn Thị Minh Khai,2,,,road_type_defaults
49974,5763168799,1226517290,34.000,2.448,free_flow,A,1.00,50.00,50.00,primary,Nguyễn Thị Minh Khai,2,,,road_type_defaults
49975,1226517290,5763168786,68.000,4.896,free_flow,A,1.00,50.00,50.00,primary,Nguyễn Thị Minh Khai,2,,,road_type_defaults
49976,5763168786,2364030596,16.000,1.152,free_flow,A,1.00,50.00,50.00,primary,Nguyễn Thị Minh Khai,2,,,road_type_defaults
49977,2364030596,4604860551,176.000,12.672,free_flow,A,1.00,50.00,50.00,primary,Nguyễn Thị Minh Khai,2,,,road_type_defaults
50010,411926609,411918637,64.000,7.680,free_flow,A,1.00,30.00,30.00,tertiary,Nguyễn Ðình Chiểu,4,,,road_type_defaults
50011,411918637,5763263827,150.000,12.273,heavy,D,2.50,30.00,44.00,tertiary,Nguyễn Ðình Chiểu,4,2021-04-16,period_1_30,train_los+latest_segment_status
50012,5763263827,411926563,45.000,5.062,light,B,1.25,30.00,32.00,tertiary,Nguyễn Ðình Chiểu,4,2021-04-16,period_1_30,train_los+latest_segment_status
50013,411926563,2393614152,6.000,0.348,free_flow,A,1.00,30.00,62.00,tertiary,Nguyễn Ðình Chiểu,4,2021-04-05,period_11_00,train_los+latest_segment_status
50014,411926609,411926451,79.000,9.480,free_flow,A,1.00,30.00,30.00,tertiary,Bà Huyện Thanh Quan,4,,,road_type_defaults
50015,411926451,411925922,83.000,9.960,free_flow,A,1.00,30.00,30.00,tertiary,Bà Huyện Thanh Quan,4,,,road_type_defaults
50016,411925923,2364030596,9.000,1.080,free_flow,A,1.00,30.00,30.00,tertiary,Bà Huyện Thanh Quan,4,,,road_type_defaults
50017,4605016930,4603175867,73.000,8.760,free_flow,A,1.00,30.00,30.00,tertiary,Lê Lai,4,,,road_type_defaults
50018,4603175867,4605016930,73.000,8.760,free_flow,A,1.00,30.00,30.00,tertiary,Lê Lai,4,,,road_type_defaults
50019,2364089053,366451156,168.000,15.120,free_flow,A,1.00,40.00,40.00,secondary,Trần Hưng Ðạo,3,,,road_type_defaults
50020,2364089053,2364089048,9.000,6.480,gridlock,F,8.00,50.00,5.00,primary,Nguyễn Văn Cừ,2,2021-03-15,period_10_30,train_los+latest_segment_status
50027,4594916756,4594916761,37.000,7.011,severe,E,4.00,30.00,19.00,tertiary,Cầu Nguyễn Văn Cừ,4,2020-12-24,period_3_30,train_los+latest_segment_status
50028,4594916761,4594916756,37.000,4.440,free_flow,A,1.00,30.00,30.00,tertiary,Cầu Nguyễn Văn Cừ,4,,,road_type_defaults
50029,4594916761,734894520,182.000,15.237,free_flow,A,1.00,30.00,43.00,tertiary,Cầu Nguyễn Văn Cừ,4,2021-04-05,period_13_00,train_los+latest_segment_status
50030,734894520,4594916761,182.000,21.840,free_flow,A,1.00,30.00,30.00,tertiary,Cầu Nguyễn Văn Cừ,4,,,road_type_defaults
50031,3338019292,3338019290,6.000,0.540,free_flow,A,1.00,40.00,40.00,primary_link,Võ Văn Kiệt,3,,,road_type_defaults
50032,3338019290,3338019283,7.000,0.630,free_flow,A,1.00,40.00,40.00,primary_link,Võ Văn Kiệt,3,,,road_type_defaults
50033,3338019283,3338019278,10.000,0.900,free_flow,A,1.00,40.00,40.00,primary_link,Võ Văn Kiệt,3,,,road_type_defaults
50034,3338019278,3338019277,8.000,0.720,free_flow,A,1.00,40.00,40.00,primary_link,Võ Văn Kiệt,3,,,road_type_defaults
50035,3338019277,3338019275,6.000,0.540,free_flow,A,1.00,40.00,40.00,primary_link,Võ Văn Kiệt,3,,,road_type_defaults
50036,3338019275,3338019274,9.000,0.810,free_flow,A,1.00,40.00,40.00,primary_link,Võ Văn Kiệt,3,,,road_type_defaults
50037,3338019274,3338019273,9.000,0.810,free_flow,A,1.00,40.00,40.00,primary_link,Võ Văn Kiệt,3,,,road_type_defaults
50038,3338019273,3338019271,7.000,0.630,free_flow,A,1.00,40.00,40.00,primary_link,Võ Văn Kiệt,3,,,road_type_defaults
50039,3338019271,3338019269,18.000,1.620,free_flow,A,1.00,40.00,40.00,primary_link,Võ Văn Kiệt,3,,,road_type_defaults
50040,1996654028,3338020117,14.000,1.008,free_flow,A,1.00,50.00,50.00,primary,Võ Văn Kiệt,2,,,road_type_defaults
50041,3338020117,3338020108,18.000,1.296,free_flow,A,1.00,50.00,50.00,primary,Võ Văn Kiệt,2,,,road_type_defaults
50042,3338020108,3338020101,13.000,0.936,free_flow,A,1.00,50.00,50.00,primary,Võ Văn Kiệt,2,,,road_type_defaults
50043,3338020101,3338020094,13.000,0.936,free_flow,A,1.00,50.00,50.00,primary,Võ Văn Kiệt,2,,,road_type_defaults
50118,3338020094,2289920286,18.703,1.347,free_flow,A,1.00,50.00,50.00,primary,Võ Văn Kiệt,2,,,road_type_defaults
84662,2289920286,3338019280,4.297,0.309,free_flow,A,1.00,50.00,50.00,primary,Võ Văn Kiệt,2,,,road_type_defaults
50045,3338019280,3338019276,16.000,1.152,free_flow,A,1.00,50.00,50.00,primary,Võ Văn Kiệt,2,,,road_type_defaults
50046,3338019276,3338019272,23.000,1.656,free_flow,A,1.00,50.00,50.00,primary,Võ Văn Kiệt,2,,,road_type_defaults
50047,3338019272,3338019270,12.000,0.864,free_flow,A,1.00,50.00,50.00,primary,Võ Văn Kiệt,2,,,road_type_defaults
50048,3338019270,3338019269,22.000,1.584,free_flow,A,1.00,50.00,50.00,primary,Võ Văn Kiệt,2,,,road_type_defaults
50049,3338019269,3338019268,6.000,0.432,free_flow,A,1.00,50.00,50.00,primary,Võ Văn Kiệt,2,,,road_type_defaults
50050,3338019268,3338019267,7.000,0.504,free_flow,A,1.00,50.00,50.00,primary,Võ Văn Kiệt,2,,,road_type_defaults
50051,3338019267,3338019266,10.000,0.720,free_flow,A,1.00,50.00,50.00,primary,Võ Văn Kiệt,2,,,road_type_defaults
50052,3338019266,3338019265,13.000,0.936,free_flow,A,1.00,50.00,50.00,primary,Võ Văn Kiệt,2,,,road_type_defaults
50053,3338019265,3338019264,21.000,1.512,free_flow,A,1.00,50.00,50.00,primary,Võ Văn Kiệt,2,,,road_type_defaults
50054,3338019264,3338019262,16.000,1.152,free_flow,A,1.00,50.00,50.00,primary,Võ Văn Kiệt,2,,,road_type_defaults
50055,3338019262,3338019261,16.000,1.152,free_flow,A,1.00,50.00,50.00,primary,Võ Văn Kiệt,2,,,road_type_defaults
50056,3338019261,3338019260,13.000,0.936,free_flow,A,1.00,50.00,50.00,primary,Võ Văn Kiệt,2,,,road_type_defaults
50057,3338019260,3338019259,14.000,1.008,free_flow,A,1.00,50.00,50.00,primary,Võ Văn Kiệt,2,,,road_type_defaults
50058,3338019259,3338019256,13.000,0.936,free_flow,A,1.00,50.00,50.00,primary,Võ Văn Kiệt,2,,,road_type_defaults
50059,3338019256,3338019255,8.000,0.576,free_flow,A,1.00,50.00,50.00,primary,Võ Văn Kiệt,2,,,road_type_defaults
50060,3338019255,3338019254,7.000,0.504,free_flow,A,1.00,50.00,50.00,primary,Võ Văn Kiệt,2,,,road_type_defaults
50061,3338019254,3338019252,11.000,0.792,free_flow,A,1.00,50.00,50.00,primary,Võ Văn Kiệt,2,,,road_type_defaults
50062,3338019252,3338019249,15.000,1.080,free_flow,A,1.00,50.00,50.00,primary,Võ Văn Kiệt,2,,,road_type_defaults
50063,3338019249,3338019248,16.000,1.152,free_flow,A,1.00,50.00,50.00,primary,Võ Văn Kiệt,2,,,road_type_defaults
50064,3338019248,3338019246,11.000,0.792,free_flow,A,1.00,50.00,50.00,primary,Võ Văn Kiệt,2,,,road_type_defaults
50065,3338019246,3338019245,10.000,0.720,free_flow,A,1.00,50.00,50.00,primary,Võ Văn Kiệt,2,,,road_type_defaults
50066,3338019245,3338019244,8.000,0.576,free_flow,A,1.00,50.00,50.00,primary,Võ Văn Kiệt,2,,,road_type_defaults
50067,3338019244,3338019243,12.000,0.864,free_flow,A,1.00,50.00,50.00,primary,Võ Văn Kiệt,2,,,road_type_defaults
50068,3338019243,3338019242,19.000,1.368,free_flow,A,1.00,50.00,50.00,primary,Võ Văn Kiệt,2,,,road_type_defaults
50069,3338019242,5814336817,13.000,0.936,free_flow,A,1.00,50.00,50.00,primary,Võ Văn Kiệt,2,,,road_type_defaults
50070,5814336817,3338019241,6.000,0.432,free_flow,A,1.00,50.00,50.00,primary,Võ Văn Kiệt,2,,,road_type_defaults
50071,3338019241,3338019238,9.000,0.648,free_flow,A,1.00,50.00,50.00,primary,Võ Văn Kiệt,2,,,road_type_defaults
50072,3338019238,3338019237,5.000,0.360,free_flow,A,1.00,50.00,50.00,primary,Võ Văn Kiệt,2,,,road_type_defaults
50073,3338019237,3338019236,8.000,0.576,free_flow,A,1.00,50.00,50.00,primary,Võ Văn Kiệt,2,,,road_type_defaults
50074,3338019236,3338019240,14.000,1.008,free_flow,A,1.00,50.00,50.00,primary,Võ Văn Kiệt,2,,,road_type_defaults
50075,3338019240,1996745180,25.000,1.800,free_flow,A,1.00,50.00,50.00,primary,Võ Văn Kiệt,2,,,road_type_defaults
50076,1996745180,1996745405,22.000,1.584,free_flow,A,1.00,50.00,50.00,primary,Võ Văn Kiệt,2,,,road_type_defaults
50077,1996745405,5814337657,56.000,4.032,free_flow,A,1.00,50.00,50.00,primary,Võ Văn Kiệt,2,,,road_type_defaults
50078,5814337657,5813779732,18.000,1.322,free_flow,A,1.00,50.00,49.00,primary,Võ Văn Kiệt,2,2020-12-25,period_9_00,train_los+latest_segment_status
50079,5813779732,5814337674,22.000,1.584,free_flow,A,1.00,50.00,50.00,primary,Võ Văn Kiệt,2,,,road_type_defaults
50080,5814337674,5813779729,15.000,1.080,free_flow,A,1.00,50.00,50.00,primary,Võ Văn Kiệt,2,,,road_type_defaults
50081,5813779729,1996655783,68.000,4.896,free_flow,A,1.00,50.00,50.00,primary,Võ Văn Kiệt,2,,,road_type_defaults
50082,1996655783,3338019258,35.000,2.520,free_flow,A,1.00,50.00,50.00,primary,Võ Văn Kiệt,2,,,road_type_defaults
50083,3338019258,4415006544,39.000,2.808,free_flow,A,1.00,50.00,50.00,primary,Võ Văn Kiệt,2,,,road_type_defaults
50084,4415006544,5816774506,29.000,2.088,free_flow,A,1.00,50.00,50.00,primary,Võ Văn Kiệt,2,,,road_type_defaults
50085,5816774506,4415006546,25.000,1.800,free_flow,A,1.00,50.00,50.00,primary,Võ Văn Kiệt,2,,,road_type_defaults
50086,4415006546,4415006545,33.000,2.376,free_flow,A,1.00,50.00,50.00,primary,Võ Văn Kiệt,2,,,road_type_defaults
50087,4415006545,4618427498,38.000,2.736,free_flow,A,1.00,50.00,50.00,primary,Võ Văn Kiệt,2,,,road_type_defaults
50088,4618427498,5816774536,13.000,0.936,free_flow,A,1.00,50.00,50.00,primary,Võ Văn Kiệt,2,,,road_type_defaults
50089,5816774536,4415006543,21.000,1.512,free_flow,A,1.00,50.00,50.00,primary,Võ Văn Kiệt,2,,,road_type_defaults
50090,4415006543,4415006542,90.000,6.480,free_flow,A,1.00,50.00,50.00,primary,Võ Văn Kiệt,2,,,road_type_defaults
50091,4415006542,5813867356,18.000,1.296,free_flow,A,1.00,50.00,50.00,primary,Võ Văn Kiệt,2,,,road_type_defaults
50092,5813867356,4415006538,33.000,2.376,free_flow,A,1.00,50.00,50.00,primary,Võ Văn Kiệt,2,,,road_type_defaults
50093,4415006538,4415006540,15.000,1.080,free_flow,A,1.00,50.00,50.00,primary,Võ Văn Kiệt,2,,,road_type_defaults
50094,4415006540,4618427497,16.000,1.152,free_flow,A,1.00,50.00,50.00,primary,Võ Văn Kiệt,2,,,road_type_defaults
50095,4618427497,4618427496,33.000,2.376,free_flow,A,1.00,50.00,50.00,primary,Võ Văn Kiệt,2,,,road_type_defaults
50096,4618427496,4415006541,15.000,1.080,free_flow,A,1.00,50.00,50.00,primary,Võ Văn Kiệt,2,,,road_type_defaults
50097,4415006541,4415006539,15.000,1.080,free_flow,A,1.00,50.00,50.00,primary,Võ Văn Kiệt,2,,,road_type_defaults
50098,4415006539,4618427495,15.000,1.080,free_flow,A,1.00,50.00,50.00,primary,Võ Văn Kiệt,2,,,road_type_defaults
50099,4618427495,4618427494,13.000,0.936,free_flow,A,1.00,50.00,50.00,primary,Võ Văn Kiệt,2,,,road_type_defaults
50100,4618427494,4618427493,17.000,1.224,free_flow,A,1.00,50.00,50.00,primary,Võ Văn Kiệt,2,,,road_type_defaults
50101,4618427493,4109567455,20.000,1.440,free_flow,A,1.00,50.00,50.00,primary,Võ Văn Kiệt,2,,,road_type_defaults
50102,4109567455,1996655730,21.000,1.512,free_flow,A,1.00,50.00,50.00,primary,Võ Văn Kiệt,2,,,road_type_defaults
50103,1996654028,5814168789,0.626,0.056,free_flow,A,1.00,40.00,40.00,primary_link,Võ Văn Kiệt,3,,,road_type_defaults
50119,5814168789,3338020117,13.437,1.209,free_flow,A,1.00,40.00,40.00,primary_link,Võ Văn Kiệt,3,,,road_type_defaults
84663,3338020117,3338020115,11.563,1.041,free_flow,A,1.00,40.00,40.00,primary_link,Võ Văn Kiệt,3,,,road_type_defaults
50105,3338020115,5814168771,6.000,0.540,free_flow,A,1.00,40.00,40.00,primary_link,Võ Văn Kiệt,3,,,road_type_defaults
50106,5814168771,3338020112,3.000,0.270,free_flow,A,1.00,40.00,40.00,primary_link,Võ Văn Kiệt,3,,,road_type_defaults
50107,3338020112,3338020110,4.000,0.360,free_flow,A,1.00,40.00,40.00,primary_link,Võ Văn Kiệt,3,,,road_type_defaults
50108,3338020110,3338020109,2.000,0.180,free_flow,A,1.00,40.00,40.00,primary_link,Võ Văn Kiệt,3,,,road_type_defaults
50109,3338020109,3338020106,7.000,0.630,free_flow,A,1.00,40.00,40.00,primary_link,Võ Văn Kiệt,3,,,road_type_defaults
50110,3338020106,3338020105,5.000,0.450,free_flow,A,1.00,40.00,40.00,primary_link,Võ Văn Kiệt,3,,,road_type_defaults
50111,3338020327,3338020317,40.000,3.600,free_flow,A,1.00,40.00,40.00,primary_link,Đường Võ Văn Kiệt,3,,,road_type_defaults
50112,3338020317,3338020314,8.000,0.720,free_flow,A,1.00,40.00,40.00,primary_link,Đường Võ Văn Kiệt,3,,,road_type_defaults
50113,3338020342,3338020341,10.000,0.720,free_flow,A,1.00,50.00,50.00,primary,Đường Võ Văn Kiệt,2,,,road_type_defaults
50114,3338020341,3338020340,7.000,0.504,free_flow,A,1.00,50.00,50.00,primary,Đường Võ Văn Kiệt,2,,,road_type_defaults
50115,3338020340,3338020339,8.000,0.576,free_flow,A,1.00,50.00,50.00,primary,Đường Võ Văn Kiệt,2,,,road_type_defaults
50116,3338020339,3338020338,5.000,0.360,free_flow,A,1.00,50.00,50.00,primary,Đường Võ Văn Kiệt,2,,,road_type_defaults
50117,3338020338,1996654022,8.000,0.576,free_flow,A,1.00,50.00,50.00,primary,Đường Võ Văn Kiệt,2,,,road_type_defaults
50146,5762610087,5762610053,3.076,0.369,free_flow,A,1.00,30.00,30.00,tertiary,Cao Thắng,4,,,road_type_defaults
84664,5762610053,5762610088,9.924,1.191,free_flow,A,1.00,30.00,30.00,tertiary,Cao Thắng,4,,,road_type_defaults
50147,5762610088,5762610053,9.924,0.458,free_flow,A,1.00,30.00,78.00,tertiary,Cao Thắng,4,2020-12-28,period_4_30,train_los+latest_segment_status
84665,5762610053,5762610087,3.076,0.142,free_flow,A,1.00,30.00,78.00,tertiary,Cao Thắng,4,2020-12-28,period_4_30,train_los+latest_segment_status
50144,5762610088,2364060002,10.000,1.200,free_flow,A,1.00,30.00,30.00,tertiary,Cao Thắng,4,,,road_type_defaults
50145,2364060002,5762610088,10.000,36.000,gridlock,F,8.00,30.00,1.00,tertiary,Cao Thắng,4,2021-01-04,period_13_30,train_los+latest_segment_status
50209,2364059999,2498091942,58.000,4.856,free_flow,A,1.00,50.00,43.00,primary,Nguyễn Thị Minh Khai,2,2021-01-05,period_2_00,train_los+latest_segment_status
50210,2498091942,5762610072,15.000,2.077,moderate,C,1.75,50.00,26.00,primary,Nguyễn Thị Minh Khai,2,2020-12-24,period_14_00,train_los+latest_segment_status
50224,4666227463,4608887950,2.000,0.180,free_flow,A,1.00,40.00,40.00,secondary,vòng xoay Thái Bình,3,,,road_type_defaults
50225,4608887950,4608887951,2.000,0.600,gridlock,F,8.00,40.00,12.00,secondary,vòng xoay Thái Bình,3,2020-11-27,period_2_00,train_los+latest_segment_status
50226,4608887951,4666227464,2.000,0.300,heavy,D,2.50,40.00,24.00,secondary,vòng xoay Thái Bình,3,2020-11-18,period_11_30,train_los+latest_segment_status
50227,4666227464,5464084933,3.000,0.270,free_flow,A,1.00,40.00,40.00,secondary,vòng xoay Thái Bình,3,,,road_type_defaults
50228,5464084933,5464084934,3.000,0.270,free_flow,A,1.00,40.00,40.00,secondary,vòng xoay Thái Bình,3,,,road_type_defaults
50229,5464084934,4666227465,3.000,0.514,heavy,D,2.50,40.00,21.00,secondary,vòng xoay Thái Bình,3,2020-11-26,period_11_30,train_los+latest_segment_status
50230,4666227465,3338165671,3.000,0.146,free_flow,A,1.00,40.00,74.00,secondary,vòng xoay Thái Bình,3,2020-12-28,period_7_00,train_los+latest_segment_status
50231,3338165671,4608881458,3.000,0.675,severe,E,4.00,40.00,16.00,secondary,vòng xoay Thái Bình,3,2020-11-27,period_2_00,train_los+latest_segment_status
50232,4608881458,4666227460,3.000,0.635,severe,E,4.00,40.00,17.00,secondary,vòng xoay Thái Bình,3,2020-11-18,period_1_30,train_los+latest_segment_status
50233,4666227460,4666227461,3.000,0.568,severe,E,4.00,40.00,19.00,secondary,vòng xoay Thái Bình,3,2020-11-17,period_1_30,train_los+latest_segment_status
50234,4666227461,3338165680,3.000,0.142,free_flow,A,1.00,40.00,76.00,secondary,vòng xoay Thái Bình,3,2020-12-28,period_6_30,train_los+latest_segment_status
50235,3338165680,5464084931,3.000,0.142,free_flow,A,1.00,40.00,76.00,secondary,vòng xoay Thái Bình,3,2020-12-28,period_7_30,train_los+latest_segment_status
50236,5464084931,3338165682,1.000,0.090,free_flow,A,1.00,40.00,40.00,secondary,vòng xoay Thái Bình,3,,,road_type_defaults
50237,3338165682,2935020237,1.000,0.090,free_flow,A,1.00,40.00,40.00,secondary,vòng xoay Thái Bình,3,,,road_type_defaults
50238,2935020237,4666227468,1.000,0.090,free_flow,A,1.00,40.00,40.00,secondary,vòng xoay Thái Bình,3,,,road_type_defaults
50239,4666227468,3338165691,1.000,0.090,free_flow,A,1.00,40.00,40.00,secondary,vòng xoay Thái Bình,3,,,road_type_defaults
50240,3338165691,5464084932,1.000,0.090,free_flow,A,1.00,40.00,40.00,secondary,vòng xoay Thái Bình,3,,,road_type_defaults
50241,5464084932,4608877607,2.000,0.180,free_flow,A,1.00,40.00,40.00,secondary,vòng xoay Thái Bình,3,,,road_type_defaults
50242,4608877607,3338165894,2.000,0.180,free_flow,A,1.00,40.00,40.00,secondary,vòng xoay Thái Bình,3,,,road_type_defaults
50243,3338165894,4666236714,2.000,0.327,heavy,D,2.50,40.00,22.00,secondary,vòng xoay Thái Bình,3,2020-12-01,period_12_00,train_los+latest_segment_status
50244,4666236714,3338165893,2.000,0.400,severe,E,4.00,40.00,18.00,secondary,vòng xoay Thái Bình,3,2020-12-24,period_14_00,train_los+latest_segment_status
50245,3338165893,4614001608,2.000,0.180,free_flow,A,1.00,40.00,40.00,secondary,vòng xoay Thái Bình,3,,,road_type_defaults
50246,4614001608,4666227462,2.000,0.450,severe,E,4.00,40.00,16.00,secondary,vòng xoay Thái Bình,3,2020-11-19,period_2_00,train_los+latest_segment_status
50247,4666227462,4666227463,2.000,0.180,free_flow,A,1.00,40.00,40.00,secondary,vòng xoay Thái Bình,3,,,road_type_defaults
50248,5764817340,411922729,39.000,2.808,free_flow,A,1.00,50.00,50.00,primary,Ðiện Biên Phủ,2,,,road_type_defaults
50249,411922729,5764869372,28.000,3.360,light,B,1.25,50.00,30.00,primary,Ðiện Biên Phủ,2,2021-01-04,period_0_00,train_los+latest_segment_status
50250,5764869372,5764817341,6.000,0.432,free_flow,A,1.00,50.00,50.00,primary,Ðiện Biên Phủ,2,,,road_type_defaults
50251,5764817341,3462932165,7.000,0.504,free_flow,A,1.00,50.00,50.00,primary,Ðiện Biên Phủ,2,,,road_type_defaults
50252,3462932165,3116339945,13.000,0.936,free_flow,A,1.00,50.00,50.00,primary,Ðiện Biên Phủ,2,,,road_type_defaults
50253,3116339945,411922186,11.000,1.366,moderate,C,1.75,50.00,29.00,primary,Ðiện Biên Phủ,2,2020-11-16,period_14_00,train_los+latest_segment_status
50254,411922186,5764817342,31.000,2.232,free_flow,A,1.00,50.00,50.00,primary,Ðiện Biên Phủ,2,,,road_type_defaults
50255,5764817342,5764817343,38.000,4.886,moderate,C,1.75,50.00,28.00,primary,Ðiện Biên Phủ,2,2021-01-04,period_0_00,train_los+latest_segment_status
50256,5764817343,5764817344,3.000,0.216,free_flow,A,1.00,50.00,50.00,primary,Ðiện Biên Phủ,2,,,road_type_defaults
50257,5764817344,5764817345,28.000,2.016,free_flow,A,1.00,50.00,50.00,primary,Ðiện Biên Phủ,2,,,road_type_defaults
50258,5764817345,5764817346,20.000,1.440,free_flow,A,1.00,50.00,50.00,primary,Ðiện Biên Phủ,2,,,road_type_defaults
50259,5764817346,411923871,3.000,0.216,free_flow,A,1.00,50.00,50.00,primary,Ðiện Biên Phủ,2,,,road_type_defaults
50260,411923871,5764817347,21.000,1.512,free_flow,A,1.00,50.00,50.00,primary,Ðiện Biên Phủ,2,,,road_type_defaults
50261,5764817347,411925485,15.000,1.862,moderate,C,1.75,50.00,29.00,primary,Ðiện Biên Phủ,2,2020-11-16,period_14_00,train_los+latest_segment_status
50262,411925485,411921112,13.000,0.936,free_flow,A,1.00,50.00,50.00,primary,Ðiện Biên Phủ,2,,,road_type_defaults
50263,411921112,5059499368,17.000,1.224,free_flow,A,1.00,50.00,50.00,primary,Ðiện Biên Phủ,2,,,road_type_defaults
50264,5059499368,5059499372,6.000,0.432,free_flow,A,1.00,50.00,50.00,primary,Ðiện Biên Phủ,2,,,road_type_defaults
50265,5059499372,3462940809,8.000,0.576,free_flow,A,1.00,50.00,50.00,primary,Ðiện Biên Phủ,2,,,road_type_defaults
50266,3462940809,5764817348,30.000,5.684,severe,E,4.00,50.00,19.00,primary,Ðiện Biên Phủ,2,2021-01-04,period_0_00,train_los+latest_segment_status
50267,5764817348,5764817349,7.000,0.504,free_flow,A,1.00,50.00,50.00,primary,Ðiện Biên Phủ,2,,,road_type_defaults
50268,5764817349,5764817350,64.000,4.608,free_flow,A,1.00,50.00,50.00,primary,Ðiện Biên Phủ,2,,,road_type_defaults
50269,5764817350,5764817351,11.000,3.300,gridlock,F,8.00,50.00,12.00,primary,Ðiện Biên Phủ,2,2021-01-04,period_0_00,train_los+latest_segment_status
50270,5764817351,5764817352,7.000,0.504,free_flow,A,1.00,50.00,50.00,primary,Ðiện Biên Phủ,2,,,road_type_defaults
50271,5764817352,5764818653,11.000,0.792,free_flow,A,1.00,50.00,50.00,primary,Ðiện Biên Phủ,2,,,road_type_defaults
50272,5764818653,5764818654,9.000,0.648,free_flow,A,1.00,50.00,50.00,primary,Ðiện Biên Phủ,2,,,road_type_defaults
50273,5764818654,5764818655,36.000,4.800,moderate,C,1.75,50.00,27.00,primary,Ðiện Biên Phủ,2,2021-01-04,period_0_00,train_los+latest_segment_status
50274,5764818655,5764818656,22.000,2.829,moderate,C,1.75,50.00,28.00,primary,Ðiện Biên Phủ,2,2020-11-16,period_14_00,train_los+latest_segment_status
50275,5764818656,5764789633,22.000,1.584,free_flow,A,1.00,50.00,50.00,primary,Ðiện Biên Phủ,2,,,road_type_defaults
50276,5764789633,5764789634,47.000,3.384,free_flow,A,1.00,50.00,50.00,primary,Ðiện Biên Phủ,2,,,road_type_defaults
50277,5764789634,5764789635,39.000,14.040,gridlock,F,8.00,50.00,10.00,primary,Ðiện Biên Phủ,2,2021-01-04,period_0_00,train_los+latest_segment_status
50278,5764789635,5764789636,20.000,2.400,light,B,1.25,50.00,30.00,primary,Ðiện Biên Phủ,2,2020-11-16,period_14_00,train_los+latest_segment_status
50279,5764789636,5764789637,24.000,7.855,gridlock,F,8.00,50.00,11.00,primary,Ðiện Biên Phủ,2,2021-01-04,period_0_00,train_los+latest_segment_status
50280,5764789637,5764789638,33.000,2.376,free_flow,A,1.00,50.00,50.00,primary,Ðiện Biên Phủ,2,,,road_type_defaults
50281,5764789638,5764789639,52.000,5.850,light,B,1.25,50.00,32.00,primary,Ðiện Biên Phủ,2,2021-01-04,period_0_00,train_los+latest_segment_status
50282,5764789639,5764789640,66.000,4.752,free_flow,A,1.00,50.00,50.00,primary,Ðiện Biên Phủ,2,,,road_type_defaults
50283,5764789640,5764789641,10.000,1.333,moderate,C,1.75,50.00,27.00,primary,Ðiện Biên Phủ,2,2021-01-04,period_0_00,train_los+latest_segment_status
50284,5764789641,5764789642,13.000,0.936,free_flow,A,1.00,50.00,50.00,primary,Ðiện Biên Phủ,2,,,road_type_defaults
50285,5764789642,5764789646,7.000,0.504,free_flow,A,1.00,50.00,50.00,primary,Ðiện Biên Phủ,2,,,road_type_defaults
50286,5764789646,411921105,18.000,1.296,free_flow,A,1.00,50.00,50.00,primary,Ðiện Biên Phủ,2,,,road_type_defaults
50287,411921105,5764789645,11.000,1.650,heavy,D,2.50,50.00,24.00,primary,Ðiện Biên Phủ,2,2021-01-04,period_0_00,train_los+latest_segment_status
50288,5764789645,4605582026,11.000,0.792,free_flow,A,1.00,50.00,50.00,primary,Ðiện Biên Phủ,2,,,road_type_defaults
50289,366419521,2433276963,10.000,1.200,free_flow,A,1.00,30.00,30.00,tertiary,Đường Cao Thắng,4,,,road_type_defaults
50290,2433276963,366419521,10.000,1.200,free_flow,A,1.00,30.00,30.00,tertiary,Đường 3 Tháng 2,4,,,road_type_defaults
50291,2364060002,3339100849,7.000,0.840,free_flow,A,1.00,30.00,30.00,tertiary,Cao Thắng,4,,,road_type_defaults
50292,3339100849,2364060002,7.000,3.150,gridlock,F,8.00,30.00,8.00,tertiary,Cao Thắng,4,2020-11-16,period_12_00,train_los+latest_segment_status
50293,3339100849,3339100851,12.000,1.440,free_flow,A,1.00,30.00,30.00,tertiary,Cao Thắng,4,,,road_type_defaults
50294,3339100851,3339100849,12.000,1.440,free_flow,A,1.00,30.00,30.00,tertiary,Cao Thắng,4,,,road_type_defaults
50295,3339100851,5762610097,32.000,3.840,free_flow,A,1.00,30.00,30.00,tertiary,Cao Thắng,4,,,road_type_defaults
50296,5762610097,3339100851,32.000,8.229,gridlock,F,8.00,30.00,14.00,tertiary,Cao Thắng,4,2021-01-04,period_13_30,train_los+latest_segment_status
50297,5762610097,4607247007,45.000,7.364,heavy,D,2.50,30.00,22.00,tertiary,Cao Thắng,4,2021-01-05,period_10_30,train_los+latest_segment_status
50298,4607247007,5762610097,45.000,10.125,severe,E,4.00,30.00,16.00,tertiary,Cao Thắng,4,2021-01-05,period_12_00,train_los+latest_segment_status
50299,4607247007,5762610093,5.000,4.500,gridlock,F,8.00,30.00,4.00,tertiary,Cao Thắng,4,2021-01-04,period_13_30,train_los+latest_segment_status
50300,5762610093,4607247007,5.000,4.500,gridlock,F,8.00,30.00,4.00,tertiary,Cao Thắng,4,2020-12-15,period_2_00,train_los+latest_segment_status
50301,5762610093,5762610096,1.000,0.600,gridlock,F,8.00,30.00,6.00,tertiary,Cao Thắng,4,2020-11-17,period_1_30,train_los+latest_segment_status
50302,5762610096,5762610093,1.000,0.120,free_flow,A,1.00,30.00,30.00,tertiary,Cao Thắng,4,,,road_type_defaults
50303,5762610096,411926469,41.000,3.989,free_flow,A,1.00,30.00,37.00,tertiary,Cao Thắng,4,2021-01-04,period_14_00,train_los+latest_segment_status
50304,411926469,5762610096,41.000,9.225,moderate,C,1.75,30.00,16.00,tertiary,Cao Thắng,4,2021-01-05,period_10_30,train_los+latest_segment_status
50305,411926469,5762610095,30.000,3.600,free_flow,A,1.00,30.00,30.00,tertiary,Cao Thắng,4,,,road_type_defaults
50306,5762610095,411926469,30.000,3.600,free_flow,A,1.00,30.00,30.00,tertiary,Cao Thắng,4,,,road_type_defaults
50307,5762610095,411924811,79.000,13.543,heavy,D,2.50,30.00,21.00,tertiary,Cao Thắng,4,2021-01-05,period_12_00,train_los+latest_segment_status
50308,411924811,5762610095,79.000,13.543,heavy,D,2.50,30.00,21.00,tertiary,Cao Thắng,4,2021-01-05,period_12_00,train_los+latest_segment_status
50309,411924811,411922516,2.000,0.240,free_flow,A,1.00,30.00,30.00,tertiary,Cao Thắng,4,,,road_type_defaults
50310,411922516,411924811,2.000,0.240,free_flow,A,1.00,30.00,30.00,tertiary,Cao Thắng,4,,,road_type_defaults
50311,411922516,5762610091,20.000,0.911,free_flow,A,1.00,30.00,79.00,tertiary,Cao Thắng,4,2020-12-28,period_6_30,train_los+latest_segment_status
50312,5762610091,411922516,20.000,6.000,gridlock,F,8.00,30.00,12.00,tertiary,Cao Thắng,4,2021-01-05,period_12_00,train_los+latest_segment_status
50313,5762610091,5762610094,33.000,3.960,free_flow,A,1.00,30.00,30.00,tertiary,Cao Thắng,4,,,road_type_defaults
50314,5762610094,5762610091,33.000,5.165,heavy,D,2.50,30.00,23.00,tertiary,Cao Thắng,4,2021-01-05,period_12_00,train_los+latest_segment_status
50315,5762610094,411920657,43.000,5.160,free_flow,A,1.00,30.00,30.00,tertiary,Cao Thắng,4,,,road_type_defaults
50316,411920657,5762610094,43.000,77.400,gridlock,F,8.00,30.00,2.00,tertiary,Cao Thắng,4,2020-12-15,period_2_00,train_los+latest_segment_status
50317,411920657,411918630,16.000,1.920,free_flow,A,1.00,30.00,30.00,tertiary,Cao Thắng,4,,,road_type_defaults
50318,411918630,411920657,16.000,2.618,heavy,D,2.50,30.00,22.00,tertiary,Cao Thắng,4,2021-01-05,period_12_00,train_los+latest_segment_status
50319,411918630,411924642,27.000,3.240,free_flow,A,1.00,30.00,30.00,tertiary,Cao Thắng,4,,,road_type_defaults
50320,411924642,411918630,27.000,13.886,gridlock,F,8.00,30.00,7.00,tertiary,Cao Thắng,4,2021-01-05,period_10_30,train_los+latest_segment_status
50321,411924642,411925487,8.000,0.960,free_flow,A,1.00,30.00,30.00,tertiary,Cao Thắng,4,,,road_type_defaults
50322,411925487,411924642,8.000,0.960,free_flow,A,1.00,30.00,30.00,tertiary,Cao Thắng,4,,,road_type_defaults
50323,411925487,5764778952,6.000,0.720,free_flow,A,1.00,30.00,30.00,tertiary,Cao Thắng,4,,,road_type_defaults
50324,5764778952,411925487,6.000,0.720,free_flow,A,1.00,30.00,30.00,tertiary,Cao Thắng,4,,,road_type_defaults
50325,5764778952,411918475,66.000,6.253,free_flow,A,1.00,30.00,38.00,tertiary,Cao Thắng,4,2021-01-05,period_10_30,train_los+latest_segment_status
50326,411918475,5764778952,66.000,13.976,severe,E,4.00,30.00,17.00,tertiary,Cao Thắng,4,2021-01-05,period_12_00,train_los+latest_segment_status
50327,3338165688,4603797315,70.000,8.400,free_flow,A,1.00,30.00,30.00,tertiary,Cống Quỳnh,4,,,road_type_defaults
50328,4603797315,3338165688,70.000,3.405,free_flow,A,1.00,30.00,74.00,tertiary,Cống Quỳnh,4,2020-12-28,period_8_00,train_los+latest_segment_status
50329,4603797315,5762726884,28.000,3.360,free_flow,A,1.00,30.00,30.00,tertiary,Cống Quỳnh,4,,,road_type_defaults
50330,5762726884,4603797315,28.000,1.362,free_flow,A,1.00,30.00,74.00,tertiary,Cống Quỳnh,4,2020-12-28,period_7_00,train_los+latest_segment_status
50331,5762726884,5762711578,55.000,6.600,free_flow,A,1.00,30.00,30.00,tertiary,Cống Quỳnh,4,,,road_type_defaults
50332,5762711578,5762726884,55.000,2.640,free_flow,A,1.00,30.00,75.00,tertiary,Cống Quỳnh,4,2020-12-28,period_7_30,train_los+latest_segment_status
50333,5762711578,5762711577,53.000,6.360,free_flow,A,1.00,30.00,30.00,tertiary,Cống Quỳnh,4,,,road_type_defaults
50334,5762711577,5762711578,53.000,7.338,moderate,C,1.75,30.00,26.00,tertiary,Cống Quỳnh,4,2021-01-05,period_10_30,train_los+latest_segment_status
50335,5762711577,5762726869,23.000,2.760,free_flow,A,1.00,30.00,30.00,tertiary,Cống Quỳnh,4,,,road_type_defaults
50336,5762726869,5762711577,23.000,16.560,gridlock,F,8.00,30.00,5.00,tertiary,Cống Quỳnh,4,2021-01-04,period_13_30,train_los+latest_segment_status
50337,5762726869,4607399412,36.000,4.320,free_flow,A,1.00,30.00,30.00,tertiary,Cống Quỳnh,4,,,road_type_defaults
50338,4607399412,5762726869,36.000,6.480,heavy,D,2.50,30.00,20.00,tertiary,Cống Quỳnh,4,2021-01-05,period_12_00,train_los+latest_segment_status
50339,4607399412,5762711576,34.000,4.080,free_flow,A,1.00,30.00,30.00,tertiary,Cống Quỳnh,4,,,road_type_defaults
50340,5762711576,4607399412,34.000,13.600,gridlock,F,8.00,30.00,9.00,tertiary,Cống Quỳnh,4,2021-01-05,period_10_30,train_los+latest_segment_status
50341,5762711576,2691192014,58.000,8.352,moderate,C,1.75,30.00,25.00,tertiary,Cống Quỳnh,4,2020-11-26,period_3_00,train_los+latest_segment_status
50342,2691192014,5762711576,58.000,23.200,gridlock,F,8.00,30.00,9.00,tertiary,Cống Quỳnh,4,2021-01-05,period_12_00,train_los+latest_segment_status
50343,2691192014,4603586522,36.000,4.320,free_flow,A,1.00,30.00,30.00,tertiary,Cống Quỳnh,4,,,road_type_defaults
50344,4603586522,2691192014,36.000,16.200,gridlock,F,8.00,30.00,8.00,tertiary,Cống Quỳnh,4,2021-01-05,period_12_00,train_los+latest_segment_status
50345,4603586522,5762610087,13.000,1.560,free_flow,A,1.00,30.00,30.00,tertiary,Cống Quỳnh,4,,,road_type_defaults
50346,5762610087,4603586522,13.000,2.229,heavy,D,2.50,30.00,21.00,tertiary,Cống Quỳnh,4,2021-01-04,period_14_00,train_los+latest_segment_status
50379,5758114505,411922615,25.000,3.000,free_flow,A,1.00,30.00,30.00,tertiary,Nguyễn Ðình Chiểu,4,,,road_type_defaults
50380,411922615,5758114506,24.000,2.880,free_flow,A,1.00,30.00,30.00,tertiary,Nguyễn Ðình Chiểu,4,,,road_type_defaults
50381,5758114506,5758114507,23.000,8.280,gridlock,F,8.00,30.00,10.00,tertiary,Nguyễn Ðình Chiểu,4,2020-12-20,period_11_00,train_los+latest_segment_status
50382,5758114507,5758114508,24.000,86.400,gridlock,F,8.00,30.00,1.00,tertiary,Nguyễn Ðình Chiểu,4,2021-04-16,period_1_30,train_los+latest_segment_status
50383,5758114508,5758114509,25.000,90.000,gridlock,F,8.00,30.00,1.00,tertiary,Nguyễn Ðình Chiểu,4,2021-04-16,period_1_30,train_los+latest_segment_status
50384,5758114509,3164261850,10.000,9.000,gridlock,F,8.00,30.00,4.00,tertiary,Nguyễn Ðình Chiểu,4,2021-04-16,period_1_30,train_los+latest_segment_status
50385,3164261850,5758114510,27.000,3.240,free_flow,A,1.00,30.00,30.00,tertiary,Nguyễn Ðình Chiểu,4,,,road_type_defaults
50386,5758114510,5758114511,9.000,2.945,gridlock,F,8.00,30.00,11.00,tertiary,Nguyễn Ðình Chiểu,4,2021-04-16,period_1_30,train_los+latest_segment_status
50387,5758114511,5758114512,12.000,10.800,gridlock,F,8.00,30.00,4.00,tertiary,Nguyễn Ðình Chiểu,4,2021-04-16,period_1_30,train_los+latest_segment_status
50388,5758114512,5758114513,36.000,7.624,severe,E,4.00,30.00,17.00,tertiary,Nguyễn Ðình Chiểu,4,2020-12-20,period_11_00,train_los+latest_segment_status
50389,5764869373,4605752816,106.000,11.224,light,B,1.25,30.00,34.00,tertiary,Nguyễn Ðình Chiểu,4,2020-12-20,period_10_00,train_los+latest_segment_status
50390,4605752816,3164261851,11.000,1.523,moderate,C,1.75,30.00,26.00,tertiary,Nguyễn Ðình Chiểu,4,2021-04-16,period_1_30,train_los+latest_segment_status
50391,3164261851,5778872996,15.000,1.800,free_flow,A,1.00,30.00,30.00,tertiary,Nguyễn Ðình Chiểu,4,,,road_type_defaults
50392,5778872996,4605752800,22.000,19.800,gridlock,F,8.00,30.00,4.00,tertiary,Nguyễn Ðình Chiểu,4,2020-12-20,period_11_00,train_los+latest_segment_status
50393,4605752800,5758114505,32.000,5.486,heavy,D,2.50,30.00,21.00,tertiary,Nguyễn Ðình Chiểu,4,2021-04-16,period_1_30,train_los+latest_segment_status
50394,2364060002,2364060010,270.000,44.182,heavy,D,2.50,50.00,22.00,primary,Nguyễn Thị Minh Khai,2,2020-12-25,period_10_00,train_los+latest_segment_status
50395,2364060010,3160583014,10.000,2.250,severe,E,4.00,50.00,16.00,primary,Nguyễn Thị Minh Khai,2,2021-01-05,period_12_00,train_los+latest_segment_status
50396,3160583014,2364060005,14.000,2.800,severe,E,4.00,50.00,18.00,primary,Nguyễn Thị Minh Khai,2,2020-11-16,period_12_00,train_los+latest_segment_status
50397,2364060005,2364059999,31.000,2.232,free_flow,A,1.00,50.00,50.00,primary,Nguyễn Thị Minh Khai,2,,,road_type_defaults
51495,366446521,3116339942,84.000,10.080,free_flow,A,1.00,30.00,30.00,tertiary,Lê Hồng Phong,4,,,road_type_defaults
51496,3116339942,366446521,84.000,10.080,free_flow,A,1.00,30.00,30.00,tertiary,Lê Hồng Phong,4,,,road_type_defaults
51497,3116339942,5794883969,29.000,4.745,heavy,D,2.50,30.00,22.00,tertiary,Lê Hồng Phong,4,2021-01-03,period_2_00,train_los+latest_segment_status
51498,5794883969,3116339942,29.000,3.480,free_flow,A,1.00,30.00,30.00,tertiary,Lê Hồng Phong,4,,,road_type_defaults
51499,5794883969,5794913339,11.000,0.843,free_flow,A,1.00,30.00,47.00,tertiary,Lê Hồng Phong,4,2020-12-25,period_9_00,train_los+latest_segment_status
51500,5794913339,5794883969,11.000,1.320,free_flow,A,1.00,30.00,30.00,tertiary,Lê Hồng Phong,4,,,road_type_defaults
51501,5794913339,366400249,76.000,9.120,free_flow,A,1.00,30.00,30.00,tertiary,Lê Hồng Phong,4,,,road_type_defaults
51502,366400249,5794913339,76.000,24.873,gridlock,F,8.00,30.00,11.00,tertiary,Lê Hồng Phong,4,2021-01-03,period_2_00,train_los+latest_segment_status
51503,366400249,366466647,186.000,55.800,gridlock,F,8.00,30.00,12.00,tertiary,Lê Hồng Phong,4,2021-01-03,period_2_00,train_los+latest_segment_status
51504,366466647,366400249,186.000,22.320,free_flow,A,1.00,30.00,30.00,tertiary,Lê Hồng Phong,4,,,road_type_defaults
51538,4614030565,5045757172,47.000,4.976,moderate,C,1.75,40.00,34.00,secondary,Ngô Gia Tự,3,2020-12-19,period_10_30,train_los+latest_segment_status
51539,5045757172,4614030565,47.000,7.050,severe,E,4.00,40.00,24.00,secondary,Ngô Gia Tự,3,2020-08-03,period_0_00,train_los+latest_segment_status
51540,5045757172,5045756810,65.000,9.750,heavy,D,2.50,40.00,24.00,secondary,Ngô Gia Tự,3,2021-01-04,period_0_00,train_los+latest_segment_status
51541,5045756810,5045757172,65.000,29.250,severe,E,4.00,40.00,8.00,secondary,Ngô Gia Tự,3,2020-08-03,period_0_00,train_los+latest_segment_status
51542,5045756810,5045757166,19.000,2.631,heavy,D,2.50,40.00,26.00,secondary,Ngô Gia Tự,3,2020-08-03,period_0_00,train_los+latest_segment_status
51543,5045757166,5045756810,19.000,2.012,moderate,C,1.75,40.00,34.00,secondary,Ngô Gia Tự,3,2020-08-03,period_0_00,train_los+latest_segment_status
51544,5045757166,5045757162,79.000,10.938,moderate,C,1.75,40.00,26.00,secondary,Ngô Gia Tự,3,2021-01-04,period_0_00,train_los+latest_segment_status
51545,5045757162,5045757166,79.000,17.775,heavy,D,2.50,40.00,16.00,secondary,Ngô Gia Tự,3,2020-08-03,period_0_00,train_los+latest_segment_status
51546,5045757162,5045756805,36.000,4.050,heavy,D,2.50,40.00,32.00,secondary,Ngô Gia Tự,3,2020-08-03,period_0_00,train_los+latest_segment_status
51547,5045756805,5045757162,36.000,4.050,heavy,D,2.50,40.00,32.00,secondary,Ngô Gia Tự,3,2020-08-03,period_0_00,train_los+latest_segment_status
51548,5045756805,4621862964,72.000,43.200,gridlock,F,8.00,40.00,6.00,secondary,Ngô Gia Tự,3,2021-01-04,period_0_00,train_los+latest_segment_status
51549,4621862964,5045756805,72.000,7.624,severe,E,4.00,40.00,34.00,secondary,Ngô Gia Tự,3,2020-08-03,period_0_00,train_los+latest_segment_status
51550,4621862964,5045757093,74.000,9.867,moderate,C,1.75,40.00,27.00,secondary,Ngô Gia Tự,3,2021-01-04,period_0_00,train_los+latest_segment_status
51551,5045757093,4621862964,74.000,13.320,heavy,D,2.50,40.00,20.00,secondary,Ngô Gia Tự,3,2020-08-03,period_0_00,train_los+latest_segment_status
51552,5045757093,5045757076,31.000,3.600,light,B,1.25,40.00,31.00,secondary,Ngô Gia Tự,3,2021-01-04,period_0_00,train_los+latest_segment_status
51553,5045757076,5045757093,31.000,111.600,heavy,D,2.50,40.00,1.00,secondary,Ngô Gia Tự,3,2020-08-03,period_0_00,train_los+latest_segment_status
51554,5045757076,5045757053,31.000,15.943,severe,E,4.00,40.00,7.00,secondary,Ngô Gia Tự,3,2020-08-03,period_0_00,train_los+latest_segment_status
51555,5045757053,5045757076,31.000,55.800,heavy,D,2.50,40.00,2.00,secondary,Ngô Gia Tự,3,2020-08-03,period_0_00,train_los+latest_segment_status
51556,5045757053,5050082260,11.000,1.200,light,B,1.25,40.00,33.00,secondary,Ngô Gia Tự,3,2021-01-04,period_0_00,train_los+latest_segment_status
51557,5050082260,5045757053,11.000,1.042,heavy,D,2.50,40.00,38.00,secondary,Ngô Gia Tự,3,2020-08-03,period_0_00,train_los+latest_segment_status
51558,5050082260,5050082259,8.000,1.800,severe,E,4.00,40.00,16.00,secondary,Ngô Gia Tự,3,2020-08-03,period_0_00,train_los+latest_segment_status
51559,5050082259,5050082260,8.000,1.200,severe,E,4.00,40.00,24.00,secondary,Ngô Gia Tự,3,2020-08-03,period_0_00,train_los+latest_segment_status
51560,5050082259,5045757043,49.000,5.040,heavy,D,2.50,40.00,35.00,secondary,Ngô Gia Tự,3,2020-08-03,period_0_00,train_los+latest_segment_status
51561,5045757043,5050082259,49.000,11.025,heavy,D,2.50,40.00,16.00,secondary,Ngô Gia Tự,3,2020-08-03,period_0_00,train_los+latest_segment_status
51562,5045757043,5045757038,19.000,22.800,severe,E,4.00,40.00,3.00,secondary,Ngô Gia Tự,3,2020-08-03,period_0_00,train_los+latest_segment_status
51563,5045757038,5045757043,19.000,3.600,severe,E,4.00,40.00,19.00,secondary,Ngô Gia Tự,3,2020-08-03,period_0_00,train_los+latest_segment_status
51564,5045757038,366450098,90.000,18.000,moderate,C,1.75,40.00,18.00,secondary,Ngô Gia Tự,3,2020-08-03,period_0_00,train_los+latest_segment_status
51565,366450098,5045757038,90.000,81.000,gridlock,F,8.00,40.00,4.00,secondary,Ngô Gia Tự,3,2021-01-04,period_0_00,train_los+latest_segment_status
51606,2300363358,4616143770,31.000,2.232,free_flow,A,1.00,50.00,50.00,primary,Trần Phú,2,,,road_type_defaults
51607,4616143770,5805637469,83.000,5.976,free_flow,A,1.00,50.00,50.00,primary,Trần Phú,2,,,road_type_defaults
51608,5805637469,5805637470,59.000,4.248,free_flow,A,1.00,50.00,50.00,primary,Trần Phú,2,,,road_type_defaults
51609,5805637470,366429715,35.000,2.520,free_flow,A,1.00,50.00,50.00,primary,Trần Phú,2,,,road_type_defaults
51610,366429715,5794771156,4.000,0.288,free_flow,A,1.00,50.00,50.00,primary,Trần Phú,2,,,road_type_defaults
51611,5794771156,5794883960,83.000,5.976,free_flow,A,1.00,50.00,50.00,primary,Trần Phú,2,,,road_type_defaults
51612,5794883960,5805637459,11.000,1.238,light,B,1.25,50.00,32.00,primary,Trần Phú,2,2020-12-24,period_14_00,train_los+latest_segment_status
51613,5805637459,5805831221,56.000,4.032,free_flow,A,1.00,50.00,50.00,primary,Trần Phú,2,,,road_type_defaults
51614,5805831221,366400249,95.000,19.000,severe,E,4.00,50.00,18.00,primary,Trần Phú,2,2020-12-24,period_14_00,train_los+latest_segment_status
51615,366400249,5794913350,81.000,8.836,light,B,1.25,50.00,33.00,primary,Trần Phú,2,2021-01-03,period_2_00,train_los+latest_segment_status
51616,5794913350,5794913320,23.000,2.435,light,B,1.25,50.00,34.00,primary,Trần Phú,2,2020-12-24,period_14_00,train_los+latest_segment_status
51617,5794913320,5794913309,38.000,2.736,free_flow,A,1.00,50.00,50.00,primary,Trần Phú,2,,,road_type_defaults
51618,5794913309,5794913304,41.000,2.952,free_flow,A,1.00,50.00,50.00,primary,Trần Phú,2,,,road_type_defaults
51619,5794913304,5794913328,84.000,7.754,free_flow,A,1.00,50.00,39.00,primary,Trần Phú,2,2020-12-24,period_14_00,train_los+latest_segment_status
51620,5794913328,366418906,51.000,5.923,light,B,1.25,50.00,31.00,primary,Trần Phú,2,2020-12-24,period_14_00,train_los+latest_segment_status
51621,366418906,3185762981,79.000,5.688,free_flow,A,1.00,50.00,50.00,primary,Trần Phú,2,,,road_type_defaults
51622,3185762981,634134021,311.000,34.987,light,B,1.25,50.00,32.00,primary,Trần Phú,2,2020-12-24,period_14_00,train_los+latest_segment_status
51646,411925922,3116310152,88.000,10.560,free_flow,A,1.00,30.00,30.00,tertiary,Bà Huyện Thanh Quan,4,,,road_type_defaults
51647,3116310152,411925923,62.000,7.440,free_flow,A,1.00,30.00,30.00,tertiary,Bà Huyện Thanh Quan,4,,,road_type_defaults
51648,366446521,5794854820,49.000,3.528,free_flow,A,1.00,50.00,50.00,primary,Hùng Vương,2,,,road_type_defaults
51649,5794854820,5794854819,13.000,1.872,moderate,C,1.75,50.00,25.00,primary,Hùng Vương,2,2020-08-03,period_0_00,train_los+latest_segment_status
51650,5794854819,5794854821,8.000,2.880,severe,E,4.00,50.00,10.00,primary,Hùng Vương,2,2020-08-03,period_0_00,train_los+latest_segment_status
51651,5794854821,5794883987,63.000,9.450,heavy,D,2.50,50.00,24.00,primary,Hùng Vương,2,2020-08-03,period_0_00,train_los+latest_segment_status
51652,5794883987,5794771159,46.000,9.200,heavy,D,2.50,50.00,18.00,primary,Hùng Vương,2,2020-08-03,period_0_00,train_los+latest_segment_status
51653,5794771159,5788927095,32.000,6.400,severe,E,4.00,50.00,18.00,primary,Hùng Vương,2,2020-08-03,period_0_00,train_los+latest_segment_status
51654,5788927095,5794854831,7.000,1.260,heavy,D,2.50,50.00,20.00,primary,Hùng Vương,2,2020-08-03,period_0_00,train_los+modeled_speed
51655,5794854831,5794884014,87.000,8.949,moderate,C,1.75,50.00,35.00,primary,Hùng Vương,2,2020-08-03,period_0_00,train_los+latest_segment_status
51656,5794884014,3185778720,4.000,0.960,severe,E,4.00,50.00,15.00,primary,Hùng Vương,2,2020-12-24,period_14_00,train_los+latest_segment_status
51657,3185778720,366454289,101.000,45.450,gridlock,F,8.00,50.00,8.00,primary,Hùng Vương,2,2020-08-03,period_0_00,train_los+latest_segment_status
51658,366454289,1997154257,107.000,96.300,heavy,D,2.50,50.00,4.00,primary,Hùng Vương,2,2020-08-03,period_0_00,train_los+latest_segment_status
51659,1997154257,1997154284,82.000,9.840,severe,E,4.00,50.00,30.00,primary,Hùng Vương,2,2020-08-03,period_0_00,train_los+latest_segment_status
51660,1997154284,366479267,57.000,25.650,severe,E,4.00,50.00,8.00,primary,Hùng Vương,2,2020-08-03,period_0_00,train_los+latest_segment_status
51661,366479267,3185778721,96.000,21.600,moderate,C,1.75,50.00,16.00,primary,Hùng Vương,2,2020-08-03,period_0_00,train_los+latest_segment_status
51662,3185778721,5803536170,41.000,73.800,severe,E,4.00,50.00,2.00,primary,Hùng Vương,2,2020-08-03,period_0_00,train_los+latest_segment_status
51663,5803536170,4621941574,7.000,1.800,moderate,C,1.75,50.00,14.00,primary,Hùng Vương,2,2020-08-03,period_0_00,train_los+latest_segment_status
51664,4621941574,4620532888,109.000,65.400,severe,E,4.00,50.00,6.00,primary,Hùng Vương,2,2020-08-03,period_0_00,train_los+latest_segment_status
51665,4620532888,4620534189,11.000,6.600,heavy,D,2.50,50.00,6.00,primary,Hùng Vương,2,2020-08-03,period_0_00,train_los+latest_segment_status
51678,411925922,3744246112,44.000,4.526,moderate,C,1.75,30.00,35.00,tertiary,Võ Văn Tần,4,2020-08-03,period_0_00,train_los+latest_segment_status
51679,3744246112,5763263830,85.000,10.200,free_flow,A,1.00,30.00,30.00,tertiary,Võ Văn Tần,4,,,road_type_defaults
51680,5763263830,5763269259,43.000,5.160,free_flow,A,1.00,30.00,30.00,tertiary,Võ Văn Tần,4,,,road_type_defaults
51681,5763269259,5763263841,2.000,7.200,gridlock,F,8.00,30.00,1.00,tertiary,Võ Văn Tần,4,2020-12-24,period_15_00,train_los+latest_segment_status
51682,5763263841,411926551,44.000,5.280,free_flow,A,1.00,30.00,30.00,tertiary,Võ Văn Tần,4,,,road_type_defaults
51704,366462922,2289923629,15.000,1.350,free_flow,A,1.00,40.00,40.00,secondary,An Dương Vương,3,,,road_type_defaults
51705,2289923629,366462922,15.000,1.350,free_flow,A,1.00,40.00,40.00,secondary,An Dương Vương,3,,,road_type_defaults
52037,4620534189,4620515990,97.000,10.582,moderate,C,1.75,50.00,33.00,primary,Hùng Vương,2,2020-08-03,period_0_00,train_los+latest_segment_status
52038,4620515990,3185778722,40.000,4.645,severe,E,4.00,50.00,31.00,primary,Hùng Vương,2,2020-08-03,period_0_00,train_los+latest_segment_status
52039,3185778722,2934292885,35.000,3.150,heavy,D,2.50,50.00,40.00,primary,Hùng Vương,2,2020-08-03,period_0_00,train_los+latest_segment_status
52040,2934292885,1996654472,78.000,8.509,moderate,C,1.75,50.00,33.00,primary,Hùng Vương,2,2020-08-03,period_0_00,train_los+latest_segment_status
52041,1996654472,4646989208,91.000,12.133,heavy,D,2.50,50.00,27.00,primary,Hùng Vương,2,2020-08-03,period_0_00,train_los+latest_segment_status
52042,4646989208,5802993762,6.000,0.800,moderate,C,1.75,50.00,27.00,primary,Hùng Vương,2,2020-08-03,period_0_00,train_los+latest_segment_status
52043,5802993762,4616051263,8.000,0.800,severe,E,4.00,50.00,36.00,primary,Hùng Vương,2,2020-08-03,period_0_00,train_los+latest_segment_status
52060,4631057700,4631390893,5.000,0.360,free_flow,A,1.00,50.00,50.00,primary,Nguyễn Tri Phương,2,,,road_type_defaults
52061,4631390893,5805637521,40.000,5.538,heavy,D,2.50,50.00,26.00,primary,Nguyễn Tri Phương,2,2020-08-03,period_0_00,train_los+latest_segment_status
52062,5805637521,3116315718,1.000,0.225,moderate,C,1.75,50.00,16.00,primary,Nguyễn Tri Phương,2,2020-08-03,period_0_00,train_los+latest_segment_status
52063,3116315718,4620515588,29.000,2.983,moderate,C,1.75,50.00,35.00,primary,Nguyễn Tri Phương,2,2020-08-03,period_0_00,train_los+latest_segment_status
52064,4620515588,4620532888,26.000,3.120,severe,E,4.00,50.00,30.00,primary,Nguyễn Tri Phương,2,2020-08-03,period_0_00,train_los+latest_segment_status
52065,4620532888,4620515992,62.000,17.169,heavy,D,2.50,50.00,13.00,primary,Nguyễn Tri Phương,2,2020-08-03,period_0_00,train_los+latest_segment_status
52066,4620515992,4620515991,85.000,13.909,moderate,C,1.75,50.00,22.00,primary,Nguyễn Tri Phương,2,2020-08-03,period_0_00,train_los+latest_segment_status
52067,4620515991,3150110711,30.000,3.273,light,B,1.25,50.00,33.00,primary,Nguyễn Tri Phương,2,2021-01-04,period_0_00,train_los+latest_segment_status
52068,3150110711,734894515,59.000,5.900,heavy,D,2.50,50.00,36.00,primary,Nguyễn Tri Phương,2,2020-08-03,period_0_00,train_los+latest_segment_status
52069,366462922,411922222,20.000,3.000,heavy,D,2.50,50.00,24.00,primary,Nguyễn Văn Cừ,2,2021-01-04,period_0_00,train_los+latest_segment_status
52070,411922222,3171506752,109.000,196.200,gridlock,F,8.00,50.00,2.00,primary,Nguyễn Văn Cừ,2,2021-01-03,period_2_00,train_los+latest_segment_status
52071,3171506752,366467217,72.000,12.960,heavy,D,2.50,50.00,20.00,primary,Nguyễn Văn Cừ,2,2021-04-05,period_13_00,train_los+latest_segment_status
52072,366467217,2289923634,181.000,13.032,free_flow,A,1.00,50.00,50.00,primary,Nguyễn Văn Cừ,2,,,road_type_defaults
52073,2289923634,3171506754,53.000,2.446,free_flow,A,1.00,50.00,78.00,primary,Nguyễn Văn Cừ,2,2021-04-05,period_13_00,train_los+latest_segment_status
52074,3171506754,5806004398,14.000,1.008,free_flow,A,1.00,50.00,50.00,primary,Nguyễn Văn Cừ,2,,,road_type_defaults
52075,5806004398,2364089053,109.000,7.848,free_flow,A,1.00,50.00,50.00,primary,Nguyễn Văn Cừ,2,,,road_type_defaults
52076,2289923629,5795001569,85.000,19.125,severe,E,4.00,50.00,16.00,primary,Nguyễn Văn Cừ,2,2021-03-15,period_10_30,train_los+latest_segment_status
52077,5795001569,3150775230,15.000,0.621,free_flow,A,1.00,50.00,87.00,primary,Nguyễn Văn Cừ,2,2021-04-05,period_13_00,train_los+latest_segment_status
52078,3150775230,2469697624,21.000,37.800,gridlock,F,8.00,50.00,2.00,primary,Nguyễn Văn Cừ,2,2020-12-25,period_8_00,train_los+latest_segment_status
52079,2469697624,2469697626,80.000,13.714,heavy,D,2.50,50.00,21.00,primary,Nguyễn Văn Cừ,2,2020-11-16,period_13_30,train_los+latest_segment_status
52080,2469697626,2935020197,74.000,9.514,moderate,C,1.75,50.00,28.00,primary,Nguyễn Văn Cừ,2,2021-01-03,period_2_00,train_los+latest_segment_status
52081,2935020197,5780783992,82.000,9.840,light,B,1.25,50.00,30.00,primary,Nguyễn Văn Cừ,2,2021-01-03,period_2_00,train_los+latest_segment_status
52082,5780783992,3150775229,40.000,2.149,moderate,C,1.75,50.00,67.00,primary,Nguyễn Văn Cừ,2,2021-03-15,period_10_30,train_los+latest_segment_status
52083,3150775229,5780784040,26.000,2.836,light,B,1.25,50.00,33.00,primary,Nguyễn Văn Cừ,2,2020-11-30,period_5_00,train_los+latest_segment_status
52084,5780784040,5780758078,45.000,5.062,light,B,1.25,50.00,32.00,primary,Nguyễn Văn Cừ,2,2020-11-30,period_4_30,train_los+latest_segment_status
52085,5780758078,634134026,7.000,0.900,moderate,C,1.75,50.00,28.00,primary,Nguyễn Văn Cừ,2,2020-12-10,period_11_30,train_los+latest_segment_status
52933,2305201711,3171491268,50.000,3.600,free_flow,A,1.00,50.00,50.00,primary,Hoàng Diệu,2,,,road_type_defaults
52934,3171491268,5772092724,23.000,1.656,free_flow,A,1.00,50.00,50.00,primary,Hoàng Diệu,2,,,road_type_defaults
52935,5772092724,5772092726,11.000,0.792,free_flow,A,1.00,50.00,50.00,primary,Hoàng Diệu,2,,,road_type_defaults
52936,5772092726,366381001,101.000,7.272,free_flow,A,1.00,50.00,50.00,primary,Hoàng Diệu,2,,,road_type_defaults
52937,366381001,1779408046,47.000,3.384,free_flow,A,1.00,50.00,50.00,primary,Hoàng Diệu,2,,,road_type_defaults
52955,2305201712,2305201706,11.000,0.792,free_flow,A,1.00,50.00,50.00,primary,Hoàng Diệu,2,,,road_type_defaults
52956,2305201706,2032267118,85.000,6.120,free_flow,A,1.00,50.00,50.00,primary,Hoàng Diệu,2,,,road_type_defaults
52957,2032267118,2034589267,0.674,0.049,free_flow,A,1.00,50.00,50.00,primary,Hoàng Diệu,2,,,road_type_defaults
52958,2034589267,2034589283,109.000,7.848,free_flow,A,1.00,50.00,50.00,primary,Hoàng Diệu,2,,,road_type_defaults
52959,2034589283,2032267508,0.275,0.020,free_flow,A,1.00,50.00,50.00,primary,Hoàng Diệu,2,,,road_type_defaults
52960,2032267508,5772746287,26.000,1.872,free_flow,A,1.00,50.00,50.00,primary,Hoàng Diệu,2,,,road_type_defaults
52961,5772746287,5772502922,26.000,1.872,free_flow,A,1.00,50.00,50.00,primary,Hoàng Diệu,2,,,road_type_defaults
52962,5772502922,5772502924,0.400,0.029,free_flow,A,1.00,50.00,50.00,primary,Hoàng Diệu,2,,,road_type_defaults
52963,5772502924,2032267337,5.000,0.360,free_flow,A,1.00,50.00,50.00,primary,Hoàng Diệu,2,,,road_type_defaults
52964,2032267337,5772502925,8.000,0.576,free_flow,A,1.00,50.00,50.00,primary,Khánh Hội,2,,,road_type_defaults
52965,366445426,2027772997,49.000,5.880,free_flow,A,1.00,30.00,30.00,tertiary,Tôn Thất Thuyết,4,,,road_type_defaults
52966,2027772997,366445426,49.000,5.880,free_flow,A,1.00,30.00,30.00,tertiary,Tôn Thất Thuyết,4,,,road_type_defaults
52967,2027772997,2027772753,86.000,10.320,free_flow,A,1.00,30.00,30.00,tertiary,Tôn Thất Thuyết,4,,,road_type_defaults
52968,2027772753,2027772997,86.000,10.320,free_flow,A,1.00,30.00,30.00,tertiary,Tôn Thất Thuyết,4,,,road_type_defaults
52969,2027772753,366433810,33.000,3.960,free_flow,A,1.00,30.00,30.00,tertiary,Tôn Thất Thuyết,4,,,road_type_defaults
52970,366433810,2027772753,33.000,3.960,free_flow,A,1.00,30.00,30.00,tertiary,Tôn Thất Thuyết,4,,,road_type_defaults
52971,366433810,2027772752,68.000,8.160,free_flow,A,1.00,30.00,30.00,tertiary,Tôn Thất Thuyết,4,,,road_type_defaults
52972,2027772752,366433810,68.000,8.160,free_flow,A,1.00,30.00,30.00,tertiary,Tôn Thất Thuyết,4,,,road_type_defaults
52973,2027772752,2027773608,35.000,4.200,free_flow,A,1.00,30.00,30.00,tertiary,Tôn Thất Thuyết,4,,,road_type_defaults
52974,2027773608,2027772752,35.000,4.200,free_flow,A,1.00,30.00,30.00,tertiary,Tôn Thất Thuyết,4,,,road_type_defaults
52975,2027773608,366448238,10.000,1.200,free_flow,A,1.00,30.00,30.00,tertiary,Tôn Thất Thuyết,4,,,road_type_defaults
52976,366448238,2027773608,10.000,1.200,free_flow,A,1.00,30.00,30.00,tertiary,Tôn Thất Thuyết,4,,,road_type_defaults
52977,366448238,2027773129,42.000,5.040,free_flow,A,1.00,30.00,30.00,tertiary,Tôn Thất Thuyết,4,,,road_type_defaults
52978,2027773129,366448238,42.000,5.040,free_flow,A,1.00,30.00,30.00,tertiary,Tôn Thất Thuyết,4,,,road_type_defaults
52979,2027773129,2027772750,23.000,2.760,free_flow,A,1.00,30.00,30.00,tertiary,Tôn Thất Thuyết,4,,,road_type_defaults
52980,2027772750,2027773129,23.000,2.760,free_flow,A,1.00,30.00,30.00,tertiary,Tôn Thất Thuyết,4,,,road_type_defaults
52981,2027772750,2027772618,56.000,6.720,free_flow,A,1.00,30.00,30.00,tertiary,Tôn Thất Thuyết,4,,,road_type_defaults
52982,2027772618,2027772750,56.000,6.720,free_flow,A,1.00,30.00,30.00,tertiary,Tôn Thất Thuyết,4,,,road_type_defaults
52983,2027772618,2293409284,45.000,5.400,free_flow,A,1.00,30.00,30.00,tertiary,Tôn Thất Thuyết,4,,,road_type_defaults
52984,2293409284,2027772618,45.000,5.400,free_flow,A,1.00,30.00,30.00,tertiary,Tôn Thất Thuyết,4,,,road_type_defaults
54281,411920662,411920533,75.000,9.000,free_flow,A,1.00,30.00,30.00,unclassified,Bàn Cờ,4,,,road_type_defaults
54282,411920533,411920662,75.000,9.000,free_flow,A,1.00,30.00,30.00,unclassified,Bàn Cờ,4,,,road_type_defaults
54283,411920533,411925696,43.000,5.160,free_flow,A,1.00,30.00,30.00,unclassified,Bàn Cờ,4,,,road_type_defaults
54284,411925696,411920533,43.000,5.160,free_flow,A,1.00,30.00,30.00,unclassified,Bàn Cờ,4,,,road_type_defaults
54285,411925696,411925695,13.000,1.560,free_flow,A,1.00,30.00,30.00,unclassified,Bàn Cờ,4,,,road_type_defaults
54286,411925695,411925696,13.000,1.560,free_flow,A,1.00,30.00,30.00,unclassified,Bàn Cờ,4,,,road_type_defaults
54287,411925695,411920389,21.000,2.520,free_flow,A,1.00,30.00,30.00,unclassified,Bàn Cờ,4,,,road_type_defaults
54288,411920389,411925695,21.000,2.520,free_flow,A,1.00,30.00,30.00,unclassified,Bàn Cờ,4,,,road_type_defaults
54289,411920389,411925823,33.000,3.960,free_flow,A,1.00,30.00,30.00,unclassified,Bàn Cờ,4,,,road_type_defaults
54290,411925823,411920389,33.000,3.960,free_flow,A,1.00,30.00,30.00,unclassified,Bàn Cờ,4,,,road_type_defaults
54291,411925823,411920816,39.000,4.680,free_flow,A,1.00,30.00,30.00,unclassified,Bàn Cờ,4,,,road_type_defaults
54292,411920816,411925823,39.000,4.680,free_flow,A,1.00,30.00,30.00,unclassified,Bàn Cờ,4,,,road_type_defaults
54293,411920816,411923278,64.000,7.680,free_flow,A,1.00,30.00,30.00,unclassified,Bàn Cờ,4,,,road_type_defaults
54294,411923278,411920816,64.000,7.680,free_flow,A,1.00,30.00,30.00,unclassified,Bàn Cờ,4,,,road_type_defaults
54295,411923278,411921941,30.000,3.600,free_flow,A,1.00,30.00,30.00,unclassified,Bàn Cờ,4,,,road_type_defaults
54296,411921941,411923278,30.000,3.600,free_flow,A,1.00,30.00,30.00,unclassified,Bàn Cờ,4,,,road_type_defaults
54297,411921941,411924296,37.000,4.440,free_flow,A,1.00,30.00,30.00,unclassified,Bàn Cờ,4,,,road_type_defaults
54298,411924296,411921941,37.000,4.440,free_flow,A,1.00,30.00,30.00,unclassified,Bàn Cờ,4,,,road_type_defaults
54299,411924296,411921961,23.000,2.760,free_flow,A,1.00,30.00,30.00,unclassified,Bàn Cờ,4,,,road_type_defaults
54300,411921961,411924296,23.000,2.760,free_flow,A,1.00,30.00,30.00,unclassified,Bàn Cờ,4,,,road_type_defaults
54301,411921961,5764817345,43.000,5.160,free_flow,A,1.00,30.00,30.00,unclassified,Bàn Cờ,4,,,road_type_defaults
54302,5764817345,411921961,43.000,5.160,free_flow,A,1.00,30.00,30.00,unclassified,Bàn Cờ,4,,,road_type_defaults
55692,5772101018,2300361543,49.000,5.880,free_flow,A,1.00,30.00,30.00,tertiary,Bà Huyện Thanh Quan,4,,,road_type_defaults
55693,2300361543,411918088,47.000,8.905,severe,E,4.00,30.00,19.00,tertiary,Bà Huyện Thanh Quan,4,2021-01-06,period_0_30,train_los+latest_segment_status
55694,411918088,5778212581,5.000,0.600,free_flow,A,1.00,30.00,30.00,tertiary,Bà Huyện Thanh Quan,4,,,road_type_defaults
55695,5778212581,411926675,77.000,23.100,gridlock,F,8.00,30.00,12.00,tertiary,Bà Huyện Thanh Quan,4,2021-01-06,period_0_30,train_los+latest_segment_status
55696,411926675,411926679,111.000,133.200,gridlock,F,8.00,30.00,3.00,tertiary,Bà Huyện Thanh Quan,4,2021-01-06,period_0_30,train_los+latest_segment_status
55697,411926679,5778300404,39.000,4.680,free_flow,A,1.00,30.00,30.00,tertiary,Bà Huyện Thanh Quan,4,,,road_type_defaults
55698,5778300404,411917834,83.000,33.200,gridlock,F,8.00,30.00,9.00,tertiary,Bà Huyện Thanh Quan,4,2021-01-06,period_4_00,train_los+latest_segment_status
55699,411917834,411917833,29.000,4.015,severe,E,4.00,30.00,26.00,tertiary,Bà Huyện Thanh Quan,4,2021-01-06,period_4_00,train_los+latest_segment_status
55700,411917833,411917832,39.000,4.680,free_flow,A,1.00,30.00,30.00,tertiary,Bà Huyện Thanh Quan,4,,,road_type_defaults
55701,411917832,4013900152,55.000,6.600,free_flow,A,1.00,30.00,30.00,tertiary,Bà Huyện Thanh Quan,4,,,road_type_defaults
55702,4013900152,5778300422,46.000,5.520,free_flow,A,1.00,30.00,30.00,tertiary,Bà Huyện Thanh Quan,4,,,road_type_defaults
55703,5778300422,5778300433,60.000,9.000,heavy,D,2.50,30.00,24.00,tertiary,Bà Huyện Thanh Quan,4,2020-12-01,period_1_30,train_los+latest_segment_status
55704,5778300433,411926144,9.000,1.200,moderate,C,1.75,30.00,27.00,tertiary,Bà Huyện Thanh Quan,4,2020-11-17,period_1_30,train_los+latest_segment_status
55705,411926144,411926143,59.000,7.080,free_flow,A,1.00,30.00,30.00,tertiary,Bà Huyện Thanh Quan,4,,,road_type_defaults
55706,411926143,411926609,55.000,3.960,free_flow,A,1.00,30.00,50.00,tertiary,Bà Huyện Thanh Quan,4,2020-12-26,period_10_00,train_los+latest_segment_status
56414,5758114513,5758114514,5.000,0.600,free_flow,A,1.00,30.00,30.00,tertiary,Đường Lý Thái Tổ,4,,,road_type_defaults
56415,5758114514,5758114513,5.000,0.600,free_flow,A,1.00,30.00,30.00,tertiary,Đường Lý Thái Tổ,4,,,road_type_defaults
56416,5758114514,3768905105,4.000,0.480,free_flow,A,1.00,30.00,30.00,tertiary,Đường Lý Thái Tổ,4,,,road_type_defaults
56417,3768905105,5758114514,4.000,0.480,free_flow,A,1.00,30.00,30.00,tertiary,Đường Lý Thái Tổ,4,,,road_type_defaults
56806,411919184,4461965539,118.000,14.160,free_flow,A,1.00,30.00,30.00,tertiary,Bà Huyện Thanh Quan,4,,,road_type_defaults
56807,4461965539,411919185,19.000,2.280,free_flow,A,1.00,30.00,30.00,tertiary,Bà Huyện Thanh Quan,4,,,road_type_defaults
56808,411919185,411918124,69.000,8.280,free_flow,A,1.00,30.00,30.00,tertiary,Bà Huyện Thanh Quan,4,,,road_type_defaults
56809,411918124,5772101018,81.000,9.720,free_flow,A,1.00,30.00,30.00,tertiary,Bà Huyện Thanh Quan,4,,,road_type_defaults
57848,746617465,1768376037,26.000,3.120,free_flow,A,1.00,30.00,30.00,unclassified,Tân Vĩnh,4,,,road_type_defaults
57849,1768376037,746617465,26.000,3.120,free_flow,A,1.00,30.00,30.00,unclassified,Tân Vĩnh,4,,,road_type_defaults
57850,1768376037,1768376030,26.000,3.120,free_flow,A,1.00,30.00,30.00,unclassified,Tân Vĩnh,4,,,road_type_defaults
57851,1768376030,1768376037,26.000,3.120,free_flow,A,1.00,30.00,30.00,unclassified,Tân Vĩnh,4,,,road_type_defaults
57852,1768376030,1768376039,23.000,2.760,free_flow,A,1.00,30.00,30.00,unclassified,Tân Vĩnh,4,,,road_type_defaults
57853,1768376039,1768376030,23.000,2.760,free_flow,A,1.00,30.00,30.00,unclassified,Tân Vĩnh,4,,,road_type_defaults
57854,1768376039,5778272138,39.000,4.680,free_flow,A,1.00,30.00,30.00,unclassified,Tân Vĩnh,4,,,road_type_defaults
57855,5778272138,1768376039,39.000,4.680,free_flow,A,1.00,30.00,30.00,unclassified,Tân Vĩnh,4,,,road_type_defaults
57856,5778272138,706286177,4.000,0.480,free_flow,A,1.00,30.00,30.00,unclassified,Tân Vĩnh,4,,,road_type_defaults
57857,706286177,5778272138,4.000,0.480,free_flow,A,1.00,30.00,30.00,unclassified,Tân Vĩnh,4,,,road_type_defaults
57858,706286177,1768404060,48.000,5.760,free_flow,A,1.00,30.00,30.00,unclassified,Tân Vĩnh,4,,,road_type_defaults
57859,1768404060,706286177,48.000,5.760,free_flow,A,1.00,30.00,30.00,unclassified,Tân Vĩnh,4,,,road_type_defaults
57860,1768404060,1778816531,28.000,3.360,free_flow,A,1.00,30.00,30.00,unclassified,Tân Vĩnh,4,,,road_type_defaults
57861,1778816531,1768404060,28.000,3.360,free_flow,A,1.00,30.00,30.00,unclassified,Tân Vĩnh,4,,,road_type_defaults
57862,1778816531,1768404176,52.000,6.240,free_flow,A,1.00,30.00,30.00,unclassified,Tân Vĩnh,4,,,road_type_defaults
57863,1768404176,1778816531,52.000,6.240,free_flow,A,1.00,30.00,30.00,unclassified,Tân Vĩnh,4,,,road_type_defaults
57864,1768404176,746617459,36.000,4.320,free_flow,A,1.00,30.00,30.00,unclassified,Tân Vĩnh,4,,,road_type_defaults
57865,746617459,1768404176,36.000,4.320,free_flow,A,1.00,30.00,30.00,unclassified,Tân Vĩnh,4,,,road_type_defaults
57866,746617459,2027772764,25.000,3.000,free_flow,A,1.00,30.00,30.00,unclassified,Tân Vĩnh,4,,,road_type_defaults
57867,2027772764,746617459,25.000,3.000,free_flow,A,1.00,30.00,30.00,unclassified,Tân Vĩnh,4,,,road_type_defaults
57868,2027772764,1767235000,27.000,3.240,free_flow,A,1.00,30.00,30.00,unclassified,Tân Vĩnh,4,,,road_type_defaults
57869,1767235000,2027772764,27.000,3.240,free_flow,A,1.00,30.00,30.00,unclassified,Tân Vĩnh,4,,,road_type_defaults
57892,2027773127,5778272124,36.000,4.320,free_flow,A,1.00,30.00,30.00,unclassified,Đường 10A,4,,,road_type_defaults
57893,5778272124,2027773127,36.000,4.320,free_flow,A,1.00,30.00,30.00,unclassified,Đường 10A,4,,,road_type_defaults
57894,5778272124,1768404194,3.000,0.360,free_flow,A,1.00,30.00,30.00,unclassified,Đường 10A,4,,,road_type_defaults
57895,1768404194,5778272124,3.000,0.360,free_flow,A,1.00,30.00,30.00,unclassified,Đường 10A,4,,,road_type_defaults
57896,411918475,1784329627,24.000,2.880,free_flow,A,1.00,30.00,30.00,tertiary,Cao Thắng,4,,,road_type_defaults
57897,1784329627,411918475,24.000,1.094,free_flow,A,1.00,30.00,79.00,tertiary,Cao Thắng,4,2020-12-28,period_6_00,train_los+latest_segment_status
57898,1784329627,3164261855,12.000,1.440,free_flow,A,1.00,30.00,30.00,tertiary,Cao Thắng,4,,,road_type_defaults
57899,3164261855,1784329627,12.000,1.440,free_flow,A,1.00,30.00,30.00,tertiary,Cao Thắng,4,,,road_type_defaults
57900,3164261855,411925572,21.000,2.520,free_flow,A,1.00,30.00,30.00,tertiary,Cao Thắng,4,,,road_type_defaults
57901,411925572,3164261855,21.000,2.291,light,B,1.25,30.00,33.00,tertiary,Cao Thắng,4,2021-01-05,period_10_30,train_los+latest_segment_status
57902,411925572,411925590,23.000,2.760,free_flow,A,1.00,30.00,30.00,tertiary,Cao Thắng,4,,,road_type_defaults
57903,411925590,411925572,23.000,1.048,free_flow,A,1.00,30.00,79.00,tertiary,Cao Thắng,4,2020-12-28,period_7_00,train_los+latest_segment_status
57904,411925590,411921223,23.000,2.760,free_flow,A,1.00,30.00,30.00,tertiary,Cao Thắng,4,,,road_type_defaults
57905,411921223,411925590,23.000,3.600,severe,E,4.00,30.00,23.00,tertiary,Cao Thắng,4,2021-01-05,period_10_30,train_los+latest_segment_status
57906,411921223,411921218,23.000,2.760,free_flow,A,1.00,30.00,30.00,tertiary,Cao Thắng,4,,,road_type_defaults
57907,411921218,411921223,23.000,1.048,free_flow,A,1.00,30.00,79.00,tertiary,Cao Thắng,4,2020-12-28,period_7_30,train_los+latest_segment_status
57908,411921218,411918638,31.000,3.720,free_flow,A,1.00,30.00,30.00,tertiary,Cao Thắng,4,,,road_type_defaults
57909,411918638,411921218,31.000,3.100,free_flow,A,1.00,30.00,36.00,tertiary,Cao Thắng,4,2021-01-04,period_13_30,train_los+latest_segment_status
57910,411918638,411918482,42.000,5.040,free_flow,A,1.00,30.00,30.00,tertiary,Cao Thắng,4,,,road_type_defaults
57911,411918482,411918638,42.000,9.450,severe,E,4.00,30.00,16.00,tertiary,Cao Thắng,4,2021-01-05,period_10_30,train_los+latest_segment_status
57912,411918482,411918655,55.000,6.600,free_flow,A,1.00,30.00,30.00,tertiary,Cao Thắng,4,,,road_type_defaults
57913,411918655,411918482,55.000,24.750,gridlock,F,8.00,30.00,8.00,tertiary,Cao Thắng,4,2021-01-05,period_12_00,train_los+latest_segment_status
57914,411918655,5764817348,23.000,2.760,free_flow,A,1.00,30.00,30.00,tertiary,Cao Thắng,4,,,road_type_defaults
57915,5764817348,411918655,23.000,5.175,gridlock,F,8.00,30.00,16.00,tertiary,Cao Thắng,4,2021-01-05,period_12_00,train_los+latest_segment_status
58015,411926011,411926428,71.000,5.112,free_flow,A,1.00,50.00,50.00,primary,Cách Mạng Tháng Tám,2,,,road_type_defaults
58016,411926428,3250474561,76.000,7.200,moderate,C,1.75,50.00,38.00,primary,Cách Mạng Tháng Tám,2,2021-04-05,period_11_00,train_los+latest_segment_status
58017,3250474561,3164258337,59.000,9.235,heavy,D,2.50,50.00,23.00,primary,Cách Mạng Tháng Tám,2,2020-12-24,period_15_00,train_los+latest_segment_status
58018,3164258337,2520636461,35.000,6.000,heavy,D,2.50,50.00,21.00,primary,Cách Mạng Tháng Tám,2,2020-12-24,period_15_00,train_los+latest_segment_status
58019,2520636461,411926439,21.000,0.453,free_flow,A,1.00,50.00,167.00,primary,Cách Mạng Tháng Tám,2,2020-12-24,period_15_00,train_los+latest_segment_status
58020,411926439,411926405,109.000,5.687,free_flow,A,1.00,50.00,69.00,primary,Cách Mạng Tháng Tám,2,2021-04-05,period_11_00,train_los+latest_segment_status
58021,411926405,3164258339,65.000,46.800,gridlock,F,8.00,50.00,5.00,primary,Cách Mạng Tháng Tám,2,2021-04-05,period_11_00,train_los+latest_segment_status
58022,3164258339,4879876939,38.000,19.543,gridlock,F,8.00,50.00,7.00,primary,Cách Mạng Tháng Tám,2,2021-01-04,period_0_00,train_los+latest_segment_status
58023,4879876939,411919210,16.000,3.600,severe,E,4.00,50.00,16.00,primary,Cách Mạng Tháng Tám,2,2021-01-05,period_0_30,train_los+latest_segment_status
58368,5788957692,5780574592,50.000,6.000,free_flow,A,1.00,30.00,30.00,tertiary,Ngô Quyền,4,,,road_type_defaults
58369,5780574592,5788957692,50.000,4.615,heavy,D,2.50,30.00,39.00,tertiary,Ngô Quyền,4,2020-08-03,period_0_00,train_los+latest_segment_status
58370,5780574592,5780574591,45.000,11.571,gridlock,F,8.00,30.00,14.00,tertiary,Ngô Quyền,4,2020-12-24,period_14_00,train_los+latest_segment_status
58371,5780574591,5780574592,45.000,6.480,moderate,C,1.75,30.00,25.00,tertiary,Ngô Quyền,4,2020-08-03,period_0_00,train_los+latest_segment_status
58372,5780574591,5803394837,50.000,5.806,heavy,D,2.50,30.00,31.00,tertiary,Ngô Quyền,4,2020-12-24,period_14_00,train_los+latest_segment_status
58373,5803394837,5780574591,50.000,36.000,severe,E,4.00,30.00,5.00,tertiary,Ngô Quyền,4,2020-08-03,period_0_00,train_los+latest_segment_status
58374,5803394837,5803395579,17.000,2.661,severe,E,4.00,30.00,23.00,tertiary,Ngô Quyền,4,2020-08-03,period_0_00,train_los+latest_segment_status
58375,5803395579,5803394837,17.000,6.120,heavy,D,2.50,30.00,10.00,tertiary,Ngô Quyền,4,2020-08-03,period_0_00,train_los+latest_segment_status
58376,5803395579,5803394848,46.000,6.624,moderate,C,1.75,30.00,25.00,tertiary,Ngô Quyền,4,2020-08-03,period_0_00,train_los+latest_segment_status
58377,5803394848,5803395579,46.000,11.040,heavy,D,2.50,30.00,15.00,tertiary,Ngô Quyền,4,2020-08-03,period_0_00,train_los+latest_segment_status
58378,5803394848,5803394815,31.000,27.900,heavy,D,2.50,30.00,4.00,tertiary,Ngô Quyền,4,2020-08-03,period_0_00,train_los+latest_segment_status
58379,5803394815,5803394848,31.000,9.300,heavy,D,2.50,30.00,12.00,tertiary,Ngô Quyền,4,2020-08-03,period_0_00,train_los+modeled_speed
58380,5803394815,5803394840,34.000,7.200,heavy,D,2.50,30.00,17.00,tertiary,Ngô Quyền,4,2020-08-03,period_0_00,train_los+latest_segment_status
58381,5803394840,5803394815,34.000,3.497,heavy,D,2.50,30.00,35.00,tertiary,Ngô Quyền,4,2020-08-03,period_0_00,train_los+latest_segment_status
58382,5803394840,5803395557,118.000,10.892,moderate,C,1.75,30.00,39.00,tertiary,Ngô Quyền,4,2020-08-03,period_0_00,train_los+latest_segment_status
58383,5803395557,5803394840,118.000,11.481,moderate,C,1.75,30.00,37.00,tertiary,Ngô Quyền,4,2020-08-03,period_0_00,train_los+latest_segment_status
58384,5803395557,5780574590,32.000,7.200,severe,E,4.00,30.00,16.00,tertiary,Ngô Quyền,4,2020-08-03,period_0_00,train_los+latest_segment_status
58385,5780574590,5803395557,32.000,5.486,heavy,D,2.50,30.00,21.00,tertiary,Ngô Quyền,4,2020-08-03,period_0_00,train_los+latest_segment_status
58432,4605582026,4607653471,3.000,0.216,free_flow,A,1.00,50.00,50.00,primary,Ðiện Biên Phủ,2,,,road_type_defaults
58433,4607653471,411920295,45.000,3.240,free_flow,A,1.00,50.00,50.00,primary,Ðiện Biên Phủ,2,,,road_type_defaults
58448,411920295,2393614148,71.000,85.200,moderate,C,1.75,50.00,3.00,primary,Ðiện Biên Phủ,2,2020-08-03,period_0_00,train_los+latest_segment_status
58449,2393614148,411926439,9.000,2.314,gridlock,F,8.00,50.00,14.00,primary,Ðiện Biên Phủ,2,2020-12-24,period_3_30,train_los+latest_segment_status
58450,411926439,2520636462,14.000,1.008,free_flow,A,1.00,50.00,50.00,primary,Ðiện Biên Phủ,2,,,road_type_defaults
58451,2520636462,3116339948,20.000,2.182,light,B,1.25,50.00,33.00,primary,Ðiện Biên Phủ,2,2020-12-26,period_11_30,train_los+latest_segment_status
58452,3116339948,411918640,10.000,0.720,free_flow,A,1.00,50.00,50.00,primary,Ðiện Biên Phủ,2,2020-12-26,period_10_00,train_los+latest_segment_status
58453,411918640,411926054,26.000,2.177,free_flow,A,1.00,50.00,43.00,primary,Ðiện Biên Phủ,2,2020-12-26,period_9_30,train_los+latest_segment_status
58454,411926054,3257247348,105.000,7.560,free_flow,A,1.00,50.00,50.00,primary,Ðiện Biên Phủ,2,,,road_type_defaults
58455,3257247348,3116339949,39.000,5.200,moderate,C,1.75,50.00,27.00,primary,Ðiện Biên Phủ,2,2021-01-04,period_0_00,train_los+latest_segment_status
58456,3116339949,5778212336,24.000,2.469,free_flow,A,1.00,50.00,35.00,primary,Ðiện Biên Phủ,2,2021-01-05,period_0_30,train_los+latest_segment_status
58457,5778212336,411917834,113.000,8.136,free_flow,A,1.00,50.00,50.00,primary,Ðiện Biên Phủ,2,,,road_type_defaults
58458,411917834,5778300411,86.000,9.382,light,B,1.25,50.00,33.00,primary,Ðiện Biên Phủ,2,2020-12-24,period_3_30,train_los+latest_segment_status
58459,5778300411,411926607,88.000,15.086,heavy,D,2.50,50.00,21.00,primary,Ðiện Biên Phủ,2,2021-01-05,period_0_30,train_los+latest_segment_status
58460,411926607,3116339950,39.000,28.080,gridlock,F,8.00,50.00,5.00,primary,Ðiện Biên Phủ,2,2021-01-06,period_4_00,train_los+latest_segment_status
58461,3116339950,411926415,151.000,14.305,free_flow,A,1.00,50.00,38.00,primary,Ðiện Biên Phủ,2,2021-01-05,period_0_30,train_los+latest_segment_status
59436,4629021465,4628932720,16.000,1.920,free_flow,A,1.00,30.00,30.00,tertiary,Sư Van Hạnh,4,,,road_type_defaults
59437,4628932720,4629021465,16.000,4.114,moderate,C,1.75,30.00,14.00,tertiary,Sư Van Hạnh,4,2020-08-03,period_0_00,train_los+latest_segment_status
59438,5794854831,5794771158,35.000,21.000,moderate,C,1.75,30.00,6.00,tertiary,Nguyễn Chí Thanh,4,2020-08-03,period_0_00,train_los+latest_segment_status
60125,2032267383,4303175609,49.000,4.410,free_flow,A,1.00,40.00,40.00,secondary,Trần Hưng Ðạo,3,,,road_type_defaults
60126,4303175609,2032267315,18.000,1.620,free_flow,A,1.00,40.00,40.00,secondary,Trần Hưng Ðạo,3,,,road_type_defaults
60127,2032267315,5781158289,34.000,3.060,free_flow,A,1.00,40.00,40.00,secondary,Trần Hưng Ðạo,3,,,road_type_defaults
60128,5781158289,2032267290,50.000,4.500,free_flow,A,1.00,40.00,40.00,secondary,Trần Hưng Ðạo,3,,,road_type_defaults
60129,2032267290,4606995349,76.000,6.840,free_flow,A,1.00,40.00,40.00,secondary,Trần Hưng Ðạo,3,,,road_type_defaults
60130,4606995349,4606995347,97.000,8.730,free_flow,A,1.00,40.00,40.00,secondary,Trần Hưng Ðạo,3,,,road_type_defaults
60131,4606995347,2290050435,79.000,7.110,free_flow,A,1.00,40.00,40.00,secondary,Trần Hưng Ðạo,3,,,road_type_defaults
60132,2290050435,2691192106,13.000,0.578,free_flow,A,1.00,40.00,81.00,secondary,Trần Hưng Ðạo,3,2020-12-28,period_6_00,train_los+latest_segment_status
60133,2691192106,4612970105,85.000,7.650,free_flow,A,1.00,40.00,40.00,secondary,Trần Hưng Ðạo,3,,,road_type_defaults
60134,4612970105,4612970108,12.000,1.080,free_flow,A,1.00,40.00,40.00,secondary,Trần Hưng Ðạo,3,,,road_type_defaults
60135,4612970108,4640689699,72.000,6.480,free_flow,A,1.00,40.00,40.00,secondary,Trần Hưng Ðạo,3,,,road_type_defaults
60136,4640689699,4640689702,24.000,2.160,free_flow,A,1.00,40.00,40.00,secondary,Trần Hưng Ðạo,3,,,road_type_defaults
60137,4640689702,4640687100,69.000,6.210,free_flow,A,1.00,40.00,40.00,secondary,Trần Hưng Ðạo,3,,,road_type_defaults
60138,4640687100,411926146,10.000,2.118,gridlock,F,8.00,40.00,17.00,secondary,Trần Hưng Ðạo,3,2021-04-05,period_11_00,train_los+latest_segment_status
60139,411926146,5762893332,24.000,1.464,free_flow,A,1.00,40.00,59.00,secondary,Trần Hưng Ðạo,3,2020-12-28,period_8_00,train_los+latest_segment_status
60140,5762893332,4609760516,99.000,8.910,free_flow,A,1.00,40.00,40.00,secondary,Trần Hưng Ðạo,3,,,road_type_defaults
60141,411926503,4650003015,24.000,2.880,free_flow,A,1.00,30.00,30.00,tertiary,Nguyễn Cư Trinh,4,,,road_type_defaults
60142,4650003015,411926503,24.000,2.880,free_flow,A,1.00,30.00,30.00,tertiary,Nguyễn Cư Trinh,4,,,road_type_defaults
60143,4650003015,4634456201,18.000,2.160,free_flow,A,1.00,30.00,30.00,tertiary,Nguyễn Cư Trinh,4,,,road_type_defaults
60144,4634456201,4650003015,18.000,2.160,free_flow,A,1.00,30.00,30.00,tertiary,Nguyễn Cư Trinh,4,,,road_type_defaults
60145,4634456201,5781023253,11.000,1.320,free_flow,A,1.00,30.00,30.00,tertiary,Nguyễn Cư Trinh,4,,,road_type_defaults
60146,5781023253,4634456201,11.000,1.131,free_flow,A,1.00,30.00,35.00,tertiary,Nguyễn Cư Trinh,4,2020-11-17,period_1_30,train_los+latest_segment_status
60147,5781023253,4616261994,96.000,11.520,free_flow,A,1.00,30.00,30.00,tertiary,Nguyễn Cư Trinh,4,,,road_type_defaults
60148,4616261994,5781023253,96.000,14.400,heavy,D,2.50,30.00,24.00,tertiary,Nguyễn Cư Trinh,4,2020-12-15,period_11_00,train_los+latest_segment_status
60149,4616261994,5780842950,37.000,6.343,heavy,D,2.50,30.00,21.00,tertiary,Nguyễn Cư Trinh,4,2020-11-20,period_11_30,train_los+latest_segment_status
60150,5780842950,4616261994,37.000,5.328,moderate,C,1.75,30.00,25.00,tertiary,Nguyễn Cư Trinh,4,2020-11-26,period_11_30,train_los+latest_segment_status
60151,411926503,411926413,42.000,3.024,free_flow,A,1.00,50.00,50.00,primary,Trần Hưng Ðạo,2,,,road_type_defaults
60152,411926413,5781023255,7.000,0.504,free_flow,A,1.00,50.00,50.00,primary,Trần Hưng Ðạo,2,,,road_type_defaults
60153,5781023255,4302891987,112.000,8.064,free_flow,A,1.00,50.00,50.00,primary,Trần Hưng Ðạo,2,,,road_type_defaults
60154,4302891987,411922968,43.000,25.800,gridlock,F,8.00,50.00,6.00,primary,Trần Hưng Ðạo,2,2020-12-01,period_1_30,train_los+latest_segment_status
60155,411922968,4603729665,73.000,262.800,gridlock,F,8.00,50.00,1.00,primary,Trần Hưng Ðạo,2,2020-11-29,period_7_00,train_los+latest_segment_status
60156,4603729665,2032267297,102.000,30.600,gridlock,F,8.00,50.00,12.00,primary,Trần Hưng Ðạo,2,2020-11-27,period_11_00,train_los+latest_segment_status
60157,2032267297,411926591,97.000,12.933,moderate,C,1.75,50.00,27.00,primary,Trần Hưng Ðạo,2,2020-12-15,period_2_00,train_los+latest_segment_status
60158,411926591,5795188301,77.000,5.544,free_flow,A,1.00,50.00,50.00,primary,Trần Hưng Ðạo,2,,,road_type_defaults
60159,5795188301,2364089047,156.000,11.232,free_flow,A,1.00,50.00,50.00,primary,Trần Hưng Ðạo,2,,,road_type_defaults
60160,2364089047,3337595378,115.000,8.280,free_flow,A,1.00,50.00,50.00,primary,Trần Hưng Ðạo,2,,,road_type_defaults
60161,3337595378,2032267286,15.000,1.080,free_flow,A,1.00,50.00,50.00,primary,Trần Hưng Ðạo,2,,,road_type_defaults
60162,2032267286,4613083208,24.000,1.728,free_flow,A,1.00,50.00,50.00,primary,Trần Hưng Ðạo,2,,,road_type_defaults
60163,4613083208,2364089062,36.000,2.592,free_flow,A,1.00,50.00,50.00,primary,Trần Hưng Ðạo,2,,,road_type_defaults
60164,2364089062,3160554148,256.000,18.432,free_flow,A,1.00,50.00,50.00,primary,Trần Hưng Ðạo,2,,,road_type_defaults
60165,3160554148,4609802782,55.000,3.960,free_flow,A,1.00,50.00,50.00,primary,Trần Hưng Ðạo,2,,,road_type_defaults
60166,411926503,4302891988,7.000,0.840,free_flow,A,1.00,30.00,30.00,tertiary,Trần Hưng Ðạo,4,,,road_type_defaults
60167,4302891988,411926503,7.000,0.840,free_flow,A,1.00,30.00,30.00,tertiary,Nguyễn Cư Trinh,4,,,road_type_defaults
60168,4302891988,4303175609,8.000,0.960,free_flow,A,1.00,30.00,30.00,tertiary,Trần Hưng Ðạo,4,,,road_type_defaults
60169,4303175609,4302891988,8.000,0.960,free_flow,A,1.00,30.00,30.00,tertiary,Nguyễn Cư Trinh,4,,,road_type_defaults
60170,634134022,5762610078,4.000,0.288,free_flow,A,1.00,50.00,50.00,primary,Ngã sáu Cộng Hòa,2,,,road_type_defaults
60171,5762610078,5762610077,4.000,0.288,free_flow,A,1.00,50.00,50.00,primary,Ngã sáu Cộng Hòa,2,,,road_type_defaults
60172,5762610077,5762610076,4.000,0.351,free_flow,A,1.00,50.00,41.00,primary,Ngã sáu Cộng Hòa,2,2021-03-15,period_10_30,train_los+latest_segment_status
60173,5762610076,5762610075,7.000,2.291,gridlock,F,8.00,50.00,11.00,primary,Ngã sáu Cộng Hòa,2,2020-12-24,period_14_00,train_los+latest_segment_status
60174,5762610075,5762610074,7.000,0.504,free_flow,A,1.00,50.00,50.00,primary,Ngã sáu Cộng Hòa,2,,,road_type_defaults
60175,5762610074,634134026,7.000,2.100,gridlock,F,8.00,50.00,12.00,primary,Ngã sáu Cộng Hòa,2,2021-01-03,period_2_00,train_los+latest_segment_status
60176,634134026,634134027,7.000,0.504,free_flow,A,1.00,50.00,50.00,primary,Ngã sáu Cộng Hòa,2,,,road_type_defaults
60177,634134027,634134028,7.000,0.504,free_flow,A,1.00,50.00,50.00,primary,Ngã sáu Cộng Hòa,2,,,road_type_defaults
60178,634134028,4623110639,7.000,0.504,free_flow,A,1.00,50.00,50.00,primary,Ngã sáu Cộng Hòa,2,,,road_type_defaults
60179,4623110639,5762610073,7.000,0.504,free_flow,A,1.00,50.00,50.00,primary,Ngã sáu Cộng Hòa,2,,,road_type_defaults
60180,5762610073,1793489526,4.000,0.288,free_flow,A,1.00,50.00,50.00,primary,Ngã sáu Cộng Hòa,2,,,road_type_defaults
60181,1793489526,634134030,6.000,0.432,free_flow,A,1.00,50.00,50.00,primary,Ngã sáu Cộng Hòa,2,,,road_type_defaults
60182,634134030,634134031,6.000,2.400,gridlock,F,8.00,50.00,9.00,primary,Ngã sáu Cộng Hòa,2,2020-12-24,period_14_00,train_los+latest_segment_status
60183,634134031,5762610072,6.000,0.441,free_flow,A,1.00,50.00,49.00,primary,Ngã sáu Cộng Hòa,2,2021-04-05,period_13_00,train_los+latest_segment_status
60184,5762610072,634134032,3.000,0.216,free_flow,A,1.00,50.00,50.00,primary,Ngã sáu Cộng Hòa,2,,,road_type_defaults
60185,634134032,4613344546,3.000,0.216,free_flow,A,1.00,50.00,50.00,primary,Ngã sáu Cộng Hòa,2,,,road_type_defaults
60186,4613344546,5762610071,3.000,0.216,free_flow,A,1.00,50.00,50.00,primary,Ngã sáu Cộng Hòa,2,,,road_type_defaults
60187,5762610071,634134017,8.000,0.576,free_flow,A,1.00,50.00,50.00,primary,Ngã sáu Cộng Hòa,2,,,road_type_defaults
60188,634134017,5762610085,8.000,0.576,free_flow,A,1.00,50.00,50.00,primary,Ngã sáu Cộng Hòa,2,,,road_type_defaults
60189,5762610085,5762610084,8.000,1.440,heavy,D,2.50,50.00,20.00,primary,Ngã sáu Cộng Hòa,2,2020-11-27,period_14_00,train_los+latest_segment_status
60190,5762610084,5762610083,8.000,1.920,severe,E,4.00,50.00,15.00,primary,Ngã sáu Cộng Hòa,2,2021-01-03,period_2_00,train_los+latest_segment_status
60191,5762610083,5762610082,4.000,0.288,free_flow,A,1.00,50.00,50.00,primary,Ngã sáu Cộng Hòa,2,,,road_type_defaults
60192,5762610082,2498090917,4.000,0.288,free_flow,A,1.00,50.00,50.00,primary,Ngã sáu Cộng Hòa,2,,,road_type_defaults
60193,2498090917,634134018,4.000,0.288,free_flow,A,1.00,50.00,50.00,primary,Ngã sáu Cộng Hòa,2,,,road_type_defaults
60194,634134018,5762610081,4.000,0.288,free_flow,A,1.00,50.00,50.00,primary,Ngã sáu Cộng Hòa,2,,,road_type_defaults
60195,5762610081,5762610079,6.000,0.432,free_flow,A,1.00,50.00,50.00,primary,Ngã sáu Cộng Hòa,2,,,road_type_defaults
60196,5762610079,5762610080,6.000,0.432,free_flow,A,1.00,50.00,50.00,primary,Ngã sáu Cộng Hòa,2,,,road_type_defaults
60197,5762610080,4623110641,6.000,0.432,free_flow,A,1.00,50.00,50.00,primary,Ngã sáu Cộng Hòa,2,,,road_type_defaults
60198,4623110641,634134021,6.000,1.440,severe,E,4.00,50.00,15.00,primary,Ngã sáu Cộng Hòa,2,2020-12-24,period_14_00,train_los+latest_segment_status
60199,634134021,634134022,4.000,1.440,gridlock,F,8.00,50.00,10.00,primary,Ngã sáu Cộng Hòa,2,2021-01-03,period_2_00,train_los+latest_segment_status
60200,411919485,4610019130,6.000,1.964,gridlock,F,8.00,50.00,11.00,primary,Công Trường Quách Thị Trang,2,2020-11-18,period_1_30,train_los+latest_segment_status
60201,4610019130,4610019119,3.000,0.216,free_flow,A,1.00,50.00,50.00,primary,Công Trường Quách Thị Trang,2,,,road_type_defaults
60202,4610019119,1723867950,7.000,0.504,free_flow,A,1.00,50.00,50.00,primary,Công Trường Quách Thị Trang,2,,,road_type_defaults
60203,1723867950,725885084,13.000,0.936,free_flow,A,1.00,50.00,50.00,primary,Công Trường Quách Thị Trang,2,,,road_type_defaults
60204,725885084,411919338,10.000,0.720,free_flow,A,1.00,50.00,50.00,primary,Công Trường Quách Thị Trang,2,,,road_type_defaults
60205,411919338,725885082,10.000,0.720,free_flow,A,1.00,50.00,50.00,primary,Công Trường Quách Thị Trang,2,,,road_type_defaults
60206,725885082,411919363,4.000,0.288,free_flow,A,1.00,50.00,50.00,primary,Công Trường Quách Thị Trang,2,,,road_type_defaults
60207,411919363,4610019131,9.000,0.648,free_flow,A,1.00,50.00,50.00,primary,Công Trường Quách Thị Trang,2,,,road_type_defaults
60208,4610019131,725885085,6.000,0.304,free_flow,A,1.00,50.00,71.00,primary,Công Trường Quách Thị Trang,2,2020-12-28,period_5_30,train_los+latest_segment_status
60209,725885085,4610019123,9.000,0.405,free_flow,A,1.00,50.00,80.00,primary,Công Trường Quách Thị Trang,2,2020-12-28,period_8_00,train_los+latest_segment_status
60210,4610019123,1861212922,9.000,0.648,free_flow,A,1.00,50.00,50.00,primary,Công Trường Quách Thị Trang,2,,,road_type_defaults
60211,1861212922,4610019122,9.000,0.648,free_flow,A,1.00,50.00,50.00,primary,Công Trường Quách Thị Trang,2,,,road_type_defaults
60212,4610019122,4603175867,7.000,0.504,free_flow,A,1.00,50.00,50.00,primary,Công Trường Quách Thị Trang,2,,,road_type_defaults
60213,2664205597,2663926519,9.000,0.648,free_flow,A,1.00,50.00,50.00,primary,Công Trường Quách Thị Trang,2,,,road_type_defaults
60214,2663926519,4610019127,6.000,0.432,free_flow,A,1.00,50.00,50.00,primary,Công Trường Quách Thị Trang,2,,,road_type_defaults
60215,4610019127,411919485,8.000,0.576,free_flow,A,1.00,50.00,50.00,primary,Công Trường Quách Thị Trang,2,,,road_type_defaults
60216,366404649,5802993726,9.000,0.810,free_flow,A,1.00,40.00,40.00,secondary,Nguyễn Trãi,3,,,road_type_defaults
60217,5802993726,366404649,9.000,2.945,severe,E,4.00,40.00,11.00,secondary,Nguyễn Trãi,3,2020-08-03,period_0_00,train_los+latest_segment_status
60218,5802993726,3116339939,34.000,3.600,light,B,1.25,40.00,34.00,secondary,Nguyễn Trãi,3,2021-01-03,period_23_30,train_los+latest_segment_status
60219,3116339939,5802993726,34.000,3.497,heavy,D,2.50,40.00,35.00,secondary,Nguyễn Trãi,3,2020-08-03,period_0_00,train_los+latest_segment_status
60220,3116339939,5805666000,5.000,0.818,heavy,D,2.50,40.00,22.00,secondary,Nguyễn Trãi,3,2020-08-07,period_5_00,train_los+latest_segment_status
60221,5805666000,3116339939,5.000,0.667,heavy,D,2.50,40.00,27.00,secondary,Nguyễn Trãi,3,2020-08-03,period_0_00,train_los+latest_segment_status
60222,5805666000,5794854810,95.000,14.250,heavy,D,2.50,40.00,24.00,secondary,Nguyễn Trãi,3,2020-08-03,period_0_00,train_los+latest_segment_status
60223,5794854810,5805666000,95.000,9.500,severe,E,4.00,40.00,36.00,secondary,Nguyễn Trãi,3,2020-08-03,period_0_00,train_los+latest_segment_status
60224,5794854810,5805666012,29.000,4.350,heavy,D,2.50,40.00,24.00,secondary,Nguyễn Trãi,3,2020-08-03,period_0_00,train_los+latest_segment_status
60225,5805666012,5794854810,29.000,4.015,moderate,C,1.75,40.00,26.00,secondary,Nguyễn Trãi,3,2020-08-03,period_0_00,train_los+latest_segment_status
60226,5805666012,366466608,92.000,9.463,heavy,D,2.50,40.00,35.00,secondary,Nguyễn Trãi,3,2020-08-03,period_0_00,train_los+latest_segment_status
60227,366466608,5805666012,92.000,22.080,heavy,D,2.50,40.00,15.00,secondary,Nguyễn Trãi,3,2020-08-03,period_0_00,train_los+latest_segment_status
60228,366466608,5794854818,97.000,8.517,free_flow,A,1.00,40.00,41.00,secondary,Nguyễn Trãi,3,2021-01-03,period_2_00,train_los+latest_segment_status
60229,5794854818,366466608,97.000,11.265,heavy,D,2.50,40.00,31.00,secondary,Nguyễn Trãi,3,2020-08-03,period_0_00,train_los+latest_segment_status
60230,5794854818,5805665972,158.000,63.200,heavy,D,2.50,40.00,9.00,secondary,Nguyễn Trãi,3,2020-08-03,period_0_00,train_los+latest_segment_status
60231,5805665972,5794854818,158.000,22.752,moderate,C,1.75,40.00,25.00,secondary,Nguyễn Trãi,3,2021-01-03,period_2_00,train_los+latest_segment_status
60232,5805665972,5794854817,6.000,1.137,severe,E,4.00,40.00,19.00,secondary,Nguyễn Trãi,3,2021-01-02,period_10_30,train_los+latest_segment_status
60233,5794854817,5805665972,6.000,0.540,free_flow,A,1.00,40.00,40.00,secondary,Nguyễn Trãi,3,,,road_type_defaults
60234,5794854817,5794854816,11.000,1.886,heavy,D,2.50,40.00,21.00,secondary,Nguyễn Trãi,3,2021-01-02,period_10_30,train_los+latest_segment_status
60235,5794854816,5794854817,11.000,0.990,free_flow,A,1.00,40.00,40.00,secondary,Nguyễn Trãi,3,,,road_type_defaults
60236,5794854816,5794854815,53.000,4.770,free_flow,A,1.00,40.00,40.00,secondary,Nguyễn Trãi,3,,,road_type_defaults
60237,5794854815,5794854816,53.000,4.770,free_flow,A,1.00,40.00,40.00,secondary,Nguyễn Trãi,3,,,road_type_defaults
60238,5794854815,5805665964,27.000,3.738,moderate,C,1.75,40.00,26.00,secondary,Nguyễn Trãi,3,2021-01-03,period_2_00,train_los+latest_segment_status
60239,5805665964,5794854815,27.000,2.430,free_flow,A,1.00,40.00,40.00,secondary,Nguyễn Trãi,3,,,road_type_defaults
60240,5805665964,5794854814,20.000,1.800,free_flow,A,1.00,40.00,40.00,secondary,Nguyễn Trãi,3,,,road_type_defaults
60241,5794854814,5805665964,20.000,1.800,free_flow,A,1.00,40.00,40.00,secondary,Nguyễn Trãi,3,,,road_type_defaults
60242,5794854814,5794854813,9.000,1.117,moderate,C,1.75,40.00,29.00,secondary,Nguyễn Trãi,3,2021-01-02,period_10_30,train_los+latest_segment_status
60243,5794854813,5794854814,9.000,0.810,free_flow,A,1.00,40.00,40.00,secondary,Nguyễn Trãi,3,,,road_type_defaults
60244,5794854813,5794854812,32.000,2.880,free_flow,A,1.00,40.00,40.00,secondary,Nguyễn Trãi,3,,,road_type_defaults
60245,5794854812,5794854813,32.000,2.880,free_flow,A,1.00,40.00,40.00,secondary,Nguyễn Trãi,3,,,road_type_defaults
60246,5794854812,5794854811,33.000,5.165,heavy,D,2.50,40.00,23.00,secondary,Nguyễn Trãi,3,2021-01-03,period_2_00,train_los+latest_segment_status
60247,5794854811,5794854812,33.000,2.970,free_flow,A,1.00,40.00,40.00,secondary,Nguyễn Trãi,3,,,road_type_defaults
60248,5794854811,5794854830,46.000,4.140,free_flow,A,1.00,40.00,40.00,secondary,Nguyễn Trãi,3,,,road_type_defaults
60249,5794854830,5794854811,46.000,4.140,free_flow,A,1.00,40.00,40.00,secondary,Nguyễn Trãi,3,,,road_type_defaults
60250,5794854830,5598913755,79.000,14.220,heavy,D,2.50,40.00,20.00,secondary,Nguyễn Trãi,3,2021-01-03,period_2_00,train_los+latest_segment_status
60251,5598913755,5794854830,79.000,7.110,free_flow,A,1.00,40.00,40.00,secondary,Nguyễn Trãi,3,,,road_type_defaults
60252,5598913755,5805831206,16.000,2.057,moderate,C,1.75,40.00,28.00,secondary,Nguyễn Trãi,3,2021-01-02,period_10_30,train_los+latest_segment_status
60253,5805831206,5598913755,16.000,1.440,free_flow,A,1.00,40.00,40.00,secondary,Nguyễn Trãi,3,,,road_type_defaults
60254,5805831206,366472120,22.000,1.980,free_flow,A,1.00,40.00,40.00,secondary,Nguyễn Trãi,3,,,road_type_defaults
60255,366472120,5805831206,22.000,1.980,free_flow,A,1.00,40.00,40.00,secondary,Nguyễn Trãi,3,,,road_type_defaults
60256,366472120,5805966975,8.000,0.720,free_flow,A,1.00,40.00,40.00,secondary,Nguyễn Trãi,3,,,road_type_defaults
60257,5805966975,366472120,8.000,0.720,free_flow,A,1.00,40.00,40.00,secondary,Nguyễn Trãi,3,,,road_type_defaults
60258,5805966975,5598914629,4.000,0.576,moderate,C,1.75,40.00,25.00,secondary,Nguyễn Trãi,3,2021-01-03,period_2_00,train_los+latest_segment_status
60259,5598914629,5805966975,4.000,0.360,free_flow,A,1.00,40.00,40.00,secondary,Nguyễn Trãi,3,,,road_type_defaults
60260,5598914629,3186257042,56.000,5.040,free_flow,A,1.00,40.00,40.00,secondary,Nguyễn Trãi,3,,,road_type_defaults
60261,3186257042,5598914629,56.000,5.040,free_flow,A,1.00,40.00,40.00,secondary,Nguyễn Trãi,3,,,road_type_defaults
60262,3186257042,5806315850,34.000,5.829,heavy,D,2.50,40.00,21.00,secondary,Nguyễn Trãi,3,2021-01-02,period_10_30,train_los+latest_segment_status
60263,5806315850,3186257042,34.000,3.060,free_flow,A,1.00,40.00,40.00,secondary,Nguyễn Trãi,3,,,road_type_defaults
60264,5806315850,1997154501,8.000,1.309,heavy,D,2.50,40.00,22.00,secondary,Nguyễn Trãi,3,2021-01-03,period_2_00,train_los+latest_segment_status
60265,1997154501,5806315850,8.000,0.720,free_flow,A,1.00,40.00,40.00,secondary,Nguyễn Trãi,3,,,road_type_defaults
60266,1997154501,5598914622,62.000,5.580,free_flow,A,1.00,40.00,40.00,secondary,Nguyễn Trãi,3,,,road_type_defaults
60267,5598914622,1997154501,62.000,5.580,free_flow,A,1.00,40.00,40.00,secondary,Nguyễn Trãi,3,,,road_type_defaults
60268,5598914622,5805962828,20.000,3.000,heavy,D,2.50,40.00,24.00,secondary,Nguyễn Trãi,3,2021-01-03,period_2_00,train_los+latest_segment_status
60269,5805962828,5598914622,20.000,1.800,free_flow,A,1.00,40.00,40.00,secondary,Nguyễn Trãi,3,,,road_type_defaults
60270,5805962828,5805962832,10.000,0.900,free_flow,A,1.00,40.00,40.00,secondary,Nguyễn Trãi,3,,,road_type_defaults
60271,5805962832,5805962828,10.000,0.900,free_flow,A,1.00,40.00,40.00,secondary,Nguyễn Trãi,3,,,road_type_defaults
60272,5805962832,5805831173,15.000,1.350,free_flow,A,1.00,40.00,40.00,secondary,Nguyễn Trãi,3,,,road_type_defaults
60273,5805831173,5805962832,15.000,1.350,free_flow,A,1.00,40.00,40.00,secondary,Nguyễn Trãi,3,,,road_type_defaults
60274,5805831173,2233965366,3.000,0.270,free_flow,A,1.00,40.00,40.00,secondary,Nguyễn Trãi,3,,,road_type_defaults
60275,2233965366,5805831173,3.000,0.270,free_flow,A,1.00,40.00,40.00,secondary,Nguyễn Trãi,3,,,road_type_defaults
60276,2233965366,5805831177,16.000,1.440,free_flow,A,1.00,40.00,40.00,secondary,Nguyễn Trãi,3,,,road_type_defaults
60277,5805831177,2233965366,16.000,1.440,free_flow,A,1.00,40.00,40.00,secondary,Nguyễn Trãi,3,,,road_type_defaults
60278,5805831177,5805966958,25.000,3.750,heavy,D,2.50,40.00,24.00,secondary,Nguyễn Trãi,3,2021-01-03,period_2_00,train_los+latest_segment_status
60279,5805966958,5805831177,25.000,2.250,free_flow,A,1.00,40.00,40.00,secondary,Nguyễn Trãi,3,,,road_type_defaults
60280,5805966958,5805831183,42.000,3.780,free_flow,A,1.00,40.00,40.00,secondary,Nguyễn Trãi,3,,,road_type_defaults
60281,5805831183,5805966958,42.000,3.780,free_flow,A,1.00,40.00,40.00,secondary,Nguyễn Trãi,3,,,road_type_defaults
60282,5805831183,5805962780,30.000,2.700,free_flow,A,1.00,40.00,40.00,secondary,Nguyễn Trãi,3,,,road_type_defaults
60283,5805962780,5805831183,30.000,2.700,free_flow,A,1.00,40.00,40.00,secondary,Nguyễn Trãi,3,,,road_type_defaults
60284,5805962780,5794854809,7.000,0.813,moderate,C,1.75,40.00,31.00,secondary,Nguyễn Trãi,3,2021-01-03,period_2_00,train_los+latest_segment_status
60285,5794854809,5805962780,7.000,0.630,free_flow,A,1.00,40.00,40.00,secondary,Nguyễn Trãi,3,,,road_type_defaults
60286,5794854809,5805831180,16.000,1.440,free_flow,A,1.00,40.00,40.00,secondary,Nguyễn Trãi,3,,,road_type_defaults
60287,5805831180,5794854809,16.000,1.440,free_flow,A,1.00,40.00,40.00,secondary,Nguyễn Trãi,3,,,road_type_defaults
60288,5805831180,5805962773,22.000,1.980,free_flow,A,1.00,40.00,40.00,secondary,Nguyễn Trãi,3,,,road_type_defaults
60289,5805962773,5805831180,22.000,1.980,free_flow,A,1.00,40.00,40.00,secondary,Nguyễn Trãi,3,,,road_type_defaults
60290,5805962773,5794854808,28.000,33.600,gridlock,F,8.00,40.00,3.00,secondary,Nguyễn Trãi,3,2021-01-03,period_2_00,train_los+latest_segment_status
60291,5794854808,5805962773,28.000,2.520,free_flow,A,1.00,40.00,40.00,secondary,Nguyễn Trãi,3,,,road_type_defaults
60292,5794854808,3186257043,67.000,7.781,light,B,1.25,40.00,31.00,secondary,Nguyễn Trãi,3,2021-01-03,period_2_00,train_los+latest_segment_status
60293,3186257043,5794854808,67.000,6.030,free_flow,A,1.00,40.00,40.00,secondary,Nguyễn Trãi,3,,,road_type_defaults
60294,3186257043,5805831163,50.000,5.455,heavy,D,2.50,40.00,33.00,secondary,Nguyễn Trãi,3,2021-01-03,period_2_00,train_los+latest_segment_status
60295,5805831163,3186257043,50.000,4.500,free_flow,A,1.00,40.00,40.00,secondary,Nguyễn Trãi,3,,,road_type_defaults
60296,5805831163,5806004697,42.000,8.894,severe,E,4.00,40.00,17.00,secondary,Nguyễn Trãi,3,2021-01-03,period_2_00,train_los+latest_segment_status
60297,5806004697,5805831163,42.000,3.780,free_flow,A,1.00,40.00,40.00,secondary,Nguyễn Trãi,3,,,road_type_defaults
60298,5806004697,5806004698,53.000,4.770,free_flow,A,1.00,40.00,40.00,secondary,Nguyễn Trãi,3,,,road_type_defaults
60299,5806004698,5806004697,53.000,4.770,free_flow,A,1.00,40.00,40.00,secondary,Nguyễn Trãi,3,,,road_type_defaults
60300,5806004698,5806004675,71.000,8.814,moderate,C,1.75,40.00,29.00,secondary,Nguyễn Trãi,3,2021-01-03,period_2_00,train_los+latest_segment_status
60301,5806004675,5806004698,71.000,11.113,heavy,D,2.50,40.00,23.00,secondary,Nguyễn Trãi,3,2021-01-03,period_2_00,train_los+latest_segment_status
60302,5806004675,5806004661,25.000,4.500,heavy,D,2.50,40.00,20.00,secondary,Nguyễn Trãi,3,2021-01-03,period_2_00,train_los+latest_segment_status
60303,5806004661,5806004675,25.000,2.250,free_flow,A,1.00,40.00,40.00,secondary,Nguyễn Trãi,3,,,road_type_defaults
60304,5806004661,5795001638,53.000,4.770,free_flow,A,1.00,40.00,40.00,secondary,Nguyễn Trãi,3,,,road_type_defaults
60305,5795001638,5806004661,53.000,21.200,gridlock,F,8.00,40.00,9.00,secondary,Nguyễn Trãi,3,2020-12-25,period_8_00,train_los+latest_segment_status
60306,5795001638,366467217,9.000,0.450,free_flow,A,1.00,40.00,72.00,secondary,Nguyễn Trãi,3,2021-04-05,period_13_00,train_los+latest_segment_status
60307,366467217,5795001638,9.000,0.810,free_flow,A,1.00,40.00,40.00,secondary,Nguyễn Trãi,3,,,road_type_defaults
60308,4631143728,366416137,81.000,5.832,free_flow,A,1.00,50.00,50.00,primary,Nguyễn Tri Phương,2,,,road_type_defaults
61675,4594564188,1998235311,174.000,20.880,free_flow,A,1.00,30.00,30.00,tertiary,Cầu Nguyễn Văn Cừ,4,,,road_type_defaults
61676,1998235340,1767760217,147.000,17.640,free_flow,A,1.00,30.00,30.00,tertiary,Cầu Nguyễn Văn Cừ,4,,,road_type_defaults
61752,5781158271,4596177934,126.000,9.072,free_flow,A,1.00,50.00,50.00,primary,Cầu Ông Lãnh,2,,,road_type_defaults
61753,4596177934,5772092882,28.000,2.016,free_flow,A,1.00,50.00,50.00,primary,Cầu Ông Lãnh,2,,,road_type_defaults
61756,5772092882,2358140553,43.595,3.139,free_flow,A,1.00,50.00,50.00,primary,Cầu Ông Lãnh,2,,,road_type_defaults
84666,2358140553,5772092881,15.405,1.109,free_flow,A,1.00,50.00,50.00,primary,Cầu Ông Lãnh,2,,,road_type_defaults
61757,5772092881,4596177933,74.456,5.361,free_flow,A,1.00,50.00,50.00,primary,Cầu Ông Lãnh,2,,,road_type_defaults
84667,4596177933,5772092880,6.544,0.471,free_flow,A,1.00,50.00,50.00,primary,Cầu Ông Lãnh,2,,,road_type_defaults
61770,4602703726,5462422209,291.000,34.920,free_flow,A,1.00,30.00,30.00,tertiary,cầu Rạch Ông,4,,,road_type_defaults
61771,5462422209,4602703726,291.000,34.920,free_flow,A,1.00,30.00,30.00,tertiary,cầu Rạch Ông,4,,,road_type_defaults
61772,1773321401,5462422211,10.000,0.857,free_flow,A,1.00,30.00,42.00,tertiary,Trần Xuân Soạn,4,2020-12-25,period_9_00,train_los+latest_segment_status
61773,5462422211,4602705518,21.000,2.520,free_flow,A,1.00,30.00,30.00,tertiary,Trần Xuân Soạn,4,,,road_type_defaults
61775,4602705518,383552890,39.082,5.628,moderate,C,1.75,30.00,25.00,tertiary,Trần Xuân Soạn,4,2020-12-25,period_9_00,train_los+latest_segment_status
84668,383552890,2692556733,3.918,0.470,free_flow,A,1.00,30.00,30.00,tertiary,Trần Xuân Soạn,4,,,road_type_defaults
62155,4609314795,4609314797,81.000,13.886,heavy,D,2.50,50.00,21.00,primary,Nguyễn Thị Nghĩa,2,2020-08-03,period_0_00,train_los+latest_segment_status
62156,4609314797,4609314796,12.000,0.864,free_flow,A,1.00,50.00,50.00,primary,Nguyễn Thị Nghĩa,2,,,road_type_defaults
62157,4609877993,3506700347,98.000,7.056,free_flow,A,1.00,50.00,50.00,primary,Nguyễn Thị Nghĩa,2,,,road_type_defaults
62158,2358137400,2358137428,43.000,9.675,severe,E,4.00,50.00,16.00,primary,Võ Văn Kiệt,2,2021-04-05,period_11_00,train_los+latest_segment_status
62159,2358137428,2358137411,38.000,2.736,free_flow,A,1.00,50.00,50.00,primary,Võ Văn Kiệt,2,,,road_type_defaults
62160,2358137411,2358137415,41.000,2.952,free_flow,A,1.00,50.00,50.00,primary,Võ Văn Kiệt,2,,,road_type_defaults
62161,2358137415,2358137386,35.000,2.520,free_flow,A,1.00,50.00,50.00,primary,Võ Văn Kiệt,2,,,road_type_defaults
62162,2358137386,2358137406,36.000,2.592,free_flow,A,1.00,50.00,50.00,primary,Võ Văn Kiệt,2,,,road_type_defaults
62163,2358137406,2358137424,28.000,2.016,free_flow,A,1.00,50.00,50.00,primary,Võ Văn Kiệt,2,,,road_type_defaults
62164,2358137424,2358137402,34.000,2.448,free_flow,A,1.00,50.00,50.00,primary,Võ Văn Kiệt,2,,,road_type_defaults
62165,2358137402,2358137383,53.000,3.816,free_flow,A,1.00,50.00,50.00,primary,Võ Văn Kiệt,2,,,road_type_defaults
62166,2358137383,2358137410,59.000,4.248,free_flow,A,1.00,50.00,50.00,primary,Võ Văn Kiệt,2,,,road_type_defaults
62167,2358137410,2358137414,26.000,1.872,free_flow,A,1.00,50.00,50.00,primary,Võ Văn Kiệt,2,,,road_type_defaults
62168,2358137414,2358137416,26.000,1.872,free_flow,A,1.00,50.00,50.00,primary,Võ Văn Kiệt,2,,,road_type_defaults
62169,2358137416,5813867127,26.000,1.872,free_flow,A,1.00,50.00,50.00,primary,Võ Văn Kiệt,2,,,road_type_defaults
62170,5813867127,2358137394,7.000,0.504,free_flow,A,1.00,50.00,50.00,primary,Võ Văn Kiệt,2,,,road_type_defaults
62171,2358137394,2358137395,26.000,1.872,free_flow,A,1.00,50.00,50.00,primary,Võ Văn Kiệt,2,,,road_type_defaults
62172,2358137395,2358137413,30.000,2.160,free_flow,A,1.00,50.00,50.00,primary,Võ Văn Kiệt,2,,,road_type_defaults
62173,2358137413,2358142172,55.000,3.960,free_flow,A,1.00,50.00,50.00,primary,Võ Văn Kiệt,2,,,road_type_defaults
62174,2358142172,2358137375,56.000,4.032,free_flow,A,1.00,50.00,50.00,primary,Võ Văn Kiệt,2,,,road_type_defaults
62175,2358137375,2359660071,58.000,4.176,free_flow,A,1.00,50.00,50.00,primary,Võ Văn Kiệt,2,,,road_type_defaults
62176,2359660071,2358137398,90.000,6.480,free_flow,A,1.00,50.00,50.00,primary,Võ Văn Kiệt,2,,,road_type_defaults
62177,2358137398,2358137388,42.000,3.024,free_flow,A,1.00,50.00,50.00,primary,Võ Văn Kiệt,2,,,road_type_defaults
62178,2358137388,2358137399,41.000,2.952,free_flow,A,1.00,50.00,50.00,primary,Võ Văn Kiệt,2,,,road_type_defaults
62179,2358137399,2358137401,36.000,2.592,free_flow,A,1.00,50.00,50.00,primary,Võ Văn Kiệt,2,,,road_type_defaults
62180,2358137401,2358137404,26.000,1.872,free_flow,A,1.00,50.00,50.00,primary,Võ Văn Kiệt,2,,,road_type_defaults
62181,2358137404,5813835564,237.000,17.064,free_flow,A,1.00,50.00,50.00,primary,Võ Văn Kiệt,2,,,road_type_defaults
62182,5813835564,2358142171,3.000,0.216,free_flow,A,1.00,50.00,50.00,primary,Võ Văn Kiệt,2,,,road_type_defaults
62183,2358142171,2358142173,9.000,0.648,free_flow,A,1.00,50.00,50.00,primary,Võ Văn Kiệt,2,,,road_type_defaults
62184,2358142173,5813835562,11.000,0.792,free_flow,A,1.00,50.00,50.00,primary,Võ Văn Kiệt,2,,,road_type_defaults
62185,5813835562,2358137426,4.000,0.288,free_flow,A,1.00,50.00,50.00,primary,Võ Văn Kiệt,2,,,road_type_defaults
62186,2358137426,2358137377,20.000,1.440,free_flow,A,1.00,50.00,50.00,primary,Võ Văn Kiệt,2,,,road_type_defaults
62187,2358137377,2358137384,25.000,1.800,free_flow,A,1.00,50.00,50.00,primary,Võ Văn Kiệt,2,,,road_type_defaults
62188,2358137384,2358137371,19.000,1.368,free_flow,A,1.00,50.00,50.00,primary,Võ Văn Kiệt,2,,,road_type_defaults
62189,2358137371,2358137373,30.000,2.160,free_flow,A,1.00,50.00,50.00,primary,Võ Văn Kiệt,2,,,road_type_defaults
62190,2358137373,2358137381,32.000,2.304,free_flow,A,1.00,50.00,50.00,primary,Võ Văn Kiệt,2,,,road_type_defaults
62191,2358137381,2358137391,40.000,2.880,free_flow,A,1.00,50.00,50.00,primary,Võ Văn Kiệt,2,,,road_type_defaults
62192,2358137391,5462422206,7.000,0.504,free_flow,A,1.00,50.00,50.00,primary,Võ Văn Kiệt,2,,,road_type_defaults
62193,5462422206,2358137385,32.000,2.304,free_flow,A,1.00,50.00,50.00,primary,Võ Văn Kiệt,2,,,road_type_defaults
62194,2358137385,5813779756,19.000,1.368,free_flow,A,1.00,50.00,50.00,primary,Võ Văn Kiệt,2,,,road_type_defaults
62226,5813779756,5462422191,8.980,0.647,free_flow,A,1.00,50.00,50.00,primary,Võ Văn Kiệt,2,,,road_type_defaults
84669,5462422191,2358137412,7.020,0.505,free_flow,A,1.00,50.00,50.00,primary,Võ Văn Kiệt,2,,,road_type_defaults
62227,2358137412,5462422192,17.143,1.234,free_flow,A,1.00,50.00,50.00,primary,Võ Văn Kiệt,2,,,road_type_defaults
84670,5462422192,2359646390,14.857,1.070,free_flow,A,1.00,50.00,50.00,primary,Võ Văn Kiệt,2,,,road_type_defaults
62197,2359646390,2358137372,31.000,2.232,free_flow,A,1.00,50.00,50.00,primary,Võ Văn Kiệt,2,,,road_type_defaults
62198,2358137372,2358137389,26.000,1.872,free_flow,A,1.00,50.00,50.00,primary,Võ Văn Kiệt,2,,,road_type_defaults
62238,2358137389,5462422197,24.574,1.769,free_flow,A,1.00,50.00,50.00,primary,Võ Văn Kiệt,2,,,road_type_defaults
84671,5462422197,2358137418,8.426,0.607,free_flow,A,1.00,50.00,50.00,primary,Võ Văn Kiệt,2,,,road_type_defaults
62239,2358137418,5462422198,4.413,0.318,free_flow,A,1.00,50.00,50.00,primary,Võ Văn Kiệt,2,,,road_type_defaults
84672,5462422198,2358137422,29.587,2.130,free_flow,A,1.00,50.00,50.00,primary,Võ Văn Kiệt,2,,,road_type_defaults
62201,2358137422,2358137420,27.000,1.944,free_flow,A,1.00,50.00,50.00,primary,Võ Văn Kiệt,2,,,road_type_defaults
62240,2358137420,5462422179,8.527,0.614,free_flow,A,1.00,50.00,50.00,primary,Võ Văn Kiệt,2,,,road_type_defaults
84673,5462422179,5462422180,4.018,0.289,free_flow,A,1.00,50.00,50.00,primary,Võ Văn Kiệt,2,,,road_type_defaults
84674,5462422180,5462422181,3.823,0.275,free_flow,A,1.00,50.00,50.00,primary,Võ Văn Kiệt,2,,,road_type_defaults
84675,5462422181,2358141240,3.631,0.261,free_flow,A,1.00,50.00,50.00,primary,Võ Văn Kiệt,2,,,road_type_defaults
62241,2358141240,5462422182,4.976,1.629,severe,E,4.00,50.00,11.00,primary,Võ Văn Kiệt,2,2020-08-03,period_0_00,train_los+latest_segment_status
84676,5462422182,2358137376,14.024,1.010,free_flow,A,1.00,50.00,50.00,primary,Võ Văn Kiệt,2,,,road_type_defaults
62204,2358137376,3338019281,8.000,0.576,free_flow,A,1.00,50.00,50.00,primary,Võ Văn Kiệt,2,,,road_type_defaults
62242,3338019281,5462422184,16.068,2.066,severe,E,4.00,50.00,28.00,primary,Võ Văn Kiệt,2,2020-08-03,period_0_00,train_los+latest_segment_status
84677,5462422184,5462422183,14.114,1.016,free_flow,A,1.00,50.00,50.00,primary,Võ Văn Kiệt,2,,,road_type_defaults
84678,5462422183,2358137407,16.819,1.211,free_flow,A,1.00,50.00,50.00,primary,Võ Văn Kiệt,2,,,road_type_defaults
62243,2358137407,5462422185,54.034,3.890,free_flow,A,1.00,50.00,50.00,primary,Võ Văn Kiệt,2,,,road_type_defaults
84679,5462422185,2358137374,26.966,1.942,free_flow,A,1.00,50.00,50.00,primary,Võ Văn Kiệt,2,,,road_type_defaults
62244,2358137374,5462422186,39.693,2.858,free_flow,A,1.00,50.00,50.00,primary,Võ Văn Kiệt,2,,,road_type_defaults
84680,5462422186,5462422187,28.482,2.051,free_flow,A,1.00,50.00,50.00,primary,Võ Văn Kiệt,2,,,road_type_defaults
84681,5462422187,2358140873,15.825,1.139,free_flow,A,1.00,50.00,50.00,primary,Võ Văn Kiệt,2,,,road_type_defaults
62208,2358140873,2358137408,45.000,3.240,free_flow,A,1.00,50.00,50.00,primary,Võ Văn Kiệt,2,,,road_type_defaults
62209,2358137408,2358137378,104.000,7.488,free_flow,A,1.00,50.00,50.00,primary,Võ Văn Kiệt,2,,,road_type_defaults
62210,2358137378,2358137397,10.000,0.720,free_flow,A,1.00,50.00,50.00,primary,Võ Văn Kiệt,2,,,road_type_defaults
62211,2358137397,2358137425,86.000,6.192,free_flow,A,1.00,50.00,50.00,primary,Võ Văn Kiệt,2,,,road_type_defaults
62212,2358137425,2358137370,132.000,9.504,free_flow,A,1.00,50.00,50.00,primary,Võ Văn Kiệt,2,,,road_type_defaults
62213,2358137370,2358137396,188.000,13.536,free_flow,A,1.00,50.00,50.00,primary,Võ Văn Kiệt,2,,,road_type_defaults
62214,2358137396,2358137421,287.000,79.477,gridlock,F,8.00,50.00,13.00,primary,Võ Văn Kiệt,2,2020-11-27,period_12_30,train_los+latest_segment_status
62215,2358137421,2358137403,69.000,4.968,free_flow,A,1.00,50.00,50.00,primary,Võ Văn Kiệt,2,,,road_type_defaults
62216,2358137403,2358137427,35.000,2.520,free_flow,A,1.00,50.00,50.00,primary,Võ Văn Kiệt,2,,,road_type_defaults
62217,2358137427,2358137419,50.000,3.600,free_flow,A,1.00,50.00,50.00,primary,Võ Văn Kiệt,2,,,road_type_defaults
62218,2358137419,2358137379,125.000,9.000,free_flow,A,1.00,50.00,50.00,primary,Võ Văn Kiệt,2,,,road_type_defaults
62219,2358137379,2358137382,159.000,11.448,free_flow,A,1.00,50.00,50.00,primary,Võ Văn Kiệt,2,,,road_type_defaults
62220,2358137382,5781158294,104.000,7.488,free_flow,A,1.00,50.00,50.00,primary,Võ Văn Kiệt,2,,,road_type_defaults
62221,5781158294,2358137417,0.670,0.048,free_flow,A,1.00,50.00,50.00,primary,Võ Văn Kiệt,2,,,road_type_defaults
62222,2358137417,4594765211,6.000,0.432,free_flow,A,1.00,50.00,50.00,primary,Võ Văn Kiệt,2,,,road_type_defaults
62223,4594765211,2358140553,5.000,0.360,free_flow,A,1.00,50.00,50.00,primary,Võ Văn Kiệt,2,,,road_type_defaults
62224,2358140553,2358137423,3.000,0.216,free_flow,A,1.00,50.00,50.00,primary,Võ Văn Kiệt,2,,,road_type_defaults
62225,2358137423,5781158297,13.000,0.936,free_flow,A,1.00,50.00,50.00,primary,Võ Văn Kiệt,2,,,road_type_defaults
62228,4609356091,4609356092,4.000,0.360,free_flow,A,1.00,40.00,40.00,primary_link,Đường Võ Văn Kiệt,3,,,road_type_defaults
62229,4609356092,4609356091,4.000,0.360,free_flow,A,1.00,40.00,40.00,primary_link,Võ Văn Kiệt,3,,,road_type_defaults
62230,1996654153,1996655091,45.000,3.240,free_flow,A,1.00,50.00,50.00,primary,Nguyễn Tri Phương,2,,,road_type_defaults
62231,1996655091,366411464,10.000,0.900,free_flow,A,1.00,50.00,40.00,primary,Nguyễn Tri Phương,2,2021-01-02,period_10_30,train_los+latest_segment_status
62232,366411464,5817380553,15.000,1.080,free_flow,A,1.00,50.00,50.00,primary,Nguyễn Tri Phương,2,,,road_type_defaults
62233,5817380553,5817378552,5.000,0.360,free_flow,A,1.00,50.00,50.00,primary,Nguyễn Tri Phương,2,,,road_type_defaults
62234,5817378552,5817378551,5.000,0.360,free_flow,A,1.00,50.00,50.00,primary,Nguyễn Tri Phương,2,,,road_type_defaults
62235,5816871656,2358144750,5.000,0.360,free_flow,A,1.00,50.00,50.00,primary,Nguyễn Tri Phương,2,,,road_type_defaults
62236,2358144750,4609356099,5.000,0.360,free_flow,A,1.00,50.00,50.00,primary,Nguyễn Tri Phương,2,,,road_type_defaults
62237,4609356099,4609356098,12.000,0.864,free_flow,A,1.00,50.00,50.00,primary,Nguyễn Tri Phương,2,,,road_type_defaults
62247,4609802782,4609829831,14.000,1.008,free_flow,A,1.00,50.00,50.00,primary,Trần Hưng Ðạo,2,,,road_type_defaults
62248,4609829831,2364089053,11.000,0.792,free_flow,A,1.00,50.00,50.00,primary,Đường Trần Hưng Ðạo,2,,,road_type_defaults
62249,4609877991,5320970075,128.000,15.360,free_flow,A,1.00,30.00,30.00,secondary,Trần Hưng Ðạo,3,,,road_type_defaults
62250,5320970075,4649999511,163.000,19.560,free_flow,A,1.00,30.00,30.00,secondary,Trần Hưng Ðạo,3,,,road_type_defaults
62251,4649999511,4649967850,12.000,1.800,heavy,D,2.50,30.00,24.00,secondary,Trần Hưng Ðạo,3,2021-04-05,period_11_00,train_los+latest_segment_status
62252,4649967850,4609802775,12.000,1.440,free_flow,A,1.00,30.00,30.00,secondary,Trần Hưng Ðạo,3,,,road_type_defaults
62253,4609802775,4649953992,160.000,19.200,free_flow,A,1.00,30.00,30.00,secondary,Trần Hưng Ðạo,3,,,road_type_defaults
62254,4649953992,4650010744,147.000,35.280,severe,E,4.00,30.00,15.00,secondary,Trần Hưng Ðạo,3,2021-04-05,period_11_00,train_los+latest_segment_status
62255,4650010744,5762780550,24.000,1.271,free_flow,A,1.00,30.00,68.00,secondary,Trần Hưng Ðạo,3,2020-12-28,period_7_30,train_los+latest_segment_status
62256,5762780550,5780886570,71.000,8.520,free_flow,A,1.00,30.00,30.00,secondary,Trần Hưng Ðạo,3,,,road_type_defaults
62257,5780886570,5780886571,0.524,0.065,moderate,C,1.75,30.00,29.00,secondary,Trần Hưng Ðạo,3,2020-11-28,period_13_30,train_los+latest_segment_status
62258,5780886571,5780886568,4.000,0.480,free_flow,A,1.00,30.00,30.00,secondary,Trần Hưng Ðạo,3,,,road_type_defaults
62259,5780886568,5780886569,2.000,0.240,free_flow,A,1.00,30.00,30.00,secondary,Trần Hưng Ðạo,3,,,road_type_defaults
62260,5780886569,5773191261,0.985,0.118,free_flow,A,1.00,30.00,30.00,secondary,Trần Hưng Ðạo,3,,,road_type_defaults
62261,5773191261,5780886567,6.000,0.720,free_flow,A,1.00,30.00,30.00,secondary,Trần Hưng Ðạo,3,,,road_type_defaults
62262,5780886567,4650003015,54.000,6.480,free_flow,A,1.00,30.00,30.00,secondary,Trần Hưng Ðạo,3,,,road_type_defaults
62263,4650003015,5781023254,28.000,2.400,moderate,C,1.75,30.00,42.00,secondary,Trần Hưng Ðạo,3,2020-12-15,period_11_00,train_los+latest_segment_status
62264,5781023254,4603729666,226.000,27.120,free_flow,A,1.00,30.00,30.00,secondary,Trần Hưng Ðạo,3,,,road_type_defaults
62265,4603729666,4594506059,120.000,61.714,gridlock,F,8.00,30.00,7.00,secondary,Trần Hưng Ðạo,3,2020-12-15,period_2_00,train_los+latest_segment_status
62266,4594506059,411918668,83.000,9.055,severe,E,4.00,30.00,33.00,secondary,Trần Hưng Ðạo,3,2020-11-27,period_2_00,train_los+latest_segment_status
62267,411918668,2032267468,115.000,13.800,free_flow,A,1.00,30.00,30.00,secondary,Trần Hưng Ðạo,3,,,road_type_defaults
62268,2032267468,4603846870,114.000,13.680,free_flow,A,1.00,30.00,30.00,secondary,Trần Hưng Ðạo,3,,,road_type_defaults
62269,4603846870,5811285127,95.000,11.400,free_flow,A,1.00,30.00,30.00,secondary,Trần Hưng Ðạo,3,,,road_type_defaults
62270,5811285127,5795068449,37.000,4.440,free_flow,A,1.00,30.00,30.00,secondary,Trần Hưng Ðạo,3,,,road_type_defaults
62271,5795068449,4613083209,24.000,2.880,free_flow,A,1.00,30.00,30.00,secondary,Trần Hưng Ðạo,3,,,road_type_defaults
62272,4613083209,5806268214,86.000,10.320,free_flow,A,1.00,30.00,30.00,secondary,Trần Hưng Ðạo,3,,,road_type_defaults
62273,5806268214,2032267494,104.000,12.480,free_flow,A,1.00,30.00,30.00,secondary,Trần Hưng Ðạo,3,,,road_type_defaults
62274,2032267494,2032267197,113.000,13.560,free_flow,A,1.00,30.00,30.00,secondary,Trần Hưng Ðạo,3,,,road_type_defaults
62275,2032267197,2032267140,38.000,4.560,free_flow,A,1.00,30.00,30.00,secondary,Trần Hưng Ðạo,3,,,road_type_defaults
62276,2032267140,5806004712,16.000,1.920,free_flow,A,1.00,30.00,30.00,secondary,Trần Hưng Ðạo,3,,,road_type_defaults
62277,5806004711,4603798461,20.000,2.400,free_flow,A,1.00,30.00,30.00,secondary,Trần Hưng Ðạo,3,,,road_type_defaults
62278,4603798461,4696682347,14.000,1.680,free_flow,A,1.00,30.00,30.00,secondary,Trần Hưng Ðạo,3,,,road_type_defaults
62279,4696682347,4603817780,82.000,9.840,free_flow,A,1.00,30.00,30.00,secondary,Trần Hưng Ðạo,3,,,road_type_defaults
62280,4603817780,4603817787,38.000,4.560,free_flow,A,1.00,30.00,30.00,secondary,Trần Hưng Ðạo,3,,,road_type_defaults
62281,4603817787,4603826290,56.000,6.720,free_flow,A,1.00,30.00,30.00,secondary,Trần Hưng Ðạo,3,,,road_type_defaults
62282,4603826290,4603826291,19.000,2.280,free_flow,A,1.00,30.00,30.00,secondary,Trần Hưng Ðạo,3,,,road_type_defaults
62283,4603826291,4603826296,54.000,6.480,free_flow,A,1.00,30.00,30.00,secondary,Trần Hưng Ðạo,3,,,road_type_defaults
62284,4603826296,5811285123,33.000,3.960,free_flow,A,1.00,30.00,30.00,secondary,Trần Hưng Ðạo,3,,,road_type_defaults
62285,5811285123,4603835832,71.000,8.520,free_flow,A,1.00,30.00,30.00,secondary,Trần Hưng Ðạo,3,,,road_type_defaults
62286,4603835832,4603846874,85.000,10.200,free_flow,A,1.00,30.00,30.00,secondary,Trần Hưng Ðạo,3,,,road_type_defaults
62287,4603846874,4603846872,45.000,5.400,free_flow,A,1.00,30.00,30.00,secondary,Trần Hưng Ðạo,3,,,road_type_defaults
62288,4603846872,5795188289,97.000,11.640,free_flow,A,1.00,30.00,30.00,secondary,Trần Hưng Ðạo,3,,,road_type_defaults
62289,5795188289,4603846867,49.000,5.880,free_flow,A,1.00,30.00,30.00,secondary,Trần Hưng Ðạo,3,,,road_type_defaults
62290,4603846867,5795068424,89.000,10.680,free_flow,A,1.00,30.00,30.00,secondary,Trần Hưng Ðạo,3,,,road_type_defaults
62291,5795068424,5795068427,2.000,0.240,free_flow,A,1.00,30.00,30.00,secondary,Trần Hưng Ðạo,3,,,road_type_defaults
62292,5795068427,5795188299,40.000,4.800,free_flow,A,1.00,30.00,30.00,secondary,Trần Hưng Ðạo,3,,,road_type_defaults
62293,5795188299,4761168721,37.000,4.440,free_flow,A,1.00,30.00,30.00,secondary,Trần Hưng Ðạo,3,,,road_type_defaults
62294,4761168721,4607050266,18.000,2.160,free_flow,A,1.00,30.00,30.00,secondary,Trần Hưng Ðạo,3,,,road_type_defaults
62295,4607050266,5795188291,16.000,1.920,free_flow,A,1.00,30.00,30.00,secondary,Trần Hưng Ðạo,3,,,road_type_defaults
62296,5795188291,4603720647,80.000,9.600,free_flow,A,1.00,30.00,30.00,secondary,Trần Hưng Ðạo,3,,,road_type_defaults
62297,4603720647,5780886557,164.000,19.680,free_flow,A,1.00,30.00,30.00,secondary,Trần Hưng Ðạo,3,,,road_type_defaults
62298,5780886557,5780886564,24.000,4.320,heavy,D,2.50,30.00,20.00,secondary,Trần Hưng Ðạo,3,2020-11-27,period_11_00,train_los+latest_segment_status
62299,5780886564,2032267383,44.000,22.629,gridlock,F,8.00,30.00,7.00,secondary,Trần Hưng Ðạo,3,2020-12-01,period_1_30,train_los+latest_segment_status
62300,4609877991,4609917916,16.000,4.114,gridlock,F,8.00,40.00,14.00,secondary,Đường Trần Hưng Ðạo,3,2020-12-01,period_12_00,train_los+latest_segment_status
62301,4609917916,4609877991,16.000,1.440,free_flow,A,1.00,40.00,40.00,secondary,Đường Trần Hưng Ðạo,3,,,road_type_defaults
62302,4609760516,1769265762,15.000,1.350,free_flow,A,1.00,40.00,40.00,secondary,Đường Trần Hưng Ðạo,3,,,road_type_defaults
62303,1769265762,4609760516,15.000,1.350,free_flow,A,1.00,40.00,40.00,secondary,Đường Trần Hưng Ðạo,3,,,road_type_defaults
62304,4609969792,5780842940,22.000,2.640,free_flow,A,1.00,30.00,30.00,tertiary,Nguyễn Cư Trinh,4,,,road_type_defaults
62305,5780842940,4609969792,22.000,6.092,gridlock,F,8.00,30.00,13.00,tertiary,Nguyễn Cư Trinh,4,2020-12-01,period_1_30,train_los+latest_segment_status
62306,5780842940,5780842943,92.000,11.040,free_flow,A,1.00,30.00,30.00,tertiary,Nguyễn Cư Trinh,4,,,road_type_defaults
62307,5780842943,5780842940,92.000,22.080,severe,E,4.00,30.00,15.00,tertiary,Nguyễn Cư Trinh,4,2020-12-01,period_1_30,train_los+latest_segment_status
62308,5780842943,4603731414,86.000,10.320,free_flow,A,1.00,30.00,30.00,tertiary,Nguyễn Cư Trinh,4,,,road_type_defaults
62309,4603731414,5780842943,86.000,10.320,free_flow,A,1.00,30.00,30.00,tertiary,Nguyễn Cư Trinh,4,,,road_type_defaults
62310,4603731414,411921169,30.000,3.600,free_flow,A,1.00,30.00,30.00,tertiary,Nguyễn Cư Trinh,4,,,road_type_defaults
62311,411921169,4603731414,30.000,3.600,free_flow,A,1.00,30.00,30.00,tertiary,Nguyễn Cư Trinh,4,,,road_type_defaults
62312,411921169,411918465,93.000,11.160,free_flow,A,1.00,30.00,30.00,tertiary,Nguyễn Cư Trinh,4,,,road_type_defaults
62313,411918465,411921169,93.000,11.160,free_flow,A,1.00,30.00,30.00,tertiary,Nguyễn Cư Trinh,4,,,road_type_defaults
62314,411918465,5795068451,5.000,0.600,free_flow,A,1.00,30.00,30.00,tertiary,Nguyễn Cư Trinh,4,,,road_type_defaults
62315,5795068451,411918465,5.000,0.600,free_flow,A,1.00,30.00,30.00,tertiary,Nguyễn Cư Trinh,4,,,road_type_defaults
62316,5795068451,4609473130,78.000,9.360,free_flow,A,1.00,30.00,30.00,tertiary,Nguyễn Cư Trinh,4,,,road_type_defaults
62317,4609473130,5795068451,78.000,9.360,free_flow,A,1.00,30.00,30.00,tertiary,Nguyễn Cư Trinh,4,,,road_type_defaults
62318,4609473130,4609522255,25.000,3.000,free_flow,A,1.00,30.00,30.00,tertiary,Nguyễn Cư Trinh,4,,,road_type_defaults
62319,4609522255,4609473130,25.000,3.000,free_flow,A,1.00,30.00,30.00,tertiary,Nguyễn Cư Trinh,4,,,road_type_defaults
62320,4609522255,411926194,34.000,4.080,free_flow,A,1.00,30.00,30.00,tertiary,Nguyễn Cư Trinh,4,,,road_type_defaults
62321,411926194,4609522255,34.000,4.080,free_flow,A,1.00,30.00,30.00,tertiary,Nguyễn Cư Trinh,4,,,road_type_defaults
62322,4603755778,4609969792,26.000,3.120,free_flow,A,1.00,30.00,30.00,tertiary,Nguyễn Cư Trinh,4,,,road_type_defaults
62323,4666207256,5444117924,109.000,78.480,gridlock,F,8.00,30.00,5.00,tertiary,Phạm Hồng Thái,4,2020-12-01,period_1_30,train_los+latest_segment_status
62324,5444117924,5444117925,66.000,7.920,free_flow,A,1.00,30.00,30.00,tertiary,Phạm Hồng Thái,4,,,road_type_defaults
62325,5444117925,4605017322,69.000,8.280,free_flow,A,1.00,30.00,30.00,tertiary,Phạm Hồng Thái,4,,,road_type_defaults
62326,4610625915,4610625916,6.000,0.432,free_flow,A,1.00,50.00,50.00,primary,Phường Bến Thành,2,,,road_type_defaults
62327,4610625916,4610625917,5.000,0.360,free_flow,A,1.00,50.00,50.00,primary,Phường Bến Thành,2,,,road_type_defaults
62328,4610625917,4610625918,6.000,0.432,free_flow,A,1.00,50.00,50.00,primary,Phường Bến Thành,2,,,road_type_defaults
62329,4610625918,4610625919,5.000,0.360,free_flow,A,1.00,50.00,50.00,primary,Phường Bến Thành,2,,,road_type_defaults
62330,4610625919,4610625920,5.000,0.360,free_flow,A,1.00,50.00,50.00,primary,Phường Bến Thành,2,,,road_type_defaults
62331,4610625920,4610621999,5.000,0.545,light,B,1.25,50.00,33.00,primary,Phường Bến Thành,2,2020-11-30,period_4_30,train_los+latest_segment_status
62332,4610621999,4610622001,5.000,0.360,free_flow,A,1.00,50.00,50.00,primary,Phường Bến Thành,2,,,road_type_defaults
62333,4610622001,4610625909,5.000,0.360,free_flow,A,1.00,50.00,50.00,primary,Phường Bến Thành,2,,,road_type_defaults
62334,4610625909,4666207251,5.000,0.360,free_flow,A,1.00,50.00,50.00,primary,Phường Bến Thành,2,,,road_type_defaults
62335,4666207251,4610625910,4.000,2.400,gridlock,F,8.00,50.00,6.00,primary,Phường Bến Thành,2,2020-12-24,period_15_00,train_los+latest_segment_status
62336,4610625910,4610625911,4.000,0.288,free_flow,A,1.00,50.00,50.00,primary,Phường Bến Thành,2,,,road_type_defaults
62337,4610625911,4666207253,4.000,0.288,free_flow,A,1.00,50.00,50.00,primary,Phường Bến Thành,2,,,road_type_defaults
62338,4666207253,4610625912,4.000,0.288,free_flow,A,1.00,50.00,50.00,primary,Phường Bến Thành,2,,,road_type_defaults
62339,4610625912,5444117922,4.000,0.288,free_flow,A,1.00,50.00,50.00,primary,Phường Bến Thành,2,,,road_type_defaults
62340,5444117922,5763168821,3.000,0.635,severe,E,4.00,50.00,17.00,primary,Phường Bến Thành,2,2020-12-24,period_15_00,train_los+latest_segment_status
62341,5763168821,4610625914,2.000,0.343,heavy,D,2.50,50.00,21.00,primary,Phường Bến Thành,2,2020-11-28,period_13_30,train_los+latest_segment_status
62342,4610625914,4610622002,4.000,0.288,free_flow,A,1.00,50.00,50.00,primary,Phường Bến Thành,2,,,road_type_defaults
62343,4610622002,5500064107,4.000,0.288,free_flow,A,1.00,50.00,50.00,primary,Phường Bến Thành,2,,,road_type_defaults
62344,5500064107,4610622003,4.000,0.288,free_flow,A,1.00,50.00,50.00,primary,Phường Bến Thành,2,,,road_type_defaults
62345,4610622003,5763168822,4.000,0.288,free_flow,A,1.00,50.00,50.00,primary,Phường Bến Thành,2,,,road_type_defaults
62346,5763168822,4610622004,4.000,0.288,free_flow,A,1.00,50.00,50.00,primary,Phường Bến Thành,2,,,road_type_defaults
62347,4610622004,4610622005,4.000,0.288,free_flow,A,1.00,50.00,50.00,primary,Phường Bến Thành,2,,,road_type_defaults
62348,4610622005,5500064108,4.000,1.440,gridlock,F,8.00,50.00,10.00,primary,Phường Bến Thành,2,2020-11-16,period_13_30,train_los+latest_segment_status
62349,5500064108,4610649700,4.000,0.288,free_flow,A,1.00,50.00,50.00,primary,Phường Bến Thành,2,,,road_type_defaults
62350,4610649700,4610625915,6.000,0.432,free_flow,A,1.00,50.00,50.00,primary,Phường Bến Thành,2,,,road_type_defaults
62351,4610643513,4610643514,5.000,0.450,free_flow,A,1.00,40.00,40.00,primary_link,Đường Nguyễn Thị Nghĩa,3,,,road_type_defaults
62352,4610643514,4610643515,4.000,0.360,free_flow,A,1.00,40.00,40.00,primary_link,Đường Nguyễn Thị Nghĩa,3,,,road_type_defaults
62353,4610643515,4610643516,5.000,0.450,free_flow,A,1.00,40.00,40.00,primary_link,Phạm Hồng Thái,3,,,road_type_defaults
62354,4610643516,4666207258,4.000,0.360,free_flow,A,1.00,40.00,40.00,primary_link,Phạm Hồng Thái,3,,,road_type_defaults
62355,4666207258,4666207257,4.000,0.360,free_flow,A,1.00,40.00,40.00,primary_link,Phạm Hồng Thái,3,,,road_type_defaults
62359,4610649700,4610625915,4.997,0.360,free_flow,A,1.00,50.00,50.00,primary,Đường Cách Mạng Tháng Tám,2,,,road_type_defaults
84682,4610625915,4666211847,3.003,0.216,free_flow,A,1.00,50.00,50.00,primary,Đường Cách Mạng Tháng Tám,2,,,road_type_defaults
62357,4666211847,4610643517,22.000,1.584,free_flow,A,1.00,50.00,50.00,primary,Đường Cách Mạng Tháng Tám,2,,,road_type_defaults
62358,2616958835,4666207251,14.000,6.300,gridlock,F,8.00,40.00,8.00,secondary,Đường Nguyễn Trãi,3,2020-11-16,period_13_30,train_los+latest_segment_status
62370,1996655028,4611694204,5.000,0.450,free_flow,A,1.00,40.00,40.00,primary_link,Bến Hàm Tử,3,,,road_type_defaults
62371,4611694204,1996655028,5.000,0.450,free_flow,A,1.00,40.00,40.00,primary_link,Bến Hàm Tử,3,,,road_type_defaults
62372,4611694204,4611694207,4.000,0.360,free_flow,A,1.00,40.00,40.00,primary_link,Bến Hàm Tử,3,,,road_type_defaults
62373,4611694207,4611694204,4.000,0.360,free_flow,A,1.00,40.00,40.00,primary_link,Bến Hàm Tử,3,,,road_type_defaults
62374,4611694207,4611694205,4.000,0.360,free_flow,A,1.00,40.00,40.00,primary_link,Bến Hàm Tử,3,,,road_type_defaults
62375,4611694205,4611694207,4.000,0.360,free_flow,A,1.00,40.00,40.00,primary_link,Bến Hàm Tử,3,,,road_type_defaults
62376,4611694205,4611694208,4.000,0.360,free_flow,A,1.00,40.00,40.00,primary_link,Đường Võ Văn Kiệt,3,,,road_type_defaults
62377,4611694208,4611694205,4.000,0.360,free_flow,A,1.00,40.00,40.00,primary_link,Đường Võ Văn Kiệt,3,,,road_type_defaults
62378,4611694208,4611694206,3.000,0.270,free_flow,A,1.00,40.00,40.00,primary_link,Đường Võ Văn Kiệt,3,,,road_type_defaults
62379,4611694206,4611694208,3.000,0.270,free_flow,A,1.00,40.00,40.00,primary_link,Đường Võ Văn Kiệt,3,,,road_type_defaults
62380,4611694206,1996654170,7.000,0.630,free_flow,A,1.00,40.00,40.00,primary_link,Đường Võ Văn Kiệt,3,,,road_type_defaults
62381,1996654170,4611694206,7.000,0.630,free_flow,A,1.00,40.00,40.00,primary_link,Đường Võ Văn Kiệt,3,,,road_type_defaults
62430,1996745826,5817380553,203.000,12.180,free_flow,A,1.00,60.00,60.00,trunk,Võ Văn Kiệt,1,,,road_type_defaults
62431,5817380553,4609356099,18.000,1.080,free_flow,A,1.00,60.00,60.00,trunk,Võ Văn Kiệt,1,,,road_type_defaults
62432,4609356099,3181284826,28.000,1.680,free_flow,A,1.00,60.00,60.00,trunk,Võ Văn Kiệt,1,,,road_type_defaults
62433,3181284826,1996654523,50.000,3.000,free_flow,A,1.00,60.00,60.00,trunk,Võ Văn Kiệt,1,,,road_type_defaults
62434,1996654523,4609356035,18.000,1.080,free_flow,A,1.00,60.00,60.00,trunk,Võ Văn Kiệt,1,,,road_type_defaults
62435,4609356035,1996654393,17.000,1.020,free_flow,A,1.00,60.00,60.00,trunk,Võ Văn Kiệt,1,,,road_type_defaults
62436,1996654393,706286083,23.000,1.380,free_flow,A,1.00,60.00,60.00,trunk,Võ Văn Kiệt,1,,,road_type_defaults
62437,706286083,4609356036,20.000,1.200,free_flow,A,1.00,60.00,60.00,trunk,Võ Văn Kiệt,1,,,road_type_defaults
62438,4609356036,706286033,18.000,1.080,free_flow,A,1.00,60.00,60.00,trunk,Võ Văn Kiệt,1,,,road_type_defaults
62439,706286033,4609356071,9.000,0.540,free_flow,A,1.00,60.00,60.00,trunk,Võ Văn Kiệt,1,,,road_type_defaults
62440,4609356071,4609356033,8.000,0.480,free_flow,A,1.00,60.00,60.00,trunk,Võ Văn Kiệt,1,,,road_type_defaults
62441,4609356033,4609356032,15.000,0.900,free_flow,A,1.00,60.00,60.00,trunk,Võ Văn Kiệt,1,,,road_type_defaults
62442,4609356032,2327217355,23.000,1.380,free_flow,A,1.00,60.00,60.00,trunk,Võ Văn Kiệt,1,,,road_type_defaults
62443,2327217355,925113579,96.000,5.760,free_flow,A,1.00,60.00,60.00,trunk,Võ Văn Kiệt,1,,,road_type_defaults
62444,925113579,925113594,59.000,3.540,free_flow,A,1.00,60.00,60.00,trunk,Võ Văn Kiệt,1,,,road_type_defaults
62445,925113594,1996653972,36.000,2.160,free_flow,A,1.00,60.00,60.00,trunk,Võ Văn Kiệt,1,,,road_type_defaults
62446,1996653972,4611905374,11.000,0.660,free_flow,A,1.00,60.00,60.00,trunk,Võ Văn Kiệt,1,,,road_type_defaults
62447,4611905374,4611905371,32.000,1.920,free_flow,A,1.00,60.00,60.00,trunk,Võ Văn Kiệt,1,,,road_type_defaults
62448,4611905371,925113582,33.000,1.980,free_flow,A,1.00,60.00,60.00,trunk,Võ Văn Kiệt,1,,,road_type_defaults
62449,925113582,706286126,32.000,1.920,free_flow,A,1.00,60.00,60.00,trunk,Võ Văn Kiệt,1,,,road_type_defaults
62450,706286126,4671747214,29.000,1.740,free_flow,A,1.00,60.00,60.00,trunk,Võ Văn Kiệt,1,,,road_type_defaults
62451,4671747214,925113577,29.000,1.740,free_flow,A,1.00,60.00,60.00,trunk,Võ Văn Kiệt,1,,,road_type_defaults
62452,925113577,4671747215,22.000,1.320,free_flow,A,1.00,60.00,60.00,trunk,Võ Văn Kiệt,1,,,road_type_defaults
62453,4671747215,706286129,20.000,1.200,free_flow,A,1.00,60.00,60.00,trunk,Võ Văn Kiệt,1,,,road_type_defaults
62454,706286129,706286085,38.000,2.280,free_flow,A,1.00,60.00,60.00,trunk,Võ Văn Kiệt,1,,,road_type_defaults
62455,706286085,706286194,43.000,2.580,free_flow,A,1.00,60.00,60.00,trunk,Võ Văn Kiệt,1,,,road_type_defaults
62456,706286194,706286166,34.000,2.040,free_flow,A,1.00,60.00,60.00,trunk,Võ Văn Kiệt,1,,,road_type_defaults
62457,706286166,706286001,26.000,1.560,free_flow,A,1.00,60.00,60.00,trunk,Võ Văn Kiệt,1,,,road_type_defaults
62458,706286001,706286232,28.000,1.680,free_flow,A,1.00,60.00,60.00,trunk,Võ Văn Kiệt,1,,,road_type_defaults
62459,706286232,706286107,57.000,3.420,free_flow,A,1.00,60.00,60.00,trunk,Võ Văn Kiệt,1,,,road_type_defaults
62460,706286107,925138128,31.000,1.860,free_flow,A,1.00,60.00,60.00,trunk,Võ Văn Kiệt,1,,,road_type_defaults
62461,925138128,706286065,37.000,2.220,free_flow,A,1.00,60.00,60.00,trunk,Võ Văn Kiệt,1,,,road_type_defaults
62462,706286065,3181284824,11.000,0.660,free_flow,A,1.00,60.00,60.00,trunk,Võ Văn Kiệt,1,,,road_type_defaults
62463,3181284824,706286066,12.000,0.720,free_flow,A,1.00,60.00,60.00,trunk,Võ Văn Kiệt,1,,,road_type_defaults
62464,706286066,706286016,22.000,1.320,free_flow,A,1.00,60.00,60.00,trunk,Võ Văn Kiệt,1,,,road_type_defaults
62465,706286016,706286149,25.000,1.500,free_flow,A,1.00,60.00,60.00,trunk,Võ Văn Kiệt,1,,,road_type_defaults
62466,706286149,4609356081,21.000,1.260,free_flow,A,1.00,60.00,60.00,trunk,Võ Văn Kiệt,1,,,road_type_defaults
62467,4609356081,706286111,15.000,0.900,free_flow,A,1.00,60.00,60.00,trunk,Võ Văn Kiệt,1,,,road_type_defaults
62468,706286111,4609356080,30.000,1.800,free_flow,A,1.00,60.00,60.00,trunk,Võ Văn Kiệt,1,,,road_type_defaults
62469,4609356080,925138135,26.000,1.560,free_flow,A,1.00,60.00,60.00,trunk,Võ Văn Kiệt,1,,,road_type_defaults
62470,925138135,1996745413,24.000,1.440,free_flow,A,1.00,60.00,60.00,trunk,Võ Văn Kiệt,1,,,road_type_defaults
62471,1996745413,2359660072,39.000,2.340,free_flow,A,1.00,60.00,60.00,trunk,Võ Văn Kiệt,1,,,road_type_defaults
62472,2359660072,3181281960,20.000,1.200,free_flow,A,1.00,60.00,60.00,trunk,Võ Văn Kiệt,1,,,road_type_defaults
62473,3181281960,706286219,15.000,0.900,free_flow,A,1.00,60.00,60.00,trunk,Võ Văn Kiệt,1,,,road_type_defaults
62474,706286219,706286185,39.000,2.340,free_flow,A,1.00,60.00,60.00,trunk,Võ Văn Kiệt,1,,,road_type_defaults
62475,706286185,1996745110,67.000,4.020,free_flow,A,1.00,60.00,60.00,trunk,Võ Văn Kiệt,1,,,road_type_defaults
62476,1996745110,2327219050,56.000,3.360,free_flow,A,1.00,60.00,60.00,trunk,Võ Văn Kiệt,1,,,road_type_defaults
62477,2327219050,706286035,20.000,1.200,free_flow,A,1.00,60.00,60.00,trunk,Võ Văn Kiệt,1,,,road_type_defaults
62478,706286035,1996745738,45.000,2.700,free_flow,A,1.00,60.00,60.00,trunk,Võ Văn Kiệt,1,,,road_type_defaults
62479,1996745738,706286245,41.000,2.460,free_flow,A,1.00,60.00,60.00,trunk,Võ Văn Kiệt,1,,,road_type_defaults
62480,706286245,1996745414,22.000,1.320,free_flow,A,1.00,60.00,60.00,trunk,Võ Văn Kiệt,1,,,road_type_defaults
62481,1996745414,706286247,35.000,2.100,free_flow,A,1.00,60.00,60.00,trunk,Võ Văn Kiệt,1,,,road_type_defaults
62482,706286247,706286222,127.000,7.620,free_flow,A,1.00,60.00,60.00,trunk,Võ Văn Kiệt,1,,,road_type_defaults
62483,706286222,5813835565,102.000,6.120,free_flow,A,1.00,60.00,60.00,trunk,Võ Văn Kiệt,1,,,road_type_defaults
62484,5813835565,1996745531,3.000,0.180,free_flow,A,1.00,60.00,60.00,trunk,Võ Văn Kiệt,1,,,road_type_defaults
62485,1996745531,706286089,12.000,0.720,free_flow,A,1.00,60.00,60.00,trunk,Võ Văn Kiệt,1,,,road_type_defaults
62486,706286089,5813835563,7.000,0.420,free_flow,A,1.00,60.00,60.00,trunk,Võ Văn Kiệt,1,,,road_type_defaults
62487,5813835563,1996745859,25.000,1.500,free_flow,A,1.00,60.00,60.00,trunk,Võ Văn Kiệt,1,,,road_type_defaults
62488,1996745859,3181281958,10.000,0.600,free_flow,A,1.00,60.00,60.00,trunk,Võ Văn Kiệt,1,,,road_type_defaults
62489,3181281958,706286046,19.000,1.140,free_flow,A,1.00,60.00,60.00,trunk,Võ Văn Kiệt,1,,,road_type_defaults
62490,706286046,1996745479,40.000,2.400,free_flow,A,1.00,60.00,60.00,trunk,Võ Văn Kiệt,1,,,road_type_defaults
62491,1996745479,706286170,31.000,1.860,free_flow,A,1.00,60.00,60.00,trunk,Võ Văn Kiệt,1,,,road_type_defaults
62492,706286170,706286134,39.000,2.340,free_flow,A,1.00,60.00,60.00,trunk,Võ Văn Kiệt,1,,,road_type_defaults
62493,706286134,5462422207,1.000,0.060,free_flow,A,1.00,60.00,60.00,trunk,Võ Văn Kiệt,1,,,road_type_defaults
62494,5462422207,706286238,37.000,2.220,free_flow,A,1.00,60.00,60.00,trunk,Võ Văn Kiệt,1,,,road_type_defaults
62495,706286238,1996654906,29.000,1.740,free_flow,A,1.00,60.00,60.00,trunk,Võ Văn Kiệt,1,,,road_type_defaults
62496,1996654906,706286200,31.000,1.860,free_flow,A,1.00,60.00,60.00,trunk,Võ Văn Kiệt,1,,,road_type_defaults
62497,706286200,1996655718,28.000,1.680,free_flow,A,1.00,60.00,60.00,trunk,Võ Văn Kiệt,1,,,road_type_defaults
62498,1996655718,1996745854,34.000,2.040,free_flow,A,1.00,60.00,60.00,trunk,Võ Văn Kiệt,1,,,road_type_defaults
62499,1996745854,706286206,25.000,1.500,free_flow,A,1.00,60.00,60.00,trunk,Võ Văn Kiệt,1,,,road_type_defaults
62500,706286206,3761180034,16.000,0.960,free_flow,A,1.00,60.00,60.00,trunk,Võ Văn Kiệt,1,,,road_type_defaults
62501,3761180034,1996655278,21.000,1.260,free_flow,A,1.00,60.00,60.00,trunk,Võ Văn Kiệt,1,,,road_type_defaults
62502,1996655278,4419663830,35.000,2.100,free_flow,A,1.00,60.00,60.00,trunk,Võ Văn Kiệt,1,,,road_type_defaults
62503,4419663830,1996745861,0.913,0.055,free_flow,A,1.00,60.00,60.00,trunk,Võ Văn Kiệt,1,,,road_type_defaults
62528,1996745861,4419663831,8.306,0.498,free_flow,A,1.00,60.00,60.00,trunk,Võ Văn Kiệt,1,,,road_type_defaults
84683,4419663831,1767760204,10.694,0.642,free_flow,A,1.00,60.00,60.00,trunk,Võ Văn Kiệt,1,,,road_type_defaults
62505,1767760204,3338019284,22.000,1.320,free_flow,A,1.00,60.00,60.00,trunk,Võ Văn Kiệt,1,,,road_type_defaults
62506,3338019284,3181281956,23.000,1.380,free_flow,A,1.00,60.00,60.00,trunk,Võ Văn Kiệt,1,,,road_type_defaults
62507,3181281956,706286024,21.000,1.260,free_flow,A,1.00,60.00,60.00,trunk,Võ Văn Kiệt,1,,,road_type_defaults
62508,706286024,706286242,79.000,4.740,free_flow,A,1.00,60.00,60.00,trunk,Võ Văn Kiệt,1,,,road_type_defaults
62509,706286242,2358140872,96.000,5.760,free_flow,A,1.00,60.00,60.00,trunk,Võ Văn Kiệt,1,,,road_type_defaults
62510,2358140872,1996745348,39.000,2.340,free_flow,A,1.00,60.00,60.00,trunk,Võ Văn Kiệt,1,,,road_type_defaults
62511,1996745348,706286116,111.000,6.660,free_flow,A,1.00,60.00,60.00,trunk,Võ Văn Kiệt,1,,,road_type_defaults
62512,706286116,706286072,85.000,5.100,free_flow,A,1.00,60.00,60.00,trunk,Võ Văn Kiệt,1,,,road_type_defaults
62513,706286072,706286189,168.000,10.080,free_flow,A,1.00,60.00,60.00,trunk,Võ Văn Kiệt,1,,,road_type_defaults
62514,706286189,1996745689,158.000,9.480,free_flow,A,1.00,60.00,60.00,trunk,Võ Văn Kiệt,1,,,road_type_defaults
62515,1996745689,3181281953,25.000,6.429,gridlock,F,8.00,60.00,14.00,trunk,Võ Văn Kiệt,1,2020-11-27,period_11_30,train_los+latest_segment_status
62516,3181281953,706286156,14.000,0.840,free_flow,A,1.00,60.00,60.00,trunk,Võ Văn Kiệt,1,,,road_type_defaults
62517,706286156,2358140554,73.000,4.380,free_flow,A,1.00,60.00,60.00,trunk,Võ Văn Kiệt,1,,,road_type_defaults
62518,2358140554,706286160,220.000,13.200,free_flow,A,1.00,60.00,60.00,trunk,Võ Văn Kiệt,1,,,road_type_defaults
62519,706286160,706286120,55.000,3.300,free_flow,A,1.00,60.00,60.00,trunk,Võ Văn Kiệt,1,,,road_type_defaults
62520,706286120,706286225,50.000,3.000,free_flow,A,1.00,60.00,60.00,trunk,Võ Văn Kiệt,1,,,road_type_defaults
62521,706286225,3181281952,23.000,1.380,free_flow,A,1.00,60.00,60.00,trunk,Võ Văn Kiệt,1,,,road_type_defaults
62522,3181281952,1998504366,169.000,10.140,free_flow,A,1.00,60.00,60.00,trunk,Võ Văn Kiệt,1,,,road_type_defaults
62523,1998504366,706286229,85.000,5.100,free_flow,A,1.00,60.00,60.00,trunk,Võ Văn Kiệt,1,,,road_type_defaults
62524,706286229,5781158295,111.000,6.660,free_flow,A,1.00,60.00,60.00,trunk,Võ Văn Kiệt,1,,,road_type_defaults
62525,5781158295,706286105,3.000,0.180,free_flow,A,1.00,60.00,60.00,trunk,Võ Văn Kiệt,1,,,road_type_defaults
62526,706286105,5781158297,26.000,1.560,free_flow,A,1.00,60.00,60.00,trunk,Võ Văn Kiệt,1,,,road_type_defaults
62527,5781158297,1996655496,0.414,0.025,free_flow,A,1.00,60.00,60.00,trunk,Võ Văn Kiệt,1,,,road_type_defaults
62567,5817378549,5817378550,63.000,4.536,free_flow,A,1.00,50.00,50.00,primary,Võ Văn Kiệt,2,,,road_type_defaults
62568,5817378550,5817378551,127.000,9.144,free_flow,A,1.00,50.00,50.00,primary,Võ Văn Kiệt,2,,,road_type_defaults
62569,5817378551,5816871656,18.000,1.296,free_flow,A,1.00,50.00,50.00,primary,Võ Văn Kiệt,2,,,road_type_defaults
62570,5816871656,4609356078,102.000,7.344,free_flow,A,1.00,50.00,50.00,primary,Võ Văn Kiệt,2,,,road_type_defaults
62571,4609356078,4609356079,11.000,0.792,free_flow,A,1.00,50.00,50.00,primary,Võ Văn Kiệt,2,,,road_type_defaults
62572,4609356079,4609356075,66.000,4.752,free_flow,A,1.00,50.00,50.00,primary,Võ Văn Kiệt,2,,,road_type_defaults
62573,4609356075,4609356026,2.000,0.144,free_flow,A,1.00,50.00,50.00,primary,Võ Văn Kiệt,2,,,road_type_defaults
62574,4609356026,4609356077,3.000,0.216,free_flow,A,1.00,50.00,50.00,primary,Võ Văn Kiệt,2,,,road_type_defaults
62575,4609356077,4609356092,19.000,1.368,free_flow,A,1.00,50.00,50.00,primary,Võ Văn Kiệt,2,,,road_type_defaults
62576,4609356092,4609356090,152.000,10.944,free_flow,A,1.00,50.00,50.00,primary,Võ Văn Kiệt,2,,,road_type_defaults
62577,4609356090,4609356076,23.000,1.656,free_flow,A,1.00,50.00,50.00,primary,Võ Văn Kiệt,2,,,road_type_defaults
62578,4609356076,4609356089,27.000,1.944,free_flow,A,1.00,50.00,50.00,primary,Võ Văn Kiệt,2,,,road_type_defaults
62579,4609356089,4609356087,23.000,1.656,free_flow,A,1.00,50.00,50.00,primary,Võ Văn Kiệt,2,,,road_type_defaults
62580,4609356087,4609356088,24.000,1.728,free_flow,A,1.00,50.00,50.00,primary,Võ Văn Kiệt,2,,,road_type_defaults
62581,4609356088,4677381715,34.000,2.448,free_flow,A,1.00,50.00,50.00,primary,Võ Văn Kiệt,2,,,road_type_defaults
62582,4677381715,4677381714,36.000,2.592,free_flow,A,1.00,50.00,50.00,primary,Võ Văn Kiệt,2,,,road_type_defaults
62583,4677381714,4677381713,32.000,2.304,free_flow,A,1.00,50.00,50.00,primary,Võ Văn Kiệt,2,,,road_type_defaults
62584,4677381713,4677381712,19.000,1.368,free_flow,A,1.00,50.00,50.00,primary,Võ Văn Kiệt,2,,,road_type_defaults
62585,4677381712,2358137400,17.000,1.224,free_flow,A,1.00,50.00,50.00,primary,Võ Văn Kiệt,2,,,road_type_defaults
62612,4611905370,5813970742,28.000,2.520,free_flow,A,1.00,40.00,40.00,primary_link,An Bình,3,,,road_type_defaults
62613,366383770,4611905368,18.000,1.620,free_flow,A,1.00,40.00,40.00,primary_link,Đường Võ Văn Kiệt,3,,,road_type_defaults
62614,4611905368,5813970741,9.000,0.810,free_flow,A,1.00,40.00,40.00,primary_link,An Bình,3,,,road_type_defaults
62615,4611905378,4611905371,22.000,1.980,free_flow,A,1.00,40.00,40.00,primary_link,Đường Võ Văn Kiệt,3,,,road_type_defaults
62616,4611905371,4611905372,7.000,0.630,free_flow,A,1.00,40.00,40.00,primary_link,Đường Võ Văn Kiệt,3,,,road_type_defaults
62617,4611905373,4611905374,7.000,0.630,free_flow,A,1.00,40.00,40.00,primary_link,Đường Võ Văn Kiệt,3,,,road_type_defaults
62618,4611905374,4611905378,19.000,1.710,free_flow,A,1.00,40.00,40.00,primary_link,Võ Văn Kiệt,3,,,road_type_defaults
62619,5813970744,4611905376,11.000,0.990,free_flow,A,1.00,40.00,40.00,primary_link,An Bình,3,,,road_type_defaults
62620,4611905376,4611905375,8.000,0.720,free_flow,A,1.00,40.00,40.00,primary_link,An Bình,3,,,road_type_defaults
62621,4611905375,4611905377,9.000,0.810,free_flow,A,1.00,40.00,40.00,primary_link,Đường Võ Văn Kiệt,3,,,road_type_defaults
62622,4611905377,4611905362,12.000,1.080,free_flow,A,1.00,40.00,40.00,primary_link,Đường Võ Văn Kiệt,3,,,road_type_defaults
62623,411924874,4612970101,10.000,0.720,free_flow,A,1.00,50.00,50.00,primary,Cách Mạng Tháng Tám,2,,,road_type_defaults
62634,4614008662,4614008663,2.000,0.240,free_flow,A,1.00,30.00,30.00,tertiary,Phường Nguyễn Cư Trinh,4,,,road_type_defaults
62635,4614008663,4614008664,2.000,0.240,free_flow,A,1.00,30.00,30.00,tertiary,Phường Nguyễn Cư Trinh,4,,,road_type_defaults
62636,4614008664,4666242306,2.000,0.240,free_flow,A,1.00,30.00,30.00,tertiary,Phường Nguyễn Cư Trinh,4,,,road_type_defaults
62637,4666242306,4666242309,2.000,0.240,free_flow,A,1.00,30.00,30.00,tertiary,Phường Nguyễn Cư Trinh,4,,,road_type_defaults
62638,4666242309,4666242310,2.000,0.240,free_flow,A,1.00,30.00,30.00,tertiary,Phường Nguyễn Cư Trinh,4,,,road_type_defaults
62639,4666242310,4614008665,2.000,0.176,free_flow,A,1.00,30.00,41.00,tertiary,Phường Nguyễn Cư Trinh,4,2020-11-29,period_2_30,train_los+latest_segment_status
62640,4614008665,4614008666,2.000,0.240,free_flow,A,1.00,30.00,30.00,tertiary,Phường Nguyễn Cư Trinh,4,,,road_type_defaults
62641,4614008666,4614008667,2.000,0.240,free_flow,A,1.00,30.00,30.00,tertiary,Phường Nguyễn Cư Trinh,4,,,road_type_defaults
62642,4614008667,4614008669,2.000,0.240,free_flow,A,1.00,30.00,30.00,tertiary,Phường Nguyễn Cư Trinh,4,,,road_type_defaults
62643,4614008669,4614007681,2.000,0.240,free_flow,A,1.00,30.00,30.00,tertiary,Phường Nguyễn Cư Trinh,4,,,road_type_defaults
62644,4614007681,4614007682,2.000,0.240,free_flow,A,1.00,30.00,30.00,tertiary,Phường Nguyễn Cư Trinh,4,,,road_type_defaults
62645,4614007682,4603755778,2.000,0.240,free_flow,A,1.00,30.00,30.00,tertiary,Phường Nguyễn Cư Trinh,4,,,road_type_defaults
62646,4603755778,4614008656,2.000,0.240,free_flow,A,1.00,30.00,30.00,tertiary,Phường Nguyễn Cư Trinh,4,,,road_type_defaults
62647,4614008656,4614008657,2.000,0.240,free_flow,A,1.00,30.00,30.00,tertiary,Phường Nguyễn Cư Trinh,4,,,road_type_defaults
62648,4614008657,4614008658,2.000,0.240,free_flow,A,1.00,30.00,30.00,tertiary,Phường Nguyễn Cư Trinh,4,,,road_type_defaults
62649,4614008658,4666242302,2.000,0.240,free_flow,A,1.00,30.00,30.00,tertiary,Phường Nguyễn Cư Trinh,4,,,road_type_defaults
62650,4666242302,4666242303,2.000,0.240,free_flow,A,1.00,30.00,30.00,tertiary,Phường Nguyễn Cư Trinh,4,,,road_type_defaults
62651,4666242303,4666242300,2.000,0.240,free_flow,A,1.00,30.00,30.00,tertiary,Phường Nguyễn Cư Trinh,4,,,road_type_defaults
62652,4666242300,4614008660,1.000,0.120,free_flow,A,1.00,30.00,30.00,tertiary,Phường Nguyễn Cư Trinh,4,,,road_type_defaults
62653,4614008660,4614008661,1.000,0.120,free_flow,A,1.00,30.00,30.00,tertiary,Phường Nguyễn Cư Trinh,4,,,road_type_defaults
62654,4614008661,4666242301,1.000,0.120,free_flow,A,1.00,30.00,30.00,tertiary,Phường Nguyễn Cư Trinh,4,,,road_type_defaults
62655,4666242301,4614007684,2.000,0.240,free_flow,A,1.00,30.00,30.00,tertiary,Phường Nguyễn Cư Trinh,4,,,road_type_defaults
62656,4614007684,4614008662,2.000,0.240,free_flow,A,1.00,30.00,30.00,tertiary,Phường Nguyễn Cư Trinh,4,,,road_type_defaults
62657,4603755772,4613979673,7.000,0.840,free_flow,A,1.00,30.00,30.00,tertiary,Cống Quỳnh,4,,,road_type_defaults
62658,4613979673,4666242304,3.000,0.360,free_flow,A,1.00,30.00,30.00,tertiary,Cống Quỳnh,4,,,road_type_defaults
62661,4666242304,4614007681,3.954,0.474,free_flow,A,1.00,30.00,30.00,tertiary,Cống Quỳnh,4,,,road_type_defaults
84684,4614007681,4614008669,1.697,0.204,free_flow,A,1.00,30.00,30.00,tertiary,Cống Quỳnh,4,,,road_type_defaults
84685,4614008669,4614007682,3.349,0.402,free_flow,A,1.00,30.00,30.00,tertiary,Cống Quỳnh,4,,,road_type_defaults
62662,4609969792,4666242302,25.714,3.560,heavy,D,2.50,30.00,26.00,tertiary,Nguyễn Cư Trinh,4,2020-08-03,period_0_00,train_los+latest_segment_status
84686,4666242302,4666242303,2.143,0.257,free_flow,A,1.00,30.00,30.00,tertiary,Nguyễn Cư Trinh,4,,,road_type_defaults
84687,4666242303,4666242300,2.143,0.257,free_flow,A,1.00,30.00,30.00,tertiary,Nguyễn Cư Trinh,4,,,road_type_defaults
62693,5802993761,5802993728,63.000,5.815,heavy,D,2.50,30.00,39.00,tertiary,Ngô Quyền,4,2020-08-03,period_0_00,train_los+latest_segment_status
62694,5802993728,5802993761,63.000,25.200,heavy,D,2.50,30.00,9.00,tertiary,Ngô Quyền,4,2020-08-03,period_0_00,train_los+latest_segment_status
62695,5802993728,5802993727,17.000,2.186,heavy,D,2.50,30.00,28.00,tertiary,Ngô Quyền,4,2020-08-03,period_0_00,train_los+latest_segment_status
62696,5802993727,5802993728,17.000,1.749,heavy,D,2.50,30.00,35.00,tertiary,Ngô Quyền,4,2020-08-03,period_0_00,train_los+latest_segment_status
62697,5802993727,5816931420,123.000,34.062,heavy,D,2.50,30.00,13.00,tertiary,Ngô Quyền,4,2020-08-03,period_0_00,train_los+latest_segment_status
62698,5816931420,5802993727,123.000,17.031,moderate,C,1.75,30.00,26.00,tertiary,Ngô Quyền,4,2020-08-03,period_0_00,train_los+latest_segment_status
62699,5816931420,5816931384,69.000,11.829,heavy,D,2.50,30.00,21.00,tertiary,Ngô Quyền,4,2020-08-03,period_0_00,train_los+latest_segment_status
62700,5816931384,5816931420,69.000,27.600,moderate,C,1.75,30.00,9.00,tertiary,Ngô Quyền,4,2020-08-03,period_0_00,train_los+latest_segment_status
62701,5816931384,5816931419,102.000,9.663,severe,E,4.00,30.00,38.00,tertiary,Ngô Quyền,4,2020-08-03,period_0_00,train_los+latest_segment_status
62702,5816931419,5816931384,102.000,15.965,severe,E,4.00,30.00,23.00,tertiary,Ngô Quyền,4,2020-08-03,period_0_00,train_los+latest_segment_status
62703,5816931419,5816931143,78.000,7.020,heavy,D,2.50,30.00,40.00,tertiary,Ngô Quyền,4,2020-08-03,period_0_00,train_los+latest_segment_status
62704,5816931143,5816931419,78.000,8.775,moderate,C,1.75,30.00,32.00,tertiary,Ngô Quyền,4,2020-08-03,period_0_00,train_los+latest_segment_status
62705,5816931143,5816931144,117.000,52.650,moderate,C,1.75,30.00,8.00,tertiary,Ngô Quyền,4,2020-08-03,period_0_00,train_los+latest_segment_status
62706,5816931144,5816931143,117.000,22.168,heavy,D,2.50,30.00,19.00,tertiary,Ngô Quyền,4,2020-08-03,period_0_00,train_los+latest_segment_status
62707,5802993761,5780574588,18.000,7.200,severe,E,4.00,30.00,9.00,tertiary,Đường Ngô Quyền,4,2020-08-03,period_0_00,train_los+latest_segment_status
62708,5780574588,4616051263,27.000,4.418,heavy,D,2.50,30.00,22.00,tertiary,Đường Ngô Quyền,4,2020-08-03,period_0_00,train_los+latest_segment_status
62709,4616051263,5817284442,4.000,0.900,heavy,D,2.50,30.00,16.00,tertiary,Đường Ngô Quyền,4,2020-08-03,period_0_00,train_los+latest_segment_status
62710,5817284442,5780574590,12.000,1.964,heavy,D,2.50,30.00,22.00,tertiary,Đường Ngô Quyền,4,2020-08-03,period_0_00,train_los+latest_segment_status
62711,5780574590,5780574589,14.000,3.360,heavy,D,2.50,30.00,15.00,tertiary,Đường Ngô Quyền,4,2020-08-03,period_0_00,train_los+latest_segment_status
62712,5780574589,4616029241,26.000,5.506,severe,E,4.00,30.00,17.00,tertiary,Đường Ngô Quyền,4,2020-08-03,period_0_00,train_los+latest_segment_status
62713,4616029241,5802993761,18.000,2.945,moderate,C,1.75,30.00,22.00,tertiary,Đường Ngô Quyền,4,2020-08-03,period_0_00,train_los+latest_segment_status
62714,4616029241,5780574588,12.000,1.600,heavy,D,2.50,50.00,27.00,primary,Đường Hồng Bàng,2,2020-08-03,period_0_00,train_los+latest_segment_status
62715,4616051263,5780574589,15.000,2.077,heavy,D,2.50,50.00,26.00,primary,Đường Hồng Bàng,2,2020-08-03,period_0_00,train_los+latest_segment_status
62716,5817284442,5802993763,16.000,1.986,heavy,D,2.50,40.00,29.00,tertiary,Ngô Gia Tự,4,2020-08-03,period_0_00,train_los+latest_segment_status
62717,5802993763,5817284442,16.000,1.920,heavy,D,2.50,40.00,30.00,tertiary,Ngô Gia Tự,4,2020-08-03,period_0_00,train_los+latest_segment_status
62718,5802993763,4616051257,13.000,3.600,severe,E,4.00,40.00,13.00,tertiary,Ngô Gia Tự,4,2020-08-03,period_0_00,train_los+latest_segment_status
62719,4616051257,5802993763,13.000,2.600,heavy,D,2.50,40.00,18.00,tertiary,Ngô Gia Tự,4,2020-08-03,period_0_00,train_los+latest_segment_status
62720,4616051257,4616051266,282.000,84.600,severe,E,4.00,40.00,12.00,tertiary,Ngô Gia Tự,4,2020-08-03,period_0_00,train_los+latest_segment_status
62721,4616051266,4616051257,282.000,29.006,moderate,C,1.75,40.00,35.00,tertiary,Ngô Gia Tự,4,2020-08-03,period_0_00,train_los+latest_segment_status
62722,4616051266,4616051258,154.000,42.646,heavy,D,2.50,40.00,13.00,tertiary,Ngô Gia Tự,4,2020-08-03,period_0_00,train_los+latest_segment_status
62723,4616051258,4616051266,154.000,25.200,severe,E,4.00,40.00,22.00,tertiary,Ngô Gia Tự,4,2020-08-03,period_0_00,train_los+latest_segment_status
62724,4621933724,4616051260,158.000,56.880,gridlock,F,8.00,30.00,10.00,tertiary,Ngô Gia Tự,4,2020-12-24,period_14_00,train_los+latest_segment_status
62725,4616051260,5803395566,100.000,24.000,gridlock,F,8.00,30.00,15.00,tertiary,Ngô Gia Tự,4,2021-01-03,period_2_00,train_los+latest_segment_status
62726,5803395566,5803394824,103.000,61.800,severe,E,4.00,30.00,6.00,tertiary,Ngô Gia Tự,4,2020-08-03,period_0_00,train_los+latest_segment_status
62727,5803394824,4616051259,80.000,41.143,moderate,C,1.75,30.00,7.00,tertiary,Ngô Gia Tự,4,2020-08-03,period_0_00,train_los+latest_segment_status
62728,4616051259,5802993763,14.000,2.965,severe,E,4.00,30.00,17.00,tertiary,Ngô Gia Tự,4,2020-08-03,period_0_00,train_los+latest_segment_status
62765,1996655306,1996654292,20.000,1.440,free_flow,A,1.00,50.00,50.00,primary,Đường Võ Văn Kiệt,2,,,road_type_defaults
62868,4621858728,4631403302,10.000,5.143,heavy,D,2.50,50.00,7.00,primary,An Dương Vương,2,2020-08-03,period_0_00,train_los+latest_segment_status
62869,4631403302,4621858729,223.000,24.327,moderate,C,1.75,50.00,33.00,primary,An Dương Vương,2,2020-08-03,period_0_00,train_los+latest_segment_status
62870,4621858729,5805665984,67.000,13.400,heavy,D,2.50,50.00,18.00,primary,An Dương Vương,2,2020-08-03,period_0_00,train_los+latest_segment_status
62871,5805665984,4640056766,66.000,23.760,heavy,D,2.50,50.00,10.00,primary,An Dương Vương,2,2020-08-03,period_0_00,train_los+latest_segment_status
62872,4640056766,3151254798,18.000,2.160,heavy,D,2.50,50.00,30.00,primary,An Dương Vương,2,2020-08-03,period_0_00,train_los+latest_segment_status
62873,3151254798,2300363368,91.000,27.300,severe,E,4.00,50.00,12.00,primary,An Dương Vương,2,2020-08-03,period_0_00,train_los+latest_segment_status
62898,5780641549,5598914636,52.000,6.240,free_flow,A,1.00,30.00,30.00,tertiary,Trần Bình Trọng,4,,,road_type_defaults
62899,5598914636,5780641549,52.000,6.240,free_flow,A,1.00,30.00,30.00,tertiary,Trần Bình Trọng,4,,,road_type_defaults
62900,5598914636,366418906,69.000,8.280,free_flow,A,1.00,30.00,30.00,tertiary,Trần Bình Trọng,4,,,road_type_defaults
62901,366418906,5598914636,69.000,8.280,free_flow,A,1.00,30.00,30.00,tertiary,Trần Bình Trọng,4,,,road_type_defaults
62902,366418906,4623159860,28.000,3.360,free_flow,A,1.00,30.00,30.00,tertiary,Trần Bình Trọng,4,,,road_type_defaults
62903,4623159860,366418906,28.000,3.360,free_flow,A,1.00,30.00,30.00,tertiary,Trần Bình Trọng,4,,,road_type_defaults
62904,4623159860,5794913295,37.000,4.440,free_flow,A,1.00,30.00,30.00,tertiary,Trần Bình Trọng,4,,,road_type_defaults
62905,5794913295,4623159860,37.000,4.440,free_flow,A,1.00,30.00,30.00,tertiary,Trần Bình Trọng,4,,,road_type_defaults
62906,5794913295,4623159863,41.000,4.920,free_flow,A,1.00,30.00,30.00,tertiary,Trần Bình Trọng,4,,,road_type_defaults
62907,4623159863,5794913295,41.000,4.920,free_flow,A,1.00,30.00,30.00,tertiary,Trần Bình Trọng,4,,,road_type_defaults
62908,4623159863,5794913327,51.000,6.120,free_flow,A,1.00,30.00,30.00,tertiary,Trần Bình Trọng,4,,,road_type_defaults
62909,5794913327,4623159863,51.000,6.120,free_flow,A,1.00,30.00,30.00,tertiary,Trần Bình Trọng,4,,,road_type_defaults
62910,5794913327,5794928488,50.000,6.000,free_flow,A,1.00,30.00,30.00,tertiary,Trần Bình Trọng,4,,,road_type_defaults
62911,5794928488,5794913327,50.000,6.000,free_flow,A,1.00,30.00,30.00,tertiary,Trần Bình Trọng,4,,,road_type_defaults
62912,5794928488,1793489523,116.000,13.920,free_flow,A,1.00,30.00,30.00,tertiary,Trần Bình Trọng,4,,,road_type_defaults
62913,1793489523,5794928488,116.000,13.920,free_flow,A,1.00,30.00,30.00,tertiary,Trần Bình Trọng,4,,,road_type_defaults
62914,1793489523,5805831189,75.000,9.000,free_flow,A,1.00,30.00,30.00,tertiary,Trần Bình Trọng,4,,,road_type_defaults
62915,5805831189,1793489523,75.000,12.857,heavy,D,2.50,30.00,21.00,tertiary,Trần Bình Trọng,4,2020-12-25,period_9_00,train_los+latest_segment_status
62916,5805831189,5805831170,26.000,3.120,free_flow,A,1.00,30.00,30.00,tertiary,Trần Bình Trọng,4,,,road_type_defaults
62917,5805831170,5805831189,26.000,3.120,free_flow,A,1.00,30.00,30.00,tertiary,Trần Bình Trọng,4,,,road_type_defaults
62918,5805831170,4623110647,84.000,10.080,free_flow,A,1.00,30.00,30.00,tertiary,Trần Bình Trọng,4,,,road_type_defaults
62919,4623110647,5805831170,84.000,10.080,free_flow,A,1.00,30.00,30.00,tertiary,Trần Bình Trọng,4,,,road_type_defaults
62920,4623110645,4623113263,30.000,4.909,heavy,D,2.50,30.00,22.00,tertiary,Trần Bình Trọng,4,2020-12-25,period_9_00,train_los+latest_segment_status
62921,4623113263,4623110645,30.000,3.600,free_flow,A,1.00,30.00,30.00,tertiary,Trần Bình Trọng,4,,,road_type_defaults
62922,4623113263,4623113264,17.000,2.040,free_flow,A,1.00,30.00,30.00,tertiary,Trần Bình Trọng,4,,,road_type_defaults
62923,4623113264,4623113263,17.000,2.040,free_flow,A,1.00,30.00,30.00,tertiary,Trần Bình Trọng,4,,,road_type_defaults
62924,4623113264,4315295141,24.000,2.880,free_flow,A,1.00,30.00,30.00,tertiary,Trần Bình Trọng,4,,,road_type_defaults
62925,4315295141,4623113264,24.000,9.600,gridlock,F,8.00,30.00,9.00,tertiary,Trần Bình Trọng,4,2020-12-25,period_9_00,train_los+latest_segment_status
62926,4315295141,4315295125,36.000,4.320,free_flow,A,1.00,30.00,30.00,tertiary,Trần Bình Trọng,4,,,road_type_defaults
62927,4315295125,4315295141,36.000,2.492,moderate,C,1.75,30.00,52.00,tertiary,Trần Bình Trọng,4,2021-01-03,period_2_00,train_los+latest_segment_status
62928,4315295125,4623110649,38.000,4.560,free_flow,A,1.00,30.00,30.00,tertiary,Trần Bình Trọng,4,,,road_type_defaults
62929,4623110649,4315295125,38.000,4.560,free_flow,A,1.00,30.00,30.00,tertiary,Trần Bình Trọng,4,,,road_type_defaults
62930,4623110649,4623110646,35.000,4.200,free_flow,A,1.00,30.00,30.00,tertiary,Trần Bình Trọng,4,,,road_type_defaults
62931,4623110646,4623110649,35.000,4.200,free_flow,A,1.00,30.00,30.00,tertiary,Trần Bình Trọng,4,,,road_type_defaults
62932,4623110646,5805962764,7.000,1.575,severe,E,4.00,30.00,16.00,tertiary,Trần Bình Trọng,4,2020-12-25,period_9_00,train_los+latest_segment_status
62933,5805962764,4623110646,7.000,0.840,free_flow,A,1.00,30.00,30.00,tertiary,Trần Bình Trọng,4,,,road_type_defaults
62934,5805962764,4623113265,12.000,1.440,free_flow,A,1.00,30.00,30.00,tertiary,Trần Bình Trọng,4,,,road_type_defaults
62935,4623113265,5805962764,12.000,1.080,free_flow,A,1.00,30.00,40.00,tertiary,Trần Bình Trọng,4,2020-12-25,period_9_00,train_los+latest_segment_status
62936,4623113265,5805962762,30.000,3.600,free_flow,A,1.00,30.00,30.00,tertiary,Trần Bình Trọng,4,,,road_type_defaults
62937,5805962762,4623113265,30.000,3.600,free_flow,A,1.00,30.00,30.00,tertiary,Trần Bình Trọng,4,,,road_type_defaults
62938,5805962762,4631762591,78.000,9.360,free_flow,A,1.00,30.00,30.00,tertiary,Trần Bình Trọng,4,,,road_type_defaults
62939,4631762591,5805962762,78.000,9.360,free_flow,A,1.00,30.00,30.00,tertiary,Trần Bình Trọng,4,,,road_type_defaults
62940,4623110647,5794854808,5.000,3.000,gridlock,F,8.00,30.00,6.00,tertiary,Trần Bình Trọng,4,2021-01-03,period_2_00,train_los+latest_segment_status
62941,5794854808,4623110647,5.000,0.600,free_flow,A,1.00,30.00,30.00,tertiary,Trần Bình Trọng,4,,,road_type_defaults
62942,5794854808,5805962767,2.000,0.240,free_flow,A,1.00,30.00,30.00,tertiary,Trần Bình Trọng,4,,,road_type_defaults
62943,5805962767,5794854808,2.000,0.240,free_flow,A,1.00,30.00,30.00,tertiary,Trần Bình Trọng,4,,,road_type_defaults
62944,5805962767,4623110645,9.000,1.080,free_flow,A,1.00,30.00,30.00,tertiary,Trần Bình Trọng,4,,,road_type_defaults
62945,4623110645,5805962767,9.000,1.080,free_flow,A,1.00,30.00,30.00,tertiary,Trần Bình Trọng,4,,,road_type_defaults
62952,4634456202,4610019123,209.000,25.080,free_flow,A,1.00,30.00,30.00,tertiary,Lê Lợi,4,,,road_type_defaults
62975,366466608,5805665987,140.000,17.379,heavy,D,2.50,30.00,29.00,tertiary,Trần Phú,4,2020-08-03,period_0_00,train_los+latest_segment_status
62976,5805665987,366466608,140.000,25.200,severe,E,4.00,30.00,20.00,tertiary,Trần Phú,4,2020-08-03,period_0_00,train_los+latest_segment_status
62977,5805665987,5805665969,36.000,6.821,severe,E,4.00,30.00,19.00,tertiary,Trần Phú,4,2021-01-02,period_10_30,train_los+latest_segment_status
62978,5805665969,5805665987,36.000,32.400,heavy,D,2.50,30.00,4.00,tertiary,Trần Phú,4,2020-08-03,period_0_00,train_los+latest_segment_status
62979,5805665969,5805665976,57.000,6.035,light,B,1.25,30.00,34.00,tertiary,Trần Phú,4,2021-01-02,period_10_30,train_los+latest_segment_status
62980,5805665976,5805665969,57.000,29.314,moderate,C,1.75,30.00,7.00,tertiary,Trần Phú,4,2020-08-03,period_0_00,train_los+latest_segment_status
63332,5805665976,4629021462,109.950,10.149,heavy,D,2.50,30.00,39.00,tertiary,Trần Phú,4,2020-08-03,period_0_00,train_los+latest_segment_status
84688,4629021462,2300363373,3.382,0.312,heavy,D,2.50,30.00,39.00,tertiary,Trần Phú,4,2020-08-03,period_0_00,train_los+latest_segment_status
84689,2300363373,4629021464,6.668,0.616,heavy,D,2.50,30.00,39.00,tertiary,Trần Phú,4,2020-08-03,period_0_00,train_los+latest_segment_status
63333,4629021464,4629021462,3.550,0.673,moderate,C,1.75,30.00,19.00,tertiary,Trần Phú,4,2020-08-03,period_0_00,train_los+latest_segment_status
84690,4629021462,2300363373,3.564,0.428,free_flow,A,1.00,30.00,30.00,tertiary,Trần Phú,4,,,road_type_defaults
84691,2300363373,5805665976,112.886,13.546,free_flow,A,1.00,30.00,30.00,tertiary,Trần Phú,4,,,road_type_defaults
62983,366450098,5057828465,55.000,4.605,free_flow,A,1.00,30.00,43.00,tertiary,Sư Van Hạnh,4,2021-01-02,period_10_30,train_los+latest_segment_status
62984,5057828465,366450098,55.000,7.071,moderate,C,1.75,30.00,28.00,tertiary,Sư Van Hạnh,4,2020-08-03,period_0_00,train_los+latest_segment_status
62985,5057828465,3160542986,34.000,5.100,severe,E,4.00,30.00,24.00,tertiary,Sư Van Hạnh,4,2020-08-03,period_0_00,train_los+latest_segment_status
62986,3160542986,5057828465,34.000,3.709,moderate,C,1.75,30.00,33.00,tertiary,Sư Van Hạnh,4,2020-08-03,period_0_00,train_los+latest_segment_status
62987,3160542986,5057828559,1.000,0.257,severe,E,4.00,30.00,14.00,tertiary,Sư Van Hạnh,4,2020-08-03,period_0_00,train_los+latest_segment_status
62988,5057828559,3160542986,1.000,3.600,heavy,D,2.50,30.00,1.00,tertiary,Sư Van Hạnh,4,2020-08-03,period_0_00,train_los+latest_segment_status
62989,5057828559,5057828470,14.000,8.400,heavy,D,2.50,30.00,6.00,tertiary,Sư Van Hạnh,4,2020-08-03,period_0_00,train_los+latest_segment_status
62990,5057828470,5057828559,14.000,1.626,heavy,D,2.50,30.00,31.00,tertiary,Sư Van Hạnh,4,2020-08-03,period_0_00,train_los+latest_segment_status
62991,5057828470,5057828536,5.000,2.571,heavy,D,2.50,30.00,7.00,tertiary,Sư Van Hạnh,4,2020-08-03,period_0_00,train_los+latest_segment_status
62992,5057828536,5057828470,5.000,1.636,severe,E,4.00,30.00,11.00,tertiary,Sư Van Hạnh,4,2020-08-03,period_0_00,train_los+latest_segment_status
62993,5057828536,5057828481,62.000,9.300,severe,E,4.00,30.00,24.00,tertiary,Sư Van Hạnh,4,2020-08-03,period_0_00,train_los+latest_segment_status
62994,5057828481,5057828536,62.000,6.565,heavy,D,2.50,30.00,34.00,tertiary,Sư Van Hạnh,4,2020-08-03,period_0_00,train_los+latest_segment_status
62995,5057828481,5057828543,7.000,25.200,severe,E,4.00,30.00,1.00,tertiary,Sư Van Hạnh,4,2020-08-03,period_0_00,train_los+latest_segment_status
62996,5057828543,5057828481,7.000,0.869,heavy,D,2.50,30.00,29.00,tertiary,Sư Van Hạnh,4,2020-08-03,period_0_00,train_los+latest_segment_status
62997,5057828543,366372448,40.000,8.000,moderate,C,1.75,30.00,18.00,tertiary,Sư Van Hạnh,4,2020-08-03,period_0_00,train_los+latest_segment_status
62998,366372448,5057828543,40.000,6.857,heavy,D,2.50,30.00,21.00,tertiary,Sư Van Hạnh,4,2020-08-03,period_0_00,train_los+latest_segment_status
62999,366372448,5057828560,28.000,5.305,heavy,D,2.50,30.00,19.00,tertiary,Sư Van Hạnh,4,2020-08-03,period_0_00,train_los+latest_segment_status
63000,5057828560,366372448,28.000,9.164,severe,E,4.00,30.00,11.00,tertiary,Sư Van Hạnh,4,2020-08-03,period_0_00,train_los+latest_segment_status
63001,5057828560,5057828582,40.000,6.261,severe,E,4.00,30.00,23.00,tertiary,Sư Van Hạnh,4,2020-08-03,period_0_00,train_los+latest_segment_status
63002,5057828582,5057828560,40.000,9.600,severe,E,4.00,30.00,15.00,tertiary,Sư Van Hạnh,4,2020-08-03,period_0_00,train_los+latest_segment_status
63003,5057828582,5057828587,7.000,0.869,heavy,D,2.50,30.00,29.00,tertiary,Sư Van Hạnh,4,2020-08-03,period_0_00,train_los+latest_segment_status
63004,5057828587,5057828582,7.000,1.008,severe,E,4.00,30.00,25.00,tertiary,Sư Van Hạnh,4,2020-08-03,period_0_00,train_los+latest_segment_status
63005,5057828587,366412106,48.000,43.200,heavy,D,2.50,30.00,4.00,tertiary,Sư Van Hạnh,4,2020-08-03,period_0_00,train_los+latest_segment_status
63006,366412106,5057828587,48.000,34.560,severe,E,4.00,30.00,5.00,tertiary,Sư Van Hạnh,4,2020-08-03,period_0_00,train_los+latest_segment_status
63007,366450098,5057828557,68.000,7.418,severe,E,4.00,40.00,33.00,secondary,Ngô Gia Tự,3,2020-08-03,period_0_00,train_los+latest_segment_status
63008,5057828557,366450098,68.000,7.200,severe,E,4.00,40.00,34.00,secondary,Ngô Gia Tự,3,2020-08-03,period_0_00,train_los+latest_segment_status
63009,5057828557,5057828549,66.000,6.092,heavy,D,2.50,40.00,39.00,secondary,Ngô Gia Tự,3,2020-08-03,period_0_00,train_los+latest_segment_status
63010,5057828549,5057828557,66.000,9.900,moderate,C,1.75,40.00,24.00,secondary,Ngô Gia Tự,3,2020-08-03,period_0_00,train_los+latest_segment_status
63011,5057828549,5045756505,3.000,0.900,heavy,D,2.50,40.00,12.00,secondary,Ngô Gia Tự,3,2020-08-03,period_0_00,train_los+latest_segment_status
63012,5045756505,5057828549,3.000,0.450,heavy,D,2.50,40.00,24.00,secondary,Ngô Gia Tự,3,2020-08-03,period_0_00,train_los+latest_segment_status
63013,5045756505,5057828532,13.000,1.671,severe,E,4.00,40.00,28.00,secondary,Ngô Gia Tự,3,2020-08-03,period_0_00,train_los+latest_segment_status
63014,5057828532,5045756505,13.000,1.614,heavy,D,2.50,40.00,29.00,secondary,Ngô Gia Tự,3,2020-08-03,period_0_00,train_los+latest_segment_status
63015,5057828532,5045756509,43.000,6.730,severe,E,4.00,40.00,23.00,secondary,Ngô Gia Tự,3,2020-08-03,period_0_00,train_los+latest_segment_status
63016,5045756509,5057828532,43.000,30.960,heavy,D,2.50,40.00,5.00,secondary,Ngô Gia Tự,3,2020-08-03,period_0_00,train_los+latest_segment_status
63017,5045756509,5057828518,24.000,3.456,light,B,1.25,40.00,25.00,secondary,Ngô Gia Tự,3,2020-08-03,period_0_00,train_los+latest_segment_status
63018,5057828518,5045756509,24.000,8.640,heavy,D,2.50,40.00,10.00,secondary,Ngô Gia Tự,3,2020-08-03,period_0_00,train_los+latest_segment_status
63019,5057828518,366390755,75.000,10.800,moderate,C,1.75,40.00,25.00,secondary,Ngô Gia Tự,3,2021-01-04,period_0_00,train_los+latest_segment_status
63020,366390755,5057828518,75.000,12.273,heavy,D,2.50,40.00,22.00,secondary,Ngô Gia Tự,3,2020-08-03,period_0_00,train_los+latest_segment_status
63021,366390755,5045756726,9.000,1.543,heavy,D,2.50,40.00,21.00,secondary,Ngô Gia Tự,3,2021-01-04,period_0_00,train_los+latest_segment_status
63022,5045756726,366390755,9.000,4.629,severe,E,4.00,40.00,7.00,secondary,Ngô Gia Tự,3,2020-08-03,period_0_00,train_los+latest_segment_status
63023,5045756726,366403042,21.000,37.800,severe,E,4.00,40.00,2.00,secondary,Ngô Gia Tự,3,2020-08-03,period_0_00,train_los+latest_segment_status
63024,366403042,5045756726,21.000,1.938,heavy,D,2.50,40.00,39.00,secondary,Ngô Gia Tự,3,2020-08-03,period_0_00,train_los+latest_segment_status
63025,366403042,411919626,45.000,9.529,heavy,D,2.50,40.00,17.00,secondary,Ngô Gia Tự,3,2020-08-03,period_0_00,train_los+latest_segment_status
63026,411919626,366403042,45.000,13.500,severe,E,4.00,40.00,12.00,secondary,Ngô Gia Tự,3,2020-08-03,period_0_00,train_los+latest_segment_status
63027,4628932720,5805637480,97.000,49.886,gridlock,F,8.00,30.00,7.00,tertiary,Sư Van Hạnh,4,2021-04-05,period_13_00,train_los+latest_segment_status
63028,5805637480,4628932720,97.000,10.582,heavy,D,2.50,30.00,33.00,tertiary,Sư Van Hạnh,4,2020-08-03,period_0_00,train_los+latest_segment_status
63029,5805637480,3160542988,30.000,21.600,heavy,D,2.50,30.00,5.00,tertiary,Sư Van Hạnh,4,2020-08-03,period_0_00,train_los+latest_segment_status
63030,3160542988,5805637480,30.000,3.724,severe,E,4.00,30.00,29.00,tertiary,Sư Van Hạnh,4,2020-08-03,period_0_00,train_los+latest_segment_status
63031,3160542988,5805637486,22.000,7.200,severe,E,4.00,30.00,11.00,tertiary,Sư Van Hạnh,4,2020-08-03,period_0_00,train_los+latest_segment_status
63032,5805637486,3160542988,22.000,15.840,heavy,D,2.50,30.00,5.00,tertiary,Sư Van Hạnh,4,2020-08-03,period_0_00,train_los+latest_segment_status
63033,5805637486,5805637489,32.000,4.267,heavy,D,2.50,30.00,27.00,tertiary,Sư Van Hạnh,4,2020-08-03,period_0_00,train_los+latest_segment_status
63034,5805637489,5805637486,32.000,23.040,severe,E,4.00,30.00,5.00,tertiary,Sư Van Hạnh,4,2020-08-03,period_0_00,train_los+latest_segment_status
63035,5805637489,5805637493,33.000,118.800,heavy,D,2.50,30.00,1.00,tertiary,Sư Van Hạnh,4,2020-08-03,period_0_00,train_los+latest_segment_status
63036,5805637493,5805637489,33.000,4.950,heavy,D,2.50,30.00,24.00,tertiary,Sư Van Hạnh,4,2020-08-03,period_0_00,train_los+latest_segment_status
63037,5805637493,5805637503,17.000,2.661,heavy,D,2.50,30.00,23.00,tertiary,Sư Van Hạnh,4,2020-08-03,period_0_00,train_los+latest_segment_status
63038,5805637503,5805637493,17.000,1.974,heavy,D,2.50,30.00,31.00,tertiary,Sư Van Hạnh,4,2020-08-03,period_0_00,train_los+latest_segment_status
63039,5805637503,5794883996,23.000,9.200,severe,E,4.00,30.00,9.00,tertiary,Sư Van Hạnh,4,2020-08-03,period_0_00,train_los+latest_segment_status
63040,5794883996,5805637503,23.000,6.369,heavy,D,2.50,30.00,13.00,tertiary,Sư Van Hạnh,4,2020-08-03,period_0_00,train_los+latest_segment_status
63041,5794883996,366454289,29.000,2.900,heavy,D,2.50,30.00,36.00,tertiary,Sư Van Hạnh,4,2020-08-03,period_0_00,train_los+latest_segment_status
63042,366454289,5794883996,29.000,52.200,moderate,C,1.75,30.00,2.00,tertiary,Sư Van Hạnh,4,2020-08-03,period_0_00,train_los+latest_segment_status
63043,366454289,5788927097,67.000,8.040,moderate,C,1.75,30.00,30.00,tertiary,Sư Van Hạnh,4,2020-08-03,period_0_00,train_los+latest_segment_status
63044,5788927097,366454289,67.000,120.600,severe,E,4.00,30.00,2.00,tertiary,Sư Van Hạnh,4,2020-08-03,period_0_00,train_los+latest_segment_status
63045,5788927097,5794771169,3.000,0.900,severe,E,4.00,30.00,12.00,tertiary,Sư Van Hạnh,4,2020-08-03,period_0_00,train_los+latest_segment_status
63046,5794771169,5788927097,3.000,0.309,moderate,C,1.75,30.00,35.00,tertiary,Sư Van Hạnh,4,2020-08-03,period_0_00,train_los+latest_segment_status
63047,5794771169,5794771153,6.000,0.982,heavy,D,2.50,30.00,22.00,tertiary,Sư Van Hạnh,4,2021-01-03,period_2_00,train_los+latest_segment_status
63048,5794771153,5794771169,6.000,0.745,heavy,D,2.50,30.00,29.00,tertiary,Sư Van Hạnh,4,2020-08-03,period_0_00,train_los+latest_segment_status
63049,5794771153,5794771170,27.000,2.492,heavy,D,2.50,30.00,39.00,tertiary,Sư Van Hạnh,4,2020-08-03,period_0_00,train_los+latest_segment_status
63050,5794771170,5794771153,27.000,4.050,severe,E,4.00,30.00,24.00,tertiary,Sư Van Hạnh,4,2020-08-03,period_0_00,train_los+latest_segment_status
63051,5794771170,5794771171,18.000,3.812,severe,E,4.00,30.00,17.00,tertiary,Sư Van Hạnh,4,2020-08-03,period_0_00,train_los+latest_segment_status
63052,5794771171,5794771170,18.000,3.240,severe,E,4.00,30.00,20.00,tertiary,Sư Van Hạnh,4,2020-08-03,period_0_00,train_los+latest_segment_status
63053,5794771171,5794771172,11.000,3.600,heavy,D,2.50,30.00,11.00,tertiary,Sư Van Hạnh,4,2020-08-03,period_0_00,train_los+latest_segment_status
63054,5794771172,5794771171,11.000,1.070,moderate,C,1.75,30.00,37.00,tertiary,Sư Van Hạnh,4,2020-08-03,period_0_00,train_los+latest_segment_status
63055,5794771172,5794771173,30.000,9.818,severe,E,4.00,30.00,11.00,tertiary,Sư Van Hạnh,4,2020-08-03,period_0_00,train_los+latest_segment_status
63056,5794771173,5794771172,30.000,6.000,heavy,D,2.50,30.00,18.00,tertiary,Sư Van Hạnh,4,2020-08-03,period_0_00,train_los+latest_segment_status
63057,5794771173,5794771174,140.000,14.824,moderate,C,1.75,30.00,34.00,tertiary,Sư Van Hạnh,4,2020-08-03,period_0_00,train_los+latest_segment_status
63058,5794771174,5794771173,140.000,36.000,heavy,D,2.50,30.00,14.00,tertiary,Sư Van Hạnh,4,2020-08-03,period_0_00,train_los+latest_segment_status
63059,5794771174,5794771175,62.000,13.950,severe,E,4.00,30.00,16.00,tertiary,Sư Van Hạnh,4,2020-08-03,period_0_00,train_los+latest_segment_status
63060,5794771175,5794771174,62.000,18.600,heavy,D,2.50,30.00,12.00,tertiary,Sư Van Hạnh,4,2020-08-03,period_0_00,train_los+modeled_speed
63061,5794771175,5794771176,44.000,5.110,heavy,D,2.50,30.00,31.00,tertiary,Sư Van Hạnh,4,2020-08-03,period_0_00,train_los+latest_segment_status
63062,5794771176,5794771175,44.000,6.887,heavy,D,2.50,30.00,23.00,tertiary,Sư Van Hạnh,4,2020-08-03,period_0_00,train_los+latest_segment_status
63063,5794771176,5794771177,16.000,2.504,severe,E,4.00,30.00,23.00,tertiary,Sư Van Hạnh,4,2020-08-03,period_0_00,train_los+latest_segment_status
63064,5794771177,5794771176,16.000,4.800,heavy,D,2.50,30.00,12.00,tertiary,Sư Van Hạnh,4,2020-08-03,period_0_00,train_los+latest_segment_status
63065,5794771177,5045657150,52.000,18.720,severe,E,4.00,30.00,10.00,tertiary,Sư Van Hạnh,4,2020-08-03,period_0_00,train_los+latest_segment_status
63066,5045657150,5794771177,52.000,7.488,heavy,D,2.50,30.00,25.00,tertiary,Sư Van Hạnh,4,2020-08-03,period_0_00,train_los+latest_segment_status
63067,5045657150,366450098,43.000,17.200,severe,E,4.00,30.00,9.00,tertiary,Sư Van Hạnh,4,2020-08-03,period_0_00,train_los+latest_segment_status
63068,366450098,5045657150,43.000,51.600,heavy,D,2.50,30.00,3.00,tertiary,Sư Van Hạnh,4,2020-08-03,period_0_00,train_los+latest_segment_status
63069,2433276952,4629145035,8.000,14.400,moderate,C,1.75,30.00,2.00,tertiary,Đường Sư Vạn Hạnh,4,2020-08-03,period_0_00,train_los+latest_segment_status
63070,4629145035,2433276952,8.000,1.920,severe,E,4.00,30.00,15.00,tertiary,Đường Sư Vạn Hạnh,4,2020-08-03,period_0_00,train_los+latest_segment_status
63071,2498090051,5758077802,40.000,4.800,moderate,C,1.75,30.00,30.00,tertiary,Sư Van Hạnh,4,2020-08-03,period_0_00,train_los+latest_segment_status
63072,5758077802,2498090051,40.000,13.091,heavy,D,2.50,30.00,11.00,tertiary,Sư Van Hạnh,4,2020-08-03,period_0_00,train_los+latest_segment_status
63073,5758077802,5058499920,20.000,3.000,severe,E,4.00,30.00,24.00,tertiary,Sư Van Hạnh,4,2020-08-03,period_0_00,train_los+latest_segment_status
63074,5058499920,5758077802,20.000,7.200,moderate,C,1.75,30.00,10.00,tertiary,Sư Van Hạnh,4,2020-08-03,period_0_00,train_los+latest_segment_status
63075,5058499920,5058499915,31.000,5.314,severe,E,4.00,30.00,21.00,tertiary,Sư Van Hạnh,4,2020-08-03,period_0_00,train_los+latest_segment_status
63076,5058499915,5058499920,31.000,4.133,heavy,D,2.50,30.00,27.00,tertiary,Sư Van Hạnh,4,2020-08-03,period_0_00,train_los+latest_segment_status
63077,5058499915,5058499891,43.000,3.969,heavy,D,2.50,30.00,39.00,tertiary,Sư Van Hạnh,4,2020-08-03,period_0_00,train_los+latest_segment_status
63078,5058499891,5058499915,43.000,12.900,heavy,D,2.50,30.00,12.00,tertiary,Sư Van Hạnh,4,2020-08-03,period_0_00,train_los+modeled_speed
63079,5058499891,5598917851,10.000,1.125,moderate,C,1.75,30.00,32.00,tertiary,Sư Van Hạnh,4,2020-08-03,period_0_00,train_los+latest_segment_status
63080,5598917851,5058499891,10.000,1.200,heavy,D,2.50,30.00,30.00,tertiary,Sư Van Hạnh,4,2020-08-03,period_0_00,train_los+latest_segment_status
63081,5598917851,5058499906,20.000,2.118,moderate,C,1.75,30.00,34.00,tertiary,Sư Van Hạnh,4,2020-08-03,period_0_00,train_los+latest_segment_status
63082,5058499906,5598917851,20.000,5.143,moderate,C,1.75,30.00,14.00,tertiary,Sư Van Hạnh,4,2020-08-03,period_0_00,train_los+latest_segment_status
63083,5058499906,5058499903,21.000,10.800,severe,E,4.00,30.00,7.00,tertiary,Sư Van Hạnh,4,2020-08-03,period_0_00,train_los+latest_segment_status
63084,5058499903,5058499906,21.000,10.800,heavy,D,2.50,30.00,7.00,tertiary,Sư Van Hạnh,4,2020-08-03,period_0_00,train_los+latest_segment_status
63085,5058499903,5058499913,11.000,1.650,severe,E,4.00,30.00,24.00,tertiary,Sư Van Hạnh,4,2020-08-03,period_0_00,train_los+latest_segment_status
63086,5058499913,5058499903,11.000,3.300,moderate,C,1.75,30.00,12.00,tertiary,Sư Van Hạnh,4,2020-08-03,period_0_00,train_los+latest_segment_status
63087,5058499913,5058499910,6.000,0.568,moderate,C,1.75,30.00,38.00,tertiary,Sư Van Hạnh,4,2020-08-03,period_0_00,train_los+latest_segment_status
63088,5058499910,5058499913,6.000,7.200,heavy,D,2.50,30.00,3.00,tertiary,Sư Van Hạnh,4,2020-08-03,period_0_00,train_los+latest_segment_status
63089,366412106,2498090051,10.000,1.091,heavy,D,2.50,30.00,33.00,tertiary,Đường Sư Vạn Hạnh,4,2020-08-03,period_0_00,train_los+latest_segment_status
63090,2498090051,366412106,10.000,36.000,heavy,D,2.50,30.00,1.00,tertiary,Đường Sư Vạn Hạnh,4,2020-08-03,period_0_00,train_los+latest_segment_status
63091,4629359730,2841256338,117.000,17.550,moderate,C,1.75,50.00,24.00,primary,3 Tháng 2,2,2020-08-03,period_0_00,train_los+latest_segment_status
63092,2841256338,4629703848,66.000,8.800,severe,E,4.00,50.00,27.00,primary,3 Tháng 2,2,2020-12-20,period_10_00,train_los+latest_segment_status
63093,4629381644,4629359717,44.000,5.462,heavy,D,2.50,50.00,29.00,primary,3 Tháng 2,2,2020-08-03,period_0_00,train_los+latest_segment_status
63094,4629703848,2934006866,13.000,9.360,severe,E,4.00,50.00,5.00,primary,3 Tháng 2,2,2020-08-03,period_0_00,train_los+latest_segment_status
63095,2934006866,5057828781,23.000,27.600,heavy,D,2.50,50.00,3.00,primary,3 Tháng 2,2,2020-08-03,period_0_00,train_los+latest_segment_status
63096,5057828781,5057828776,23.000,5.520,moderate,C,1.75,50.00,15.00,primary,3 Tháng 2,2,2020-08-03,period_0_00,train_los+latest_segment_status
63097,5057828776,2289929124,13.000,1.462,heavy,D,2.50,50.00,32.00,primary,3 Tháng 2,2,2020-08-03,period_0_00,train_los+latest_segment_status
63098,2289929124,2433653213,25.000,1.731,free_flow,A,1.00,50.00,52.00,primary,3 Tháng 2,2,2020-12-20,period_10_00,train_los+latest_segment_status
63099,2433653213,4623087036,13.000,5.200,severe,E,4.00,50.00,9.00,primary,Lý Thái Tổ,2,2020-08-03,period_0_00,train_los+latest_segment_status
63100,4623087036,2289929132,22.000,39.600,heavy,D,2.50,50.00,2.00,primary,Lý Thái Tổ,2,2020-08-03,period_0_00,train_los+latest_segment_status
63101,2289929132,5057828764,20.000,2.182,moderate,C,1.75,50.00,33.00,primary,Lý Thái Tổ,2,2020-08-03,period_0_00,train_los+latest_segment_status
63102,5057828764,5057828708,47.000,8.460,heavy,D,2.50,50.00,20.00,primary,Lý Thái Tổ,2,2020-08-03,period_0_00,train_los+latest_segment_status
63103,5057828708,5057828690,42.000,15.120,heavy,D,2.50,50.00,10.00,primary,Lý Thái Tổ,2,2020-08-03,period_0_00,train_los+latest_segment_status
63104,5057828690,3150775221,6.000,0.675,severe,E,4.00,50.00,32.00,primary,Lý Thái Tổ,2,2020-08-03,period_0_00,train_los+latest_segment_status
63105,3150775221,5057828687,7.000,0.933,heavy,D,2.50,50.00,27.00,primary,Lý Thái Tổ,2,2020-08-03,period_0_00,train_los+latest_segment_status
63106,5057828687,2498090062,18.000,2.492,severe,E,4.00,50.00,26.00,primary,Lý Thái Tổ,2,2020-08-03,period_0_00,train_los+latest_segment_status
63107,2498090062,5057828641,2.000,0.288,severe,E,4.00,50.00,25.00,primary,Lý Thái Tổ,2,2020-08-03,period_0_00,train_los+latest_segment_status
63108,5057828641,366384363,54.000,16.200,severe,E,4.00,50.00,12.00,primary,Lý Thái Tổ,2,2020-08-03,period_0_00,train_los+latest_segment_status
63109,366384363,5057828620,27.000,10.800,severe,E,4.00,50.00,9.00,primary,Lý Thái Tổ,2,2020-08-03,period_0_00,train_los+latest_segment_status
63110,5057828620,5057828618,13.000,1.800,heavy,D,2.50,50.00,26.00,primary,Lý Thái Tổ,2,2020-08-03,period_0_00,train_los+latest_segment_status
63111,5057828618,5042143292,18.000,7.200,heavy,D,2.50,50.00,9.00,primary,Lý Thái Tổ,2,2020-08-03,period_0_00,train_los+latest_segment_status
63112,5042143292,5057828597,49.000,25.200,severe,E,4.00,50.00,7.00,primary,Lý Thái Tổ,2,2020-08-03,period_0_00,train_los+latest_segment_status
63113,5057828597,5057828604,13.000,1.560,moderate,C,1.75,50.00,30.00,primary,Lý Thái Tổ,2,2020-08-03,period_0_00,train_los+latest_segment_status
63114,5057828604,5057828601,17.000,15.300,heavy,D,2.50,50.00,4.00,primary,Lý Thái Tổ,2,2020-08-03,period_0_00,train_los+latest_segment_status
63115,5057828601,366412106,24.000,7.200,gridlock,F,8.00,50.00,12.00,primary,Lý Thái Tổ,2,2020-12-20,period_10_00,train_los+latest_segment_status
63116,366412106,5057828573,71.000,63.900,heavy,D,2.50,50.00,4.00,primary,Lý Thái Tổ,2,2020-08-03,period_0_00,train_los+latest_segment_status
63117,5057828573,5057828580,21.000,4.200,severe,E,4.00,50.00,18.00,primary,Lý Thái Tổ,2,2020-08-03,period_0_00,train_los+latest_segment_status
63118,5057828580,5057828568,17.000,6.800,severe,E,4.00,50.00,9.00,primary,Lý Thái Tổ,2,2020-08-03,period_0_00,train_los+latest_segment_status
63119,5057828568,3150775223,78.000,93.600,severe,E,4.00,50.00,3.00,primary,Lý Thái Tổ,2,2020-08-03,period_0_00,train_los+latest_segment_status
63120,3150775223,411919629,99.000,39.600,severe,E,4.00,50.00,9.00,primary,Lý Thái Tổ,2,2020-08-03,period_0_00,train_los+latest_segment_status
63121,4629703863,4629703861,7.000,5.040,gridlock,F,8.00,50.00,5.00,primary,Đường 3 Tháng 2,2,2020-12-25,period_8_00,train_los+latest_segment_status
63122,4629703861,5462344908,32.000,6.400,heavy,D,2.50,50.00,18.00,primary,3 Tháng 2,2,2020-08-03,period_0_00,train_los+latest_segment_status
63123,5462344908,2433276964,95.000,42.750,heavy,D,2.50,50.00,8.00,primary,3 Tháng 2,2,2020-08-03,period_0_00,train_los+latest_segment_status
63124,2433276964,4629381644,86.000,9.987,heavy,D,2.50,50.00,31.00,primary,3 Tháng 2,2,2020-08-03,period_0_00,train_los+latest_segment_status
63125,4629703864,2433276952,121.000,12.446,free_flow,A,1.00,50.00,35.00,primary,3 Tháng 2,2,2020-12-24,period_13_30,train_los+latest_segment_status
63126,2433276952,5058499877,35.000,4.200,moderate,C,1.75,50.00,30.00,primary,3 Tháng 2,2,2020-08-03,period_0_00,train_los+latest_segment_status
63127,5058499877,5058499868,49.000,5.345,heavy,D,2.50,50.00,33.00,primary,3 Tháng 2,2,2020-08-03,period_0_00,train_los+latest_segment_status
63128,5058499868,5058499849,75.000,7.941,heavy,D,2.50,50.00,34.00,primary,3 Tháng 2,2,2020-08-03,period_0_00,train_los+latest_segment_status
63129,5058499849,366409140,37.000,6.055,heavy,D,2.50,50.00,22.00,primary,3 Tháng 2,2,2020-08-03,period_0_00,train_los+latest_segment_status
63130,366409140,4646816753,59.000,6.852,severe,E,4.00,50.00,31.00,primary,3 Tháng 2,2,2020-08-03,period_0_00,train_los+latest_segment_status
63131,4631390894,5674570733,117.000,15.043,severe,E,4.00,50.00,28.00,primary,Nguyễn Tri Phương,2,2020-08-03,period_0_00,train_los+latest_segment_status
63132,5674570733,5816931372,52.000,37.440,gridlock,F,8.00,50.00,5.00,primary,Nguyễn Tri Phương,2,2021-01-03,period_23_30,train_los+latest_segment_status
63133,5816931372,366404649,43.000,5.954,severe,E,4.00,50.00,26.00,primary,Nguyễn Tri Phương,2,2020-08-03,period_0_00,train_los+latest_segment_status
63134,366404649,5816931355,89.000,15.257,heavy,D,2.50,50.00,21.00,primary,Nguyễn Tri Phương,2,2020-08-03,period_0_00,train_los+latest_segment_status
63135,5816931355,5816931421,7.000,2.520,gridlock,F,8.00,50.00,10.00,primary,Nguyễn Tri Phương,2,2021-01-03,period_23_30,train_los+latest_segment_status
63136,5816931421,2934000190,15.000,2.455,heavy,D,2.50,50.00,22.00,primary,Nguyễn Tri Phương,2,2021-01-03,period_23_30,train_los+latest_segment_status
63137,366416137,2934000190,18.000,3.812,moderate,C,1.75,50.00,17.00,primary,Nguyễn Tri Phương,2,2020-08-03,period_0_00,train_los+latest_segment_status
63138,2934000190,366416137,18.000,21.600,severe,E,4.00,50.00,3.00,primary,Nguyễn Tri Phương,2,2020-08-03,period_0_00,train_los+latest_segment_status
63139,2934000187,5802993726,99.000,19.800,heavy,D,2.50,50.00,18.00,primary,Nguyễn Tri Phương,2,2020-08-03,period_0_00,train_los+latest_segment_status
63140,5802993726,2934000185,0.813,0.976,gridlock,F,8.00,50.00,3.00,primary,Nguyễn Tri Phương,2,2021-01-03,period_23_30,train_los+latest_segment_status
63141,2934000185,4631390895,212.000,26.317,moderate,C,1.75,50.00,29.00,primary,Nguyễn Tri Phương,2,2020-08-03,period_0_00,train_los+latest_segment_status
63142,4631143724,4631143716,5.000,0.947,severe,E,4.00,50.00,19.00,primary,Nguyễn Tri Phương,2,2021-01-03,period_23_30,train_los+latest_segment_status
63143,4631143715,4631143726,5.000,0.360,free_flow,A,1.00,50.00,50.00,primary,Đường Nguyễn Tri Phương,2,,,road_type_defaults
63144,4631143728,4631143725,10.000,0.720,free_flow,A,1.00,50.00,50.00,primary,Đường Nguyễn Tri Phương,2,,,road_type_defaults
63145,4631143727,4631143728,9.000,0.648,free_flow,A,1.00,50.00,50.00,primary,Đường Trần Hưng Ðạo,2,,,road_type_defaults
63146,3335337341,4631143728,11.000,0.990,free_flow,A,1.00,40.00,40.00,secondary,Trần Hưng Ðạo,3,,,road_type_defaults
63147,4631178582,3160548762,61.000,5.490,free_flow,A,1.00,40.00,40.00,secondary,Trần Hưng Ðạo,3,,,road_type_defaults
63148,3160548762,5816800364,27.000,3.738,moderate,C,1.75,40.00,26.00,secondary,Trần Hưng Ðạo,3,2021-01-03,period_2_00,train_los+latest_segment_status
63149,5816800364,366446370,11.000,0.990,free_flow,A,1.00,40.00,40.00,secondary,Trần Hưng Ðạo,3,,,road_type_defaults
63150,366446370,3335337341,165.000,14.850,free_flow,A,1.00,40.00,40.00,secondary,Trần Hưng Ðạo,3,,,road_type_defaults
63151,4631178579,5813970748,12.000,1.080,free_flow,A,1.00,40.00,40.00,secondary,Trần Hưng Ðạo,3,,,road_type_defaults
63152,5813970748,2364075319,1.000,0.090,free_flow,A,1.00,40.00,40.00,secondary,Trần Hưng Ðạo,3,,,road_type_defaults
63153,2364075319,4631178580,9.000,0.810,free_flow,A,1.00,40.00,40.00,secondary,Trần Hưng Ðạo,3,,,road_type_defaults
63154,4631178580,2364075317,140.000,12.600,free_flow,A,1.00,40.00,40.00,secondary,Trần Hưng Ðạo,3,,,road_type_defaults
63155,2364075317,2364075321,151.000,13.590,free_flow,A,1.00,40.00,40.00,secondary,Trần Hưng Ðạo,3,,,road_type_defaults
63156,4631178581,366432387,7.000,0.630,free_flow,A,1.00,40.00,40.00,secondary,Trần Hưng Ðạo,3,,,road_type_defaults
63157,366432387,4631178582,9.000,5.400,gridlock,F,8.00,40.00,6.00,secondary,Trần Hưng Ðạo,3,2021-01-03,period_2_00,train_los+latest_segment_status
63158,366451156,5806004428,55.000,4.950,free_flow,A,1.00,40.00,40.00,secondary,Trần Hưng Ðạo,3,,,road_type_defaults
63159,5806004428,3160554146,14.000,2.291,severe,E,4.00,40.00,22.00,secondary,Trần Hưng Ðạo,3,2021-01-03,period_2_00,train_los+latest_segment_status
63160,3160554146,5806004438,24.000,2.160,free_flow,A,1.00,40.00,40.00,secondary,Trần Hưng Ðạo,3,,,road_type_defaults
63161,5806004438,5806004435,16.000,8.229,gridlock,F,8.00,40.00,7.00,secondary,Trần Hưng Ðạo,3,2021-01-03,period_2_00,train_los+latest_segment_status
63162,5806004435,4631762591,148.000,13.320,free_flow,A,1.00,40.00,40.00,secondary,Trần Hưng Ðạo,3,,,road_type_defaults
63163,4631762591,3160548852,78.000,28.080,gridlock,F,8.00,40.00,10.00,secondary,Trần Hưng Ðạo,3,2020-12-25,period_9_00,train_los+latest_segment_status
63164,3160548852,5805962804,24.000,3.757,severe,E,4.00,40.00,23.00,secondary,Trần Hưng Ðạo,3,2021-01-03,period_2_00,train_los+latest_segment_status
63165,5805962804,5805962805,23.000,2.070,free_flow,A,1.00,40.00,40.00,secondary,Trần Hưng Ðạo,3,,,road_type_defaults
63166,5805962805,5816774800,36.000,3.240,free_flow,A,1.00,40.00,40.00,secondary,Trần Hưng Ðạo,3,,,road_type_defaults
63167,5816774800,366386196,112.000,10.080,free_flow,A,1.00,40.00,40.00,secondary,Trần Hưng Ðạo,3,,,road_type_defaults
63168,2364075320,5816774527,37.000,3.330,free_flow,A,1.00,40.00,40.00,secondary,Trần Hưng Ðạo,3,,,road_type_defaults
63169,5816774527,5816774769,25.000,2.250,free_flow,A,1.00,40.00,40.00,secondary,Trần Hưng Ðạo,3,,,road_type_defaults
63170,5816774769,5816774551,101.000,9.090,free_flow,A,1.00,40.00,40.00,secondary,Trần Hưng Ðạo,3,,,road_type_defaults
63171,5816774551,4932209381,52.000,4.680,free_flow,A,1.00,40.00,40.00,secondary,Trần Hưng Ðạo,3,,,road_type_defaults
63172,4932209381,3160548851,8.000,0.720,free_flow,A,1.00,40.00,40.00,secondary,Trần Hưng Ðạo,3,,,road_type_defaults
63173,3160548851,4631762592,49.000,4.410,free_flow,A,1.00,40.00,40.00,secondary,Trần Hưng Ðạo,3,,,road_type_defaults
63174,4631762592,4073267999,128.000,11.520,free_flow,A,1.00,40.00,40.00,secondary,Trần Hưng Ðạo,3,,,road_type_defaults
63175,4073267999,4073268003,26.000,2.340,free_flow,A,1.00,40.00,40.00,secondary,Trần Hưng Ðạo,3,,,road_type_defaults
63176,4073268003,5814336787,19.000,1.710,free_flow,A,1.00,40.00,40.00,secondary,Trần Hưng Ðạo,3,,,road_type_defaults
63177,5814336787,3160554145,22.000,1.980,free_flow,A,1.00,40.00,40.00,secondary,Trần Hưng Ðạo,3,,,road_type_defaults
63178,3160554145,5806004421,25.000,2.250,free_flow,A,1.00,40.00,40.00,secondary,Trần Hưng Ðạo,3,,,road_type_defaults
63179,5806004421,2364075322,37.000,3.330,free_flow,A,1.00,40.00,40.00,secondary,Trần Hưng Ðạo,3,,,road_type_defaults
63180,366448311,4631178585,4.000,0.480,free_flow,A,1.00,30.00,30.00,tertiary,Đường Trần Hưng Ðạo,4,,,road_type_defaults
63181,4631178585,366448311,4.000,0.480,free_flow,A,1.00,30.00,30.00,tertiary,Đường Bùi Hữu Nghĩa,4,,,road_type_defaults
63182,4631178585,2364075321,4.000,0.480,free_flow,A,1.00,30.00,30.00,tertiary,Trần Hưng Ðạo,4,,,road_type_defaults
63183,2364075321,4631178585,4.000,0.480,free_flow,A,1.00,30.00,30.00,tertiary,Đường Bùi Hữu Nghĩa,4,,,road_type_defaults
63184,366448311,3160548763,58.000,5.220,free_flow,A,1.00,40.00,40.00,secondary,Trần Hưng Ðạo,3,,,road_type_defaults
63185,3160548763,5816791148,25.000,2.647,heavy,D,2.50,40.00,34.00,secondary,Trần Hưng Ðạo,3,2021-01-03,period_2_00,train_los+latest_segment_status
63186,5816791148,366444496,69.000,6.210,free_flow,A,1.00,40.00,40.00,secondary,Trần Hưng Ðạo,3,,,road_type_defaults
63187,366444496,5816800357,59.000,5.310,free_flow,A,1.00,40.00,40.00,secondary,Trần Hưng Ðạo,3,,,road_type_defaults
63188,5816800357,4631178581,82.000,12.835,heavy,D,2.50,40.00,23.00,secondary,Trần Hưng Ðạo,3,2021-01-03,period_2_00,train_los+latest_segment_status
63189,2364075321,1997154528,97.000,11.640,free_flow,A,1.00,30.00,30.00,tertiary,Bùi Hữu Nghĩa,4,,,road_type_defaults
63190,1997154528,2364075321,97.000,11.640,free_flow,A,1.00,30.00,30.00,tertiary,Bùi Hữu Nghĩa,4,,,road_type_defaults
63191,1997154528,1997154748,55.000,6.600,free_flow,A,1.00,30.00,30.00,tertiary,Bùi Hữu Nghĩa,4,,,road_type_defaults
63192,1997154748,1997154528,55.000,6.600,free_flow,A,1.00,30.00,30.00,tertiary,Bùi Hữu Nghĩa,4,,,road_type_defaults
63193,1997154748,366466796,67.000,8.040,free_flow,A,1.00,30.00,30.00,tertiary,Bùi Hữu Nghĩa,4,,,road_type_defaults
63194,366466796,1997154748,67.000,8.040,free_flow,A,1.00,30.00,30.00,tertiary,Bùi Hữu Nghĩa,4,,,road_type_defaults
63195,366466796,1997154207,50.000,6.000,free_flow,A,1.00,30.00,30.00,tertiary,Bùi Hữu Nghĩa,4,,,road_type_defaults
63196,1997154207,366466796,50.000,6.000,free_flow,A,1.00,30.00,30.00,tertiary,Bùi Hữu Nghĩa,4,,,road_type_defaults
63197,1997154207,366423107,50.000,6.000,free_flow,A,1.00,30.00,30.00,tertiary,Bùi Hữu Nghĩa,4,,,road_type_defaults
63198,366423107,1997154207,50.000,6.000,free_flow,A,1.00,30.00,30.00,tertiary,Bùi Hữu Nghĩa,4,,,road_type_defaults
63199,366386196,5816774808,59.000,5.310,free_flow,A,1.00,40.00,40.00,secondary,Trần Hưng Ðạo,3,,,road_type_defaults
63200,5816774808,3160548849,7.000,0.630,free_flow,A,1.00,40.00,40.00,secondary,Trần Hưng Ðạo,3,,,road_type_defaults
63201,3160548849,5598913762,62.000,5.580,free_flow,A,1.00,40.00,40.00,secondary,Trần Hưng Ðạo,3,,,road_type_defaults
63202,5598913762,5816774801,40.000,3.600,free_flow,A,1.00,40.00,40.00,secondary,Trần Hưng Ðạo,3,,,road_type_defaults
63203,5816774801,5794854825,62.000,5.580,free_flow,A,1.00,40.00,40.00,secondary,Trần Hưng Ðạo,3,,,road_type_defaults
63204,5794854825,366377903,0.533,0.048,free_flow,A,1.00,40.00,40.00,secondary,Trần Hưng Ðạo,3,,,road_type_defaults
63205,366377903,3160548764,48.000,4.320,free_flow,A,1.00,40.00,40.00,secondary,Trần Hưng Ðạo,3,,,road_type_defaults
63206,3160548764,366438154,94.000,7.870,free_flow,A,1.00,40.00,43.00,secondary,Trần Hưng Ðạo,3,2021-01-03,period_2_00,train_los+latest_segment_status
63207,366438154,5816791142,42.000,3.780,free_flow,A,1.00,40.00,40.00,secondary,Trần Hưng Ðạo,3,,,road_type_defaults
63208,5816791142,366448311,54.000,8.452,heavy,D,2.50,40.00,23.00,secondary,Trần Hưng Ðạo,3,2021-01-03,period_2_00,train_los+latest_segment_status
63209,5794854823,5794854824,4.000,0.480,free_flow,A,1.00,30.00,30.00,tertiary,Đường Trần Hưng Ðạo,4,,,road_type_defaults
63210,5794854824,5794854823,4.000,0.480,free_flow,A,1.00,30.00,30.00,tertiary,Đường Trần Hưng Ðạo,4,,,road_type_defaults
63211,5794854824,5794854825,4.000,0.480,free_flow,A,1.00,30.00,30.00,tertiary,Đường Trần Hưng Ðạo,4,,,road_type_defaults
63212,5794854825,5794854824,4.000,0.480,free_flow,A,1.00,30.00,30.00,tertiary,Đường Trần Hưng Ðạo,4,,,road_type_defaults
63213,2364075321,2364075314,97.000,8.730,free_flow,A,1.00,40.00,40.00,secondary,Trần Hưng Ðạo,3,,,road_type_defaults
63214,2364075314,3160548765,75.000,6.750,free_flow,A,1.00,40.00,40.00,secondary,Trần Hưng Ðạo,3,,,road_type_defaults
63215,3160548765,2364075312,68.000,6.120,free_flow,A,1.00,40.00,40.00,secondary,Trần Hưng Ðạo,3,,,road_type_defaults
63216,2364075312,5794854823,0.600,0.054,free_flow,A,1.00,40.00,40.00,secondary,Trần Hưng Ðạo,3,,,road_type_defaults
63217,5794854823,3160548850,147.000,13.230,free_flow,A,1.00,40.00,40.00,secondary,Trần Hưng Ðạo,3,,,road_type_defaults
63218,3160548850,2364075320,86.000,7.740,free_flow,A,1.00,40.00,40.00,secondary,Trần Hưng Ðạo,3,,,road_type_defaults
63219,5794854825,5816774815,62.000,7.440,free_flow,A,1.00,30.00,30.00,tertiary,Huỳnh Mẫn Đạt,4,,,road_type_defaults
63220,5816774815,5794854825,62.000,7.440,free_flow,A,1.00,30.00,30.00,tertiary,Huỳnh Mẫn Đạt,4,,,road_type_defaults
63221,5816774815,5816774818,29.000,3.480,free_flow,A,1.00,30.00,30.00,tertiary,Huỳnh Mẫn Đạt,4,,,road_type_defaults
63222,5816774818,5816774815,29.000,6.960,severe,E,4.00,30.00,15.00,tertiary,Huỳnh Mẫn Đạt,4,2021-01-03,period_2_00,train_los+latest_segment_status
63223,5816774818,5794854826,35.000,4.200,free_flow,A,1.00,30.00,30.00,tertiary,Huỳnh Mẫn Đạt,4,,,road_type_defaults
63224,5794854826,5816774818,35.000,11.455,gridlock,F,8.00,30.00,11.00,tertiary,Huỳnh Mẫn Đạt,4,2021-01-03,period_2_00,train_los+latest_segment_status
63225,5794854826,5794854827,21.000,2.520,free_flow,A,1.00,30.00,30.00,tertiary,Huỳnh Mẫn Đạt,4,,,road_type_defaults
63226,5794854827,5794854826,21.000,2.520,free_flow,A,1.00,30.00,30.00,tertiary,Huỳnh Mẫn Đạt,4,,,road_type_defaults
63227,5794854827,5805966980,2.000,0.514,gridlock,F,8.00,30.00,14.00,tertiary,Huỳnh Mẫn Đạt,4,2021-01-03,period_2_00,train_los+latest_segment_status
63228,5805966980,5794854827,2.000,0.240,free_flow,A,1.00,30.00,30.00,tertiary,Huỳnh Mẫn Đạt,4,,,road_type_defaults
63229,5805966980,5805966984,12.000,1.440,free_flow,A,1.00,30.00,30.00,tertiary,Huỳnh Mẫn Đạt,4,,,road_type_defaults
63230,5805966984,5805966980,12.000,1.440,free_flow,A,1.00,30.00,30.00,tertiary,Huỳnh Mẫn Đạt,4,,,road_type_defaults
63231,5805966984,5794854828,14.000,1.680,free_flow,A,1.00,30.00,30.00,tertiary,Huỳnh Mẫn Đạt,4,,,road_type_defaults
63232,5794854828,5805966984,14.000,1.680,free_flow,A,1.00,30.00,30.00,tertiary,Huỳnh Mẫn Đạt,4,,,road_type_defaults
63233,5794854828,5805966988,8.000,0.960,free_flow,A,1.00,30.00,30.00,tertiary,Huỳnh Mẫn Đạt,4,,,road_type_defaults
63234,5805966988,5794854828,8.000,0.960,free_flow,A,1.00,30.00,30.00,tertiary,Huỳnh Mẫn Đạt,4,,,road_type_defaults
63235,5805966988,5794854829,23.000,2.760,free_flow,A,1.00,30.00,30.00,tertiary,Huỳnh Mẫn Đạt,4,,,road_type_defaults
63236,5794854829,5805966988,23.000,2.760,free_flow,A,1.00,30.00,30.00,tertiary,Huỳnh Mẫn Đạt,4,,,road_type_defaults
63237,5794854829,5805966992,6.000,0.720,free_flow,A,1.00,30.00,30.00,tertiary,Huỳnh Mẫn Đạt,4,,,road_type_defaults
63238,5805966992,5794854829,6.000,0.720,free_flow,A,1.00,30.00,30.00,tertiary,Huỳnh Mẫn Đạt,4,,,road_type_defaults
63239,5805966992,5794854830,34.000,6.120,heavy,D,2.50,30.00,20.00,tertiary,Huỳnh Mẫn Đạt,4,2021-01-03,period_2_00,train_los+latest_segment_status
63240,5794854830,5805966992,34.000,4.080,free_flow,A,1.00,30.00,30.00,tertiary,Huỳnh Mẫn Đạt,4,,,road_type_defaults
63241,5794854830,5598914634,91.000,10.920,free_flow,A,1.00,30.00,30.00,tertiary,Huỳnh Mẫn Đạt,4,,,road_type_defaults
63242,5598914634,5794854830,91.000,13.650,heavy,D,2.50,30.00,24.00,tertiary,Huỳnh Mẫn Đạt,4,2021-01-03,period_2_00,train_los+latest_segment_status
63243,5598914634,5598914627,22.000,2.640,free_flow,A,1.00,30.00,30.00,tertiary,Huỳnh Mẫn Đạt,4,,,road_type_defaults
63244,5598914627,5598914634,22.000,2.640,free_flow,A,1.00,30.00,30.00,tertiary,Huỳnh Mẫn Đạt,4,,,road_type_defaults
63245,5598914627,5598913799,23.000,2.760,free_flow,A,1.00,30.00,30.00,tertiary,Huỳnh Mẫn Đạt,4,,,road_type_defaults
63246,5598913799,5598914627,23.000,2.957,moderate,C,1.75,30.00,28.00,tertiary,Huỳnh Mẫn Đạt,4,2021-01-03,period_2_00,train_los+latest_segment_status
63247,5598913799,5598913794,25.000,3.000,free_flow,A,1.00,30.00,30.00,tertiary,Huỳnh Mẫn Đạt,4,,,road_type_defaults
63248,5598913794,5598913799,25.000,3.000,free_flow,A,1.00,30.00,30.00,tertiary,Huỳnh Mẫn Đạt,4,,,road_type_defaults
63249,5598913794,366371650,39.000,4.680,free_flow,A,1.00,30.00,30.00,tertiary,Huỳnh Mẫn Đạt,4,,,road_type_defaults
63250,366371650,5598913794,39.000,4.680,free_flow,A,1.00,30.00,30.00,tertiary,Huỳnh Mẫn Đạt,4,,,road_type_defaults
63251,366371650,5794771154,65.000,7.800,free_flow,A,1.00,30.00,30.00,tertiary,Huỳnh Mẫn Đạt,4,,,road_type_defaults
63252,5794771154,366371650,65.000,7.091,severe,E,4.00,30.00,33.00,tertiary,Huỳnh Mẫn Đạt,4,2021-01-03,period_2_00,train_los+latest_segment_status
63253,5794771154,5794771156,19.000,2.280,free_flow,A,1.00,30.00,30.00,tertiary,Huỳnh Mẫn Đạt,4,,,road_type_defaults
63254,5794771156,5794771154,19.000,2.280,free_flow,A,1.00,30.00,30.00,tertiary,Huỳnh Mẫn Đạt,4,,,road_type_defaults
63255,2364075317,366444496,10.000,1.200,free_flow,A,1.00,30.00,30.00,tertiary,Đường Trần Tuấn Khải,4,,,road_type_defaults
63256,366444496,2364075317,10.000,1.200,free_flow,A,1.00,30.00,30.00,tertiary,Trần Hưng Ðạo,4,,,road_type_defaults
63257,4631390895,4621858728,8.000,0.576,free_flow,A,1.00,50.00,50.00,primary,Nguyễn Tri Phương,2,,,road_type_defaults
63258,4621858728,4631508798,6.000,0.617,heavy,D,2.50,50.00,35.00,primary,Nguyễn Tri Phương,2,2020-08-03,period_0_00,train_los+latest_segment_status
63259,5802993757,5802993756,14.000,1.680,moderate,C,1.75,50.00,30.00,primary,Đường Hồng Bàng,2,2020-08-03,period_0_00,train_los+latest_segment_status
63260,5802993756,5802993760,1.000,0.097,heavy,D,2.50,50.00,37.00,primary,Đường Nguyễn Tri Phương,2,2020-08-03,period_0_00,train_los+latest_segment_status
63261,5802993760,4621858728,9.000,4.629,heavy,D,2.50,50.00,7.00,primary,Đường An Dương Vương,2,2020-08-03,period_0_00,train_los+latest_segment_status
63262,2300363363,2498104608,112.000,10.611,heavy,D,2.50,50.00,38.00,primary,An Dương Vương,2,2020-08-03,period_0_00,train_los+latest_segment_status
63263,2498104608,2498104606,65.000,29.250,gridlock,F,8.00,50.00,8.00,primary,An Dương Vương,2,2021-01-02,period_10_30,train_los+latest_segment_status
63264,2498104606,4621858730,68.000,7.897,heavy,D,2.50,50.00,31.00,primary,An Dương Vương,2,2020-08-03,period_0_00,train_los+latest_segment_status
63265,4621858730,5805637520,35.000,7.000,heavy,D,2.50,50.00,18.00,primary,An Dương Vương,2,2020-08-03,period_0_00,train_los+latest_segment_status
63266,5805637520,5805637517,26.000,4.926,severe,E,4.00,50.00,19.00,primary,An Dương Vương,2,2020-08-03,period_0_00,train_los+latest_segment_status
63267,5805637517,5805637530,72.000,7.200,moderate,C,1.75,50.00,36.00,primary,An Dương Vương,2,2020-08-03,period_0_00,train_los+latest_segment_status
63268,5805637530,4631403301,89.000,13.350,moderate,C,1.75,50.00,24.00,primary,An Dương Vương,2,2020-08-03,period_0_00,train_los+latest_segment_status
63269,4631403301,4631057700,10.000,2.250,heavy,D,2.50,50.00,16.00,primary,An Dương Vương,2,2020-08-03,period_0_00,train_los+latest_segment_status
63270,4631057700,4631492083,9.000,32.400,severe,E,4.00,50.00,1.00,primary,An Dương Vương,2,2020-08-03,period_0_00,train_los+latest_segment_status
63271,4631492083,5802993758,1.000,0.277,severe,E,4.00,50.00,13.00,primary,An Dương Vương,2,2020-08-03,period_0_00,train_los+latest_segment_status
63272,5802993758,5802993757,11.000,19.800,severe,E,4.00,50.00,2.00,primary,An Dương Vương,2,2020-08-03,period_0_00,train_los+latest_segment_status
63273,4631508798,4631057700,7.000,0.933,moderate,C,1.75,50.00,27.00,primary,Nguyễn Tri Phương,2,2020-08-03,period_0_00,train_los+latest_segment_status
63274,5802993759,5802993756,7.000,0.813,heavy,D,2.50,50.00,31.00,primary,Nguyễn Tri Phương,2,2020-08-03,period_0_00,train_los+latest_segment_status
63275,5802993756,4631390894,8.000,0.847,moderate,C,1.75,50.00,34.00,primary,Nguyễn Tri Phương,2,2020-08-03,period_0_00,train_los+latest_segment_status
63276,4631738599,4631738600,26.000,46.800,severe,E,4.00,35.00,2.00,secondary_link,Đường Trần Phú,3,2020-08-03,period_0_00,train_los+latest_segment_status
63277,2364075322,2364089048,169.000,20.280,heavy,D,2.50,50.00,30.00,secondary,Trần Hưng Ðạo,3,2020-08-03,period_0_00,train_los+latest_segment_status
63278,2364075322,5814336835,82.000,9.840,free_flow,A,1.00,30.00,30.00,tertiary,Nguyễn Biểu,4,,,road_type_defaults
63279,5814336835,2364075322,82.000,9.840,free_flow,A,1.00,30.00,30.00,tertiary,Nguyễn Biểu,4,,,road_type_defaults
63280,5814336835,5814336830,18.000,5.400,gridlock,F,8.00,30.00,12.00,tertiary,Nguyễn Biểu,4,2020-12-25,period_9_00,train_los+latest_segment_status
63281,5814336830,5814336835,18.000,2.160,free_flow,A,1.00,30.00,30.00,tertiary,Nguyễn Biểu,4,,,road_type_defaults
63282,5814336830,366368313,55.000,6.600,free_flow,A,1.00,30.00,30.00,tertiary,Nguyễn Biểu,4,,,road_type_defaults
63283,366368313,5814336830,55.000,6.600,free_flow,A,1.00,30.00,30.00,tertiary,Nguyễn Biểu,4,,,road_type_defaults
63284,366368313,5814336831,8.000,2.215,gridlock,F,8.00,30.00,13.00,tertiary,Nguyễn Biểu,4,2020-12-25,period_9_00,train_los+latest_segment_status
63285,5814336831,366368313,8.000,0.960,free_flow,A,1.00,30.00,30.00,tertiary,Nguyễn Biểu,4,,,road_type_defaults
63286,5814336831,366442519,6.000,0.720,free_flow,A,1.00,30.00,30.00,tertiary,Nguyễn Biểu,4,,,road_type_defaults
63287,366442519,5814336831,6.000,0.720,free_flow,A,1.00,30.00,30.00,tertiary,Nguyễn Biểu,4,,,road_type_defaults
63288,366442519,2692556789,11.000,1.320,free_flow,A,1.00,30.00,30.00,tertiary,Nguyễn Biểu,4,,,road_type_defaults
63289,2692556789,366442519,11.000,1.320,free_flow,A,1.00,30.00,30.00,tertiary,Nguyễn Biểu,4,,,road_type_defaults
63290,2692556789,5814337691,2.000,0.240,free_flow,A,1.00,30.00,30.00,tertiary,Nguyễn Biểu,4,,,road_type_defaults
63291,5814337691,2692556789,2.000,0.240,free_flow,A,1.00,30.00,30.00,tertiary,Nguyễn Biểu,4,,,road_type_defaults
63292,5814337691,5814336827,3.000,0.360,free_flow,A,1.00,30.00,30.00,tertiary,Nguyễn Biểu,4,,,road_type_defaults
63293,5814336827,5814337691,3.000,0.360,free_flow,A,1.00,30.00,30.00,tertiary,Nguyễn Biểu,4,,,road_type_defaults
63294,5814336827,2692556787,6.000,0.720,free_flow,A,1.00,30.00,30.00,tertiary,Nguyễn Biểu,4,,,road_type_defaults
63295,2692556787,5814336827,6.000,0.720,free_flow,A,1.00,30.00,30.00,tertiary,Nguyễn Biểu,4,,,road_type_defaults
63296,2692556787,366442477,10.000,1.200,free_flow,A,1.00,30.00,30.00,tertiary,Nguyễn Biểu,4,,,road_type_defaults
63297,366442477,2692556787,10.000,1.200,free_flow,A,1.00,30.00,30.00,tertiary,Nguyễn Biểu,4,,,road_type_defaults
63298,366442477,2692556786,21.000,2.520,free_flow,A,1.00,30.00,30.00,tertiary,Nguyễn Biểu,4,,,road_type_defaults
63299,2692556786,366442477,21.000,2.520,free_flow,A,1.00,30.00,30.00,tertiary,Nguyễn Biểu,4,,,road_type_defaults
63300,2692556786,5814337690,2.000,0.240,free_flow,A,1.00,30.00,30.00,tertiary,Nguyễn Biểu,4,,,road_type_defaults
63301,5814337690,2692556786,2.000,0.240,free_flow,A,1.00,30.00,30.00,tertiary,Nguyễn Biểu,4,,,road_type_defaults
63302,5814337690,366378659,18.000,2.160,free_flow,A,1.00,30.00,30.00,tertiary,Nguyễn Biểu,4,,,road_type_defaults
63303,366378659,5814337690,18.000,2.160,free_flow,A,1.00,30.00,30.00,tertiary,Nguyễn Biểu,4,,,road_type_defaults
63304,366451156,2364075322,10.000,1.029,free_flow,A,1.00,35.00,35.00,secondary_link,Nguyễn Biểu,3,,,road_type_defaults
63305,2364075322,366451156,10.000,1.029,free_flow,A,1.00,35.00,35.00,secondary_link,Nguyễn Biểu,3,,,road_type_defaults
63306,4631762591,4631762592,10.000,1.200,free_flow,A,1.00,30.00,30.00,tertiary,Đường Trần Bình Trọng,4,,,road_type_defaults
63307,4631762592,4631762591,10.000,1.200,free_flow,A,1.00,30.00,30.00,tertiary,Đường Trần Bình Trọng,4,,,road_type_defaults
63308,4631762592,5814337725,83.000,9.960,free_flow,A,1.00,30.00,30.00,tertiary,Trần Bình Trọng,4,,,road_type_defaults
63309,5814337725,4631762592,83.000,9.960,free_flow,A,1.00,30.00,30.00,tertiary,Trần Bình Trọng,4,,,road_type_defaults
63310,5814337725,4613361751,13.000,1.560,free_flow,A,1.00,30.00,30.00,tertiary,Trần Bình Trọng,4,,,road_type_defaults
63311,4613361751,5814337725,13.000,1.560,free_flow,A,1.00,30.00,30.00,tertiary,Trần Bình Trọng,4,,,road_type_defaults
63312,4613361751,5814337714,18.000,2.160,free_flow,A,1.00,30.00,30.00,tertiary,Trần Bình Trọng,4,,,road_type_defaults
63313,5814337714,4613361751,18.000,2.160,free_flow,A,1.00,30.00,30.00,tertiary,Trần Bình Trọng,4,,,road_type_defaults
63314,5814337714,4613361750,36.000,4.320,free_flow,A,1.00,30.00,30.00,tertiary,Trần Bình Trọng,4,,,road_type_defaults
63315,4613361750,5814337714,36.000,4.320,free_flow,A,1.00,30.00,30.00,tertiary,Trần Bình Trọng,4,,,road_type_defaults
63316,4613361750,5816774520,33.000,3.960,free_flow,A,1.00,30.00,30.00,tertiary,Trần Bình Trọng,4,,,road_type_defaults
63317,5816774520,4613361750,33.000,3.960,free_flow,A,1.00,30.00,30.00,tertiary,Trần Bình Trọng,4,,,road_type_defaults
63318,5816774520,5814336850,31.000,3.720,free_flow,A,1.00,30.00,30.00,tertiary,Trần Bình Trọng,4,,,road_type_defaults
63319,5814336850,5816774520,31.000,3.720,free_flow,A,1.00,30.00,30.00,tertiary,Trần Bình Trọng,4,,,road_type_defaults
63320,5814336850,5814337680,14.000,1.680,free_flow,A,1.00,30.00,30.00,tertiary,Trần Bình Trọng,4,,,road_type_defaults
63321,5814337680,5814336850,14.000,1.680,free_flow,A,1.00,30.00,30.00,tertiary,Trần Bình Trọng,4,,,road_type_defaults
63322,5814337680,5816774501,12.000,1.440,free_flow,A,1.00,30.00,30.00,tertiary,Trần Bình Trọng,4,,,road_type_defaults
63323,5816774501,5814337680,12.000,1.440,free_flow,A,1.00,30.00,30.00,tertiary,Trần Bình Trọng,4,,,road_type_defaults
63324,5816774501,5814337667,14.000,1.680,free_flow,A,1.00,30.00,30.00,tertiary,Trần Bình Trọng,4,,,road_type_defaults
63325,5814337667,5816774501,14.000,1.680,free_flow,A,1.00,30.00,30.00,tertiary,Trần Bình Trọng,4,,,road_type_defaults
63326,5814337667,5814337668,36.000,4.320,free_flow,A,1.00,30.00,30.00,tertiary,Trần Bình Trọng,4,,,road_type_defaults
63327,5814337668,5814337667,36.000,4.320,free_flow,A,1.00,30.00,30.00,tertiary,Trần Bình Trọng,4,,,road_type_defaults
63328,5814337668,4618427499,35.000,4.200,free_flow,A,1.00,30.00,30.00,tertiary,Trần Bình Trọng,4,,,road_type_defaults
63329,4618427499,5814337668,35.000,4.200,free_flow,A,1.00,30.00,30.00,tertiary,Trần Bình Trọng,4,,,road_type_defaults
63330,4618427499,1996655783,19.000,2.280,free_flow,A,1.00,30.00,30.00,tertiary,Trần Bình Trọng,4,,,road_type_defaults
63331,1996655783,4618427499,19.000,2.280,free_flow,A,1.00,30.00,30.00,tertiary,Trần Bình Trọng,4,,,road_type_defaults
63359,366478823,366443260,69.000,248.400,gridlock,F,8.00,50.00,1.00,primary,3 Tháng 2,2,2021-01-20,period_9_30,train_los+latest_segment_status
63360,366443260,5051610759,23.000,6.900,gridlock,F,8.00,50.00,12.00,primary,3 Tháng 2,2,2021-01-06,period_12_00,train_los+latest_segment_status
63361,5051610759,3150623840,19.000,1.954,moderate,C,1.75,50.00,35.00,primary,3 Tháng 2,2,2020-08-03,period_0_00,train_los+latest_segment_status
63362,3150623840,366379977,21.000,3.436,heavy,D,2.50,50.00,22.00,primary,3 Tháng 2,2,2020-08-03,period_0_00,train_los+latest_segment_status
63363,2433653225,2433653226,159.000,16.835,severe,E,4.00,50.00,34.00,primary,3 Tháng 2,2,2020-08-03,period_0_00,train_los+latest_segment_status
63375,366379977,5780574623,0.957,0.104,light,B,1.25,50.00,33.00,primary,3 Tháng 2,2,2020-11-30,period_5_00,train_los+latest_segment_status
63376,5780574623,366473383,96.000,20.329,heavy,D,2.50,50.00,17.00,primary,3 Tháng 2,2,2020-08-03,period_0_00,train_los+latest_segment_status
63572,366392714,4623089043,5.000,0.514,free_flow,A,1.00,35.00,35.00,secondary_link,Hòa Hảo,3,,,road_type_defaults
63573,4623089043,366392714,5.000,4.500,heavy,D,2.50,35.00,4.00,secondary_link,Hòa Hảo,3,2020-08-03,period_0_00,train_los+latest_segment_status
63574,4623089043,2934006868,5.000,2.250,severe,E,4.00,35.00,8.00,secondary_link,Hòa Hảo,3,2020-08-03,period_0_00,train_los+latest_segment_status
63575,2934006868,4623089043,5.000,0.667,moderate,C,1.75,35.00,27.00,secondary_link,Hòa Hảo,3,2020-08-03,period_0_00,train_los+latest_segment_status
63576,1996654979,4631143714,155.000,15.500,moderate,C,1.75,50.00,36.00,primary,Nguyễn Tri Phương,2,2020-08-03,period_0_00,train_los+latest_segment_status
63577,4631143714,4631143726,5.000,0.360,free_flow,A,1.00,50.00,50.00,primary,Nguyễn Tri Phương,2,,,road_type_defaults
63578,4631143726,4631143727,38.000,2.736,free_flow,A,1.00,50.00,50.00,primary,Nguyễn Tri Phương,2,,,road_type_defaults
63579,4646816753,2614395124,31.000,3.720,free_flow,A,1.00,30.00,30.00,tertiary,Lê Hồng Phong,4,,,road_type_defaults
63580,2614395124,4646816753,31.000,111.600,severe,E,4.00,30.00,1.00,tertiary,Lê Hồng Phong,4,2020-08-03,period_0_00,train_los+latest_segment_status
63581,2614395124,5058497785,43.000,4.423,moderate,C,1.75,30.00,35.00,tertiary,Lê Hồng Phong,4,2020-08-03,period_0_00,train_los+latest_segment_status
63582,5058497785,2614395124,43.000,77.400,severe,E,4.00,30.00,2.00,tertiary,Lê Hồng Phong,4,2020-08-03,period_0_00,train_los+latest_segment_status
63583,5058497785,5058497776,27.000,4.050,severe,E,4.00,30.00,24.00,tertiary,Lê Hồng Phong,4,2020-08-03,period_0_00,train_los+latest_segment_status
63584,5058497776,5058497785,27.000,3.135,moderate,C,1.75,30.00,31.00,tertiary,Lê Hồng Phong,4,2020-08-03,period_0_00,train_los+latest_segment_status
63585,5058497776,5058497769,31.000,3.986,severe,E,4.00,30.00,28.00,tertiary,Lê Hồng Phong,4,2020-08-03,period_0_00,train_los+latest_segment_status
63586,5058497769,5058497776,31.000,6.975,heavy,D,2.50,30.00,16.00,tertiary,Lê Hồng Phong,4,2020-08-03,period_0_00,train_los+latest_segment_status
63587,5058497769,5003306415,7.000,1.145,heavy,D,2.50,30.00,22.00,tertiary,Lê Hồng Phong,4,2020-08-03,period_0_00,train_los+latest_segment_status
63588,5003306415,5058497769,7.000,2.100,heavy,D,2.50,30.00,12.00,tertiary,Lê Hồng Phong,4,2020-08-03,period_0_00,train_los+latest_segment_status
63589,5003306415,2614395107,32.000,11.520,heavy,D,2.50,30.00,10.00,tertiary,Lê Hồng Phong,4,2020-08-03,period_0_00,train_los+latest_segment_status
63590,2614395107,5003306415,32.000,23.040,severe,E,4.00,30.00,5.00,tertiary,Lê Hồng Phong,4,2020-08-03,period_0_00,train_los+latest_segment_status
63591,2614395107,5058497812,8.000,0.758,heavy,D,2.50,30.00,38.00,tertiary,Lê Hồng Phong,4,2020-08-03,period_0_00,train_los+latest_segment_status
63592,5058497812,2614395107,8.000,0.823,moderate,C,1.75,30.00,35.00,tertiary,Lê Hồng Phong,4,2020-08-03,period_0_00,train_los+latest_segment_status
63593,5058497812,2498090050,25.000,2.571,moderate,C,1.75,30.00,35.00,tertiary,Lê Hồng Phong,4,2020-08-03,period_0_00,train_los+latest_segment_status
63594,2498090050,5058497812,25.000,6.000,heavy,D,2.50,30.00,15.00,tertiary,Lê Hồng Phong,4,2020-08-03,period_0_00,train_los+latest_segment_status
63595,2498090050,5058497806,18.000,32.400,heavy,D,2.50,30.00,2.00,tertiary,Lê Hồng Phong,4,2020-08-03,period_0_00,train_los+latest_segment_status
63596,5058497806,2498090050,18.000,64.800,severe,E,4.00,30.00,1.00,tertiary,Lê Hồng Phong,4,2020-08-03,period_0_00,train_los+latest_segment_status
63597,5058497806,5058497792,21.000,1.938,moderate,C,1.75,30.00,39.00,tertiary,Lê Hồng Phong,4,2020-08-03,period_0_00,train_los+latest_segment_status
63598,5058497792,5058497806,21.000,3.436,severe,E,4.00,30.00,22.00,tertiary,Lê Hồng Phong,4,2020-08-03,period_0_00,train_los+latest_segment_status
63599,5058497792,5058497799,16.000,4.431,severe,E,4.00,30.00,13.00,tertiary,Lê Hồng Phong,4,2020-08-03,period_0_00,train_los+latest_segment_status
63600,5058497799,5058497792,16.000,2.504,heavy,D,2.50,30.00,23.00,tertiary,Lê Hồng Phong,4,2020-08-03,period_0_00,train_los+latest_segment_status
63601,5058497799,5058497794,30.000,3.273,severe,E,4.00,30.00,33.00,tertiary,Lê Hồng Phong,4,2020-08-03,period_0_00,train_los+latest_segment_status
63602,5058497794,5058497799,30.000,13.500,heavy,D,2.50,30.00,8.00,tertiary,Lê Hồng Phong,4,2020-08-03,period_0_00,train_los+latest_segment_status
63603,5058497794,411919584,60.000,6.171,heavy,D,2.50,30.00,35.00,tertiary,Lê Hồng Phong,4,2020-08-03,period_0_00,train_los+latest_segment_status
63604,411919584,5058497794,60.000,6.750,severe,E,4.00,30.00,32.00,tertiary,Lê Hồng Phong,4,2020-08-03,period_0_00,train_los+latest_segment_status
63605,4646769632,2433279317,9.000,3.240,gridlock,F,8.00,30.00,10.00,tertiary,Đường 3 Tháng 2,4,2020-12-20,period_11_00,train_los+latest_segment_status
63606,2433279317,4646769632,9.000,6.480,heavy,D,2.50,30.00,5.00,tertiary,Đường 3 Tháng 2,4,2020-08-03,period_0_00,train_los+latest_segment_status
63607,4646816753,366469997,47.000,14.100,heavy,D,2.50,50.00,12.00,primary,3 Tháng 2,2,2020-08-03,period_0_00,train_los+latest_segment_status
63608,366469997,4646769632,33.000,39.600,severe,E,4.00,50.00,3.00,primary,3 Tháng 2,2,2020-08-03,period_0_00,train_los+latest_segment_status
63609,4646769632,698217101,36.000,4.800,heavy,D,2.50,50.00,27.00,primary,3 Tháng 2,2,2020-08-03,period_0_00,train_los+latest_segment_status
63610,698217101,3462940803,35.000,126.000,severe,E,4.00,50.00,1.00,primary,3 Tháng 2,2,2020-08-03,period_0_00,train_los+latest_segment_status
63611,3462940803,3462940804,18.000,2.817,severe,E,4.00,50.00,23.00,primary,3 Tháng 2,2,2020-08-03,period_0_00,train_los+latest_segment_status
63612,3462940804,3462940800,32.000,5.486,heavy,D,2.50,50.00,21.00,primary,3 Tháng 2,2,2020-08-03,period_0_00,train_los+latest_segment_status
63613,3462940800,698217108,28.000,6.720,moderate,C,1.75,50.00,15.00,primary,3 Tháng 2,2,2020-08-03,period_0_00,train_los+latest_segment_status
63614,698217108,2433279318,26.000,46.800,severe,E,4.00,50.00,2.00,primary,3 Tháng 2,2,2020-08-03,period_0_00,train_los+latest_segment_status
63615,2433279318,5058500123,34.000,8.743,heavy,D,2.50,50.00,14.00,primary,3 Tháng 2,2,2020-08-03,period_0_00,train_los+latest_segment_status
63616,5058500123,5058500129,37.000,5.123,severe,E,4.00,50.00,26.00,primary,3 Tháng 2,2,2020-08-03,period_0_00,train_los+latest_segment_status
63617,5058500129,5058500137,34.000,11.127,moderate,C,1.75,50.00,11.00,primary,3 Tháng 2,2,2020-08-03,period_0_00,train_los+latest_segment_status
63618,5058500137,5058500139,28.000,3.733,heavy,D,2.50,50.00,27.00,primary,3 Tháng 2,2,2020-08-03,period_0_00,train_los+latest_segment_status
63619,5058500139,5058500143,33.000,3.211,moderate,C,1.75,50.00,37.00,primary,3 Tháng 2,2,2020-08-03,period_0_00,train_los+latest_segment_status
63620,5058500143,2433279319,10.000,0.900,heavy,D,2.50,50.00,40.00,primary,3 Tháng 2,2,2020-08-03,period_0_00,train_los+latest_segment_status
63621,2433279319,5058500145,20.000,1.440,free_flow,A,1.00,50.00,50.00,primary,3 Tháng 2,2,,,road_type_defaults
63622,5058500145,5058500149,31.000,2.232,free_flow,A,1.00,50.00,50.00,primary,3 Tháng 2,2,,,road_type_defaults
63623,5058500149,5058500156,55.000,3.960,free_flow,A,1.00,50.00,50.00,primary,3 Tháng 2,2,,,road_type_defaults
63624,5058500156,5059499388,6.000,0.432,free_flow,A,1.00,50.00,50.00,primary,3 Tháng 2,2,,,road_type_defaults
63625,5059499388,366419521,52.000,3.744,free_flow,A,1.00,50.00,50.00,primary,3 Tháng 2,2,,,road_type_defaults
63626,366419521,5059499412,79.000,5.688,free_flow,A,1.00,50.00,50.00,primary,3 Tháng 2,2,,,road_type_defaults
63627,5059499412,4932184789,96.000,6.912,free_flow,A,1.00,50.00,50.00,primary,3 Tháng 2,2,,,road_type_defaults
63628,4932184789,366475091,33.000,2.376,free_flow,A,1.00,50.00,50.00,primary,3 Tháng 2,2,,,road_type_defaults
63629,366475091,366454773,23.000,1.656,free_flow,A,1.00,50.00,50.00,primary,3 Tháng 2,2,,,road_type_defaults
63630,366454773,4646769634,24.000,1.728,free_flow,A,1.00,50.00,50.00,primary,3 Tháng 2,2,,,road_type_defaults
63631,4646769634,366451016,24.000,1.728,free_flow,A,1.00,50.00,50.00,primary,3 Tháng 2,2,,,road_type_defaults
63632,366451016,5059499465,15.000,1.080,free_flow,A,1.00,50.00,50.00,primary,3 Tháng 2,2,,,road_type_defaults
63633,5059499465,4646788528,14.000,1.008,free_flow,A,1.00,50.00,50.00,primary,3 Tháng 2,2,,,road_type_defaults
63634,4646788528,5778212592,167.000,12.024,free_flow,A,1.00,50.00,50.00,primary,3 Tháng 2,2,,,road_type_defaults
63635,5778212592,5778212590,34.000,2.448,free_flow,A,1.00,50.00,50.00,primary,3 Tháng 2,2,,,road_type_defaults
63636,5778212590,2233112764,56.000,4.032,free_flow,A,1.00,50.00,50.00,primary,3 Tháng 2,2,,,road_type_defaults
63637,2233112764,701666210,37.000,2.664,free_flow,A,1.00,50.00,50.00,primary,3 Tháng 2,2,,,road_type_defaults
63638,4646816752,3301809362,196.000,14.112,free_flow,A,1.00,50.00,50.00,primary,3 Tháng 2,2,,,road_type_defaults
63639,3301809362,3166367902,28.000,4.582,severe,E,4.00,50.00,22.00,primary,3 Tháng 2,2,2020-12-25,period_10_00,train_los+latest_segment_status
63640,3166367902,4629145035,27.000,4.418,moderate,C,1.75,50.00,22.00,primary,3 Tháng 2,2,2020-08-03,period_0_00,train_los+latest_segment_status
63641,4629145035,3301809364,33.000,59.400,heavy,D,2.50,50.00,2.00,primary,3 Tháng 2,2,2020-08-03,period_0_00,train_los+latest_segment_status
63642,3301809364,4629703863,89.000,11.048,moderate,C,1.75,50.00,29.00,primary,3 Tháng 2,2,2020-12-25,period_10_00,train_los+latest_segment_status
63643,4646816752,4646816753,12.000,4.320,gridlock,F,8.00,30.00,10.00,tertiary,Đường Lê Hồng Phong,4,2020-12-25,period_10_00,train_los+latest_segment_status
63644,4646816753,4646816752,12.000,1.728,heavy,D,2.50,30.00,25.00,tertiary,Đường Lê Hồng Phong,4,2020-08-03,period_0_00,train_los+latest_segment_status
63788,5444117922,4610649697,18.000,1.296,free_flow,A,1.00,50.00,50.00,primary,Đường Nguyễn Thị Nghĩa,2,,,road_type_defaults
63789,411919522,4666207254,9.000,1.080,free_flow,A,1.00,30.00,30.00,tertiary,Phạm Hồng Thái,4,,,road_type_defaults
63790,4666207254,4666211848,8.000,0.960,free_flow,A,1.00,30.00,30.00,tertiary,Phạm Hồng Thái,4,,,road_type_defaults
63791,4666211848,5500064107,13.000,1.560,free_flow,A,1.00,30.00,30.00,tertiary,Phạm Hồng Thái,4,,,road_type_defaults
63792,4610643513,4676727524,21.000,1.512,free_flow,A,1.00,50.00,50.00,primary,Đường Nguyễn Thị Nghĩa,2,,,road_type_defaults
63793,4676727524,4610625914,17.000,1.224,free_flow,A,1.00,50.00,50.00,primary,Đường Nguyễn Thị Nghĩa,2,,,road_type_defaults
63794,4610622002,5763214487,16.000,1.920,free_flow,A,1.00,30.00,30.00,tertiary,Phạm Hồng Thái,4,,,road_type_defaults
63820,5763214487,4666207258,18.996,2.280,free_flow,A,1.00,30.00,30.00,tertiary,Phạm Hồng Thái,4,,,road_type_defaults
84692,4666207258,4666207257,4.004,0.480,free_flow,A,1.00,30.00,30.00,tertiary,Phạm Hồng Thái,4,,,road_type_defaults
63796,411918181,4666207264,3.000,0.216,free_flow,A,1.00,50.00,50.00,primary,Đường Cách Mạng Tháng Tám,2,,,road_type_defaults
63797,4666207264,4666207265,5.000,0.360,free_flow,A,1.00,50.00,50.00,primary,Đường Cách Mạng Tháng Tám,2,,,road_type_defaults
63798,4666207265,4666207266,3.000,0.216,free_flow,A,1.00,50.00,50.00,primary,Đường Cách Mạng Tháng Tám,2,,,road_type_defaults
63799,4666207266,4666207267,2.000,0.144,free_flow,A,1.00,50.00,50.00,primary,Đường Cách Mạng Tháng Tám,2,,,road_type_defaults
63800,4666207267,4610625918,4.000,0.288,free_flow,A,1.00,50.00,50.00,primary,Đường Cách Mạng Tháng Tám,2,,,road_type_defaults
63801,5763168822,411926356,12.000,1.080,free_flow,A,1.00,40.00,40.00,secondary,Lý Tự Trọng,3,,,road_type_defaults
63802,4666227465,3338165670,30.000,3.273,light,B,1.25,40.00,33.00,secondary,Nguyễn Trãi,3,2020-11-30,period_5_30,train_los+latest_segment_status
63803,3338165670,4666227465,30.000,21.600,gridlock,F,8.00,40.00,5.00,secondary,Nguyễn Trãi,3,2020-12-24,period_14_00,train_los+latest_segment_status
63804,5464084931,2616958829,36.000,4.320,free_flow,A,1.00,30.00,30.00,tertiary,Cống Quỳnh,4,,,road_type_defaults
63805,2616958829,5464084931,36.000,7.624,severe,E,4.00,30.00,17.00,tertiary,Cống Quỳnh,4,2020-11-19,period_2_00,train_los+latest_segment_status
63806,5762711582,5464084932,27.000,1.279,free_flow,A,1.00,30.00,76.00,tertiary,Phạm Ngũ Lão,4,2020-12-28,period_4_00,train_los+latest_segment_status
63807,5464084932,5762711582,27.000,3.240,free_flow,A,1.00,30.00,30.00,tertiary,Phạm Ngũ Lão,4,,,road_type_defaults
63808,4608876662,5762711591,11.000,0.990,free_flow,A,1.00,40.00,40.00,secondary,Nguyễn Trãi,3,,,road_type_defaults
63809,5762711591,4608876662,11.000,0.990,free_flow,A,1.00,40.00,40.00,secondary,Nguyễn Trãi,3,,,road_type_defaults
63810,5762711591,4666227462,19.000,1.710,free_flow,A,1.00,40.00,40.00,secondary,Nguyễn Trãi,3,,,road_type_defaults
63811,4666227462,5762711591,19.000,2.443,moderate,C,1.75,40.00,28.00,secondary,Nguyễn Trãi,3,2020-11-19,period_11_30,train_los+latest_segment_status
63821,4666242301,4614007684,2.492,0.179,free_flow,A,1.00,30.00,50.00,tertiary,Nguyễn Cư Trinh,4,2020-12-12,period_5_00,train_los+latest_segment_status
84693,4614007684,4614008662,2.481,0.298,free_flow,A,1.00,30.00,30.00,tertiary,Nguyễn Cư Trinh,4,,,road_type_defaults
84694,4614008662,5780842950,25.027,3.003,free_flow,A,1.00,30.00,30.00,tertiary,Nguyễn Cư Trinh,4,,,road_type_defaults
63813,5780842950,4666242306,22.000,2.640,free_flow,A,1.00,30.00,30.00,tertiary,Nguyễn Cư Trinh,4,,,road_type_defaults
63814,4614008665,5780842951,29.000,3.480,free_flow,A,1.00,30.00,30.00,tertiary,Cống Quỳnh,4,,,road_type_defaults
63822,4605017322,2527492308,5.411,0.406,free_flow,A,1.00,30.00,48.00,tertiary,Phạm Hồng Thái,4,2020-12-06,period_7_30,train_los+latest_segment_status
84695,2527492308,4666252442,21.589,4.091,severe,E,4.00,30.00,19.00,tertiary,Phạm Hồng Thái,4,2020-11-18,period_1_30,train_los+latest_segment_status
63816,4666252442,4673510847,12.000,1.440,free_flow,A,1.00,30.00,30.00,tertiary,Phạm Hồng Thái,4,,,road_type_defaults
63823,4673510847,5444117927,15.389,18.467,gridlock,F,8.00,30.00,3.00,tertiary,Phạm Hồng Thái,4,2021-03-31,period_0_30,train_los+latest_segment_status
84696,5444117927,5444117928,2.611,0.313,free_flow,A,1.00,30.00,30.00,tertiary,Phạm Hồng Thái,4,,,road_type_defaults
63818,5444117929,4673510847,16.000,1.920,free_flow,A,1.00,30.00,30.00,tertiary,Lê Lai,4,,,road_type_defaults
63819,4673510847,2527492309,36.000,4.320,free_flow,A,1.00,30.00,30.00,tertiary,Lê Lai,4,,,road_type_defaults
65091,4631143728,746617478,107.000,20.274,severe,E,4.00,40.00,19.00,secondary,Trần Hưng Ðạo,3,2020-12-24,period_15_00,train_los+latest_segment_status
65092,746617478,4631143728,107.000,38.520,gridlock,F,8.00,40.00,10.00,secondary,Trần Hưng Ðạo,3,2021-01-03,period_23_30,train_los+latest_segment_status
65093,746617478,4631738600,8.000,28.800,heavy,D,2.50,40.00,1.00,secondary,Trần Hưng Ðạo,3,2020-08-03,period_0_00,train_los+latest_segment_status
65094,4631738600,746617478,8.000,1.516,heavy,D,2.50,40.00,19.00,secondary,Trần Hưng Ðạo,3,2020-08-03,period_0_00,train_los+latest_segment_status
65153,4879876935,5063700700,6.000,0.432,free_flow,A,1.00,50.00,50.00,primary,Cách Mạng Tháng Tám,2,,,road_type_defaults
65154,5063700700,4879876935,6.000,0.432,free_flow,A,1.00,50.00,50.00,primary,Cách Mạng Tháng Tám,2,,,road_type_defaults
65155,5063700700,5778141550,20.000,1.440,free_flow,A,1.00,50.00,50.00,primary,Cách Mạng Tháng Tám,2,,,road_type_defaults
65156,5778141550,5063700700,20.000,1.440,free_flow,A,1.00,50.00,50.00,primary,Cách Mạng Tháng Tám,2,,,road_type_defaults
68250,5063701325,5778115401,75.000,9.000,free_flow,A,1.00,30.00,30.00,tertiary,Hẻm 322 Hòa Hưng,4,,,road_type_defaults
68251,5778115401,5063701325,75.000,8.710,heavy,D,2.50,30.00,31.00,tertiary,Hẻm 322 Hòa Hưng,4,2020-08-03,period_0_00,train_los+latest_segment_status
68993,4609319428,5320970075,63.000,7.560,free_flow,A,1.00,30.00,30.00,tertiary,Yersin,4,,,road_type_defaults
68994,5320970075,4609319428,63.000,7.560,free_flow,A,1.00,30.00,30.00,tertiary,Yersin,4,,,road_type_defaults
69237,2042473539,2042473366,22.000,2.640,free_flow,A,1.00,30.00,30.00,tertiary,Nguyễn Duy,4,,,road_type_defaults
69238,2042473366,2042473539,22.000,2.640,free_flow,A,1.00,30.00,30.00,tertiary,Nguyễn Duy,4,,,road_type_defaults
69239,2042473366,2042473578,67.000,8.040,free_flow,A,1.00,30.00,30.00,tertiary,Nguyễn Duy,4,,,road_type_defaults
69240,2042473578,2042473366,67.000,8.040,free_flow,A,1.00,30.00,30.00,tertiary,Nguyễn Duy,4,,,road_type_defaults
69241,2042473578,366472422,61.000,7.320,free_flow,A,1.00,30.00,30.00,tertiary,Nguyễn Duy,4,,,road_type_defaults
69242,366472422,2042473578,61.000,7.320,free_flow,A,1.00,30.00,30.00,tertiary,Nguyễn Duy,4,,,road_type_defaults
69243,366472422,2042473322,14.000,1.680,free_flow,A,1.00,30.00,30.00,tertiary,Nguyễn Duy,4,,,road_type_defaults
69244,2042473322,366472422,14.000,1.680,free_flow,A,1.00,30.00,30.00,tertiary,Nguyễn Duy,4,,,road_type_defaults
69245,2042473322,2042473311,45.000,5.400,free_flow,A,1.00,30.00,30.00,tertiary,Nguyễn Duy,4,,,road_type_defaults
69246,2042473311,2042473322,45.000,5.400,free_flow,A,1.00,30.00,30.00,tertiary,Nguyễn Duy,4,,,road_type_defaults
69247,2042473311,366369370,60.000,7.200,free_flow,A,1.00,30.00,30.00,tertiary,Nguyễn Duy,4,,,road_type_defaults
69248,366369370,2042473311,60.000,7.200,free_flow,A,1.00,30.00,30.00,tertiary,Nguyễn Duy,4,,,road_type_defaults
69249,366369370,5802711057,8.000,0.960,free_flow,A,1.00,30.00,30.00,tertiary,Nguyễn Duy,4,,,road_type_defaults
69250,5802711057,366369370,8.000,0.960,free_flow,A,1.00,30.00,30.00,tertiary,Nguyễn Duy,4,,,road_type_defaults
69371,4666207257,4666207256,13.000,1.560,free_flow,A,1.00,30.00,30.00,tertiary,Phạm Hồng Thái,4,,,road_type_defaults
69372,5444117924,4605017103,6.000,0.720,free_flow,A,1.00,30.00,30.00,tertiary,Phạm Hồng Thái,4,,,road_type_defaults
69373,4605017103,5444117924,6.000,0.720,free_flow,A,1.00,30.00,30.00,tertiary,Phạm Hồng Thái,4,,,road_type_defaults
69374,5444117929,5444117928,11.000,1.584,free_flow,A,1.00,25.00,25.00,tertiary_link,Lê Lai,4,,,road_type_defaults
69375,5444117928,5444117929,11.000,1.584,free_flow,A,1.00,25.00,25.00,tertiary_link,Lê Lai,4,,,road_type_defaults
69606,4629703851,4629703854,27.000,1.944,free_flow,A,1.00,50.00,50.00,primary,3 Tháng 2,2,,,road_type_defaults
69607,4629703854,5462344907,92.000,16.560,moderate,C,1.75,50.00,20.00,primary,3 Tháng 2,2,2020-08-03,period_0_00,train_los+latest_segment_status
69608,5462344907,5757841617,6.000,5.400,heavy,D,2.50,50.00,4.00,primary,3 Tháng 2,2,2020-08-03,period_0_00,train_los+latest_segment_status
69609,5757841617,4629703864,133.000,22.800,heavy,D,2.50,50.00,21.00,primary,3 Tháng 2,2,2020-08-03,period_0_00,train_los+latest_segment_status
69610,4629359719,2999030272,50.000,6.207,moderate,C,1.75,50.00,29.00,primary,3 Tháng 2,2,2020-08-03,period_0_00,train_los+latest_segment_status
69611,2999030272,2433653223,33.000,3.712,severe,E,4.00,50.00,32.00,primary,3 Tháng 2,2,2020-08-03,period_0_00,train_los+latest_segment_status
69612,2433653223,2999030270,12.000,1.878,heavy,D,2.50,50.00,23.00,primary,3 Tháng 2,2,2020-08-03,period_0_00,train_los+latest_segment_status
69613,2999030270,4629703859,34.000,8.160,heavy,D,2.50,50.00,15.00,primary,3 Tháng 2,2,2020-08-03,period_0_00,train_los+latest_segment_status
69614,4629703859,4629703855,15.000,27.000,gridlock,F,8.00,50.00,2.00,primary,3 Tháng 2,2,2020-11-26,period_3_00,train_los+latest_segment_status
69615,4629703855,4629359734,3.000,0.327,light,B,1.25,50.00,33.00,primary,3 Tháng 2,2,2020-11-30,period_6_00,train_los+latest_segment_status
69616,4629359734,4629703866,12.000,3.086,severe,E,4.00,50.00,14.00,primary,3 Tháng 2,2,2020-08-03,period_0_00,train_los+latest_segment_status
69617,4629703866,5757739024,81.000,58.320,severe,E,4.00,50.00,5.00,primary,3 Tháng 2,2,2020-08-03,period_0_00,train_los+latest_segment_status
69618,5757739024,5757739022,23.000,13.800,heavy,D,2.50,50.00,6.00,primary,3 Tháng 2,2,2020-08-03,period_0_00,train_los+latest_segment_status
69619,5757739022,4629359733,48.000,17.280,severe,E,4.00,50.00,10.00,primary,3 Tháng 2,2,2020-08-03,period_0_00,train_los+latest_segment_status
69620,4629359719,5462282627,3.000,0.720,heavy,D,2.50,50.00,15.00,primary,Phường 10,2,2020-08-03,period_0_00,train_los+latest_segment_status
69621,5462282627,5462282628,2.000,0.206,moderate,C,1.75,50.00,35.00,primary,Phường 10,2,2020-08-03,period_0_00,train_los+latest_segment_status
69622,5462282628,5462282629,5.000,0.500,severe,E,4.00,50.00,36.00,primary,Phường 10,2,2020-08-03,period_0_00,train_los+latest_segment_status
69623,5462282629,5462282630,2.000,0.240,severe,E,4.00,50.00,30.00,primary,Phường 10,2,2020-08-03,period_0_00,train_los+latest_segment_status
69624,5462282630,5462282631,2.000,0.379,heavy,D,2.50,50.00,19.00,primary,Phường 10,2,2020-08-03,period_0_00,train_los+latest_segment_status
69625,5462282631,2433653213,1.000,0.400,gridlock,F,8.00,50.00,9.00,primary,Đường Lý Thái Tổ,2,2020-12-25,period_10_00,train_los+latest_segment_status
69626,5058499910,2433276952,10.000,3.600,moderate,C,1.75,30.00,10.00,tertiary,Đường Sư Vạn Hạnh,4,2020-08-03,period_0_00,train_los+latest_segment_status
69627,2433276952,5058499910,10.000,0.947,moderate,C,1.75,30.00,38.00,tertiary,Đường Sư Vạn Hạnh,4,2020-08-03,period_0_00,train_los+latest_segment_status
69628,5757841588,4629703864,8.000,3.200,severe,E,4.00,40.00,9.00,primary_link,Đường 3 Tháng 2,3,2020-08-03,period_0_00,train_los+latest_segment_status
69629,4629703863,5757841588,6.000,0.864,severe,E,4.00,40.00,25.00,primary_link,Đường 3 Tháng 2,3,2020-08-03,period_0_00,train_los+latest_segment_status
69630,4629359733,2841264942,25.000,4.286,moderate,C,1.75,50.00,21.00,primary,3 Tháng 2,2,2020-08-03,period_0_00,train_los+latest_segment_status
69631,5462344911,2841264942,13.000,2.229,severe,E,4.00,40.00,21.00,primary_link,Đường 3 Tháng 2,3,2020-08-03,period_0_00,train_los+latest_segment_status
69632,366473383,5462344912,40.000,7.200,heavy,D,2.50,50.00,20.00,primary,Đường 3 Tháng 2,2,2021-01-24,period_7_00,train_los+latest_segment_status
69633,5462344912,5462344911,12.000,8.640,gridlock,F,8.00,40.00,5.00,primary_link,Đường 3 Tháng 2,3,2020-12-20,period_11_30,train_los+latest_segment_status
69634,5462344912,4629359730,57.000,17.100,heavy,D,2.50,50.00,12.00,primary,Đường 3 Tháng 2,2,2020-08-03,period_0_00,train_los+latest_segment_status
69635,2841264942,2433653225,136.000,18.133,heavy,D,2.50,50.00,27.00,primary,3 Tháng 2,2,2020-08-03,period_0_00,train_los+latest_segment_status
69641,5462422179,5462422180,4.000,0.411,severe,E,4.00,40.00,35.00,primary_link,Dạ Nam,3,2020-08-03,period_0_00,train_los+latest_segment_status
69642,5462422180,5462422181,4.000,0.360,free_flow,A,1.00,40.00,40.00,primary_link,Dạ Nam,3,,,road_type_defaults
69669,5462422181,2358141240,3.014,0.271,free_flow,A,1.00,40.00,40.00,primary_link,Dạ Nam,3,,,road_type_defaults
84697,2358141240,5462422182,3.986,0.359,free_flow,A,1.00,40.00,40.00,primary_link,Dạ Nam,3,,,road_type_defaults
69670,5462422182,2358137376,13.930,1.254,free_flow,A,1.00,40.00,40.00,primary_link,Đường Nguyễn Văn Cừ,3,,,road_type_defaults
84698,2358137376,3338019281,8.051,0.725,free_flow,A,1.00,40.00,40.00,primary_link,Đường Nguyễn Văn Cừ,3,,,road_type_defaults
84699,3338019281,5462422183,5.019,0.452,free_flow,A,1.00,40.00,40.00,primary_link,Đường Nguyễn Văn Cừ,3,,,road_type_defaults
69645,5462422183,5462422184,36.000,3.240,free_flow,A,1.00,40.00,40.00,primary_link,Đường Võ Văn Kiệt,3,,,road_type_defaults
69671,5462422184,2358137407,6.900,0.621,free_flow,A,1.00,40.00,40.00,primary_link,Đường Võ Văn Kiệt,3,,,road_type_defaults
84700,2358137407,5462422185,54.100,4.869,free_flow,A,1.00,40.00,40.00,primary_link,Đường Võ Văn Kiệt,3,,,road_type_defaults
69672,5462422185,2358137374,27.157,2.444,free_flow,A,1.00,40.00,40.00,primary_link,Đường Võ Văn Kiệt,3,,,road_type_defaults
84701,2358137374,5462422186,39.843,3.586,free_flow,A,1.00,40.00,40.00,primary_link,Đường Võ Văn Kiệt,3,,,road_type_defaults
69648,5462422186,5462422187,28.000,2.520,free_flow,A,1.00,40.00,40.00,primary_link,Đường Võ Văn Kiệt,3,,,road_type_defaults
69649,5462422187,5462422188,9.000,0.810,free_flow,A,1.00,40.00,40.00,primary_link,Đường Võ Văn Kiệt,3,,,road_type_defaults
69650,5462422188,2358140872,15.000,1.350,free_flow,A,1.00,40.00,40.00,primary_link,Đường Võ Văn Kiệt,3,,,road_type_defaults
69651,5462422189,5462422190,25.000,2.250,free_flow,A,1.00,40.00,40.00,primary_link,Đường Võ Văn Kiệt,3,,,road_type_defaults
69652,5462422190,5462422191,21.000,1.890,free_flow,A,1.00,40.00,40.00,primary_link,Đường Võ Văn Kiệt,3,,,road_type_defaults
69673,5462422191,2358137412,7.183,0.646,free_flow,A,1.00,40.00,40.00,primary_link,Đường Võ Văn Kiệt,3,,,road_type_defaults
84702,2358137412,5462422192,16.817,1.514,free_flow,A,1.00,40.00,40.00,primary_link,Đường Võ Văn Kiệt,3,,,road_type_defaults
69654,5462422192,5462422193,19.000,1.710,free_flow,A,1.00,40.00,40.00,primary_link,Đường Võ Văn Kiệt,3,,,road_type_defaults
69655,5462422193,5462422194,30.000,2.700,free_flow,A,1.00,40.00,40.00,primary_link,Đường Võ Văn Kiệt,3,,,road_type_defaults
69656,5462422194,5462422195,16.000,1.440,free_flow,A,1.00,40.00,40.00,primary_link,Đường Võ Văn Kiệt,3,,,road_type_defaults
69657,5462422195,5462422196,21.000,1.890,free_flow,A,1.00,40.00,40.00,primary_link,Đường Võ Văn Kiệt,3,,,road_type_defaults
69658,5462422196,5462422197,10.000,0.900,free_flow,A,1.00,40.00,40.00,primary_link,Đường Võ Văn Kiệt,3,,,road_type_defaults
69674,5462422197,2358137418,8.519,0.767,free_flow,A,1.00,40.00,40.00,primary_link,Đường Võ Văn Kiệt,3,,,road_type_defaults
84703,2358137418,5462422198,4.481,0.403,free_flow,A,1.00,40.00,40.00,primary_link,Đường Võ Văn Kiệt,3,,,road_type_defaults
69660,5462422198,5462422199,5.000,0.450,free_flow,A,1.00,40.00,40.00,primary_link,Đường Võ Văn Kiệt,3,,,road_type_defaults
69661,5462422199,5462422200,9.000,0.810,free_flow,A,1.00,40.00,40.00,primary_link,Đường Võ Văn Kiệt,3,,,road_type_defaults
69662,5462422200,5462422201,6.000,0.540,free_flow,A,1.00,40.00,40.00,primary_link,Đường Võ Văn Kiệt,3,,,road_type_defaults
69663,5462422201,5462422202,7.000,0.630,free_flow,A,1.00,40.00,40.00,primary_link,Đường Võ Văn Kiệt,3,,,road_type_defaults
69664,5462422202,5462422203,5.000,9.000,gridlock,F,8.00,40.00,2.00,primary_link,Dạ Nam,3,2021-03-15,period_10_30,train_los+latest_segment_status
69665,5462422203,5462422204,13.000,0.429,free_flow,A,1.00,40.00,109.00,primary_link,Dạ Nam,3,2021-03-15,period_10_30,train_los+latest_segment_status
69666,5462422204,5462422205,9.000,0.810,free_flow,A,1.00,40.00,40.00,primary_link,Dạ Nam,3,,,road_type_defaults
69667,5462422206,5462422189,13.000,1.170,free_flow,A,1.00,40.00,40.00,primary_link,Đường Võ Văn Kiệt,3,,,road_type_defaults
69668,5462422207,5462422189,18.000,1.620,free_flow,A,1.00,40.00,40.00,primary_link,Đường Võ Văn Kiệt,3,,,road_type_defaults
70330,5500064101,5500064103,12.000,0.864,free_flow,A,1.00,50.00,50.00,primary,Nguyễn Thái Học,2,,,road_type_defaults
70331,5500064103,5500064102,22.000,1.584,free_flow,A,1.00,50.00,50.00,primary,Nguyễn Thái Học,2,,,road_type_defaults
70332,5500064102,5500064104,62.000,4.464,free_flow,A,1.00,50.00,50.00,primary,Nguyễn Thái Học,2,,,road_type_defaults
70333,5500064104,5500064105,36.000,2.592,free_flow,A,1.00,50.00,50.00,primary,Nguyễn Thái Học,2,,,road_type_defaults
70334,5500064105,5500064106,43.000,3.096,free_flow,A,1.00,50.00,50.00,primary,Nguyễn Thái Học,2,,,road_type_defaults
70335,5444117928,4605016930,138.000,16.560,free_flow,A,1.00,30.00,30.00,tertiary,Phạm Hồng Thái,4,,,road_type_defaults
70412,366478078,5598914624,8.000,0.873,light,B,1.25,30.00,33.00,tertiary,Lê Hồng Phong,4,2021-01-05,period_1_00,train_los+latest_segment_status
70413,5598914624,366466647,178.000,21.360,free_flow,A,1.00,30.00,30.00,tertiary,Lê Hồng Phong,4,,,road_type_defaults
70414,366466647,5598914623,29.000,13.050,gridlock,F,8.00,30.00,8.00,tertiary,Lê Hồng Phong,4,2021-01-03,period_2_00,train_los+latest_segment_status
70415,5598914623,5805831194,28.000,3.360,free_flow,A,1.00,30.00,30.00,tertiary,Lê Hồng Phong,4,,,road_type_defaults
70416,5805831194,5805831191,16.000,1.920,free_flow,A,1.00,30.00,30.00,tertiary,Lê Hồng Phong,4,,,road_type_defaults
70417,5805831191,5598914625,79.000,9.480,free_flow,A,1.00,30.00,30.00,tertiary,Lê Hồng Phong,4,,,road_type_defaults
70418,5598914625,5806315851,23.000,2.760,free_flow,A,1.00,30.00,30.00,tertiary,Lê Hồng Phong,4,,,road_type_defaults
70419,5806315851,366478078,8.000,0.960,free_flow,A,1.00,30.00,30.00,tertiary,Lê Hồng Phong,4,,,road_type_defaults
70420,4614090210,5817378546,10.000,1.200,free_flow,A,1.00,30.00,30.00,tertiary,Lê Hồng Phong,4,,,road_type_defaults
70421,5817378546,5045656679,10.000,1.385,heavy,D,2.50,30.00,26.00,tertiary,Lê Hồng Phong,4,2020-08-03,period_0_00,train_los+latest_segment_status
70422,5045656679,5045656681,19.000,2.012,heavy,D,2.50,30.00,34.00,tertiary,Lê Hồng Phong,4,2020-08-03,period_0_00,train_los+latest_segment_status
70423,5045656681,5045656686,31.000,13.950,heavy,D,2.50,30.00,8.00,tertiary,Lê Hồng Phong,4,2020-08-03,period_0_00,train_los+latest_segment_status
70424,5045656686,5045656696,31.000,2.937,heavy,D,2.50,30.00,38.00,tertiary,Lê Hồng Phong,4,2020-08-03,period_0_00,train_los+latest_segment_status
70425,5045656696,5045656689,26.000,4.457,severe,E,4.00,30.00,21.00,tertiary,Lê Hồng Phong,4,2020-08-03,period_0_00,train_los+latest_segment_status
70426,5045656689,3185762980,22.000,2.829,moderate,C,1.75,30.00,28.00,tertiary,Lê Hồng Phong,4,2020-12-25,period_9_00,train_los+latest_segment_status
70427,3185762980,5045656697,13.000,4.680,severe,E,4.00,30.00,10.00,tertiary,Lê Hồng Phong,4,2020-08-03,period_0_00,train_los+latest_segment_status
70428,5045656697,3342060865,40.000,13.091,moderate,C,1.75,30.00,11.00,tertiary,Lê Hồng Phong,4,2020-08-03,period_0_00,train_los+latest_segment_status
70429,3342060865,366432033,31.000,3.600,heavy,D,2.50,30.00,31.00,tertiary,Lê Hồng Phong,4,2020-08-03,period_0_00,train_los+latest_segment_status
70430,4614090211,5598915314,46.000,16.560,gridlock,F,8.00,30.00,10.00,tertiary,Lê Hồng Phong,4,2021-01-04,period_0_00,train_los+latest_segment_status
70431,5598915314,5598915312,105.000,18.900,moderate,C,1.75,30.00,20.00,tertiary,Lê Hồng Phong,4,2020-08-03,period_0_00,train_los+latest_segment_status
70432,5598915312,5598915315,61.000,12.918,heavy,D,2.50,30.00,17.00,tertiary,Lê Hồng Phong,4,2020-08-03,period_0_00,train_los+latest_segment_status
70433,5598915315,5817378544,14.000,3.360,severe,E,4.00,30.00,15.00,tertiary,Lê Hồng Phong,4,2020-08-03,period_0_00,train_los+latest_segment_status
70434,5817378544,5817378545,0.566,0.060,heavy,D,2.50,30.00,34.00,tertiary,Lê Hồng Phong,4,2020-08-03,period_0_00,train_los+latest_segment_status
70435,5817378545,4614090210,10.000,0.973,heavy,D,2.50,30.00,37.00,tertiary,Lê Hồng Phong,4,2020-08-03,period_0_00,train_los+latest_segment_status
70436,5788927104,5803536180,28.000,4.032,heavy,D,2.50,30.00,25.00,tertiary,Nguyễn Chí Thanh,4,2020-08-03,period_0_00,train_los+latest_segment_status
70437,5803536180,5803536173,51.000,4.832,heavy,D,2.50,30.00,38.00,tertiary,Nguyễn Chí Thanh,4,2020-08-03,period_0_00,train_los+latest_segment_status
70438,5803536173,5788927103,20.000,2.769,heavy,D,2.50,30.00,26.00,tertiary,Nguyễn Chí Thanh,4,2020-08-03,period_0_00,train_los+latest_segment_status
70439,5788927103,5788927102,18.000,2.400,heavy,D,2.50,30.00,27.00,tertiary,Nguyễn Chí Thanh,4,2020-08-03,period_0_00,train_los+latest_segment_status
70440,5788927102,5794857261,38.000,10.523,heavy,D,2.50,30.00,13.00,tertiary,Nguyễn Chí Thanh,4,2020-08-03,period_0_00,train_los+latest_segment_status
70441,5794857261,5788927101,70.000,6.300,severe,E,4.00,30.00,40.00,tertiary,Nguyễn Chí Thanh,4,2020-08-03,period_0_00,train_los+latest_segment_status
70442,5788927101,5788927100,48.000,5.082,heavy,D,2.50,30.00,34.00,tertiary,Nguyễn Chí Thanh,4,2020-08-03,period_0_00,train_los+latest_segment_status
70443,5788927100,5788927099,24.000,2.880,severe,E,4.00,30.00,30.00,tertiary,Nguyễn Chí Thanh,4,2020-08-03,period_0_00,train_los+latest_segment_status
70444,5788927099,5788927098,31.000,2.937,heavy,D,2.50,30.00,38.00,tertiary,Nguyễn Chí Thanh,4,2020-08-03,period_0_00,train_los+latest_segment_status
70445,5788927098,5788927097,125.000,15.000,heavy,D,2.50,30.00,30.00,tertiary,Nguyễn Chí Thanh,4,2020-08-03,period_0_00,train_los+latest_segment_status
70446,5788927097,5794884018,97.000,12.041,heavy,D,2.50,30.00,29.00,tertiary,Nguyễn Chí Thanh,4,2020-08-03,period_0_00,train_los+latest_segment_status
70447,5794884018,5795371715,56.000,12.600,heavy,D,2.50,30.00,16.00,tertiary,Nguyễn Chí Thanh,4,2020-08-03,period_0_00,train_los+latest_segment_status
70448,5795371715,5794854833,6.000,1.029,moderate,C,1.75,30.00,21.00,tertiary,Nguyễn Chí Thanh,4,2020-08-03,period_0_00,train_los+latest_segment_status
70449,5794854833,5794854832,6.000,0.617,moderate,C,1.75,30.00,35.00,tertiary,Nguyễn Chí Thanh,4,2020-08-03,period_0_00,train_los+latest_segment_status
70450,5794854832,5794854834,7.000,8.400,heavy,D,2.50,30.00,3.00,tertiary,Nguyễn Chí Thanh,4,2020-08-03,period_0_00,train_los+latest_segment_status
70451,5794854834,5794884021,3.000,0.675,heavy,D,2.50,30.00,16.00,tertiary,Nguyễn Chí Thanh,4,2020-08-03,period_0_00,train_los+latest_segment_status
70452,5794884021,5598916998,73.000,10.512,severe,E,4.00,30.00,25.00,tertiary,Nguyễn Chí Thanh,4,2020-08-03,period_0_00,train_los+latest_segment_status
70453,5598916998,5598916999,31.000,13.950,gridlock,F,8.00,30.00,8.00,tertiary,Nguyễn Chí Thanh,4,2021-01-03,period_2_00,train_los+latest_segment_status
70454,5598916999,5598917001,21.000,2.800,heavy,D,2.50,30.00,27.00,tertiary,Nguyễn Chí Thanh,4,2020-08-03,period_0_00,train_los+latest_segment_status
70455,5598917001,5598917002,16.000,11.520,moderate,C,1.75,30.00,5.00,tertiary,Nguyễn Chí Thanh,4,2020-08-03,period_0_00,train_los+latest_segment_status
70456,5598917002,5794771153,11.000,1.414,moderate,C,1.75,30.00,28.00,tertiary,Nguyễn Chí Thanh,4,2020-12-24,period_14_00,train_los+latest_segment_status
75023,5778872971,3462993921,22.000,2.640,free_flow,A,1.00,30.00,30.00,tertiary,Nguyễn Phúc Nguyên,4,,,road_type_defaults
75024,3462993921,5778872971,22.000,2.640,free_flow,A,1.00,30.00,30.00,tertiary,Nguyễn Phúc Nguyên,4,,,road_type_defaults
75025,3462993921,411918131,19.000,2.280,free_flow,A,1.00,30.00,30.00,tertiary,Nguyễn Phúc Nguyên,4,,,road_type_defaults
75026,411918131,3462993921,19.000,2.280,free_flow,A,1.00,30.00,30.00,tertiary,Nguyễn Phúc Nguyên,4,,,road_type_defaults
75027,411918131,3462993920,10.000,1.200,free_flow,A,1.00,30.00,30.00,tertiary,Nguyễn Phúc Nguyên,4,,,road_type_defaults
75028,3462993920,411918131,10.000,1.200,free_flow,A,1.00,30.00,30.00,tertiary,Nguyễn Phúc Nguyên,4,,,road_type_defaults
75029,3462993920,411918133,7.000,0.840,free_flow,A,1.00,30.00,30.00,tertiary,Nguyễn Phúc Nguyên,4,,,road_type_defaults
75030,411918133,3462993920,7.000,0.840,free_flow,A,1.00,30.00,30.00,tertiary,Nguyễn Phúc Nguyên,4,,,road_type_defaults
75031,411918133,3462993919,13.000,1.560,free_flow,A,1.00,30.00,30.00,tertiary,Nguyễn Phúc Nguyên,4,,,road_type_defaults
75032,3462993919,411918133,13.000,1.560,free_flow,A,1.00,30.00,30.00,tertiary,Nguyễn Phúc Nguyên,4,,,road_type_defaults
79220,2433653223,5892098006,42.000,16.800,gridlock,F,8.00,30.00,9.00,tertiary,Thành Thái,4,2020-12-24,period_12_30,train_los+latest_segment_status
79221,2999030270,4629703848,17.000,12.240,severe,E,4.00,40.00,5.00,secondary,Thành Thái,3,2020-08-03,period_0_00,train_los+latest_segment_status
79222,4629703851,5462282633,3.000,0.635,severe,E,4.00,50.00,17.00,primary,Phường 10,2,2021-01-03,period_1_30,train_los+latest_segment_status
79223,5462282633,5462282634,3.000,0.327,light,B,1.25,50.00,33.00,primary,Phường 10,2,2020-11-30,period_6_00,train_los+latest_segment_status
79224,5462282634,5462282635,2.000,0.218,heavy,D,2.50,50.00,33.00,primary,Phường 10,2,2020-08-03,period_0_00,train_los+latest_segment_status
79225,5462282635,5462282636,3.000,0.348,moderate,C,1.75,50.00,31.00,primary,Phường 10,2,2020-08-03,period_0_00,train_los+latest_segment_status
79226,5462282636,5462282637,2.000,0.248,severe,E,4.00,50.00,29.00,primary,Phường 10,2,2020-08-03,period_0_00,train_los+latest_segment_status
79227,5462282637,4629359717,3.000,0.337,moderate,C,1.75,50.00,32.00,primary,Phường 10,2,2020-08-03,period_0_00,train_los+latest_segment_status
79228,2433653213,5462282638,1.000,0.200,heavy,D,2.50,50.00,18.00,primary,Đường Lý Thái Tổ,2,2020-08-03,period_0_00,train_los+latest_segment_status
79229,5462282638,5462282639,3.000,1.350,severe,E,4.00,50.00,8.00,primary,Phường 10,2,2020-08-03,period_0_00,train_los+latest_segment_status
79230,5462282639,5462282640,3.000,0.327,light,B,1.25,50.00,33.00,primary,Phường 10,2,2020-12-10,period_11_00,train_los+latest_segment_status
79231,5462282640,5462282632,3.000,0.327,light,B,1.25,50.00,33.00,primary,Phường 10,2,2020-11-30,period_4_30,train_los+latest_segment_status
79232,5462282632,4629703851,2.000,3.600,moderate,C,1.75,50.00,2.00,primary,Đường Lý Thái Tổ,2,2020-08-03,period_0_00,train_los+latest_segment_status
79233,4629359717,5462282641,3.000,5.400,severe,E,4.00,50.00,2.00,primary,Phường 10,2,2020-08-03,period_0_00,train_los+latest_segment_status
79234,5462282641,5462282642,3.000,0.450,severe,E,4.00,50.00,24.00,primary,Phường 10,2,2020-08-03,period_0_00,train_los+latest_segment_status
79235,5462282642,4629359719,2.000,0.257,light,B,1.25,50.00,28.00,primary,Phường 10,2,2020-08-03,period_0_00,train_los+latest_segment_status
79720,5762736906,5762736905,15.000,1.350,free_flow,A,1.00,40.00,40.00,primary_link,Lê Lai,3,,,road_type_defaults
79721,5762736905,5762736906,15.000,1.350,free_flow,A,1.00,40.00,40.00,primary_link,Lê Lai,3,,,road_type_defaults
79722,5762736905,5762736904,8.000,0.720,free_flow,A,1.00,40.00,40.00,primary_link,Lê Lai,3,,,road_type_defaults
79723,5762736904,5762736905,8.000,0.720,free_flow,A,1.00,40.00,40.00,primary_link,Lê Lai,3,,,road_type_defaults
79724,5762736904,5762736903,7.000,0.630,free_flow,A,1.00,40.00,40.00,primary_link,Nguyễn Thị Nghĩa,3,,,road_type_defaults
79725,5762736903,5762736904,7.000,0.630,free_flow,A,1.00,40.00,40.00,primary_link,Nguyễn Thị Nghĩa,3,,,road_type_defaults
79726,5762736903,5762736902,7.000,0.630,free_flow,A,1.00,40.00,40.00,primary_link,Nguyễn Thị Nghĩa,3,,,road_type_defaults
79727,5762736902,5762736903,7.000,0.630,free_flow,A,1.00,40.00,40.00,primary_link,Nguyễn Thị Nghĩa,3,,,road_type_defaults
79732,5762736909,2362579516,6.556,0.590,free_flow,A,1.00,40.00,40.00,primary_link,Lê Lai,3,,,road_type_defaults
84704,2362579516,5762736908,10.444,0.940,free_flow,A,1.00,40.00,40.00,primary_link,Lê Lai,3,,,road_type_defaults
79733,5762736908,2362579516,10.444,0.940,free_flow,A,1.00,40.00,40.00,primary_link,Lê Lai,3,,,road_type_defaults
84705,2362579516,5762736909,6.556,0.590,free_flow,A,1.00,40.00,40.00,primary_link,Lê Lai,3,,,road_type_defaults
79730,5762736908,5762736907,15.000,1.350,free_flow,A,1.00,40.00,40.00,primary_link,Lê Lai,3,,,road_type_defaults
79731,5762736907,5762736908,15.000,1.350,free_flow,A,1.00,40.00,40.00,primary_link,Nguyễn Thị Nghĩa,3,,,road_type_defaults
80042,5763168804,5763168803,14.000,1.260,free_flow,A,1.00,40.00,40.00,primary_link,Nguyễn Thị Minh Khai,3,,,road_type_defaults
80043,5763168803,5763168804,14.000,1.260,free_flow,A,1.00,40.00,40.00,primary_link,Đường Cách Mạng Tháng Tám,3,,,road_type_defaults
80044,5763168803,5763168802,10.000,0.900,free_flow,A,1.00,40.00,40.00,primary_link,Nguyễn Thị Minh Khai,3,,,road_type_defaults
80045,5763168802,5763168803,10.000,0.900,free_flow,A,1.00,40.00,40.00,primary_link,Nguyễn Thị Minh Khai,3,,,road_type_defaults
80046,5763168802,5763168801,15.000,1.350,free_flow,A,1.00,40.00,40.00,primary_link,Đường Cách Mạng Tháng Tám,3,,,road_type_defaults
80047,5763168801,5763168802,15.000,1.350,free_flow,A,1.00,40.00,40.00,primary_link,Nguyễn Thị Minh Khai,3,,,road_type_defaults
80048,5763168801,5763168800,10.000,0.900,free_flow,A,1.00,40.00,40.00,primary_link,Đường Cách Mạng Tháng Tám,3,,,road_type_defaults
80049,5763168800,5763168801,10.000,0.900,free_flow,A,1.00,40.00,40.00,primary_link,Nguyễn Thị Minh Khai,3,,,road_type_defaults
80050,5763168800,5763168799,16.000,1.440,free_flow,A,1.00,40.00,40.00,primary_link,Đường Cách Mạng Tháng Tám,3,,,road_type_defaults
80051,5763168799,5763168800,16.000,1.440,free_flow,A,1.00,40.00,40.00,primary_link,Nguyễn Thị Minh Khai,3,,,road_type_defaults
80771,366463306,5800683734,48.000,5.760,free_flow,A,1.00,30.00,30.00,tertiary,Nguyễn Thị Tần,4,,,road_type_defaults
80772,5800683734,366463306,48.000,5.760,free_flow,A,1.00,30.00,30.00,tertiary,Nguyễn Thị Tần,4,,,road_type_defaults
80773,5800683734,2044487054,56.000,6.720,free_flow,A,1.00,30.00,30.00,tertiary,Nguyễn Thị Tần,4,,,road_type_defaults
80774,2044487054,5800683734,56.000,6.720,free_flow,A,1.00,30.00,30.00,tertiary,Nguyễn Thị Tần,4,,,road_type_defaults
80775,2044487054,5800683732,41.000,4.920,free_flow,A,1.00,30.00,30.00,tertiary,Nguyễn Thị Tần,4,,,road_type_defaults
80776,5800683732,2044487054,41.000,4.920,free_flow,A,1.00,30.00,30.00,tertiary,Nguyễn Thị Tần,4,,,road_type_defaults
80777,5800683732,2044486918,66.000,7.920,free_flow,A,1.00,30.00,30.00,tertiary,Nguyễn Thị Tần,4,,,road_type_defaults
80778,2044486918,5800683732,66.000,7.920,free_flow,A,1.00,30.00,30.00,tertiary,Nguyễn Thị Tần,4,,,road_type_defaults
80779,2044486918,1767760232,34.000,4.080,free_flow,A,1.00,30.00,30.00,tertiary,Nguyễn Thị Tần,4,,,road_type_defaults
80780,1767760232,2044486918,34.000,4.080,free_flow,A,1.00,30.00,30.00,tertiary,Nguyễn Thị Tần,4,,,road_type_defaults
80781,1767760232,2044486134,41.000,4.920,free_flow,A,1.00,30.00,30.00,tertiary,Nguyễn Thị Tần,4,,,road_type_defaults
80782,2044486134,1767760232,41.000,4.920,free_flow,A,1.00,30.00,30.00,tertiary,Nguyễn Thị Tần,4,,,road_type_defaults
80783,2044486134,5800735392,28.000,3.360,free_flow,A,1.00,30.00,30.00,tertiary,Nguyễn Thị Tần,4,,,road_type_defaults
80784,5800735392,2044486134,28.000,3.360,free_flow,A,1.00,30.00,30.00,tertiary,Nguyễn Thị Tần,4,,,road_type_defaults
80785,5800735392,1767760245,6.000,0.720,free_flow,A,1.00,30.00,30.00,tertiary,Nguyễn Thị Tần,4,,,road_type_defaults
80786,1767760245,5800735392,6.000,0.720,free_flow,A,1.00,30.00,30.00,tertiary,Nguyễn Thị Tần,4,,,road_type_defaults
80787,1767760245,5800600028,34.000,4.080,free_flow,A,1.00,30.00,30.00,tertiary,Nguyễn Thị Tần,4,,,road_type_defaults
80788,5800600028,1767760245,34.000,4.080,free_flow,A,1.00,30.00,30.00,tertiary,Nguyễn Thị Tần,4,,,road_type_defaults
80789,5800600028,2044486235,47.000,5.640,free_flow,A,1.00,30.00,30.00,tertiary,Nguyễn Thị Tần,4,,,road_type_defaults
80790,2044486235,5800600028,47.000,5.640,free_flow,A,1.00,30.00,30.00,tertiary,Nguyễn Thị Tần,4,,,road_type_defaults
80791,2044486235,1767760199,20.000,2.400,free_flow,A,1.00,30.00,30.00,tertiary,Nguyễn Thị Tần,4,,,road_type_defaults
80792,1767760199,2044486235,20.000,2.400,free_flow,A,1.00,30.00,30.00,tertiary,Nguyễn Thị Tần,4,,,road_type_defaults
80793,1767760199,1767760265,9.000,1.080,free_flow,A,1.00,30.00,30.00,tertiary,Nguyễn Thị Tần,4,,,road_type_defaults
80794,1767760265,1767760199,9.000,1.080,free_flow,A,1.00,30.00,30.00,tertiary,Nguyễn Thị Tần,4,,,road_type_defaults
80795,1767760265,366399988,18.000,2.160,free_flow,A,1.00,30.00,30.00,tertiary,Nguyễn Thị Tần,4,,,road_type_defaults
80796,366399988,1767760265,18.000,2.160,free_flow,A,1.00,30.00,30.00,tertiary,Nguyễn Thị Tần,4,,,road_type_defaults
80797,366378659,734894528,22.000,2.640,free_flow,A,1.00,30.00,30.00,tertiary,Nguyễn Biểu,4,,,road_type_defaults
80798,734894528,366378659,22.000,2.640,free_flow,A,1.00,30.00,30.00,tertiary,Nguyễn Biểu,4,,,road_type_defaults
81263,4594790872,5772502945,21.000,1.512,free_flow,A,1.00,50.00,50.00,primary,Nguyễn Thái Học,2,,,road_type_defaults
81264,5772502945,2305201707,7.000,0.504,free_flow,A,1.00,50.00,50.00,primary,Nguyễn Thái Học,2,,,road_type_defaults
81265,1996654158,1996655823,73.000,5.256,free_flow,A,1.00,50.00,50.00,primary,Võ Văn Kiệt,2,,,road_type_defaults
81266,1996655823,5772092917,4.000,0.288,free_flow,A,1.00,50.00,50.00,primary,Võ Văn Kiệt,2,,,road_type_defaults
81267,5772092917,3338020342,6.000,0.432,free_flow,A,1.00,50.00,50.00,primary,Võ Văn Kiệt,2,,,road_type_defaults
81732,5772502923,2032267337,6.000,0.720,free_flow,A,1.00,30.00,30.00,tertiary,Khánh Hội,4,,,road_type_defaults
81733,5772502924,5772502923,6.000,0.720,free_flow,A,1.00,30.00,30.00,tertiary,Đường Khánh Hội,4,,,road_type_defaults
81734,5772502925,366408252,5.000,0.360,free_flow,A,1.00,50.00,50.00,primary,Đường Hoàng Diệu,2,,,road_type_defaults
81735,366408252,5772502924,8.000,0.576,free_flow,A,1.00,50.00,50.00,primary,Đường Khánh Hội,2,,,road_type_defaults
81816,5778272142,5778272141,4.000,0.600,heavy,D,2.50,30.00,24.00,unclassified,Đường số 41,4,2021-04-22,period_1_30,train_los+latest_segment_status
81817,5778272141,5778272140,28.000,3.360,free_flow,A,1.00,30.00,30.00,unclassified,Đường số 41,4,,,road_type_defaults
81818,5778272140,5778272139,25.000,3.000,free_flow,A,1.00,30.00,30.00,unclassified,Đường số 41,4,,,road_type_defaults
81819,5778272139,5778272138,69.000,8.280,free_flow,A,1.00,30.00,30.00,unclassified,Đường số 41,4,,,road_type_defaults
81820,5778272138,5778272129,161.000,19.320,free_flow,A,1.00,30.00,30.00,unclassified,Đường số 41,4,,,road_type_defaults
81830,411919149,5763263828,44.000,5.280,free_flow,A,1.00,30.00,30.00,unclassified,Hồ Xuân Hương,4,,,road_type_defaults
81831,5763263828,411919149,44.000,5.280,free_flow,A,1.00,30.00,30.00,unclassified,Hồ Xuân Hương,4,,,road_type_defaults
81832,5763263828,411926493,55.000,6.600,free_flow,A,1.00,30.00,30.00,unclassified,Hồ Xuân Hương,4,,,road_type_defaults
81833,411926493,5763263828,55.000,24.750,gridlock,F,8.00,30.00,8.00,unclassified,Hồ Xuân Hương,4,2020-11-20,period_2_00,train_los+latest_segment_status
81834,411926493,2393615146,6.000,0.720,free_flow,A,1.00,30.00,30.00,unclassified,Hồ Xuân Hương,4,,,road_type_defaults
81835,2393615146,411926493,6.000,0.720,free_flow,A,1.00,30.00,30.00,unclassified,Hồ Xuân Hương,4,,,road_type_defaults
82221,5780758075,5780783992,10.000,0.900,free_flow,A,1.00,40.00,40.00,primary_link,Đường Nguyễn Văn Cừ,3,,,road_type_defaults
82222,5780783992,5780758075,10.000,0.900,free_flow,A,1.00,40.00,40.00,primary_link,Nguyễn Văn Cừ,3,,,road_type_defaults
82429,5794771153,5794770948,41.000,4.920,free_flow,A,1.00,30.00,30.00,tertiary,Đường Nguyễn Chí Thanh,4,,,road_type_defaults
82430,5794770948,5794770944,81.000,58.320,gridlock,F,8.00,30.00,5.00,tertiary,Đường Nguyễn Chí Thanh,4,2021-01-03,period_2_00,train_los+latest_segment_status
82431,5794770944,5794770949,8.000,1.516,severe,E,4.00,30.00,19.00,tertiary,Đường Nguyễn Chí Thanh,4,2020-12-24,period_14_00,train_los+latest_segment_status
82432,5794770949,5794770945,52.000,9.853,severe,E,4.00,30.00,19.00,tertiary,Đường Nguyễn Chí Thanh,4,2020-08-03,period_0_00,train_los+latest_segment_status
82433,5794770945,5794770950,21.000,2.607,moderate,C,1.75,30.00,29.00,tertiary,Đường Nguyễn Chí Thanh,4,2020-12-24,period_14_00,train_los+latest_segment_status
82434,5794770950,5794770946,25.000,3.600,moderate,C,1.75,30.00,25.00,tertiary,Đường Nguyễn Chí Thanh,4,2020-12-24,period_14_00,train_los+latest_segment_status
82435,5794770946,5794770951,70.000,8.129,light,B,1.25,30.00,31.00,tertiary,Đường Nguyễn Chí Thanh,4,2021-01-03,period_2_00,train_los+latest_segment_status
82436,5794770951,5794770947,55.000,24.750,gridlock,F,8.00,30.00,8.00,tertiary,Đường Nguyễn Chí Thanh,4,2021-01-03,period_2_00,train_los+latest_segment_status
82437,5794770947,5794770952,35.000,4.846,moderate,C,1.75,30.00,26.00,tertiary,Đường Nguyễn Chí Thanh,4,2020-12-24,period_14_00,train_los+latest_segment_status
82438,5794770952,4621933725,66.000,237.600,severe,E,4.00,30.00,1.00,tertiary,Đường Nguyễn Chí Thanh,4,2020-08-03,period_0_00,train_los+latest_segment_status
82439,5794854832,5794854831,15.000,2.000,moderate,C,1.75,30.00,27.00,tertiary,Đường Hùng Vương,4,2021-01-03,period_2_00,train_los+latest_segment_status
82440,5794854831,5794854832,15.000,1.636,heavy,D,2.50,30.00,33.00,tertiary,Đường Nguyễn Chí Thanh,4,2020-08-03,period_0_00,train_los+latest_segment_status
82441,5794884018,5794884017,8.000,1.600,moderate,C,1.75,40.00,18.00,primary_link,Đường Nguyễn Chí Thanh,3,2020-08-03,period_0_00,train_los+latest_segment_status
82442,5794884017,5794884016,5.000,0.562,heavy,D,2.50,40.00,32.00,primary_link,Đường Nguyễn Chí Thanh,3,2020-08-03,period_0_00,train_los+latest_segment_status
82443,5794884016,5794884015,5.000,0.947,severe,E,4.00,40.00,19.00,primary_link,Đường Hùng Vương,3,2020-08-03,period_0_00,train_los+latest_segment_status
82444,5794884015,5802993753,2.000,0.327,severe,E,4.00,40.00,22.00,primary_link,Đường Hùng Vương,3,2020-08-03,period_0_00,train_los+latest_segment_status
82445,5802993753,5802993754,1.000,0.138,heavy,D,2.50,40.00,26.00,primary_link,Đường Hùng Vương,3,2020-08-03,period_0_00,train_los+latest_segment_status
82446,5802993754,5794884014,6.000,3.600,heavy,D,2.50,40.00,6.00,primary_link,Đường Hùng Vương,3,2020-08-03,period_0_00,train_los+latest_segment_status
82457,5795188301,5795188300,5.000,0.450,free_flow,A,1.00,40.00,40.00,primary_link,Trần Hưng Ðạo,3,,,road_type_defaults
83055,4602705518,5813691623,9.000,1.080,free_flow,A,1.00,30.00,30.00,tertiary,Trần Xuân Soạn,4,,,road_type_defaults
83056,5813691623,4602705518,9.000,1.080,free_flow,A,1.00,30.00,30.00,tertiary,Trần Xuân Soạn,4,,,road_type_defaults
83057,5813691623,5813691646,108.000,12.960,free_flow,A,1.00,30.00,30.00,tertiary,Trần Xuân Soạn,4,,,road_type_defaults
83058,5813691646,5813691623,108.000,12.960,free_flow,A,1.00,30.00,30.00,tertiary,Phạm Thế Hiển,4,,,road_type_defaults
83059,5813691646,4602703726,6.000,0.745,moderate,C,1.75,30.00,29.00,tertiary,cầu Rạch Ông,4,2020-12-25,period_9_00,train_los+latest_segment_status
83060,4602703726,5813691646,6.000,0.720,free_flow,A,1.00,30.00,30.00,tertiary,cầu Rạch Ông,4,,,road_type_defaults
83065,5802590355,3171528314,45.000,3.240,free_flow,A,1.00,50.00,50.00,tertiary,Phạm Thế Hiển,4,,,road_type_defaults
83066,3171528314,5802590355,45.000,3.240,free_flow,A,1.00,50.00,50.00,tertiary,Phạm Thế Hiển,4,,,road_type_defaults
83067,3171528314,366461307,75.000,5.400,free_flow,A,1.00,50.00,50.00,tertiary,Phạm Thế Hiển,4,,,road_type_defaults
83068,366461307,3171528314,75.000,5.400,free_flow,A,1.00,50.00,50.00,tertiary,Phạm Thế Hiển,4,,,road_type_defaults
83069,366461307,366384833,149.000,10.728,free_flow,A,1.00,50.00,50.00,tertiary,Phạm Thế Hiển,4,,,road_type_defaults
83070,366384833,366461307,149.000,10.728,free_flow,A,1.00,50.00,50.00,tertiary,Phạm Thế Hiển,4,,,road_type_defaults
83071,366384833,5802590407,186.000,13.392,free_flow,A,1.00,50.00,50.00,tertiary,Phạm Thế Hiển,4,,,road_type_defaults
83072,5802590407,366384833,186.000,13.392,free_flow,A,1.00,50.00,50.00,tertiary,Phạm Thế Hiển,4,,,road_type_defaults
83073,5802590407,383552887,11.000,0.792,free_flow,A,1.00,50.00,50.00,tertiary,Phạm Thế Hiển,4,,,road_type_defaults
83074,383552887,5802590407,11.000,0.792,free_flow,A,1.00,50.00,50.00,tertiary,Phạm Thế Hiển,4,,,road_type_defaults
83075,383552886,3171528312,40.000,4.800,free_flow,A,1.00,30.00,30.00,tertiary,Phạm Thế Hiển,4,,,road_type_defaults
83076,3171528312,383552886,40.000,4.800,free_flow,A,1.00,30.00,30.00,tertiary,Phạm Thế Hiển,4,,,road_type_defaults
83077,3171528312,366427573,15.000,1.800,free_flow,A,1.00,30.00,30.00,tertiary,Phạm Thế Hiển,4,,,road_type_defaults
83078,366427573,3171528312,15.000,1.800,free_flow,A,1.00,30.00,30.00,tertiary,Phạm Thế Hiển,4,,,road_type_defaults
83079,366427573,366383949,96.000,11.520,free_flow,A,1.00,30.00,30.00,tertiary,Phạm Thế Hiển,4,,,road_type_defaults
83080,366383949,366427573,96.000,11.520,free_flow,A,1.00,30.00,30.00,tertiary,Phạm Thế Hiển,4,,,road_type_defaults
83081,366383949,2044486696,40.000,4.800,free_flow,A,1.00,30.00,30.00,tertiary,Phạm Thế Hiển,4,,,road_type_defaults
83082,2044486696,366383949,40.000,4.800,free_flow,A,1.00,30.00,30.00,tertiary,Phạm Thế Hiển,4,,,road_type_defaults
83211,1997154501,366478078,14.000,1.680,free_flow,A,1.00,30.00,30.00,tertiary,Lê Hồng Phong,4,,,road_type_defaults
83212,366478078,1997154501,14.000,1.680,free_flow,A,1.00,30.00,30.00,tertiary,Lê Hồng Phong,4,,,road_type_defaults
83540,2358144748,5817378552,267.000,19.224,free_flow,A,1.00,50.00,50.00,secondary,Võ Văn Kiệt,3,,,road_type_defaults
83541,5817378552,2358144750,18.000,1.296,free_flow,A,1.00,50.00,50.00,secondary,Võ Văn Kiệt,3,,,road_type_defaults
83542,2358144750,4609356100,39.000,2.808,free_flow,A,1.00,50.00,50.00,secondary,Võ Văn Kiệt,3,,,road_type_defaults
83543,4609356100,4609356101,33.000,2.376,free_flow,A,1.00,50.00,50.00,secondary,Võ Văn Kiệt,3,,,road_type_defaults
83544,4609356101,4609356068,35.000,2.520,free_flow,A,1.00,50.00,50.00,secondary,Võ Văn Kiệt,3,,,road_type_defaults
83545,4609356068,4609356069,34.000,2.448,free_flow,A,1.00,50.00,50.00,secondary,Võ Văn Kiệt,3,,,road_type_defaults
83546,4609356069,1996745085,38.000,2.736,free_flow,A,1.00,50.00,50.00,secondary,Võ Văn Kiệt,3,,,road_type_defaults
83547,1996745085,4609356070,7.000,0.504,free_flow,A,1.00,50.00,50.00,secondary,Võ Văn Kiệt,3,,,road_type_defaults
83548,4609356070,4609356091,20.000,1.440,free_flow,A,1.00,50.00,50.00,secondary,Võ Văn Kiệt,3,,,road_type_defaults
83549,4609356091,4609356093,59.000,4.248,free_flow,A,1.00,50.00,50.00,secondary,Võ Văn Kiệt,3,,,road_type_defaults
83550,4609356093,2358137409,85.000,6.120,free_flow,A,1.00,50.00,50.00,secondary,Võ Văn Kiệt,3,,,road_type_defaults
83551,2358137409,4609356086,35.000,2.520,free_flow,A,1.00,50.00,50.00,secondary,Võ Văn Kiệt,3,,,road_type_defaults
83552,4609356086,2358137380,22.000,1.584,free_flow,A,1.00,50.00,50.00,secondary,Võ Văn Kiệt,3,,,road_type_defaults
83553,2358137380,4611905373,20.000,1.440,free_flow,A,1.00,50.00,50.00,secondary,Võ Văn Kiệt,3,,,road_type_defaults
83554,4611905373,2358137429,19.000,1.368,free_flow,A,1.00,50.00,50.00,secondary,Võ Văn Kiệt,3,,,road_type_defaults
83555,2358137429,4611905372,24.000,1.728,free_flow,A,1.00,50.00,50.00,secondary,Võ Văn Kiệt,3,,,road_type_defaults
83556,4611905372,2358137393,25.000,1.800,free_flow,A,1.00,50.00,50.00,secondary,Võ Văn Kiệt,3,,,road_type_defaults
83557,2358137393,4671747213,26.000,1.872,free_flow,A,1.00,50.00,50.00,secondary,Võ Văn Kiệt,3,,,road_type_defaults
83558,4671747213,4671747211,22.000,1.584,free_flow,A,1.00,50.00,50.00,secondary,Võ Văn Kiệt,3,,,road_type_defaults
83559,4671747211,5813971161,12.000,0.864,free_flow,A,1.00,50.00,50.00,secondary,Võ Văn Kiệt,3,,,road_type_defaults
83560,5813971161,4671747212,12.000,0.864,free_flow,A,1.00,50.00,50.00,secondary,Võ Văn Kiệt,3,,,road_type_defaults
83561,4671747212,2358137400,23.000,1.656,free_flow,A,1.00,50.00,50.00,secondary,Võ Văn Kiệt,3,,,road_type_defaults
83562,1996655730,1996654196,30.000,2.160,free_flow,A,1.00,50.00,50.00,primary,Võ Văn Kiệt,2,,,road_type_defaults
83563,1996654196,1996655306,18.000,1.296,free_flow,A,1.00,50.00,50.00,primary,Võ Văn Kiệt,2,,,road_type_defaults
83761,411917839,2663926522,190.000,22.800,free_flow,A,1.00,30.00,30.00,tertiary,Hàm Nghi,4,,,road_type_defaults
83762,2663926522,2034589355,17.000,2.040,free_flow,A,1.00,30.00,30.00,tertiary,Hàm Nghi,4,,,road_type_defaults
83769,2032267132,2032267447,188.000,16.920,free_flow,A,1.00,40.00,40.00,secondary,Hàm Nghi,3,,,road_type_defaults
83770,2032267447,2034589355,18.000,1.620,free_flow,A,1.00,40.00,40.00,secondary,Hàm Nghi,3,,,road_type_defaults
83781,1996655282,2666742985,26.000,1.560,free_flow,A,1.00,60.00,60.00,trunk,Võ Văn Kiệt,1,,,road_type_defaults
83782,2666742985,2666742987,14.000,0.840,free_flow,A,1.00,60.00,60.00,trunk,Võ Văn Kiệt,1,,,road_type_defaults
83783,2666742987,706286142,12.000,0.720,free_flow,A,1.00,60.00,60.00,trunk,Võ Văn Kiệt,1,,,road_type_defaults
83784,706286142,1996655493,36.000,2.160,free_flow,A,1.00,60.00,60.00,trunk,Võ Văn Kiệt,1,,,road_type_defaults
83785,1996655493,2380787702,22.000,1.320,free_flow,A,1.00,60.00,60.00,trunk,Võ Văn Kiệt,1,,,road_type_defaults
83786,2380787702,706286144,23.000,1.380,free_flow,A,1.00,60.00,60.00,trunk,Võ Văn Kiệt,1,,,road_type_defaults
83787,706286144,1998452765,38.000,2.280,free_flow,A,1.00,60.00,60.00,trunk,Võ Văn Kiệt,1,,,road_type_defaults
83788,1998452765,1998452776,80.000,4.800,free_flow,A,1.00,60.00,60.00,trunk,Võ Văn Kiệt,1,,,road_type_defaults
83792,2666742983,3181281947,38.000,2.280,free_flow,A,1.00,60.00,60.00,trunk,Võ Văn Kiệt,1,,,road_type_defaults
83793,3181281947,1996655858,53.000,3.180,free_flow,A,1.00,60.00,60.00,trunk,Võ Văn Kiệt,1,,,road_type_defaults
83794,1996655858,411918804,106.000,6.360,free_flow,A,1.00,60.00,60.00,trunk,Võ Văn Kiệt,1,,,road_type_defaults
83795,411918804,3338020323,28.000,1.680,free_flow,A,1.00,60.00,60.00,trunk,Võ Văn Kiệt,1,,,road_type_defaults
83796,3338020323,411918802,14.000,0.840,free_flow,A,1.00,60.00,60.00,trunk,Võ Văn Kiệt,1,,,road_type_defaults
83797,411918802,3338020311,22.000,1.320,free_flow,A,1.00,60.00,60.00,trunk,Võ Văn Kiệt,1,,,road_type_defaults
83798,3338020311,1996654360,10.000,0.600,free_flow,A,1.00,60.00,60.00,trunk,Võ Văn Kiệt,1,,,road_type_defaults
83799,1996654360,1996654700,15.000,0.900,free_flow,A,1.00,60.00,60.00,trunk,Võ Văn Kiệt,1,,,road_type_defaults
83800,1996654700,1996745885,18.000,1.080,free_flow,A,1.00,60.00,60.00,trunk,Võ Văn Kiệt,1,,,road_type_defaults
83801,1996745885,5781158296,2.000,0.120,free_flow,A,1.00,60.00,60.00,trunk,Võ Văn Kiệt,1,,,road_type_defaults
83802,5781158296,411918790,34.000,2.040,free_flow,A,1.00,60.00,60.00,trunk,Võ Văn Kiệt,1,,,road_type_defaults
83803,411918790,411924573,72.000,4.320,free_flow,A,1.00,60.00,60.00,trunk,Võ Văn Kiệt,1,,,road_type_defaults
83804,411924573,411918795,49.000,2.940,free_flow,A,1.00,60.00,60.00,trunk,Võ Văn Kiệt,1,,,road_type_defaults
83805,411918795,1998504427,44.000,2.640,free_flow,A,1.00,60.00,60.00,trunk,Võ Văn Kiệt,1,,,road_type_defaults
83806,1998504427,411918677,46.000,2.760,free_flow,A,1.00,60.00,60.00,trunk,Võ Văn Kiệt,1,,,road_type_defaults
83807,411918677,1996655135,143.000,8.580,free_flow,A,1.00,60.00,60.00,trunk,Võ Văn Kiệt,1,,,road_type_defaults
83808,1996655135,3181281951,8.000,0.480,free_flow,A,1.00,60.00,60.00,trunk,Võ Văn Kiệt,1,,,road_type_defaults
83809,3181281951,1996654479,31.000,1.860,free_flow,A,1.00,60.00,60.00,trunk,Võ Văn Kiệt,1,,,road_type_defaults
83810,1996654479,1996655082,52.000,3.120,free_flow,A,1.00,60.00,60.00,trunk,Võ Văn Kiệt,1,,,road_type_defaults
83811,1996655082,1996654227,39.000,2.340,free_flow,A,1.00,60.00,60.00,trunk,Võ Văn Kiệt,1,,,road_type_defaults
83812,1996654227,1996655706,47.000,2.820,free_flow,A,1.00,60.00,60.00,trunk,Võ Văn Kiệt,1,,,road_type_defaults
83813,1996655706,411926094,142.000,8.520,free_flow,A,1.00,60.00,60.00,trunk,Võ Văn Kiệt,1,,,road_type_defaults
83814,411926094,411926072,113.000,18.491,severe,E,4.00,60.00,22.00,trunk,Võ Văn Kiệt,1,2020-11-27,period_11_00,train_los+latest_segment_status
83815,411926072,3181281954,36.000,2.160,free_flow,A,1.00,60.00,60.00,trunk,Võ Văn Kiệt,1,,,road_type_defaults
83816,3181281954,411925154,47.000,21.150,gridlock,F,8.00,60.00,8.00,trunk,Võ Văn Kiệt,1,2020-11-27,period_13_30,train_los+latest_segment_status
83817,411925154,411926284,32.000,12.800,gridlock,F,8.00,60.00,9.00,trunk,Võ Văn Kiệt,1,2020-11-27,period_13_30,train_los+latest_segment_status
83818,411926284,411926073,47.000,2.820,free_flow,A,1.00,60.00,60.00,trunk,Võ Văn Kiệt,1,,,road_type_defaults
83819,411926073,411925182,55.000,3.300,free_flow,A,1.00,60.00,60.00,trunk,Võ Văn Kiệt,1,,,road_type_defaults
83820,411925182,411921412,99.000,5.940,free_flow,A,1.00,60.00,60.00,trunk,Võ Văn Kiệt,1,,,road_type_defaults
83821,411921412,411918967,31.000,1.860,free_flow,A,1.00,60.00,60.00,trunk,Võ Văn Kiệt,1,,,road_type_defaults
83822,411918967,411922406,34.000,2.040,free_flow,A,1.00,60.00,60.00,trunk,Võ Văn Kiệt,1,,,road_type_defaults
83823,411922406,411921434,30.000,1.800,free_flow,A,1.00,60.00,60.00,trunk,Võ Văn Kiệt,1,,,road_type_defaults
83824,411921434,411925666,24.000,1.440,free_flow,A,1.00,60.00,60.00,trunk,Võ Văn Kiệt,1,,,road_type_defaults
83825,411925666,411926130,35.000,2.100,free_flow,A,1.00,60.00,60.00,trunk,Võ Văn Kiệt,1,,,road_type_defaults
83826,411926130,411926131,38.000,2.280,free_flow,A,1.00,60.00,60.00,trunk,Võ Văn Kiệt,1,,,road_type_defaults
83827,411926131,411924335,43.000,2.580,free_flow,A,1.00,60.00,60.00,trunk,Võ Văn Kiệt,1,,,road_type_defaults
83828,411924335,411926081,33.000,1.980,free_flow,A,1.00,60.00,60.00,trunk,Võ Văn Kiệt,1,,,road_type_defaults
83829,411926081,411926083,116.000,6.960,free_flow,A,1.00,60.00,60.00,trunk,Võ Văn Kiệt,1,,,road_type_defaults
83830,411926083,411926082,18.000,1.080,free_flow,A,1.00,60.00,60.00,trunk,Võ Văn Kiệt,1,,,road_type_defaults
83831,411926082,411918673,22.000,1.320,free_flow,A,1.00,60.00,60.00,trunk,Võ Văn Kiệt,1,,,road_type_defaults
83832,411918673,411926092,19.000,1.140,free_flow,A,1.00,60.00,60.00,trunk,Võ Văn Kiệt,1,,,road_type_defaults
83833,411926092,3338020095,21.000,1.260,free_flow,A,1.00,60.00,60.00,trunk,Võ Văn Kiệt,1,,,road_type_defaults
83834,3338020095,1767760231,14.000,0.840,free_flow,A,1.00,60.00,60.00,trunk,Võ Văn Kiệt,1,,,road_type_defaults
83918,1767760231,4594811181,17.977,1.079,free_flow,A,1.00,60.00,60.00,trunk,Võ Văn Kiệt,1,,,road_type_defaults
84706,4594811181,1767760234,3.023,0.181,free_flow,A,1.00,60.00,60.00,trunk,Võ Văn Kiệt,1,,,road_type_defaults
83836,1767760234,366420375,11.000,0.660,free_flow,A,1.00,60.00,60.00,trunk,Võ Văn Kiệt,1,,,road_type_defaults
83837,366420375,1996654952,18.000,1.080,free_flow,A,1.00,60.00,60.00,trunk,Võ Văn Kiệt,1,,,road_type_defaults
83838,1996654952,3181281955,22.000,1.320,free_flow,A,1.00,60.00,60.00,trunk,Võ Văn Kiệt,1,,,road_type_defaults
83839,3181281955,1996654379,19.000,1.140,free_flow,A,1.00,60.00,60.00,trunk,Võ Văn Kiệt,1,,,road_type_defaults
83840,1996654379,1793489521,22.000,1.320,free_flow,A,1.00,60.00,60.00,trunk,Võ Văn Kiệt,1,,,road_type_defaults
83841,1793489521,1996745654,32.000,1.920,free_flow,A,1.00,60.00,60.00,trunk,Võ Văn Kiệt,1,,,road_type_defaults
83842,1996745654,1996655862,24.000,1.440,free_flow,A,1.00,60.00,60.00,trunk,Võ Văn Kiệt,1,,,road_type_defaults
83843,1996655862,366474182,30.000,1.800,free_flow,A,1.00,60.00,60.00,trunk,Võ Văn Kiệt,1,,,road_type_defaults
83844,366474182,5813779727,31.000,1.860,free_flow,A,1.00,60.00,60.00,trunk,Võ Văn Kiệt,1,,,road_type_defaults
83845,5813779727,5813779726,23.000,1.380,free_flow,A,1.00,60.00,60.00,trunk,Võ Văn Kiệt,1,,,road_type_defaults
83846,5813779726,1996654083,22.000,1.320,free_flow,A,1.00,60.00,60.00,trunk,Võ Văn Kiệt,1,,,road_type_defaults
83847,1996654083,3338019239,39.000,2.340,free_flow,A,1.00,60.00,60.00,trunk,Võ Văn Kiệt,1,,,road_type_defaults
83848,3338019239,366467765,17.000,1.020,free_flow,A,1.00,60.00,60.00,trunk,Võ Văn Kiệt,1,,,road_type_defaults
83849,366467765,366370918,20.000,1.200,free_flow,A,1.00,60.00,60.00,trunk,Võ Văn Kiệt,1,,,road_type_defaults
83850,366370918,3338019235,9.000,0.540,free_flow,A,1.00,60.00,60.00,trunk,Võ Văn Kiệt,1,,,road_type_defaults
83851,3338019235,3338019233,14.000,0.840,free_flow,A,1.00,60.00,60.00,trunk,Võ Văn Kiệt,1,,,road_type_defaults
83852,3338019233,366421082,15.000,0.900,free_flow,A,1.00,60.00,60.00,trunk,Võ Văn Kiệt,1,,,road_type_defaults
83853,366421082,3338019234,10.000,0.600,free_flow,A,1.00,60.00,60.00,trunk,Võ Văn Kiệt,1,,,road_type_defaults
83854,3338019234,366462285,11.000,0.660,free_flow,A,1.00,60.00,60.00,trunk,Võ Văn Kiệt,1,,,road_type_defaults
83855,366462285,366419587,25.000,1.500,free_flow,A,1.00,60.00,60.00,trunk,Võ Văn Kiệt,1,,,road_type_defaults
83856,366419587,1996745539,23.000,1.380,free_flow,A,1.00,60.00,60.00,trunk,Võ Văn Kiệt,1,,,road_type_defaults
83857,1996745539,366471529,20.000,1.200,free_flow,A,1.00,60.00,60.00,trunk,Võ Văn Kiệt,1,,,road_type_defaults
83858,366471529,3181281957,17.000,1.020,free_flow,A,1.00,60.00,60.00,trunk,Võ Văn Kiệt,1,,,road_type_defaults
83859,3181281957,366381041,70.000,4.200,free_flow,A,1.00,60.00,60.00,trunk,Võ Văn Kiệt,1,,,road_type_defaults
83860,366381041,366423076,42.000,2.520,free_flow,A,1.00,60.00,60.00,trunk,Võ Văn Kiệt,1,,,road_type_defaults
83861,366423076,366434618,25.000,1.500,free_flow,A,1.00,60.00,60.00,trunk,Võ Văn Kiệt,1,,,road_type_defaults
83862,366434618,366450466,42.000,2.520,free_flow,A,1.00,60.00,60.00,trunk,Võ Văn Kiệt,1,,,road_type_defaults
83863,366450466,366439950,40.000,2.400,free_flow,A,1.00,60.00,60.00,trunk,Võ Văn Kiệt,1,,,road_type_defaults
83864,366439950,1996745894,32.000,1.920,free_flow,A,1.00,60.00,60.00,trunk,Võ Văn Kiệt,1,,,road_type_defaults
83865,1996745894,366426558,38.000,2.280,free_flow,A,1.00,60.00,60.00,trunk,Võ Văn Kiệt,1,,,road_type_defaults
83866,366426558,366378249,46.000,2.760,free_flow,A,1.00,60.00,60.00,trunk,Võ Văn Kiệt,1,,,road_type_defaults
83867,366378249,2327219045,22.000,1.320,free_flow,A,1.00,60.00,60.00,trunk,Võ Văn Kiệt,1,,,road_type_defaults
83868,2327219045,366462809,32.000,1.920,free_flow,A,1.00,60.00,60.00,trunk,Võ Văn Kiệt,1,,,road_type_defaults
83869,366462809,366468819,62.000,3.720,free_flow,A,1.00,60.00,60.00,trunk,Võ Văn Kiệt,1,,,road_type_defaults
83870,366468819,1996654305,35.000,2.100,free_flow,A,1.00,60.00,60.00,trunk,Võ Văn Kiệt,1,,,road_type_defaults
83871,1996654305,3181281959,9.000,0.540,free_flow,A,1.00,60.00,60.00,trunk,Võ Văn Kiệt,1,,,road_type_defaults
83872,3181281959,366376295,33.000,1.980,free_flow,A,1.00,60.00,60.00,trunk,Võ Văn Kiệt,1,,,road_type_defaults
83873,366376295,925113584,32.000,1.920,free_flow,A,1.00,60.00,60.00,trunk,Võ Văn Kiệt,1,,,road_type_defaults
83874,925113584,1996654902,46.000,2.760,free_flow,A,1.00,60.00,60.00,trunk,Võ Văn Kiệt,1,,,road_type_defaults
83875,1996654902,366448899,26.000,1.560,free_flow,A,1.00,60.00,60.00,trunk,Võ Văn Kiệt,1,,,road_type_defaults
83876,366448899,925138138,26.000,1.560,free_flow,A,1.00,60.00,60.00,trunk,Võ Văn Kiệt,1,,,road_type_defaults
83877,925138138,366428553,10.000,0.600,free_flow,A,1.00,60.00,60.00,trunk,Võ Văn Kiệt,1,,,road_type_defaults
83878,366428553,5813867373,7.000,0.420,free_flow,A,1.00,60.00,60.00,trunk,Võ Văn Kiệt,1,,,road_type_defaults
83879,5813867373,1996654357,23.000,1.380,free_flow,A,1.00,60.00,60.00,trunk,Võ Văn Kiệt,1,,,road_type_defaults
83880,1996654357,366428930,24.000,1.440,free_flow,A,1.00,60.00,60.00,trunk,Võ Văn Kiệt,1,,,road_type_defaults
83881,366428930,366448117,23.000,1.380,free_flow,A,1.00,60.00,60.00,trunk,Võ Văn Kiệt,1,,,road_type_defaults
83882,366448117,366408058,26.000,1.560,free_flow,A,1.00,60.00,60.00,trunk,Võ Văn Kiệt,1,,,road_type_defaults
83883,366408058,1516822832,17.000,1.020,free_flow,A,1.00,60.00,60.00,trunk,Võ Văn Kiệt,1,,,road_type_defaults
83884,1516822832,366386853,30.000,1.800,free_flow,A,1.00,60.00,60.00,trunk,Võ Văn Kiệt,1,,,road_type_defaults
83885,366386853,1996655076,31.000,1.860,free_flow,A,1.00,60.00,60.00,trunk,Võ Văn Kiệt,1,,,road_type_defaults
83886,1996655076,3181284823,6.000,0.360,free_flow,A,1.00,60.00,60.00,trunk,Võ Văn Kiệt,1,,,road_type_defaults
83887,3181284823,366434087,47.000,2.820,free_flow,A,1.00,60.00,60.00,trunk,Võ Văn Kiệt,1,,,road_type_defaults
83888,366434087,366426128,51.000,3.060,free_flow,A,1.00,60.00,60.00,trunk,Võ Văn Kiệt,1,,,road_type_defaults
83889,366426128,366446095,36.000,2.160,free_flow,A,1.00,60.00,60.00,trunk,Võ Văn Kiệt,1,,,road_type_defaults
83890,366446095,366412088,31.000,1.860,free_flow,A,1.00,60.00,60.00,trunk,Võ Văn Kiệt,1,,,road_type_defaults
83891,366412088,1996654835,22.000,1.320,free_flow,A,1.00,60.00,60.00,trunk,Võ Văn Kiệt,1,,,road_type_defaults
83892,1996654835,1996654354,27.000,1.620,free_flow,A,1.00,60.00,60.00,trunk,Võ Văn Kiệt,1,,,road_type_defaults
83893,1996654354,366371306,32.000,1.920,free_flow,A,1.00,60.00,60.00,trunk,Võ Văn Kiệt,1,,,road_type_defaults
83894,366371306,366450244,24.000,1.440,free_flow,A,1.00,60.00,60.00,trunk,Võ Văn Kiệt,1,,,road_type_defaults
83895,366450244,1996654627,20.000,1.200,free_flow,A,1.00,60.00,60.00,trunk,Võ Văn Kiệt,1,,,road_type_defaults
83896,1996654627,366452089,25.000,1.500,free_flow,A,1.00,60.00,60.00,trunk,Võ Văn Kiệt,1,,,road_type_defaults
83897,366452089,366478319,33.000,1.980,free_flow,A,1.00,60.00,60.00,trunk,Võ Văn Kiệt,1,,,road_type_defaults
83898,366478319,366383770,31.000,1.860,free_flow,A,1.00,60.00,60.00,trunk,Võ Văn Kiệt,1,,,road_type_defaults
83899,366383770,4611905379,21.000,1.260,free_flow,A,1.00,60.00,60.00,trunk,Võ Văn Kiệt,1,,,road_type_defaults
83900,4611905379,4611905378,1.000,0.060,free_flow,A,1.00,60.00,60.00,trunk,Võ Văn Kiệt,1,,,road_type_defaults
83901,4611905378,366435204,12.000,0.720,free_flow,A,1.00,60.00,60.00,trunk,Võ Văn Kiệt,1,,,road_type_defaults
83902,366435204,4609356084,30.000,1.800,free_flow,A,1.00,60.00,60.00,trunk,Võ Văn Kiệt,1,,,road_type_defaults
83903,4609356084,4609356083,15.000,0.900,free_flow,A,1.00,60.00,60.00,trunk,Võ Văn Kiệt,1,,,road_type_defaults
83904,4609356083,366456916,15.000,0.900,free_flow,A,1.00,60.00,60.00,trunk,Võ Văn Kiệt,1,,,road_type_defaults
83905,366456916,366441836,26.000,1.560,free_flow,A,1.00,60.00,60.00,trunk,Võ Văn Kiệt,1,,,road_type_defaults
83906,366441836,366435510,120.000,7.200,free_flow,A,1.00,60.00,60.00,trunk,Võ Văn Kiệt,1,,,road_type_defaults
83907,366435510,4609356082,32.000,1.920,free_flow,A,1.00,60.00,60.00,trunk,Võ Văn Kiệt,1,,,road_type_defaults
83908,4609356082,366476693,24.000,1.440,free_flow,A,1.00,60.00,60.00,trunk,Võ Văn Kiệt,1,,,road_type_defaults
83909,366476693,1996655632,32.000,1.920,free_flow,A,1.00,60.00,60.00,trunk,Võ Văn Kiệt,1,,,road_type_defaults
83910,1996655632,4618427500,45.000,2.700,free_flow,A,1.00,60.00,60.00,trunk,Võ Văn Kiệt,1,,,road_type_defaults
83911,4618427500,1996654282,97.000,5.820,free_flow,A,1.00,60.00,60.00,trunk,Võ Văn Kiệt,1,,,road_type_defaults
83912,1996654282,366411464,18.000,1.080,free_flow,A,1.00,60.00,60.00,trunk,Võ Văn Kiệt,1,,,road_type_defaults
83913,366411464,4609356095,50.000,6.207,heavy,D,2.50,60.00,29.00,trunk,Võ Văn Kiệt,1,2021-01-03,period_23_30,train_los+latest_segment_status
83914,4609356095,366385435,22.000,1.320,free_flow,A,1.00,60.00,60.00,trunk,Võ Văn Kiệt,1,,,road_type_defaults
83915,366385435,4609356034,25.000,1.500,free_flow,A,1.00,60.00,60.00,trunk,Võ Văn Kiệt,1,,,road_type_defaults
83916,4609356034,366388035,41.000,2.460,free_flow,A,1.00,60.00,60.00,trunk,Võ Văn Kiệt,1,,,road_type_defaults
83917,366388035,366436173,47.000,2.820,free_flow,A,1.00,60.00,60.00,trunk,Võ Văn Kiệt,1,,,road_type_defaults
83992,1998452788,1769173950,44.000,3.168,free_flow,A,1.00,50.00,50.00,primary,Võ Văn Kiệt,2,,,road_type_defaults
84062,1996655496,3338020303,9.000,0.540,free_flow,A,1.00,60.00,60.00,trunk,Võ Văn Kiệt,1,,,road_type_defaults
84063,3338020303,3338020306,5.000,0.300,free_flow,A,1.00,60.00,60.00,trunk,Võ Văn Kiệt,1,,,road_type_defaults
84064,3338020306,2025938531,28.000,1.680,free_flow,A,1.00,60.00,60.00,trunk,Võ Văn Kiệt,1,,,road_type_defaults
84065,2025938531,2327229725,30.000,1.800,free_flow,A,1.00,60.00,60.00,trunk,Võ Văn Kiệt,1,,,road_type_defaults
84066,2327229725,706286183,32.000,1.920,free_flow,A,1.00,60.00,60.00,trunk,Võ Văn Kiệt,1,,,road_type_defaults
84067,706286183,1996655025,130.000,7.800,free_flow,A,1.00,60.00,60.00,trunk,Võ Văn Kiệt,1,,,road_type_defaults
84068,1996655025,3181281948,19.000,1.140,free_flow,A,1.00,60.00,60.00,trunk,Võ Văn Kiệt,1,,,road_type_defaults
84069,3181281948,1996655282,23.000,1.380,free_flow,A,1.00,60.00,60.00,trunk,Võ Văn Kiệt,1,,,road_type_defaults
84070,2131959241,3338020314,6.000,0.432,free_flow,A,1.00,50.00,50.00,primary,Nguyễn Thái Học,2,,,road_type_defaults
84071,3338020314,2131959240,11.000,0.792,free_flow,A,1.00,50.00,50.00,primary,Nguyễn Thái Học,2,,,road_type_defaults
84072,2131959240,1996654189,9.000,0.648,free_flow,A,1.00,50.00,50.00,primary,Nguyễn Thái Học,2,,,road_type_defaults
84073,1996654189,2131959236,46.000,3.312,free_flow,A,1.00,50.00,50.00,primary,Nguyễn Thái Học,2,,,road_type_defaults
84074,2131959236,1768404126,62.000,4.464,free_flow,A,1.00,50.00,50.00,primary,Nguyễn Thái Học,2,,,road_type_defaults
84075,1768404126,1767232649,16.000,1.152,free_flow,A,1.00,50.00,50.00,primary,Nguyễn Thái Học,2,,,road_type_defaults
84076,1767232649,2032267326,10.000,0.720,free_flow,A,1.00,50.00,50.00,primary,Nguyễn Thái Học,2,,,road_type_defaults
84453,2230862976,2230851099,32.000,2.304,free_flow,A,1.00,50.00,50.00,primary,Võ Thị Sáu,2,,,road_type_defaults
84454,2230851099,411926208,73.000,5.256,free_flow,A,1.00,50.00,50.00,primary,Võ Thị Sáu,2,,,road_type_defaults
84455,411926208,411926216,235.000,28.200,free_flow,A,1.00,30.00,30.00,tertiary,Trương Định,4,,,road_type_defaults
84456,411926208,5778212341,113.000,8.136,free_flow,A,1.00,50.00,50.00,primary,Võ Thị Sáu,2,,,road_type_defaults
84457,5778212341,3162506783,38.000,2.736,free_flow,A,1.00,50.00,50.00,primary,Võ Thị Sáu,2,,,road_type_defaults
84458,3162506783,411926675,32.000,2.304,free_flow,A,1.00,50.00,50.00,primary,Võ Thị Sáu,2,,,road_type_defaults
84459,411926675,5778212342,23.000,1.656,free_flow,A,1.00,50.00,50.00,primary,Võ Thị Sáu,2,,,road_type_defaults
84460,5778212342,5778212573,50.000,3.600,free_flow,A,1.00,50.00,50.00,primary,Võ Thị Sáu,2,,,road_type_defaults
84461,5778212573,411926052,115.000,19.714,heavy,D,2.50,50.00,21.00,primary,Võ Thị Sáu,2,2021-01-06,period_0_30,train_los+latest_segment_status
84462,411926052,3162506784,60.000,27.000,gridlock,F,8.00,50.00,8.00,primary,Võ Thị Sáu,2,2021-01-06,period_4_00,train_los+latest_segment_status
84463,3162506784,2233425577,92.000,6.624,free_flow,A,1.00,50.00,50.00,primary,Võ Thị Sáu,2,,,road_type_defaults
84464,2233425577,411919202,18.000,1.296,free_flow,A,1.00,50.00,50.00,primary,Võ Thị Sáu,2,,,road_type_defaults
84471,411926628,5778300409,131.000,42.873,gridlock,F,8.00,30.00,11.00,unclassified,Tú Xương,4,2021-01-05,period_11_30,train_los+latest_segment_status
84472,5778300409,411926628,131.000,15.720,free_flow,A,1.00,30.00,30.00,unclassified,Tú Xương,4,,,road_type_defaults
84473,5778300409,411926679,49.000,5.880,free_flow,A,1.00,30.00,30.00,unclassified,Tú Xương,4,,,road_type_defaults
84474,411926679,5778300409,49.000,12.600,gridlock,F,8.00,30.00,14.00,unclassified,Tú Xương,4,2020-12-07,period_9_30,train_los+latest_segment_status
84475,411926679,5778212568,144.000,17.280,free_flow,A,1.00,30.00,30.00,unclassified,Tú Xương,4,,,road_type_defaults
84476,5778212568,411926679,144.000,34.560,severe,E,4.00,30.00,15.00,unclassified,Tú Xương,4,2021-01-06,period_4_00,train_los+latest_segment_status
84477,5778212568,411926172,42.000,5.040,free_flow,A,1.00,30.00,30.00,unclassified,Tú Xương,4,,,road_type_defaults
84478,411926172,5778212568,42.000,4.582,light,B,1.25,30.00,33.00,unclassified,Tú Xương,4,2021-01-06,period_4_00,train_los+latest_segment_status
84479,411926172,5778212339,85.000,10.200,free_flow,A,1.00,30.00,30.00,unclassified,Tú Xương,4,,,road_type_defaults
84480,5778212339,411926172,85.000,8.743,free_flow,A,1.00,30.00,35.00,unclassified,Tú Xương,4,2020-12-26,period_11_30,train_los+latest_segment_status
84481,5778212339,411918639,34.000,4.080,free_flow,A,1.00,30.00,30.00,unclassified,Tú Xương,4,,,road_type_defaults
84482,411918639,5778212339,34.000,3.948,light,B,1.25,30.00,31.00,unclassified,Tú Xương,4,2020-12-26,period_12_30,train_los+latest_segment_status
84483,411918639,411926405,55.000,6.600,free_flow,A,1.00,30.00,30.00,unclassified,Tú Xương,4,,,road_type_defaults
84484,411926405,411918639,55.000,14.143,moderate,C,1.75,30.00,14.00,unclassified,Tú Xương,4,2020-12-26,period_10_30,train_los+latest_segment_status
84485,411926405,2393615145,8.000,0.960,free_flow,A,1.00,30.00,30.00,unclassified,Tú Xương,4,,,road_type_defaults
84486,2393615145,411926405,8.000,0.960,free_flow,A,1.00,30.00,30.00,unclassified,Tú Xương,4,,,road_type_defaults
84487,411926628,2230864394,64.000,7.680,free_flow,A,1.00,30.00,30.00,tertiary,Trương Định,4,,,road_type_defaults
84488,2230864394,411926208,56.000,6.720,free_flow,A,1.00,30.00,30.00,tertiary,Trương Định,4,,,road_type_defaults
84514,411926415,5778300406,83.000,6.949,free_flow,A,1.00,30.00,43.00,tertiary,Trần Quốc Thảo,4,2021-01-06,period_4_00,train_los+latest_segment_status
84515,5778300406,411918581,35.000,4.846,moderate,C,1.75,30.00,26.00,tertiary,Trần Quốc Thảo,4,2020-12-15,period_1_30,train_los+latest_segment_status
84516,411918581,5778300420,35.000,3.600,free_flow,A,1.00,30.00,35.00,tertiary,Trần Quốc Thảo,4,2021-01-05,period_10_00,train_los+latest_segment_status
84517,5778300420,411918209,48.000,24.686,gridlock,F,8.00,30.00,7.00,tertiary,Trần Quốc Thảo,4,2021-01-05,period_10_00,train_los+latest_segment_status
84518,411918209,3178465562,59.000,7.080,free_flow,A,1.00,30.00,30.00,tertiary,Trần Quốc Thảo,4,,,road_type_defaults
84519,3178465562,411925926,72.000,8.640,free_flow,A,1.00,30.00,30.00,tertiary,Trần Quốc Thảo,4,,,road_type_defaults
84520,411925926,5778360093,48.000,5.760,free_flow,A,1.00,30.00,30.00,tertiary,Trần Quốc Thảo,4,,,road_type_defaults
84521,5778360093,411925925,103.000,12.360,free_flow,A,1.00,30.00,30.00,tertiary,Trần Quốc Thảo,4,,,road_type_defaults
84522,411926508,5778300417,97.000,11.640,free_flow,A,1.00,30.00,30.00,unclassified,Tú Xương,4,,,road_type_defaults
84523,5778300417,411926508,97.000,17.460,severe,E,4.00,30.00,20.00,unclassified,Tú Xương,4,2021-01-05,period_10_00,train_los+latest_segment_status
84524,5778300417,2230865308,10.000,1.200,free_flow,A,1.00,30.00,30.00,unclassified,Tú Xương,4,,,road_type_defaults
84525,2230865308,5778300417,10.000,1.200,free_flow,A,1.00,30.00,30.00,unclassified,Tú Xương,4,,,road_type_defaults
84526,2230865308,411926628,96.000,11.520,free_flow,A,1.00,30.00,30.00,unclassified,Tú Xương,4,,,road_type_defaults
84527,411926628,2230865308,96.000,11.520,free_flow,A,1.00,30.00,30.00,unclassified,Tú Xương,4,,,road_type_defaults
84619,411918904,5778360128,43.000,5.160,free_flow,A,1.00,30.00,30.00,tertiary,Võ Văn Tần,4,,,road_type_defaults
84620,5778360128,3168270438,1.000,0.120,free_flow,A,1.00,30.00,30.00,tertiary,Võ Văn Tần,4,,,road_type_defaults
84621,3168270438,5778360137,43.000,5.160,free_flow,A,1.00,30.00,30.00,tertiary,Võ Văn Tần,4,,,road_type_defaults
84622,5778360137,411924053,89.000,10.680,free_flow,A,1.00,30.00,30.00,tertiary,Võ Văn Tần,4,,,road_type_defaults
84623,411924053,411925925,8.000,0.960,free_flow,A,1.00,30.00,30.00,tertiary,Võ Văn Tần,4,,,road_type_defaults
84624,411925925,411925338,54.000,6.480,free_flow,A,1.00,30.00,30.00,tertiary,Võ Văn Tần,4,,,road_type_defaults
84625,411925338,411918255,11.000,1.320,free_flow,A,1.00,30.00,30.00,tertiary,Võ Văn Tần,4,,,road_type_defaults
84626,411918255,411925337,61.000,7.320,free_flow,A,1.00,30.00,30.00,tertiary,Võ Văn Tần,4,,,road_type_defaults
84627,411925337,5778600776,13.000,1.560,free_flow,A,1.00,30.00,30.00,tertiary,Võ Văn Tần,4,,,road_type_defaults
84628,5778600776,411925919,42.000,5.040,free_flow,A,1.00,30.00,30.00,tertiary,Võ Văn Tần,4,,,road_type_defaults
84629,411925919,3116310151,39.000,4.680,free_flow,A,1.00,30.00,30.00,tertiary,Võ Văn Tần,4,,,road_type_defaults
84630,3116310151,5778360106,22.000,2.640,free_flow,A,1.00,30.00,30.00,tertiary,Võ Văn Tần,4,,,road_type_defaults
84631,5778360106,5763168795,37.000,4.440,free_flow,A,1.00,30.00,30.00,tertiary,Võ Văn Tần,4,,,road_type_defaults
84632,5763168795,411925922,74.000,8.880,free_flow,A,1.00,30.00,30.00,tertiary,Võ Văn Tần,4,,,road_type_defaults
