_id,long,lat
366368048,106.6651797,10.755757
366368313,106.6841719,10.7546334
366369370,106.6763149,10.7471417
366370816,106.6754152,10.7448996
366370918,106.6847377,10.7517126
366371306,106.6748063,10.7492555
366371650,106.6757437,10.758139
366372405,106.6940276,10.7516447
366372448,106.6717837,10.7666755
366374577,106.6876922,10.7507611
366375808,106.6988243,10.7632816
366376295,106.6786196,10.7522054
366376502,106.6726799,10.747012
366377903,106.676877,10.7542068
366378249,106.6803843,10.7524372
366378475,106.6995948,10.7543252
366378659,106.684272,10.7538162
366379977,106.6640311,10.7659517
366381001,106.7018859,10.7619639
366381041,106.6827816,10.7520654
366381209,106.694599,10.7517068
366381771,106.6855589,10.7444581
366382203,106.6986141,10.7517206
366383330,106.6865314,10.7449477
366383389,106.6836257,10.7509485
366383770,106.673574,10.7492277
366383949,106.6817654,10.7482816
366384363,106.6700137,10.7678404
366384833,106.6784512,10.7465139
366385182,106.6893263,10.7456384
366385435,106.6685441,10.7504212
366385881,106.6677238,10.7750851
366386119,106.6829206,10.7580608
366386196,106.6789407,10.75477
366386853,106.6763216,10.7511568
366388035,106.6679322,10.7504808
366388492,106.6723869,10.7784822
366390222,106.6753077,10.7673656
366390755,106.6738588,10.7669024
366392602,106.673989,10.7460784
366392714,106.6683762,10.7618452
366398541,106.6757749,10.7483294
366398791,106.6767476,10.749051
366399988,106.6867465,10.745094
366400249,106.6770991,10.760492
366400454,106.6908701,10.7563412
366401128,106.6892509,10.7549464
366401260,106.6728805,10.7786647
366401636,106.6688795,10.7544738
366401737,106.674042,10.7790703
366403042,106.6740191,10.7671362
366403515,106.6692245,10.7581623
366403874,106.6764382,10.7488166
366403879,106.6822954,10.7507572
366404410,106.7013021,10.7647409
366404649,106.6695229,10.7546016
366405533,106.6673567,10.7663292
366406323,106.6748985,10.7505774
366406797,106.6816366,10.7506746
366408058,106.6765577,10.7515222
366408252,106.6985617,10.7596225
366409140,106.672625,10.7706203
366411464,106.6692116,10.7503613
366412088,106.6754844,10.7495552
366412106,106.6715214,10.7677708
366413446,106.6677535,10.752555
366414596,106.6997448,10.7580171
366416137,106.6694902,10.7534336
366416739,106.7020114,10.7618901
366417525,106.6842914,10.7496506
366418906,106.6790625,10.7626244
366419521,106.6777772,10.7737822
366419587,106.6839412,10.751732
366420375,106.6866677,10.7537644
366421065,106.6744092,10.7473746
366421082,106.6843739,10.7516881
366421101,106.6982155,10.7626147
366422916,106.6952956,10.7533608
366423076,106.6824113,10.7521919
366423107,106.6755537,10.7507636
366424988,106.6857702,10.7445972
366426128,106.6759,10.7500021
366426543,106.6745239,10.7546505
366426558,106.680808,10.7524915
366427573,106.6809813,10.7478918
366427918,106.678632,10.7499864
366427992,106.6636835,10.7588778
366428553,106.6773326,10.752067
366428930,106.6768901,10.7518387
366429097,106.6969245,10.7609432
366429715,106.6755196,10.7588514
366430474,106.7010245,10.7645188
366430714,106.6770226,10.7492296
366431629,106.6967512,10.7517259
366432033,106.674493,10.767449
366432387,106.6720662,10.7529551
366433080,106.6851855,10.7442644
366433117,106.6754783,10.7481042
366433810,106.6970175,10.7530465
366434087,106.6760828,10.7504278
366434618,106.6821891,10.7522577
366435204,106.6732557,10.7492828
366435510,106.6714608,10.7499059
366436124,106.6756862,10.7641237
366436173,106.6675034,10.7505418
366438154,106.6756118,10.7538616
366438592,106.6955704,10.7516898
366439426,106.6973177,10.7614464
366439630,106.6686167,10.7607876
366439950,106.6814582,10.7524569
366440428,106.6665535,10.7540079
366440647,106.6722724,10.7469172
366441836,106.6724866,10.7495052
366442477,106.6842866,10.7541975
366442519,106.6842144,10.7545011
366443260,106.6635145,10.7656761
366443600,106.7002928,10.7640423
366444496,106.6733978,10.7532795
366445426,106.6954585,10.753047
366445936,106.6742092,10.7652336
366446095,106.6756977,10.749742
366446370,106.6710561,10.752876
366446516,106.675849,10.7636827
366446521,106.6764425,10.7621917
366446703,106.6796555,10.7502809
366446972,106.699608,10.7545762
366448117,106.6767183,10.7517049
366448238,106.6980656,10.7530637
366448311,106.6747507,10.7536266
366448829,106.6778085,10.7496674
366448899,106.6776611,10.7521686
366450098,106.6722451,10.7647491
366450244,106.6745845,10.7492145
366450255,106.6746093,10.7474717
366450466,106.6818225,10.7523723
366450608,106.6655753,10.7592544
366451016,106.6798588,10.7752552
366451156,106.6836612,10.7560482
366452089,106.6741681,10.7491941
366452532,106.6627554,10.7586901
366452547,106.6882883,10.7490243
366452749,106.7021793,10.761766
366453009,106.6667416,10.7524698
366453699,106.6977981,10.7620551
366454289,106.6732803,10.7601196
366454460,106.6679976,10.7746295
366454773,106.6795509,10.7749368
366455483,106.6999798,10.7638448
366456825,106.6752404,10.765331
366456916,106.6727136,10.7494264
366457979,106.6654234,10.7717432
366458078,106.7006842,10.764289
366461307,106.6772537,10.7458609
366462285,106.6841744,10.7517019
366462472,106.6774981,10.7494973
366462549,106.6832337,10.749087
366462809,106.6798872,10.7523645
366462922,106.6832843,10.7611567
366463240,106.6744427,10.7513968
366463306,106.6848291,10.7486955
366463743,106.6675073,10.7656669
366463831,106.6684566,10.7739206
366466460,106.6690531,10.7589175
366466472,106.6863556,10.7504996
366466608,106.6719254,10.7550696
366466647,106.6776297,10.7588935
366466796,106.6752919,10.7516301
366466828,106.6655566,10.7538142
366467217,106.6839553,10.7594656
366467631,106.6832857,10.7454394
366467765,106.6849216,10.7517456
366468819,106.6793257,10.7522646
366469330,106.6673494,10.7576152
366469352,106.6945189,10.7517045
366469997,106.6734728,10.7711007
366470099,106.6897759,10.7554389
366471529,106.6835566,10.7518386
366472120,106.6772451,10.7568207
366472422,106.6753633,10.7465914
366473174,106.6712269,10.7544565
366473383,106.6648075,10.7663826
366473501,106.667154,10.7672207
366474182,106.6859179,10.7524371
366474412,106.6637823,10.7588983
366475091,106.679384,10.7748106
366475341,106.6672171,10.766943
366476369,106.6733734,10.747139
366476538,106.6890593,10.744689
366476693,106.6709693,10.7500731
366477769,106.6888186,10.7472717
366478078,106.6781586,10.757318
366478319,106.6738638,10.749195
366478823,106.6629582,10.7653794
366479267,106.6713839,10.7589022
383552886,106.6805381,10.7476417
383552887,106.6800387,10.747368
383552889,106.6841916,10.7498581
383552890,106.6878601,10.7507477
383553866,106.6885321,10.7542084
403582429,106.6981214,10.7593019
411917832,106.686545,10.7785288
411917833,106.686277,10.778772
411917834,106.6860691,10.7789464
411917837,106.7012188,10.770821
411917839,106.7010745,10.7711589
411917855,106.6794954,10.7803936
411917856,106.6798475,10.7807537
411917905,106.677585,10.7799945
411918088,106.6836171,10.7804875
411918124,106.6822278,10.7813333
411918131,106.6784279,10.7814159
411918133,106.6784624,10.7815788
411918142,106.680985,10.7788618
411918148,106.680201,10.779861
411918158,106.6872612,10.77333
411918169,106.6873953,10.764441
411918181,106.69299,10.7716121
411918191,106.6905496,10.7635026
411918200,106.7010097,10.7676642
411918209,106.689846,10.7799599
411918213,106.679297,10.781667
411918231,106.685097,10.760022
411918233,106.6852234,10.7601927
411918236,106.6840516,10.7595017
411918239,106.6848928,10.7598281
411918254,106.689083,10.7783741
411918255,106.6913344,10.7777666
411918297,106.7012738,10.7672427
411918314,106.6774051,10.7700381
411918319,106.6929369,10.7710906
411918348,106.6960625,10.7670589
411918366,106.6880176,10.7720627
411918386,106.6863367,10.7745147
411918407,106.6929632,10.769659
411918408,106.6755728,10.7693016
411918417,106.6745229,10.7678833
411918419,106.6937201,10.7688856
411918465,106.687691,10.762927
411918472,106.6830536,10.7710351
411918475,106.68096,10.7710539
411918482,106.6795526,10.7722563
411918501,106.6814676,10.7798105
411918543,106.6962056,10.7718453
411918581,106.6892894,10.7804821
411918624,106.681928,10.778989
411918630,106.6817066,10.770417
411918637,106.6880627,10.7763429
411918638,106.6798441,10.7720072
411918639,106.6831644,10.7775916
411918640,106.6840314,10.7770191
411918655,106.6791758,10.7725943
411918668,106.6896603,10.761662
411918673,106.6872303,10.7543457
411918677,106.6964756,10.7619741
411918679,106.6835452,10.7693725
411918681,106.6837077,10.7695448
411918697,106.6924572,10.7707599
411918700,106.6861405,10.7743062
411918706,106.6894845,10.7736312
411918736,106.6827479,10.7707023
411918790,106.6976083,10.7635242
411918795,106.6969706,10.7626284
411918802,106.6982782,10.7641717
411918804,106.6985955,10.764407
411918814,106.6826606,10.7742538
411918815,106.6826366,10.7742872
411918819,106.6828133,10.7740323
411918824,106.6829323,10.7738141
411918826,106.6830536,10.7735786
411918827,106.6821671,10.7748125
411918828,106.6824813,10.7744585
411918829,106.682417,10.7745289
411918835,106.6833294,10.7730015
411918836,106.6835674,10.772472
411918837,106.6834403,10.7727502
411918861,106.69714,10.7651757
411918897,106.6892859,10.7573643
411918901,106.6888941,10.757862
411918902,106.6890664,10.7576394
411918904,106.6929089,10.7794247
411918905,106.6886825,10.7581402
411918906,106.6884409,10.7583554
411918908,106.6881436,10.7586069
411918918,106.6988836,10.7722531
411918937,106.6758237,10.7696266
411918967,106.6898832,10.7568069
411919033,106.6944749,10.7736199
411919038,106.6932415,10.7746806
411919062,106.6927175,10.7695646
411919149,106.6869946,10.7759864
411919179,106.6999466,10.7694433
411919184,106.6806128,10.7823249
411919185,106.6816801,10.7816577
411919197,106.6817828,10.778063
411919202,106.6819063,10.777878
411919210,106.6818944,10.7777494
411919338,106.6987869,10.7715602
411919358,106.7000777,10.773137
411919362,106.6990329,10.7720631
411919363,106.698777,10.7716963
411919383,106.681442,10.7776515
411919403,106.6815724,10.7775778
411919418,106.6813688,10.7778781
411919456,106.6958798,10.7673696
411919485,106.6986125,10.7712269
411919522,106.6936938,10.7713217
411919584,106.6743058,10.7678982
411919599,106.6746406,10.7676235
411919626,106.6742736,10.7674642
411919629,106.6741538,10.7676423
411919668,106.6975082,10.7742686
411920114,106.6784129,10.7795416
411920209,106.680996,10.7656818
411920215,106.6817158,10.7665422
411920294,106.6828657,10.770836
411920295,106.6831766,10.776257
411920389,106.6798578,10.7702329
411920408,106.6787729,10.7689391
411920483,106.6856517,10.7737771
411920533,106.6804023,10.769777
411920544,106.6793214,10.7684793
411920657,106.6818172,10.7703225
411920662,106.6809334,10.769341
411920780,106.6858693,10.7718416
411920788,106.6853651,10.7604348
411920816,106.6793536,10.7706611
411920848,106.6793389,10.7662074
411920875,106.6760146,10.7672427
411920948,106.686813,10.7707601
411920969,106.6908975,10.7696728
411921105,106.6826611,10.7758541
411921110,106.6782709,10.7693455
411921112,106.678573,10.7723698
411921157,106.6859828,10.7719636
411921169,106.6884855,10.7632496
411921177,106.679824,10.7680707
411921218,106.6800643,10.7718191
411921220,106.6910076,10.7608587
411921223,106.6802249,10.7716819
411921228,106.6915461,10.7621795
411921368,106.6752628,10.7688926
411921399,106.6849722,10.7598939
411921412,106.6901034,10.7569962
411921434,106.6894238,10.7564265
411921473,106.6887419,10.767783
411921736,106.6915233,10.7604444
411921831,106.6876962,10.7737696
411921846,106.6845977,10.7726586
411921863,106.686267,10.7722654
411921941,106.6787206,10.7712526
411921961,106.6783236,10.7716334
411921991,106.6803098,10.7785269
411922074,106.6889282,10.7680261
411922076,106.6873844,10.7734546
411922186,106.6773663,10.7712873
411922222,106.6833517,10.7609887
411922370,106.6875011,10.7647277
411922406,106.6896363,10.7566092
411922504,106.6935243,10.7602225
411922516,106.6824908,10.7697502
411922587,106.692552,10.7610809
411922596,106.6924571,10.7683703
411922600,106.690529,10.7694074
411922615,106.6798887,10.7677139
411922626,106.6875496,10.7736235
411922629,106.6886046,10.7726922
411922630,106.6885476,10.7727553
411922637,106.6881119,10.7722853
411922680,106.6913055,10.769954
411922702,106.6849842,10.7730843
411922729,106.6769559,10.7708507
411922744,106.6835267,10.7715254
411922898,106.6865372,10.770475
411922968,106.6913897,10.7634656
411923123,106.6875255,10.7746858
411923168,106.6836012,10.771623
411923196,106.6917576,10.7691821
411923247,106.6762887,10.7671553
411923251,106.6838696,10.7719123
411923278,106.6789244,10.7710629
411923334,106.6917287,10.7702449
411923354,106.6923685,10.7694221
411923369,106.6932529,10.7656108
411923488,106.6844157,10.7724869
411923507,106.6967383,10.7658992
411923758,106.678498,10.7794974
411923825,106.6763895,10.7671182
411923828,106.6747562,10.7676472
411923847,106.6750593,10.7675395
411923852,106.6829426,10.7709267
411923863,106.6877829,10.7738573
411923871,106.6782269,10.7720541
411923909,106.687476,10.7735471
411923928,106.680005,10.78097
411924053,106.6917878,10.7782648
411924148,106.6842566,10.7589691
411924251,106.6868046,10.7728493
411924257,106.6878697,10.7719041
411924296,106.6784738,10.7714884
411924316,106.6840093,10.7720296
411924320,106.6782293,10.7665487
411924321,106.6844363,10.770306
411924323,106.6833008,10.7712985
411924335,106.6884883,10.7555486
411924371,106.6927128,10.7649884
411924454,106.6911229,10.7698289
411924537,106.6842338,10.7723039
411924560,106.6937716,10.7600143
411924561,106.6853472,10.7734636
411924562,106.6864345,10.7724495
411924573,106.6972158,10.7629989
411924582,106.6867321,10.7727696
411924594,106.6914271,10.770031
411924633,106.6838351,10.7722208
411924642,106.6815198,10.7705765
411924698,106.6761789,10.7807328
411924811,106.6825095,10.7697339
411924868,106.6801096,10.7659666
411924874,106.6893502,10.7736201
411924900,106.684731,10.759746
411924932,106.6928243,10.7608305
411924972,106.6903446,10.7692766
411925018,106.6804512,10.7658457
411925022,106.6798148,10.7660664
411925053,106.6770101,10.7669304
411925056,106.6910852,10.7689151
411925088,106.6772742,10.7701426
411925108,106.6922385,10.7613956
411925110,106.6912098,10.7626021
411925112,106.6930725,10.7606035
411925154,106.6917845,10.7583109
411925182,106.6908029,10.7575629
411925240,106.6904129,10.7686428
411925285,106.6919933,10.7616501
411925307,106.6922687,10.772116
411925335,106.6900902,10.7774517
411925337,106.690953,10.7773538
411925338,106.6914058,10.7778435
411925453,106.6911251,10.7765041
411925463,106.6990113,10.7682392
411925476,106.678082,10.779719
411925485,106.6784813,10.7722819
411925487,106.6814589,10.7706286
411925572,106.6805562,10.7713988
411925590,106.6803906,10.7715403
411925620,106.6857012,10.7716608
411925637,106.6904674,10.7693654
411925666,106.6892609,10.7562737
411925695,106.6800067,10.7701117
411925696,106.6801046,10.7700353
411925704,106.684083,10.769943
411925765,106.686564,10.7747561
411925807,106.6838837,10.7697316
411925823,106.6796218,10.7704266
411925830,106.6939549,10.7784506
411925854,106.6852199,10.7711494
411925865,106.6899406,10.7689671
411925869,106.6891625,10.7783012
411925883,106.6785811,10.7794508
411925910,106.6843755,10.7681567
411925913,106.6856453,10.7716027
411925919,106.6906177,10.7769704
411925922,106.6895712,10.7757982
411925923,106.6905758,10.7748714
411925925,106.691741,10.7782081
411925926,106.6907264,10.7791401
411925999,106.6901615,10.7785454
411926011,106.685847,10.7756007
411926049,106.6853982,10.7774209
411926050,106.686457,10.7765016
411926052,106.6830526,10.7788891
411926054,106.6842099,10.7771809
411926055,106.6944832,10.7721656
411926069,106.6992875,10.7704594
411926072,106.6924052,10.7587531
411926073,106.691201,10.7578708
411926081,106.6882691,10.7553363
411926082,106.6873921,10.7544766
411926083,106.6875179,10.7545926
411926092,106.687109,10.7542191
411926094,106.6932891,10.7592926
411926098,106.6885094,10.7674189
411926106,106.6875984,10.7650042
411926112,106.7006864,10.7656963
411926130,106.689025,10.7560596
411926131,106.6887737,10.7558187
411926137,106.6808694,10.7801372
411926139,106.6821346,10.7794404
411926143,106.6880959,10.7771153
411926144,106.6876964,10.777479
411926146,106.6965601,10.7692013
411926172,106.6839106,10.778385
411926193,106.6870033,10.7633782
411926194,106.6864688,10.7624705
411926208,106.6854,10.7813352
411926216,106.6835712,10.7824606
411926229,106.6791161,10.7819516
411926271,106.6861316,10.7700204
411926282,106.6848773,10.7707859
411926284,106.6915488,10.7581329
411926324,106.6854172,10.7713587
411926325,106.6932778,10.7604272
411926356,106.6934891,10.7715196
411926369,106.6959712,10.7670009
411926390,106.6948699,10.7724371
411926401,106.681791,10.778661
411926405,106.6828452,10.7772012
411926412,106.6981652,10.7748616
411926413,106.6923472,10.7645838
411926415,106.6884887,10.7812172
411926428,106.6852753,10.7759074
411926429,106.6971681,10.7728506
411926437,106.696004,10.7720998
411926438,106.697659,10.7731638
411926439,106.6837295,10.7767363
411926448,106.682549,10.780342
411926451,106.689009,10.7763034
411926469,106.683275,10.7690931
411926483,106.6932616,10.7686978
411926493,106.6864011,10.7752936
411926496,106.6918856,10.7803604
411926503,106.6926086,10.7648659
411926505,106.6981237,10.7734507
411926508,106.6876354,10.782002
411926527,106.6977372,10.7698459
411926551,106.6882287,10.7743208
411926563,106.6868463,10.7750498
411926577,106.6988628,10.7684256
411926591,106.6897454,10.7616108
411926607,106.6872335,10.7800298
411926609,106.6884634,10.7767699
411926613,106.6954284,10.772787
411926617,106.6971445,10.7740188
411926622,106.6943087,10.7668316
411926628,106.6863035,10.7807024
411926632,106.6920153,10.7704446
411926648,106.7007522,10.7681052
411926667,106.6895626,10.777915
411926675,106.6842705,10.7800994
411926679,106.6851335,10.7795601
411926712,106.6981035,10.7693787
473364333,106.6758261,10.7450735
571360922,106.692835,10.7578565
634134017,106.6816017,10.7656842
634134018,106.681376,10.7654491
634134021,106.6815038,10.7652009
634134022,106.6815426,10.765182
634134026,106.6818405,10.765251
634134027,106.6818793,10.7653069
634134028,106.6819022,10.7653706
634134030,106.6818483,10.7655904
634134031,106.6818083,10.7656295
634134032,106.6817334,10.765671
698217082,106.6746232,10.7675717
698217086,106.6741524,10.7676916
698217095,106.6744532,10.7679102
698217097,106.6746459,10.7676779
698217101,106.6740174,10.7714372
698217105,106.6762825,10.7701439
698217108,106.6749038,10.7719956
701666209,106.681394,10.7777183
701666210,106.6815084,10.7776021
701666211,106.6813688,10.7777963
701666214,106.6819084,10.777813
701666216,106.6815564,10.7780921
701666217,106.6818415,10.7780138
701666218,106.6817124,10.778094
706286001,106.6760036,10.750026
706286016,106.6768152,10.7516266
706286024,106.68737,10.754261
706286033,106.6709684,10.7499503
706286035,106.6803837,10.7523184
706286038,106.6868722,10.752153
706286046,106.6844303,10.7515618
706286065,106.6765437,10.7513088
706286066,106.6766683,10.7514845
706286072,106.6901011,10.7568223
706286083,106.6706197,10.7500239
706286085,106.6753487,10.7493596
706286088,106.6871511,10.7521891
706286089,106.6838502,10.7516303
706286105,106.6979271,10.7636781
706286107,106.6762663,10.7507538
706286111,106.6772986,10.7519295
706286116,106.6895119,10.7563199
706286120,106.6954383,10.7605416
706286126,106.674112,10.7490626
706286129,106.6750353,10.7491998
706286130,106.6867325,10.7523946
706286134,106.6854016,10.7518341
706286142,106.7006386,10.7655032
706286144,106.7011477,10.7660545
706286149,106.6769995,10.7517722
706286156,106.6927637,10.7588359
706286160,106.6950538,10.7602188
706286166,106.6758689,10.7498293
706286168,106.6867484,10.7522524
706286170,106.685082,10.7516697
706286176,106.6868234,10.7536758
706286177,106.700653,10.7586885
706286183,106.698883,10.7644185
706286185,106.6790772,10.7521208
706286189,106.6912915,10.7577834
706286194,106.6756641,10.7495947
706286200,106.6860447,10.7524656
706286206,106.6863826,10.7531929
706286219,106.6787197,10.7520916
706286222,106.6828123,10.7519266
706286225,106.6957603,10.7608636
706286229,106.6972988,10.7628598
706286232,106.6761099,10.7502635
706286233,106.6868946,10.7526045
706286238,106.6856988,10.7520346
706286242,106.6878888,10.7547602
706286245,106.681183,10.7523721
706286247,106.6816977,10.7522644
711368028,106.6818838,10.7779505
714567128,106.6995378,10.7623212
725885082,106.6987841,10.7716565
725885084,106.6987659,10.7714662
725885085,106.6987123,10.7718228
734894505,106.6690063,10.7597549
734894515,106.6689652,10.7597201
734894518,106.6872836,10.7529158
734894519,106.6690335,10.759801
734894520,106.6883922,10.7541132
734894526,106.6810521,10.750599
734894528,106.6842501,10.7536129
734894535,106.66888,10.7596969
737167457,106.6799036,10.7503434
738217337,106.6987422,10.7632084
738217350,106.6992257,10.757871
738217351,106.699507,10.7575259
746617437,106.6719094,10.7468409
746617455,106.6683739,10.7528641
746617459,106.699769,10.7599067
746617465,106.7013058,10.7578187
746617476,106.700389,10.7571802
746617478,106.6684652,10.752615
746617486,106.7001468,10.7583087
925113577,106.6746512,10.7490955
925113579,106.6722916,10.7494762
925113582,106.6738116,10.7490714
925113584,106.6783204,10.7522025
925113594,106.6728034,10.7492869
925138128,106.6763699,10.7510162
925138135,106.6777965,10.7520756
925138138,106.6774272,10.7520926
1226517290,106.6900839,10.7742614
1516822832,106.6764674,10.7513951
1524373635,106.6695719,10.7718944
1524373649,106.6689573,10.7730264
1524484193,106.6694018,10.7721935
1524484228,106.6691107,10.7727394
1524484245,106.6692526,10.7724741
1524489324,106.6705481,10.77004
1541029245,106.6818203,10.7605736
1588330158,106.6942167,10.755336
1588330159,106.6934717,10.7566928
1597983325,106.6971998,10.7612992
1598911243,106.6855472,10.7501925
1657521915,106.6831763,10.757374
1723867950,106.6987217,10.7713517
1738852193,106.6698775,10.7713362
1765166512,106.6827789,10.7609576
1765166515,106.6819889,10.7643811
1765166516,106.6827251,10.7625102
1767160329,106.6903584,10.7559095
1767169484,106.6937643,10.7561854
1767178666,106.7022145,10.7645328
1767194040,106.7013955,10.7653067
1767203799,106.6998303,10.767124
1767203801,106.6998079,10.7672878
1767203803,106.6998985,10.7671805
1767231969,106.6977235,10.7641497
1767232649,106.6972305,10.7652203
1767234521,106.6948212,10.7591011
1767234522,106.6951341,10.7592831
1767234732,106.698961,10.7599135
1767235000,106.6994861,10.760291
1767760195,106.6866003,10.7541657
1767760198,106.6867511,10.7542812
1767760199,106.6866259,10.7453216
1767760204,106.6869318,10.7538358
1767760217,106.6873926,10.7532218
1767760220,106.6858128,10.7554973
1767760224,106.687085,10.7532124
1767760225,106.6872018,10.7531617
1767760227,106.6996759,10.7620525
1767760230,106.6862332,10.7550748
1767760231,106.6868796,10.7539842
1767760232,106.6859086,10.7467502
1767760234,106.6867329,10.7538493
1767760237,106.6858478,10.7552911
1767760245,106.6862111,10.7461381
1767760262,106.6859912,10.755365
1767760265,106.6866663,10.7452411
1767760267,106.6860547,10.7550244
1767760271,106.6870296,10.7532588
1767821187,106.6956671,10.7595862
1767909356,106.7010057,10.765631
1767909382,106.699362,10.7646006
1767909383,106.7010478,10.7657093
1767909393,106.7016544,10.7666458
1767909424,106.7015079,10.764934
1767909425,106.7003312,10.7651822
1767909427,106.7008161,10.7658021
1767909455,106.7017178,10.7651412
1768376030,106.7010204,10.7582065
1768376037,106.7011639,10.7580115
1768376039,106.7008931,10.7583795
1768404060,106.7003995,10.75905
1768404067,106.6977663,10.7606542
1768404084,106.699932,10.7606168
1768404126,106.6973026,10.7650936
1768404135,106.7004582,10.7553264
1768404176,106.699967,10.7596376
1768404179,106.697986,10.7603399
1768404184,106.6975211,10.7616972
1768404188,106.6975418,10.7609283
1768404192,106.7000298,10.7616593
1768404194,106.6996149,10.7553368
1768565067,106.699424,10.7708993
1768565068,106.6990481,10.7708253
1768828014,106.6942342,10.7587269
1769173868,106.7013543,10.7671561
1769173950,106.700978,10.7663531
1769265762,106.6973222,10.7701901
1769277447,106.7000301,10.7731826
1769277482,106.6990769,10.7722079
1773240185,106.7009892,10.7646966
1773240188,106.7013272,10.7649522
1773240191,106.6999169,10.7639605
1773240208,106.700715,10.7645089
1773240209,106.7014005,10.7651915
1773321401,106.6879866,10.7504154
1773321419,106.6883157,10.7488721
1777960232,106.7008416,10.7565916
1778816531,106.700248,10.7592558
1779408046,106.7022474,10.7622044
1779408275,106.6939259,10.7558779
1780010853,106.6948938,10.7541206
1780010887,106.7009026,10.7565111
1780010891,106.6996111,10.7549079
1780010914,106.7011482,10.7566831
1780010929,106.6944527,10.7549186
1784329627,106.6807913,10.771198
1793489521,106.6862464,10.7531515
1793489523,106.6801282,10.7598957
1793489526,106.6818791,10.7655439
1793489527,106.682324,10.7660316
1861212907,106.7015771,10.7674863
1861212914,106.6951645,10.7705806
1861212922,106.698574,10.7719122
1985832548,106.6982188,10.7600247
1985832570,106.7019857,10.7647953
1987338421,106.6912742,10.7566837
1987338525,106.6990625,10.7627009
1987338562,106.6919903,10.7572737
1987338579,106.6882437,10.7490054
1987338686,106.6922999,10.7575062
1987338771,106.6868248,10.7525348
1987338775,106.6875113,10.750824
1987339119,106.6932581,10.7581216
1987339155,106.6926055,10.7577128
1987339219,106.6916531,10.7570039
1987339292,106.6869835,10.7521599
1987339380,106.686726,10.7523547
1987339381,106.6867716,10.7522179
1987339563,106.696206,10.7600391
1987339817,106.7008124,10.7618825
1987339999,106.7012141,10.7648631
1987340005,106.6872538,10.7528808
1987943092,106.6993167,10.7625488
1987943102,106.6993542,10.7636265
1996653940,106.6762788,10.7513849
1996653972,106.6731192,10.7491927
1996654006,106.6999268,10.7652778
1996654022,106.6991352,10.764818
1996654026,106.7003302,10.765444
1996654028,106.6872433,10.7544506
1996654032,106.6669188,10.7570289
1996654051,106.676396,10.7515623
1996654066,106.7005978,10.7658194
1996654083,106.6853918,10.7519649
1996654116,106.6711999,10.750528
1996654120,106.6751861,10.749502
1996654136,106.6760051,10.7508403
1996654153,106.66925,10.7508658
1996654158,106.7000486,10.7654769
1996654166,106.6758122,10.7501266
1996654170,106.6719582,10.7498362
1996654172,106.7002894,10.7656146
1996654187,106.6739107,10.7492907
1996654189,106.6977855,10.7642376
1996654191,106.689512,10.7566318
1996654193,106.7004638,10.765728
1996654196,106.6768231,10.7519748
1996654208,106.6988296,10.7646391
1996654212,106.6940131,10.7598239
1996654213,106.6757564,10.7500257
1996654225,106.668811,10.7509209
1996654227,106.6947752,10.7601766
1996654250,106.6988861,10.7648219
1996654282,106.669382,10.7503414
1996654285,106.7016232,10.7671116
1996654292,106.6765611,10.7517346
1996654296,106.6682171,10.7505722
1996654305,106.6790079,10.7522224
1996654354,106.6750877,10.7493408
1996654357,106.6770835,10.7519441
1996654360,106.6980467,10.7639897
1996654379,106.6863512,10.7533276
1996654390,106.6732422,10.7493994
1996654393,106.6704103,10.7500616
1996654396,106.6678829,10.7507747
1996654402,106.6980749,10.7639498
1996654469,106.6760848,10.751068
1996654472,106.6672986,10.7565688
1996654479,106.6954332,10.7606827
1996654499,106.6681699,10.75074
1996654504,106.6755914,10.7498272
1996654523,106.6700845,10.7501012
1996654538,106.6755085,10.7497476
1996654564,106.6759128,10.7504499
1996654598,106.6706985,10.7502468
1996654627,106.6744008,10.7491925
1996654636,106.7007717,10.7660024
1996654679,106.6992487,10.7650112
1996654700,106.6979288,10.7639128
1996654745,106.6673383,10.7506819
1996654770,106.6681784,10.7506412
1996654835,106.6753127,10.7494451
1996654843,106.7006622,10.7658839
1996654892,106.699297,10.764919
1996654898,106.6944242,10.7600785
1996654902,106.6778977,10.7522122
1996654906,106.6858837,10.7522284
1996654940,106.699613,10.7650986
1996654952,106.6865564,10.7536428
1996654975,106.6687259,10.7509106
1996654979,106.6694153,10.7508347
1996654996,106.6991307,10.7649322
1996655021,106.7008951,10.7661842
1996655025,106.6999041,10.7650211
1996655028,106.6720261,10.750072
1996655076,106.6762162,10.7508925
1996655082,106.695072,10.7603763
1996655091,106.6692199,10.7504584
1996655093,106.672804,10.7495197
1996655095,106.671523,10.7500004
1996655105,106.6759598,10.7506725
1996655118,106.6897271,10.7568087
1996655135,106.6956886,10.7609413
1996655152,106.674576,10.7493009
1996655226,106.6988184,10.7648581
1996655278,106.6865677,10.7534748
1996655282,106.700239,10.7652239
1996655304,106.6744199,10.7492849
1996655306,106.6766936,10.7518668
1996655313,106.7003855,10.765673
1996655340,106.6681836,10.7507824
1996655354,106.6733446,10.7493753
1996655358,106.6754053,10.7496602
1996655421,106.7006491,10.7654182
1996655449,106.674894,10.7493761
1996655466,106.6681667,10.7506867
1996655493,106.7008824,10.7657329
1996655496,106.6981155,10.7638344
1996655503,106.6741053,10.7492804
1996655526,106.699002,10.7648479
1996655538,106.6729209,10.7494837
1996655581,106.6750682,10.7494392
1996655632,106.670679,10.750149
1996655640,106.6999689,10.7649505
1996655651,106.675862,10.7502519
1996655654,106.6866605,10.7540139
1996655657,106.6682076,10.7508217
1996655669,106.6758891,10.7503509
1996655702,106.6709995,10.7501674
1996655706,106.6943978,10.7599605
1996655710,106.6989505,10.7648272
1996655718,106.68616,10.7527001
1996655723,106.6702823,10.7503167
1996655730,106.6770668,10.7521015
1996655783,106.6821719,10.7523409
1996655814,106.6980909,10.7639225
1996655819,106.6756915,10.7499388
1996655823,106.6994879,10.7651186
1996655828,106.6868134,10.7541573
1996655847,106.6981148,10.7638794
1996655856,106.6753083,10.7495856
1996655858,106.699433,10.7648945
1996655862,106.6860407,10.7526831
1996745085,106.6710082,10.7498988
1996745110,106.6796914,10.7522045
1996745180,106.6839605,10.7518286
1996745348,106.6887584,10.7556389
1996745405,106.6837598,10.7518772
1996745413,106.6780223,10.7520971
1996745414,106.6813866,10.7523431
1996745479,106.6848003,10.7516006
1996745531,106.6837352,10.7516548
1996745533,106.701067,10.7661116
1996745539,106.6837386,10.7517887
1996745647,106.6912922,10.7580866
1996745654,106.686124,10.7528882
1996745658,106.7012646,10.7664241
1996745689,106.6924512,10.758645
1996745738,106.6807992,10.7523648
1996745826,106.6673555,10.7504578
1996745854,106.686278,10.7529847
1996745859,106.6841541,10.7515828
1996745861,106.6867993,10.7537127
1996745885,106.6978067,10.7637978
1996745894,106.6811642,10.7524975
1997154148,106.6744446,10.7549343
1997154207,106.675409,10.7511925
1997154257,106.6724593,10.7595914
1997154284,106.6718312,10.7591825
1997154359,106.675165,10.7506343
1997154435,106.6680413,10.7526919
1997154497,106.676134,10.7511736
1997154501,106.6782029,10.7571994
1997154528,106.6750015,10.7527001
1997154568,106.6739048,10.7523675
1997154636,106.6893304,10.7550275
1997154670,106.6676135,10.7542151
1997154685,106.6746746,10.7509802
1997154735,106.6771654,10.7527057
1997154748,106.6751343,10.7522141
1997154808,106.6743698,10.7551972
1997154840,106.6671175,10.7541153
1997244047,106.6997097,10.7621189
1997316901,106.7012513,10.7659576
1998235260,106.6873406,10.7531748
1998235268,106.6865967,10.7544289
1998235281,106.6867488,10.7540784
1998235300,106.6871934,10.7527375
1998235311,106.688435,10.7540679
1998235314,106.6861842,10.7548581
1998235317,106.6864111,10.7547344
1998235322,106.6863481,10.75462
1998235326,106.6864656,10.754428
1998235332,106.687132,10.7531833
1998235340,106.6883431,10.7541606
1998452762,106.7015148,10.767147
1998452765,106.7013248,10.7663494
1998452776,106.7016818,10.766985
1998452788,106.7011513,10.7667195
1998504366,106.6968312,10.7622434
1998504427,106.6967353,10.7623
2025938529,106.6986407,10.7641677
2025938531,106.6984209,10.7640773
2025938533,106.7017358,10.7666866
2025938558,106.7013083,10.7652772
2025938568,106.7017294,10.7648974
2026784333,106.6996088,10.7546626
2026784433,106.7014313,10.7576394
2026784607,106.7018011,10.7605106
2026784733,106.7018272,10.7595696
2026784744,106.6996101,10.7539075
2027430774,106.6933998,10.7568286
2027431006,106.6939906,10.7557574
2027431054,106.6937223,10.7584116
2027431058,106.6940281,10.7586007
2027431064,106.6938943,10.758518
2027772573,106.699611,10.753338
2027772618,106.6991865,10.7530763
2027772746,106.6978493,10.7590983
2027772750,106.6986688,10.7530705
2027772752,106.6976441,10.7530568
2027772753,106.6967108,10.7530419
2027772764,106.6996327,10.7600918
2027772997,106.6959158,10.7530535
2027772999,106.696463,10.7603482
2027773127,106.6996118,10.754981
2027773129,106.6984569,10.7530681
2027773409,106.6999602,10.7581686
2027773428,106.6957983,10.7596819
2027773608,106.6979662,10.7530621
2027773690,106.6987767,10.7597771
2032267102,106.6908647,10.7630593
2032267104,106.7018372,10.7620294
2032267118,106.699715,10.7605708
2032267132,106.7010545,10.7710481
2032267137,106.6958777,10.7671485
2032267140,106.6853002,10.7566767
2032267185,106.697501,10.7645186
2032267197,106.6855281,10.7569416
2032267208,106.6941207,10.7701058
2032267247,106.6980703,10.7593657
2032267266,106.6993413,10.7710287
2032267286,106.6875411,10.7591393
2032267290,106.6933342,10.7654933
2032267297,106.6903293,10.7622758
2032267315,106.6928312,10.7649077
2032267326,106.6971322,10.7652402
2032267337,106.6984731,10.7596533
2032267348,106.6986593,10.7631861
2032267376,106.6964132,10.7662299
2032267383,106.692428,10.7644448
2032267415,106.699849,10.7619314
2032267441,106.6980181,10.7638073
2032267447,106.6993315,10.7711367
2032267463,106.6941886,10.770185
2032267468,106.6889661,10.7608727
2032267470,106.6977977,10.7591617
2032267494,106.6862016,10.757716
2032267506,106.7021973,10.7622689
2032267508,106.69891,10.7599774
2034589256,106.6991638,10.7710503
2034589260,106.7018181,10.7620241
2034589267,106.6997132,10.760565
2034589283,106.698912,10.7599789
2034589318,106.6991052,10.7709147
2034589326,106.698683,10.772063
2034589355,106.6991751,10.7711901
2037831447,106.693389,10.7778307
2037831448,106.6936151,10.7780784
2040317235,106.6691251,10.7484337
2042473297,106.6737812,10.7472137
2042473311,106.6758345,10.7468672
2042473319,106.6732635,10.7458197
2042473322,106.6754762,10.7466625
2042473360,106.6732489,10.7471162
2042473366,106.6742583,10.7461789
2042473369,106.6750831,10.7478094
2042473370,106.6714013,10.7467396
2042473386,106.6738669,10.7472357
2042473420,106.6762154,10.7474527
2042473444,106.6743743,10.7473627
2042473539,106.6740601,10.7461113
2042473578,106.6748374,10.7463951
2042473633,106.6741807,10.7472968
2042473664,106.6735499,10.7471735
2042473713,106.6730362,10.7470772
2044486134,106.6860655,10.7464123
2044486159,106.6883951,10.7490654
2044486185,106.6733052,10.7471265
2044486208,106.6803105,10.7504671
2044486215,106.6882958,10.7489693
2044486235,106.686543,10.7454847
2044486311,106.6879687,10.7498576
2044486312,106.6873031,10.7507929
2044486382,106.6805954,10.7505309
2044486389,106.7012686,10.7654424
2044486401,106.7016807,10.765039
2044486424,106.6850077,10.7499819
2044486473,106.6824811,10.7469708
2044486631,106.7026557,10.766536
2044486696,106.6820891,10.7484593
2044486705,106.6813337,10.7506291
2044486732,106.6823902,10.747145
2044486904,106.7013704,10.7649924
2044486918,106.685762,10.7470222
2044486934,106.6890934,10.746385
2044486965,106.6874216,10.7508219
2044487010,106.6820852,10.7476867
2044487029,106.68835,10.7487599
2044487051,106.6804686,10.7505142
2044487054,106.6853347,10.7478927
2044487060,106.6822387,10.7474011
2044487078,106.6819277,10.7479796
2044487203,106.6884185,10.7485602
2044487222,106.6881377,10.7493268
2044487229,106.7014401,10.7671359
2044487252,106.6890012,10.746655
2131959234,106.6967355,10.7656676
2131959236,106.6975714,10.7646007
2131959240,106.6978358,10.7641724
2131959241,106.6979707,10.7640729
2146838326,106.7011819,10.770952
2154852773,106.6930429,10.7514594
2156217894,106.6926713,10.7513797
2156217910,106.6934497,10.7515411
2230851099,106.6858912,10.7817875
2230862976,106.6860978,10.7819929
2230864394,106.6858242,10.7810381
2230865308,106.6869312,10.7813148
2233112764,106.6811828,10.7775029
2233126173,106.6743439,10.7674367
2233126176,106.6742156,10.7675105
2233126178,106.6741613,10.7677402
2233126184,106.6743785,10.7679153
2233425577,106.6820762,10.777903
2233642261,106.668767,10.7599732
2233965366,106.6791471,10.7576248
2253460206,106.6985911,10.7594912
2253460208,106.6997112,10.7579912
2289920280,106.685725,10.7554608
2289920281,106.6866261,10.7541891
2289920282,106.6872483,10.7523244
2289920283,106.6863501,10.7546771
2289920286,106.6867231,10.753954
2289920288,106.6861446,10.7550975
2289920290,106.6855245,10.7557502
2289920293,106.6861636,10.7549502
2289920294,106.6860421,10.7550977
2289921217,106.6855346,10.7558849
2289923628,106.6844552,10.7584635
2289923629,106.6834114,10.761211
2289923630,106.685173,10.7566264
2289923631,106.6834818,10.7610338
2289923632,106.684412,10.7585707
2289923634,106.6845373,10.7579413
2289923635,106.6842323,10.7590287
2289923637,106.684343,10.7587354
2289923638,106.6846466,10.7579811
2289929124,106.6676674,10.7679253
2289929129,106.668235,10.7680333
2289929132,106.6681818,10.7679188
2290050435,106.6948353,10.7672259
2293409284,106.6996053,10.7530688
2295381730,106.6995977,10.7536617
2300346900,106.6879234,10.7794204
2300361543,106.6832444,10.7807155
2300361544,106.6827383,10.7807164
2300363358,106.6741308,10.7575734
2300363363,106.6739746,10.7575532
2300363368,106.6739659,10.7574552
2300363370,106.6740399,10.7573959
2300363371,106.6741442,10.7575595
2300363373,106.6740727,10.7573942
2305201705,106.7003972,10.7609468
2305201706,106.7003461,10.7610274
2305201707,106.7001088,10.7613976
2305201708,106.700184,10.7614587
2305201711,106.7004904,10.7610014
2305201712,106.7004391,10.7610792
2309294271,106.6921673,10.7512866
2327217355,106.6714594,10.7497747
2327219045,106.6801785,10.7524071
2327219050,106.6802023,10.7522885
2327229725,106.6986341,10.7642509
2341633617,106.689796,10.7781607
2348757730,106.7011725,10.7560671
2348761055,106.7012566,10.756068
2353541573,106.6981393,10.7709523
2353541588,106.6990851,10.7712014
2353541600,106.6988439,10.7710697
2358137370,106.6911107,10.7575403
2358137371,106.6845382,10.7514805
2358137372,106.6862887,10.7526485
2358137373,106.6848126,10.751507
2358137374,106.6879749,10.7547376
2358137375,106.6789174,10.7520196
2358137376,106.6870871,10.7538548
2358137377,106.6841313,10.7515017
2358137378,106.6895045,10.7562132
2358137379,106.696533,10.7616993
2358137380,106.6729806,10.7491806
2358137381,106.6851023,10.7515807
2358137382,106.6973975,10.7628536
2358137383,106.6764555,10.7509974
2358137384,106.6843612,10.7514857
2358137385,106.6857506,10.7519258
2358137386,106.6759192,10.7497451
2358137388,106.6806544,10.7522736
2358137389,106.6863795,10.7528712
2358137391,106.6854394,10.7517282
2358137393,106.6737836,10.7490354
2358137394,106.6773922,10.7518908
2358137395,106.6776259,10.7519595
2358137396,106.6924841,10.75857
2358137397,106.6895735,10.7562765
2358137398,106.6802716,10.7522132
2358137399,106.6810361,10.7522909
2358137400,106.6746759,10.7490528
2358137401,106.6813678,10.7522528
2358137402,106.6763072,10.7505431
2358137403,106.695251,10.7602764
2358137404,106.6816064,10.7522091
2358137406,106.6761024,10.7500156
2358137407,106.6874457,10.7542184
2358137408,106.6888029,10.7555702
2358137409,106.6724825,10.7493461
2358137410,106.676751,10.751445
2358137411,106.6753794,10.7493074
2358137412,106.6859794,10.7521605
2358137413,106.6778987,10.7520118
2358137414,106.6769259,10.7516083
2358137415,106.6756977,10.7495115
2358137416,106.6771157,10.7517581
2358137417,106.6979831,10.7636089
2358137418,106.6865141,10.7531457
2358137419,106.6958089,10.7608192
2358137420,106.6868329,10.7535985
2358137421,106.6947306,10.7599154
2358137422,106.6866679,10.7534173
2358137423,106.6980784,10.7637171
2358137424,106.6762206,10.7502441
2358137425,106.690169,10.7567877
2358137426,106.6839462,10.7515386
2358137427,106.6954905,10.7604873
2358137428,106.6750616,10.7491612
2358137429,106.6733303,10.7491019
2358140553,106.6980581,10.7636887
2358140554,106.6933289,10.7591938
2358140872,106.6884951,10.7553903
2358140873,106.6885139,10.7552796
2358141240,106.686967,10.753727
2358142171,106.6837219,10.7515957
2358142172,106.6784026,10.7520231
2358142173,106.6838089,10.7515736
2358144748,106.6667688,10.7504849
2358144750,106.6693652,10.7501484
2358232087,106.6922832,10.7575991
2358232093,106.6995074,10.7637735
2358232095,106.6988224,10.7634103
2358232101,106.6892122,10.7549904
2358232103,106.6961672,10.7601019
2358232105,106.6940945,10.7587382
2358232107,106.6958967,10.7598543
2358232111,106.6982326,10.7627657
2358232113,106.6957862,10.7597687
2358232115,106.6971431,10.7613482
2358232117,106.6918919,10.7573004
2358232119,106.6930092,10.7580731
2358232121,106.6916091,10.757071
2358232124,106.6895431,10.7553146
2358232128,106.6950998,10.7593257
2358232130,106.6947749,10.7591485
2358234404,106.6884806,10.7542525
2358235321,106.6984622,10.7630602
2358235322,106.69976,10.7638822
2359646390,106.6861546,10.7524
2359660071,106.6794543,10.7520695
2359660072,106.6783835,10.7520985
2362579516,106.694335,10.7702478
2362584861,106.6989556,10.7635069
2362584863,106.6989665,10.7634127
2363974212,106.7014724,10.7649988
2363974217,106.7027933,10.7665968
2363974219,106.7010282,10.7646247
2363974220,106.700437,10.7642211
2364030594,106.6897677,10.7739104
2364030596,106.6906337,10.7748103
2364059993,106.6875929,10.7717266
2364059995,106.6873965,10.771515
2364059996,106.6863952,10.770439
2364059997,106.6878088,10.7719593
2364059999,106.6822812,10.7660885
2364060002,106.6843014,10.7682636
2364060004,106.6867866,10.7708579
2364060005,106.682478,10.7662945
2364060006,106.687182,10.7712755
2364060008,106.6888106,10.7730387
2364060009,106.6866341,10.7706935
2364060010,106.6826405,10.7664573
2364075311,106.6695487,10.7526721
2364075312,106.6768997,10.7541243
2364075314,106.6756327,10.7537788
2364075317,106.6734375,10.7531892
2364075318,106.6710625,10.7528038
2364075319,106.6721087,10.7528762
2364075320,106.6789677,10.7546883
2364075321,106.6747723,10.7535442
2364075322,106.6836955,10.7559553
2364089045,106.6923776,10.7645495
2364089047,106.6883438,10.760012
2364089048,106.6851829,10.7563778
2364089053,106.6851458,10.7564542
2364089062,106.6871803,10.7587225
2365199344,106.6963847,10.7692282
2365200725,106.6986383,10.7595272
2365206751,106.7001288,10.7567047
2365206752,106.7004875,10.7569771
2370360786,106.687302,10.7521377
2377619572,106.6903023,10.7559742
2380787687,106.6869286,10.7521499
2380787688,106.6870455,10.7521773
2380787690,106.6868172,10.7521746
2380787691,106.6867509,10.7524379
2380787693,106.6927834,10.7579364
2380787694,106.7000169,10.7639624
2380787702,106.7010267,10.7658766
2380787704,106.701551,10.7664513
2380787705,106.7014418,10.7662661
2380787706,106.7013733,10.7661496
2380787707,106.7003906,10.7663918
2383425451,106.6991188,10.7721514
2383425454,106.6989769,10.7723309
2393614146,106.6881777,10.7742698
2393614147,106.6874846,10.7746411
2393614148,106.6836696,10.7766796
2393614150,106.6884415,10.7741263
2393614152,106.6867998,10.7750066
2393614153,106.6858978,10.775489
2393614154,106.6855303,10.7756854
2393614155,106.6860354,10.7754155
2393614156,106.6842239,10.7763834
2393614157,106.6870374,10.7748767
2393615144,106.685232,10.7758448
2393615145,106.6827976,10.7771456
2393615146,106.6863763,10.7752389
2393618251,106.6894036,10.7736733
2433276952,106.6710427,10.7697703
2433276954,106.6796321,10.7751671
2433276955,106.6750615,10.7721946
2433276963,106.6777205,10.7738634
2433276964,106.6689241,10.768755
2433276966,106.6793114,10.7749038
2433276967,106.6811565,10.7776498
2433279316,106.6764425,10.7730645
2433279317,106.673684,10.771333
2433279318,106.6751101,10.7721221
2433279319,106.6764938,10.7729831
2433653213,106.6678809,10.7680265
2433653223,106.6671261,10.7678066
2433653225,106.6639913,10.766037
2433653226,106.6627096,10.7653526
2468452110,106.6891306,10.744666
2468452113,106.6889032,10.7469969
2468452114,106.6886292,10.7482685
2468452118,106.689291,10.7460975
2468452119,106.6883496,10.7490456
2468452121,106.6894306,10.7456636
2468452124,106.6890076,10.7470302
2468453127,106.6883701,10.7489946
2469697624,106.683007,10.7622438
2469697625,106.6825858,10.7628641
2469697626,106.6827336,10.7629119
2469697627,106.6823427,10.7634961
2469697628,106.6828599,10.7621866
2498090048,106.6694933,10.7679568
2498090050,106.673828,10.7691458
2498090051,106.6714997,10.7678617
2498090057,106.6740246,10.7677425
2498090058,106.6684163,10.7680037
2498090062,106.6694908,10.7678619
2498090913,106.6763647,10.7670409
2498090914,106.6787221,10.7664002
2498090915,106.6794706,10.7661714
2498090916,106.6747964,10.7675184
2498090917,106.6813832,10.7654899
2498091942,106.6818889,10.7657285
2498092000,106.6809803,10.7656031
2498104606,106.6723719,10.7572514
2498104608,106.6729599,10.7573593
2520636461,106.6839026,10.7766471
2520636462,106.6838242,10.7768262
2520636900,106.6865653,10.7763968
2527488811,106.6951846,10.7705222
2527488815,106.6942224,10.7701329
2527488817,106.6953539,10.7706598
2527488819,106.6943425,10.7701817
2527492308,106.696177,10.7711118
2527492309,106.6961899,10.7709978
2527492310,106.6962087,10.7710859
2527492311,106.6962091,10.771046
2614395055,106.6745464,10.7674787
2614395057,106.6741744,10.7675718
2614395078,106.6746366,10.7677393
2614395084,106.6746118,10.7677965
2614395089,106.6741826,10.7677909
2614395092,106.674215,10.7678355
2614395094,106.6742567,10.767872
2614395107,106.6737177,10.7694288
2614395124,106.6732499,10.7706286
2616958829,106.6886616,10.7665212
2616958835,106.6930476,10.7711638
2663926497,106.6993323,10.7709037
2663926519,106.6984907,10.7711666
2663926522,106.6993288,10.7712323
2664205597,106.6984085,10.7711786
2666742980,106.7001129,10.7653886
2666742983,106.7001553,10.765327
2666742985,106.7004402,10.7653517
2666742987,106.7005461,10.7654308
2666742989,106.7002819,10.7654084
2666742991,106.7002069,10.7654123
2667727001,106.6928199,10.7772074
2685998299,106.6759137,10.7447838
2685998300,106.675894,10.7448817
2685998301,106.6758687,10.7449741
2690659611,106.6790581,10.7791838
2690659614,106.6787045,10.7793869
2690659691,106.6798422,10.7787762
2690659695,106.6796379,10.7788862
2690659915,106.6686282,10.7736421
2691192014,106.684931,10.7681092
2691192106,106.6949169,10.7673139
2691240096,106.6991208,10.7707145
2691240098,106.6991321,10.7706972
2692556720,106.6846711,10.749835
2692556733,106.6878457,10.7507816
2692556738,106.687586,10.7508341
2692556747,106.6920857,10.7512604
2692556767,106.6937502,10.7515982
2692556769,106.6942918,10.7516849
2692556772,106.694744,10.751711
2692556774,106.6949914,10.7517139
2692556786,106.6842823,10.7540015
2692556787,106.684269,10.7542881
2692556789,106.6842449,10.7544049
2692556834,106.6902339,10.76857
2841256319,106.6672875,10.7666335
2841256321,106.6674265,10.7660222
2841256338,106.6665348,10.7673232
2841264942,106.6650843,10.7666374
2854592010,106.6941245,10.7699958
2854592011,106.6940816,10.7700143
2854592012,106.6939275,10.7700263
2854592014,106.6940371,10.7700276
2922933636,106.6889199,10.7473742
2934000185,106.6696106,10.7546206
2934000187,106.6695468,10.7537252
2934000190,106.669502,10.7536032
2934000577,106.6692746,10.7506889
2934006856,106.6672785,10.7672454
2934006858,106.6674092,10.7666599
2934006859,106.6687149,10.7608083
2934006860,106.6687966,10.7599962
2934006863,106.6688913,10.7600176
2934006865,106.6674769,10.7663562
2934006866,106.6671808,10.767658
2934006867,106.6675459,10.7660469
2934006868,106.6684783,10.7618685
2934006869,106.6673402,10.7669691
2934006870,106.6677253,10.764708
2934006871,106.668211,10.7630666
2934292885,106.6679509,10.7568673
2935020197,106.6824834,10.7635397
2935020237,106.6883731,10.7666983
2999030267,106.6670971,10.7679984
2999030270,106.6670229,10.767749
2999030272,106.6673908,10.7679525
2999030273,106.6672773,10.7679499
2999040632,106.6668906,10.7679584
3016580647,106.7006608,10.765681
3081520486,106.6843698,10.7781284
3116310151,106.6903806,10.7767056
3116310152,106.6901658,10.7752639
3116310153,106.6891355,10.7733888
3116315714,106.6786913,10.7593413
3116315718,106.6695562,10.7571496
3116315719,106.6650113,10.7559483
3116339932,106.6646205,10.7536262
3116339937,106.6679689,10.7542875
3116339939,106.6699247,10.7546744
3116339942,106.6767057,10.7614803
3116339943,106.6755966,10.764361
3116339945,106.6772914,10.7712134
3116339948,106.6839593,10.7769515
3116339949,106.685171,10.7780742
3116339950,106.6874916,10.780274
3150110707,106.6680006,10.7640095
3150110708,106.6679882,10.7635516
3150110709,106.6685521,10.7610716
3150110710,106.6690295,10.7590308
3150110711,106.6690843,10.7592023
3150110712,106.668592,10.7529727
3150623840,106.6638606,10.7658608
3150775221,106.6692498,10.7678754
3150775222,106.6691782,10.7679665
3150775223,106.6732443,10.7676922
3150775224,106.6731111,10.7677829
3150775225,106.6755138,10.7673983
3150775226,106.6756995,10.7672452
3150775227,106.680325,10.7658081
3150775228,106.6802177,10.7659225
3150775229,106.682071,10.7645742
3150775230,106.6830734,10.7620596
3151254797,106.6765437,10.7584595
3151254798,106.6731475,10.7572931
3151254801,106.6675014,10.7578192
3151254802,106.6646126,10.7556477
3160535889,106.6806672,10.7783377
3160535890,106.6781655,10.7796779
3160542984,106.6694926,10.7720376
3160542985,106.6704744,10.7702033
3160542986,106.6720572,10.7655336
3160542988,106.6735947,10.7587135
3160545657,106.6694433,10.7571879
3160545660,106.6660282,10.7524098
3160548761,106.6708387,10.7527836
3160548762,106.6714119,10.7529032
3160548763,106.6742368,10.7534948
3160548764,106.6764485,10.7540899
3160548765,106.676296,10.7539597
3160548849,106.6783493,10.7546086
3160548850,106.678207,10.7544808
3160548851,106.6809509,10.7552198
3160548852,106.680675,10.7552396
3160554145,106.6831391,10.7558062
3160554146,106.6830395,10.7558799
3160554147,106.6854683,10.7566675
3160554148,106.6856623,10.7569678
3160559458,106.6908622,10.7628067
3160559561,106.6929387,10.7652487
3160567895,106.6967725,10.7700515
3160583013,106.6824686,10.7661699
3160583014,106.6825742,10.7663861
3160583016,106.685113,10.7691058
3160583017,106.6877906,10.7718193
3162506783,106.6844704,10.7803182
3162506784,106.6826659,10.7785015
3164237712,106.6921094,10.7721924
3164237713,106.6923453,10.7719744
3164237716,106.6886508,10.7740801
3164237717,106.6871226,10.7748346
3164258337,106.6841852,10.7764962
3164258338,106.6840194,10.7764927
3164258339,106.6823157,10.7774841
3164258340,106.682379,10.7773804
3164258341,106.6927625,10.7709682
3164261850,106.6792063,10.7670025
3164261851,106.6804787,10.7683472
3164261852,106.6802989,10.7676816
3164261853,106.6775192,10.7699468
3164261855,106.6807047,10.771272
3164261856,106.6782984,10.7733505
3166133535,106.6993154,10.7723535
3166133536,106.6991983,10.7725734
3166367902,106.6712238,10.7699578
3166987989,106.6992443,10.7679468
3167001369,106.6887766,10.7770875
3167004171,106.6862635,10.7744369
3167004172,106.6845353,10.772601
3167004173,106.6818135,10.7697557
3168270438,106.692624,10.7791299
3168901215,106.6820441,10.7792426
3168933105,106.6789233,10.7807343
3171491268,106.7008688,10.7612598
3171491269,106.7009487,10.7614109
3171491270,106.6988767,10.7598511
3171491271,106.6986824,10.7593698
3171491272,106.7006126,10.7568895
3171491273,106.7005952,10.7568317
3171499319,106.6970494,10.7517251
3171499320,106.6928514,10.7514236
3171506752,106.6837112,10.7600691
3171506754,106.6847143,10.7574881
3171509286,106.6962771,10.7664674
3171509287,106.6964514,10.7663915
3171528312,106.6808566,10.7478214
3171528313,106.6835099,10.7492364
3171528314,106.6766608,10.7455097
3175002779,106.6893038,10.7451613
3175002780,106.6892563,10.7458631
3175002781,106.6885684,10.7484615
3175002782,106.6884948,10.7483299
3178465562,106.6902436,10.7795928
3181281947,106.6998546,10.7651414
3181281948,106.7000523,10.7651109
3181281951,106.6956333,10.7608853
3181281952,106.6958906,10.7610315
3181281953,106.6926469,10.7587695
3181281954,106.6921356,10.7585628
3181281955,106.6864458,10.753473
3181281956,106.6872369,10.7541194
3181281957,106.683401,10.7518841
3181281958,106.6842544,10.7515752
3181281959,106.6789223,10.7522187
3181281960,106.6785737,10.7520946
3181284823,106.6761997,10.7508351
3181284824,106.6766045,10.7513951
3181284826,106.6696244,10.7501519
3184829222,106.6652214,10.759189
3185762980,106.6747747,10.7667344
3185762981,106.6795568,10.7631515
3185778720,106.6740502,10.7606274
3185778721,106.6706502,10.7584241
3185778722,106.6682449,10.757002
3186257042,106.6778381,10.7570708
3186257043,106.6813263,10.7584956
3186264463,106.6828098,10.7583515
3250474561,106.6846598,10.7762428
3257247348,106.6849154,10.7778272
3257259160,106.6861427,10.7768031
3262508964,106.6671219,10.767713
3301809362,106.671455,10.7700838
3301809364,106.6707378,10.7696929
3334355736,106.6989446,10.7709828
3335314137,106.7000478,10.7640617
3335314138,106.7001865,10.7640592
3335314139,106.7014008,10.7650337
3335314140,106.7014101,10.7650577
3335314141,106.7014124,10.7650921
3335314142,106.7014101,10.7651254
3335314143,106.7009051,10.7656247
3335314144,106.7009504,10.7656331
3335314145,106.7012021,10.765385
3335314146,106.7010974,10.7655079
3335314147,106.7007491,10.766049
3335314148,106.7016581,10.7652758
3335314149,106.7014743,10.7652746
3335314150,106.7015146,10.7652597
3335314151,106.7015432,10.7652522
3335314152,106.7015946,10.7652476
3335314153,106.7016203,10.7652522
3335314154,106.701639,10.7652591
3335314155,106.7015724,10.7652465
3335337341,106.6695439,10.7527417
3335337342,106.6989063,10.77105
3337595378,106.6876377,10.7592383
3338019233,106.6845165,10.751691
3338019234,106.6842787,10.7516934
3338019235,106.6846533,10.7517007
3338019236,106.6843238,10.7517808
3338019237,106.6844051,10.751782
3338019238,106.6844519,10.7517845
3338019239,106.6850773,10.7517927
3338019240,106.6841919,10.7517929
3338019241,106.6845394,10.7517941
3338019242,106.6847218,10.7518244
3338019243,106.6848968,10.7518571
3338019244,106.6850078,10.7518862
3338019245,106.6850785,10.7519165
3338019246,106.6851672,10.7519613
3338019248,106.6852621,10.7520085
3338019249,106.6853903,10.7520848
3338019252,106.6855061,10.7521635
3338019254,106.6855887,10.7522289
3338019255,106.685638,10.7522761
3338019256,106.6856947,10.7523342
3338019258,106.6818598,10.7524336
3338019259,106.6857674,10.7524347
3338019260,106.6858364,10.7525485
3338019261,106.6858931,10.7526575
3338019262,106.6859547,10.7527919
3338019264,106.6860077,10.7529336
3338019265,106.6860829,10.7531115
3338019266,106.6861359,10.7532169
3338019267,106.6861827,10.753298
3338019268,106.6862185,10.7533561
3338019269,106.6862601,10.7534034
3338019270,106.6863934,10.7535608
3338019271,106.6863134,10.7535656
3338019272,106.6864649,10.7536468
3338019273,106.6863392,10.7536297
3338019274,106.6863811,10.753706
3338019275,106.6864292,10.7537738
3338019276,106.6866003,10.7538098
3338019277,106.6864637,10.7538198
3338019278,106.686513,10.7538792
3338019280,106.686697,10.7539247
3338019281,106.6871406,10.7539091
3338019283,106.6865734,10.7539494
3338019284,106.6870902,10.7539634
3338019290,106.6866141,10.7540075
3338019292,106.6866443,10.7540548
3338020094,106.6868455,10.7540734
3338020095,106.6869725,10.7540794
3338020101,106.6869276,10.7541693
3338020105,106.6867824,10.7542189
3338020106,106.6868322,10.754233
3338020108,106.6870162,10.7542544
3338020109,106.6868986,10.7542586
3338020110,106.6869169,10.7542676
3338020112,106.6869587,10.7542845
3338020115,106.6870363,10.7543282
3338020117,106.6871406,10.7543658
3338020129,106.6873336,10.7545278
3338020134,106.6892102,10.7563482
3338020159,106.6906919,10.7575925
3338020168,106.6921944,10.7587332
3338020171,106.6923653,10.7588519
3338020181,106.6946581,10.7602347
3338020186,106.6949332,10.7604218
3338020187,106.6952279,10.7606612
3338020192,106.6957208,10.7611794
3338020294,106.6961099,10.7616716
3338020301,106.6974284,10.7634062
3338020303,106.6981796,10.7638854
3338020306,106.6982216,10.7639188
3338020311,106.6981167,10.7640506
3338020314,106.6979258,10.764114
3338020317,106.6979965,10.7641391
3338020323,106.6983835,10.7642553
3338020327,106.6983147,10.7643273
3338020332,106.6985352,10.7644673
3338020337,106.6989783,10.7647324
3338020338,106.6991763,10.7648803
3338020339,106.6992118,10.76492
3338020340,106.6992725,10.7649681
3338020341,106.6993282,10.7650062
3338020342,106.6993987,10.765069
3338165670,106.6881007,10.7664019
3338165671,106.6882441,10.7666352
3338165680,106.6883499,10.7666511
3338165682,106.6883705,10.7666861
3338165688,106.6879679,10.7668096
3338165691,106.688373,10.7667232
3338165893,106.6883156,10.7667912
3338165894,106.6883496,10.7667697
3339100849,106.6842349,10.7682639
3339100851,106.6841456,10.7683338
3342060865,106.6746131,10.7671928
3342060872,106.6748898,10.7674905
3342113907,106.6915879,10.768014
3342113908,106.6916885,10.7680558
3342113909,106.6911826,10.7689538
3342113910,106.6912949,10.7689984
3342113911,106.6923588,10.7694183
3342113912,106.6926749,10.7695461
3342113913,106.6928699,10.7696228
3462850856,106.6698618,10.7526975
3462850858,106.669734,10.750786
3462932131,106.6804329,10.7675739
3462932165,106.6772122,10.7711231
3462940800,106.6746869,10.7718596
3462940803,106.674291,10.771611
3462940804,106.6744361,10.7717026
3462940808,106.678213,10.7734234
3462940809,106.6788077,10.7725586
3462940813,106.6784345,10.7732344
3462993919,106.6784356,10.7817
3462993920,106.6784624,10.7815077
3462993921,106.6783662,10.7812525
3506700347,106.6942843,10.7700373
3506704700,106.693449,10.7687752
3628475246,106.6856078,10.755618
3628475247,106.6854356,10.7559137
3628501750,106.6831604,10.7456658
3628501759,106.6858274,10.7446235
3734437575,106.6801416,10.7820029
3734437594,106.6719035,10.7782944
3744246109,106.6866414,10.7763241
3744246112,106.6893097,10.7754965
3761180034,106.6864604,10.7533167
3768905105,106.6786759,10.7663326
3829419881,106.6682006,10.7743013
3829419885,106.6683653,10.7740549
4010762986,106.6893594,10.7781111
4010811131,106.6896283,10.7779842
4013900152,106.686902,10.7781733
4045610077,106.66804,10.7585417
4073267999,106.6825272,10.7556422
4073268003,106.6827633,10.7557055
4100167207,106.6867974,10.7750074
4109567455,106.677257,10.7521617
4191281725,106.6677464,10.7542429
4302891987,106.6916427,10.7637621
4302891988,106.6926622,10.7648296
4303175609,106.6927194,10.7647838
4308471159,106.6916661,10.7637378
4309718849,106.6675931,10.7525415
4309718850,106.6673271,10.7525191
4315295125,106.6809271,10.7571999
4315295141,106.6808701,10.7575263
4315295144,106.6830089,10.7578236
4415006538,106.6787471,10.7522985
4415006539,106.6778616,10.7523028
4415006540,106.6786032,10.7522946
4415006541,106.6780042,10.7523083
4415006542,106.6792242,10.7523479
4415006543,106.6800376,10.7524932
4415006544,106.6815096,10.752523
4415006545,106.6807069,10.7525761
4415006546,106.6810172,10.7525796
4419663830,106.6867942,10.7537062
4419663831,106.6868673,10.7537556
4421905095,106.676148,10.7699884
4461965539,106.6815264,10.7817519
4489056951,106.7016158,10.7672856
4591922983,106.6928834,10.7651976
4593777904,106.6893278,10.7564637
4593927776,106.689487,10.7571187
4594506059,106.6901572,10.7622299
4594564168,106.6867818,10.7524833
4594564169,106.6867298,10.7523009
4594564188,106.6873181,10.7529518
4594565389,106.6872311,10.7528467
4594580077,106.6893751,10.7453702
4594580078,106.6894342,10.7455773
4594580079,106.6893206,10.7454696
4594580080,106.6899039,10.7556435
4594580081,106.6925282,10.7577678
4594580082,106.6932332,10.7582043
4594580083,106.6955699,10.7596245
4594580084,106.6960563,10.7599948
4594580085,106.6962792,10.7602251
4594580086,106.6964103,10.7603882
4594580087,106.6965092,10.7605251
4594580088,106.6966073,10.7606538
4594586189,106.6963225,10.7601716
4594586190,106.6960209,10.7598646
4594687680,106.689683,10.7554463
4594687681,106.689513,10.7552072
4594687682,106.6901069,10.7557122
4594687683,106.6899365,10.7555738
4594687687,106.6956835,10.7596952
4594687688,106.6973442,10.7611482
4594693789,106.6990542,10.7634758
4594693790,106.6991601,10.7635389
4594693791,106.6998526,10.7637925
4594693792,106.7011815,10.7647374
4594693793,106.7013259,10.7648554
4594693794,106.7008379,10.7644886
4594693795,106.7011031,10.764677
4594693796,106.7014092,10.7648368
4594693797,106.7019579,10.7654016
4594693800,106.7018217,10.7652502
4594693801,106.6999839,10.7640243
4594693802,106.699189,10.7636383
4594693803,106.6993506,10.7637097
4594693804,106.69908,10.7635848
4594693805,106.6990143,10.7635461
4594693806,106.6986625,10.7632685
4594693807,106.6985392,10.763004
4594693808,106.6983345,10.7627697
4594693809,106.6968032,10.7609162
4594693810,106.6969465,10.7611026
4594693811,106.6975135,10.7618338
4594693812,106.6983408,10.7629208
4594693813,106.698402,10.7629932
4594693814,106.6982919,10.7628512
4594693815,106.6981011,10.7625856
4594693816,106.6981789,10.7626887
4594693817,106.6984418,10.7629047
4594693818,106.698891,10.7633476
4594693819,106.6992598,10.7635866
4594693820,106.6995235,10.7636867
4594693821,106.6996832,10.7637362
4594693824,106.6998005,10.761875
4594693825,106.698479,10.7629477
4594765211,106.6980244,10.7636502
4594765213,106.6978412,10.7639585
4594765218,106.6976318,10.7642915
4594765219,106.697836,10.7640071
4594790872,106.6999727,10.7616211
4594790873,106.6998703,10.7617701
4594811180,106.6868221,10.7538926
4594811181,106.6867623,10.7538539
4594811182,106.6871644,10.752592
4594841779,106.6876995,10.7508238
4594841780,106.6876376,10.750832
4594877893,106.6898013,10.755554
4594877894,106.6896476,10.7553263
4594877895,106.6900208,10.7557408
4594916756,106.6869888,10.7526957
4594916760,106.6872147,10.7528121
4594916761,106.6872227,10.7529382
4594994059,106.6872053,10.752786
4596177933,106.6986407,10.7631072
4596177934,106.6976289,10.7641722
4597084182,106.6934336,10.7658315
4597097831,106.6923418,10.7683223
4602703726,106.6893325,10.7507855
4602705518,106.688205,10.7506082
4603175867,106.6984251,10.7719148
4603207418,106.6910751,10.7726805
4603243122,106.6901467,10.7652725
4603586522,106.6846255,10.7682392
4603720647,106.6910351,10.7628531
4603729664,106.6909905,10.762923
4603729665,106.690963,10.7629567
4603729666,106.6908753,10.763051
4603731414,106.6887427,10.7633631
4603755772,106.6906531,10.7644034
4603755774,106.6903044,10.7638888
4603755778,106.6906371,10.7642011
4603761222,106.6896598,10.7672514
4603761225,106.6904631,10.7675704
4603761227,106.6910309,10.7677885
4603764604,106.6890037,10.7663847
4603764606,106.6895198,10.7661437
4603764607,106.6896037,10.7660279
4603781754,106.6941176,10.7690424
4603781755,106.6939822,10.768989
4603797315,106.6873755,10.767063
4603798461,106.6854335,10.7565013
4603817780,106.6860159,10.757163
4603817787,106.6862505,10.7574245
4603826290,106.6865881,10.7578063
4603826291,106.6867009,10.7579412
4603826296,106.6870287,10.7583153
4603835832,106.6876667,10.7590303
4603846867,106.6893286,10.7609194
4603846870,106.6882845,10.7600888
4603846872,106.6884601,10.7599151
4603846874,106.6881773,10.7596086
4603846875,106.6876404,10.7590523
4603901559,106.6937921,10.7742071
4604860551,106.691729,10.7759814
4604860552,106.6930056,10.7774171
4604865410,106.6871148,10.7731745
4604903927,106.6875752,10.7736505
4604903936,106.6872403,10.7712291
4604920479,106.6860782,10.7720706
4604949058,106.6873299,10.7642637
4605002478,106.6967401,10.7712518
4605016930,106.6978388,10.7715958
4605017103,106.6948895,10.7712594
4605017322,106.6961316,10.7711376
4605034948,106.6896701,10.7687377
4605057806,106.6925211,10.7611119
4605065012,106.6894464,10.7617999
4605065669,106.6883296,10.7625166
4605065670,106.6886475,10.7623135
4605065672,106.6889526,10.7621187
4605066040,106.6887614,10.7622382
4605066211,106.6884271,10.7624543
4605067181,106.6884679,10.7624332
4605071396,106.6904087,10.7637158
4605582026,106.6828257,10.7759779
4605752800,106.6802493,10.768091
4605752816,106.6805503,10.7684273
4606995347,106.6943654,10.7666829
4606995349,106.6937891,10.766017
4607019392,106.6916474,10.7602759
4607019395,106.6913613,10.7606217
4607049888,106.689942,10.76557
4607050266,106.690455,10.7621922
4607240943,106.6921216,10.7682316
4607240944,106.6920311,10.7681953
4607247007,106.6836062,10.7687911
4607249123,106.687722,10.7737957
4607266228,106.6876007,10.7745791
4607288659,106.68797,10.7740472
4607349131,106.6868033,10.7629997
4607349648,106.6866406,10.7626933
4607399412,106.6857131,10.7677787
4607499383,106.6852685,10.7733884
4607549727,106.6848768,10.7729737
4607572825,106.687866,10.7657069
4607653471,106.6828495,10.7760007
4608280833,106.6952556,10.771661
4608688128,106.6954962,10.7712246
4608688932,106.6978511,10.7716635
4608690975,106.6964406,10.7715056
4608694745,106.695804,10.7707742
4608867550,106.6899228,10.7684433
4608876661,106.6886136,10.7676122
4608876662,106.68836,10.767066
4608877607,106.6883619,10.7667537
4608881458,106.6882711,10.7666257
4608887950,106.6882291,10.7667749
4608887951,106.6882125,10.7667558
4608957327,106.6889671,10.7664014
4609310620,106.6901876,10.7731679
4609313866,106.6922064,10.7720507
4609314795,106.6941943,10.7699697
4609314796,106.694617,10.7692254
4609314797,106.6945589,10.7693254
4609319428,106.6961636,10.7698327
4609356026,106.6710269,10.7498503
4609356032,106.6712582,10.7498545
4609356033,106.6711256,10.749903
4609356034,106.6683124,10.750433
4609356035,106.6702545,10.7500849
4609356036,106.670804,10.7499881
4609356068,106.6703456,10.7500119
4609356069,106.6706602,10.7499638
4609356070,106.6710703,10.7498802
4609356071,106.6710533,10.7499274
4609356075,106.6710016,10.7498589
4609356076,106.6727331,10.7492176
4609356077,106.6710589,10.749842
4609356078,106.6702937,10.749974
4609356079,106.670397,10.7499594
4609356080,106.6775576,10.7520214
4609356081,106.6771698,10.7518731
4609356082,106.6711831,10.7500062
4609356083,106.6728469,10.7493826
4609356084,106.6729867,10.749343
4609356086,106.6727865,10.7492401
4609356087,106.6731853,10.7490956
4609356088,106.6734009,10.7490531
4609356089,106.6729774,10.7491462
4609356090,106.6725291,10.7492853
4609356091,106.6712442,10.7498127
4609356092,106.6712277,10.7497781
4609356093,106.6717524,10.7496259
4609356095,106.6687501,10.7504117
4609356096,106.6730248,10.7494561
4609356097,106.6693873,10.750435
4609356098,106.6693801,10.7503075
4609356099,106.6693709,10.7501998
4609356100,106.6697201,10.7500918
4609356101,106.6700267,10.750059
4609473130,106.6869792,10.7626463
4609522255,106.6867666,10.7625625
4609554055,106.6880735,10.7626812
4609760516,106.6973013,10.7700499
4609802775,106.6952329,10.76801
4609802777,106.694555,10.7671192
4609802778,106.6954941,10.7677898
4609802782,106.6853271,10.7565977
4609829831,106.685231,10.7565074
4609836317,106.6852687,10.7564206
4609877991,106.6971338,10.7701733
4609877993,106.6947264,10.7692663
4609917916,106.6972736,10.7702264
4609928331,106.6974405,10.7702244
4609969792,106.6904512,10.7640503
4610019119,106.6986797,10.771295
4610019122,106.6984888,10.7719227
4610019123,106.6986499,10.7718767
4610019127,106.6985427,10.7711902
4610019130,106.6986589,10.7712673
4610019131,106.6987406,10.7717741
4610621999,106.693069,10.771339
4610622001,106.6930893,10.7712943
4610622002,106.6934023,10.7713366
4610622003,106.6934066,10.7714165
4610622004,106.6933781,10.7714832
4610622005,106.6933534,10.7715109
4610625909,106.6931217,10.7712571
4610625910,106.6932016,10.7712182
4610625911,106.6932416,10.7712149
4610625912,106.6933185,10.7712354
4610625914,106.693386,10.7712996
4610625915,106.6932349,10.7715558
4610625916,106.6931806,10.7715469
4610625917,106.693132,10.7715218
4610625918,106.6930937,10.771483
4610625919,106.6930703,10.771436
4610625920,106.6930624,10.7713876
4610643513,106.6936541,10.7710723
4610643514,106.6936565,10.7711245
4610643515,106.6936722,10.7711617
4610643516,106.6937053,10.7712013
4610643517,106.6930429,10.7716765
4610649697,106.6934757,10.7711492
4610649700,106.6932892,10.7715476
4610715696,106.6962764,10.7709664
4611394688,106.6843011,10.7588488
4611399534,106.6846212,10.7580452
4611406619,106.6843579,10.7586999
4611409246,106.6841903,10.759139
4611507136,106.6712231,10.7780404
4611587129,106.6688881,10.7509195
4611694204,106.672049,10.7500252
4611694205,106.6720466,10.7499427
4611694206,106.672012,10.7498845
4611694207,106.6720515,10.7499831
4611694208,106.6720308,10.7499071
4611905362,106.6731203,10.7494315
4611905368,106.6734604,10.7493501
4611905370,106.6735825,10.7493304
4611905371,106.6735093,10.749114
4611905372,106.673556,10.7490655
4611905373,106.6731591,10.7491356
4611905374,106.6732208,10.7491711
4611905375,106.6733051,10.749498
4611905376,106.6733546,10.7495623
4611905377,106.6732313,10.7494611
4611905378,106.6733697,10.7492643
4611905379,106.6733801,10.7492626
4612970101,106.6894344,10.7735738
4612970105,106.6954254,10.7679022
4612970106,106.6953474,10.7680299
4612970107,106.6954244,10.7681184
4612970108,106.6955024,10.7679903
4613083207,106.6876015,10.7590947
4613083208,106.6873993,10.7589679
4613083209,106.6873456,10.7590153
4613344546,106.681705,10.7656796
4613361750,106.6819583,10.7541018
4613361751,106.6818467,10.7545913
4613979673,106.6906516,10.7643361
4614001016,106.6687357,10.7597828
4614001017,106.6690439,10.7598533
4614001018,106.6689242,10.7597027
4614001019,106.6689667,10.759994
4614001020,106.6687397,10.7599392
4614001608,106.6882957,10.7667956
4614007681,106.6906492,10.7642466
4614007682,106.690639,10.7642225
4614007684,106.6907751,10.7641526
4614008656,106.6906407,10.7641815
4614008657,106.6906493,10.7641634
4614008658,106.6906623,10.764148
4614008660,106.6907316,10.7641286
4614008661,106.6907447,10.7641323
4614008662,106.690788,10.7641716
4614008663,106.6907948,10.7641935
4614008664,106.6907948,10.7642164
4614008665,106.690743,10.7642807
4614008666,106.6907162,10.764283
4614008667,106.6906901,10.7642786
4614008669,106.6906669,10.764266
4614030564,106.6690363,10.7599061
4614030565,106.6689969,10.7599703
4614090210,106.6752055,10.7654291
4614090211,106.6744195,10.7674315
4614090217,106.6745907,10.7675205
4614323729,106.683837,10.7505414
4615020059,106.6877183,10.7653191
4615020060,106.6876304,10.7650884
4615523688,106.6911159,10.7678229
4616029240,106.6633772,10.7556227
4616029241,106.6662919,10.7559837
4616051257,106.6664916,10.7565017
4616051258,106.6687822,10.7597291
4616051259,106.6664403,10.7565245
4616051260,106.6678959,10.7586429
4616051262,106.6688285,10.7597052
4616051263,106.666373,10.7562461
4616051265,106.6665784,10.7565246
4616051266,106.6679699,10.7585909
4616143770,106.6744038,10.7576727
4616143772,106.6741619,10.7575256
4616143776,106.6739837,10.757428
4616143780,106.674106,10.7575894
4616143783,106.6739623,10.7575283
4616143784,106.6739589,10.7574776
4616261994,106.6913184,10.7644013
4616981011,106.6927252,10.7684739
4618374495,106.6761771,10.7512312
4618374496,106.6761851,10.751242
4618374498,106.6737335,10.7493084
4618374499,106.6742745,10.7492752
4618374500,106.6747289,10.7493288
4618374501,106.6758469,10.750823
4618374502,106.6762934,10.7514044
4618374509,106.6764598,10.7516317
4618427491,106.676042,10.7509551
4618427492,106.6759372,10.7505699
4618427493,106.6774361,10.7522134
4618427494,106.6775953,10.7522516
4618427495,106.6777206,10.7522773
4618427496,106.6781455,10.75231
4618427497,106.678453,10.7522947
4618427498,106.6803555,10.7525392
4618427499,106.6821566,10.7525156
4618427500,106.6702698,10.7502162
4618434249,106.6729611,10.7495272
4618434250,106.6726854,10.7495611
4620515587,106.6693988,10.7573861
4620515588,106.6694904,10.757404
4620515990,106.6685702,10.7571769
4620515991,106.6691456,10.758935
4620515992,106.6693148,10.7581831
4620532888,106.6694437,10.7576389
4620534189,106.6693517,10.7575959
4621858716,106.6740092,10.7574076
4621858719,106.6741593,10.7574596
4621858720,106.6740777,10.7575979
4621858721,106.674048,10.7575982
4621858722,106.6740195,10.7575903
4621858728,106.6696815,10.7566055
4621858729,106.6717824,10.7570227
4621858730,106.6717612,10.7571302
4621862964,106.670647,10.7623553
4621933723,106.668717,10.7598562
4621933724,106.6687226,10.7598159
4621933725,106.6690205,10.7599405
4621933726,106.6687226,10.7598992
4621941574,106.6702787,10.7581844
4622024052,106.6687559,10.7597534
4623078280,106.668049,10.7637924
4623078282,106.6678383,10.7647365
4623078284,106.6676247,10.7656941
4623078287,106.6681022,10.763045
4623078288,106.6689318,10.76001
4623087036,106.6679812,10.7679629
4623089043,106.66843,10.761856
4623089044,106.6688411,10.7600134
4623110639,106.6819077,10.765438
4623110641,106.6814534,10.7652396
4623110645,106.680784,10.7581739
4623110646,106.681069,10.7565518
4623110647,106.6807397,10.7583212
4623110649,106.6809966,10.7568598
4623113263,106.6808094,10.7578979
4623113264,106.680834,10.7577415
4623113265,106.6811102,10.7563757
4623159860,106.679155,10.7623893
4623159863,106.6794163,10.7617273
4627742385,106.6859208,10.7754767
4627742716,106.6858136,10.773959
4627745553,106.6860921,10.7742545
4628844526,106.6741547,10.7575434
4628844527,106.674148,10.7574384
4628932720,106.6738445,10.7575965
4628956511,106.6743805,10.757562
4629021461,106.6710127,10.7542686
4629021462,106.6741045,10.7574027
4629021463,106.6741653,10.7574828
4629021464,106.674132,10.7574203
4629021465,106.6739943,10.7575749
4629021467,106.6741657,10.7575068
4629025806,106.6739573,10.757501
4629145035,106.6710047,10.7698384
4629359717,106.6678666,10.7682117
4629359719,106.6677962,10.7681682
4629359728,106.6671026,10.7674468
4629359730,106.6656006,10.7667954
4629359733,106.6652854,10.7667623
4629359734,106.6666044,10.7674947
4629381644,106.668223,10.7683963
4629703848,106.6670725,10.7675961
4629703851,106.6679949,10.7681015
4629703854,106.6682185,10.7682159
4629703855,106.6666303,10.7675139
4629703858,106.6667965,10.767686
4629703859,106.6667502,10.7675953
4629703861,106.6699663,10.7692844
4629703863,106.6700305,10.7692937
4629703864,106.6700729,10.769243
4629703866,106.6665142,10.7674299
4631057700,106.6696513,10.7567343
4631143713,106.6693447,10.752252
4631143714,106.6695017,10.7522326
4631143715,106.669448,10.7522382
4631143716,106.669393,10.752246
4631143717,106.6691796,10.7484265
4631143724,106.6693689,10.7522871
4631143725,106.6693916,10.7526239
4631143726,106.6694738,10.7522777
4631143727,106.6694885,10.7526249
4631143728,106.6694499,10.7526979
4631143729,106.6692765,10.7503137
4631143730,106.6693321,10.7503006
4631143731,106.6693276,10.7506742
4631143732,106.6692499,10.7497317
4631143733,106.6693086,10.749748
4631150865,106.6708177,10.7541562
4631178579,106.6719862,10.7528769
4631178580,106.6721899,10.7528954
4631178581,106.6721391,10.7529566
4631178582,106.6719766,10.7529532
4631178585,106.6747615,10.7535848
4631390892,106.6695379,10.7567666
4631390893,106.6696398,10.7567862
4631390894,106.6695893,10.7565241
4631390895,106.6696948,10.7565312
4631403301,106.6697498,10.7567458
4631403302,106.6697746,10.7566251
4631492083,106.6695663,10.7567203
4631508798,106.6696671,10.7566658
4631738599,106.6683362,10.7528446
4631738600,106.6683833,10.7526071
4631762591,106.6813659,10.7554267
4631762592,106.6813916,10.7553379
4634456201,106.6922444,10.7647303
4634456202,106.6999404,10.7732655
4640056766,106.6729799,10.7572599
4640687100,106.6964949,10.7691267
4640689699,106.6959321,10.7684823
4640689702,106.696081,10.7686528
4641350102,106.6938749,10.7741359
4646769632,106.6737333,10.771263
4646769634,106.6797172,10.7750823
4646769637,106.6814323,10.7780124
4646769638,106.6816405,10.77757
4646769639,106.6817915,10.7776169
4646769643,106.6797765,10.7753483
4646769644,106.679475,10.7750289
4646769645,106.681394,10.777956
4646769646,106.681636,10.7781043
4646788528,106.6800047,10.7754838
4646788529,106.6799051,10.7755472
4646816751,106.6743156,10.7717203
4646816752,106.6730236,10.7709488
4646816753,106.6731042,10.7708703
4646884397,106.6761348,10.7629541
4646989208,106.6665065,10.7562916
4649953992,106.6942711,10.7669154
4649967850,106.6953076,10.768095
4649999510,106.6862503,10.7744229
4649999511,106.695385,10.7681831
4650003015,106.6924028,10.7647893
4650010744,106.69339,10.7659128
4658215963,106.6691247,10.7727132
4664329972,106.6905368,10.764692
4666207251,106.6931635,10.7712304
4666207253,106.6932813,10.7712208
4666207254,106.6936097,10.7713312
4666207256,106.6938843,10.7712522
4666207257,106.6937646,10.7712504
4666207258,106.6937309,10.7712285
4666207264,106.6930121,10.7715931
4666207265,106.6930476,10.7715641
4666207266,106.6930711,10.771543
4666207267,106.6930865,10.7715226
4666211847,106.6932234,10.7715862
4666211848,106.6935304,10.7713513
4666227460,106.6882998,10.7666253
4666227461,106.688327,10.7666341
4666227462,106.6882753,10.7667953
4666227463,106.6882507,10.7667885
4666227464,106.6882023,10.7667328
4666227465,106.6882216,10.7666528
4666227468,106.688374,10.7667107
4666236714,106.6883339,10.7667824
4666242300,106.690718,10.7641271
4666242301,106.690757,10.7641381
4666242302,106.6906788,10.7641364
4666242303,106.6906978,10.7641293
4666242304,106.6906494,10.7643073
4666242306,106.6907881,10.7642383
4666242309,106.6907767,10.7642556
4666242310,106.6907611,10.7642694
4666252442,106.6963858,10.7711253
4671747211,106.6742324,10.7490204
4671747212,106.6744622,10.7490287
4671747213,106.6740241,10.74902
4671747214,106.6743816,10.7490711
4671747215,106.674854,10.7491424
4673510847,106.6965013,10.7711216
4676727524,106.6935236,10.7712155
4677381712,106.6745274,10.7489932
4677381713,106.674345,10.7489813
4677381714,106.6740446,10.7489773
4677381715,106.6737107,10.749005
4696682347,106.6855218,10.7566013
4697194514,106.6934466,10.7745043
4697194515,106.6916681,10.7760265
4761168721,106.6903428,10.7620693
4877811748,106.677104,10.7802483
4878179936,106.6820814,10.7775475
4879876935,106.6759568,10.7808527
4879876937,106.6818571,10.7776769
4879876939,106.6820078,10.7776519
4899423023,106.6847312,10.7728091
4932184789,106.6791281,10.7746468
4932209381,106.6808802,10.7552008
4932267125,106.6841947,10.7782262
4976692688,106.6799482,10.7756196
4979973979,106.6663232,10.7524387
4979973986,106.6668928,10.7540725
5003306411,106.6724452,10.7678155
5003306415,106.6736101,10.7697047
5003306422,106.6752191,10.768833
5042143292,106.6705553,10.7678154
5045656679,106.6751703,10.7656128
5045656681,106.6751188,10.7657784
5045656686,106.6750179,10.766045
5045656689,106.6748425,10.7665423
5045656696,106.6749228,10.7663147
5045656697,106.6747336,10.7668509
5045656715,106.6753647,10.7649925
5045656934,106.6757634,10.7639146
5045656990,106.6759556,10.7634108
5045657000,106.6744465,10.7641824
5045657003,106.6756979,10.7640921
5045657014,106.6755729,10.7644256
5045657022,106.6745381,10.7637391
5045657029,106.6745813,10.7635408
5045657031,106.6758602,10.7636541
5045657035,106.6746238,10.7633139
5045657040,106.6760188,10.7632497
5045657050,106.6761666,10.7628754
5045657080,106.6749226,10.7619524
5045657083,106.6747445,10.7627708
5045657098,106.6757511,10.7639478
5045657109,106.6745539,10.7636631
5045657111,106.6744663,10.7640605
5045657123,106.6744243,10.7642869
5045657127,106.6745036,10.763893
5045657132,106.6748655,10.7622348
5045657134,106.6745889,10.7634849
5045657150,106.6723308,10.764366
5045756505,106.6730038,10.7657615
5045756509,106.6733159,10.766178
5045756517,106.6741131,10.7656913
5045756722,106.673962,10.7664111
5045756726,106.6739081,10.7669743
5045756805,106.6702758,10.7618189
5045756810,106.6695783,10.7608106
5045757038,106.6717887,10.7640654
5045757043,106.6716918,10.7639203
5045757053,106.6713405,10.7633941
5045757076,106.6711817,10.7631562
5045757093,106.6710235,10.7629193
5045757139,106.6683856,10.7622838
5045757151,106.6684223,10.7621196
5045757162,106.670086,10.7615444
5045757166,106.6696765,10.7609525
5045757172,106.6692436,10.7603268
5045757189,106.6682509,10.7628879
5045757211,106.6678877,10.7645152
5045757305,106.6677899,10.7649533
5045757324,106.6677274,10.7652338
5045757349,106.6676485,10.7655876
5050082259,106.6714413,10.7635451
5050082260,106.6713981,10.7634804
5050082265,106.6684746,10.7614123
5050082271,106.6682491,10.7624043
5050082316,106.6686881,10.7604734
5051610759,106.663705,10.7657778
5051610762,106.6651327,10.7591789
5051610764,106.6649439,10.7591329
5051610776,106.664783,10.7591005
5057827203,106.6676089,10.7652068
5057828137,106.6678225,10.7642807
5057828465,106.6721289,10.7652341
5057828470,106.6720255,10.7656661
5057828481,106.6718841,10.7662563
5057828518,106.6734508,10.766358
5057828532,106.6730782,10.7658608
5057828536,106.6720146,10.7657114
5057828543,106.6718677,10.7663249
5057828549,106.6729825,10.765733
5057828557,106.6726195,10.7652487
5057828559,106.6720549,10.7655432
5057828560,106.6717233,10.7669277
5057828568,106.6725306,10.7677248
5057828573,106.6721763,10.7677409
5057828580,106.6723696,10.7677321
5057828582,106.6716381,10.7672835
5057828587,106.6716227,10.767348
5057828597,106.6710104,10.7677944
5057828601,106.6712941,10.7677813
5057828604,106.6711368,10.7677886
5057828618,106.6703879,10.7678231
5057828620,106.6702653,10.7678288
5057828641,106.6695178,10.7678608
5057828687,106.6693179,10.7678716
5057828690,106.6691903,10.7678778
5057828708,106.6688022,10.7678936
5057828764,106.6683696,10.7679112
5057828776,106.6675587,10.7678656
5057828781,106.6673713,10.7677626
5058497764,106.6752791,10.770053
5058497766,106.6747783,10.7704449
5058497769,106.6735866,10.769765
5058497774,106.6744302,10.7707174
5058497776,106.6734841,10.7700278
5058497785,106.6733935,10.7702601
5058497792,106.6739593,10.768809
5058497794,106.6741142,10.7684116
5058497796,106.6747164,10.7681471
5058497799,106.6740142,10.7686681
5058497806,106.6738873,10.7689936
5058497812,106.6737455,10.7693574
5058499837,106.6718913,10.7678426
5058499849,106.6723245,10.7704589
5058499868,106.6717218,10.7701351
5058499877,106.6713251,10.769922
5058499891,106.6712155,10.7690527
5058499903,106.671103,10.769524
5058499906,106.6711489,10.7693316
5058499910,106.6710665,10.769677
5058499913,106.6710798,10.7696215
5058499915,106.6713072,10.7686682
5058499920,106.6713732,10.7683918
5058500123,106.6753759,10.7722875
5058500129,106.6756677,10.772469
5058500137,106.6759354,10.7726356
5058500139,106.6761536,10.7727714
5058500143,106.6764119,10.7729322
5058500145,106.6766538,10.7730827
5058500149,106.6768948,10.7732328
5058500156,106.6773237,10.7734998
5059496013,106.6751817,10.7701292
5059499368,106.678697,10.7724695
5059499372,106.6787451,10.7725082
5059499388,106.6773709,10.7735292
5059499391,106.677811,10.7737544
5059499397,106.678801,10.7729223
5059499402,106.6784893,10.7731876
5059499404,106.678343,10.7733124
5059499412,106.6783841,10.7741706
5059499465,106.6799328,10.7753711
5059499523,106.6754617,10.7796036
5059499528,106.6774732,10.7800406
5059499533,106.676489,10.7800043
5059499537,106.6754823,10.7796133
5059499568,106.6751969,10.7795006
5059499574,106.6745195,10.7792489
5059499581,106.6724682,10.7785127
5059499584,106.6719662,10.778319
5059499586,106.671641,10.7781924
5060403011,106.670427,10.7702932
5060404731,106.6703701,10.7704094
5060404738,106.6682193,10.7742735
5063700697,106.6763363,10.7806492
5063700700,106.6759049,10.7808806
5063700706,106.6762838,10.7799236
5063700709,106.6760785,10.7798431
5063700712,106.675873,10.779763
5063701235,106.6750315,10.7794397
5063701241,106.6747286,10.7793316
5063701248,106.6739909,10.7790448
5063701259,106.6734126,10.77883
5063701263,106.6733009,10.7787906
5063701325,106.6707568,10.7785872
5063701326,106.6714852,10.7781296
5063701334,106.6712758,10.7780578
5063701336,106.6716718,10.7782042
5063701342,106.6718743,10.7782834
5063701541,106.6768991,10.7801667
5063701544,106.6766941,10.7800854
5238614065,106.6911111,10.7727396
5268007024,106.6963862,10.7620211
5307201457,106.6998324,10.773268
5307226946,106.6968298,10.769725
5320970075,106.6963632,10.7692963
5382724126,106.6811295,10.7670137
5382724127,106.6812898,10.7668848
5417269145,106.6739406,10.7460604
5417269146,106.6738205,10.7460229
5444117922,106.6933514,10.771258
5444117923,106.6949003,10.7714388
5444117924,106.6948847,10.7712012
5444117925,106.6954935,10.7711701
5444117926,106.6964384,10.7710212
5444117927,106.696644,10.7711035
5444117928,106.6966665,10.7711128
5444117929,106.6966242,10.7712056
5462282627,106.6678118,10.7681422
5462282628,106.6678234,10.7681227
5462282629,106.6678482,10.7680812
5462282630,106.6678621,10.768058
5462282631,106.667873,10.7680397
5462282632,106.6679758,10.7680893
5462282633,106.6679704,10.7681225
5462282634,106.6679495,10.7681405
5462282635,106.6679308,10.7681566
5462282636,106.6679062,10.7681776
5462282637,106.6678875,10.7681937
5462282638,106.667893,10.7680364
5462282639,106.6679222,10.7680551
5462282640,106.6679462,10.7680704
5462282641,106.6678386,10.7681944
5462282642,106.6678124,10.7681782
5462344907,106.6689564,10.7686209
5462344908,106.6696986,10.7691575
5462344910,106.6666556,10.7674441
5462344911,106.6652083,10.7666392
5462344912,106.6651306,10.766554
5462350104,106.674573,10.7678455
5462422179,106.686888,10.7536606
5462422180,106.6869065,10.7536949
5462422181,106.6869316,10.7537224
5462422182,106.6869864,10.7537693
5462422183,106.6871617,10.7539514
5462422184,106.6873953,10.7541802
5462422185,106.6877919,10.7545716
5462422186,106.6882202,10.7550037
5462422187,106.6883976,10.7551934
5462422188,106.6884543,10.7552597
5462422189,106.6855843,10.7518549
5462422190,106.685772,10.751992
5462422191,106.6859208,10.7521236
5462422192,106.6860535,10.7523031
5462422193,106.686135,10.752458
5462422194,106.6862675,10.7526986
5462422195,106.686324,10.7528381
5462422196,106.6864042,10.7530129
5462422197,106.6864594,10.7530878
5462422198,106.6865527,10.7531627
5462422199,106.6866001,10.7531898
5462422200,106.6866816,10.7532105
5462422201,106.6867368,10.7532066
5462422202,106.6868091,10.7531963
5462422203,106.6868511,10.7531769
5462422204,106.6869589,10.7531123
5462422205,106.6870206,10.753049
5462422206,106.6854974,10.751765
5462422207,106.6854149,10.751843
5462422209,106.6919615,10.7512278
5462422211,106.6880473,10.7504862
5464084931,106.688366,10.7666744
5464084932,106.6883701,10.7667354
5464084933,106.6881994,10.7667044
5464084934,106.6882061,10.7666768
5500064101,106.6970061,10.7652282
5500064102,106.6970851,10.7649369
5500064103,106.6970018,10.7651192
5500064104,106.6973682,10.7644531
5500064105,106.6975341,10.7641724
5500064106,106.6977422,10.763842
5500064107,106.6934095,10.7713804
5500064108,106.6933233,10.7715326
5598913731,106.6825836,10.7608794
5598913755,106.6769149,10.7566754
5598913762,106.6778011,10.7544365
5598913794,106.6758421,10.7577964
5598913799,106.675905,10.7575776
5598914621,106.678127,10.759093
5598914622,106.6787176,10.7574461
5598914623,106.6776484,10.7586297
5598914624,106.6781875,10.7573886
5598914625,106.6780212,10.7575651
5598914627,106.6759646,10.7573702
5598914629,106.6773595,10.7568689
5598914634,106.6760209,10.7571742
5598914636,106.6788381,10.7632067
5598915312,106.6749021,10.7661445
5598915314,106.6745671,10.7670379
5598915315,106.6750976,10.7656231
5598916998,106.6738489,10.7609418
5598916999,106.6735666,10.7608864
5598917001,106.673373,10.7608484
5598917002,106.6732281,10.760826
5598917851,106.6711928,10.7691479
5668712838,106.6892164,10.746343
5668712845,106.686689,10.7450287
5668712850,106.6834024,10.7452277
5674570710,106.6739665,10.7472464
5674570733,106.6695664,10.7554645
5674570739,106.6740441,10.7521156
5674570742,106.6736783,10.7527657
5674570762,106.6833975,10.7491811
5735791251,106.6998347,10.7672562
5735791252,106.699769,10.7672101
5735791253,106.6997502,10.7672351
5735791255,106.6997404,10.7673072
5757739022,106.6656713,10.766972
5757739024,106.665863,10.7670761
5757841587,106.667887,10.7681372
5757841588,106.6699972,10.7692426
5757841608,106.6676275,10.7656854
5757841614,106.6666715,10.7686842
5757841617,106.6690075,10.7686494
5758077802,106.6714161,10.768212
5758114505,106.6800536,10.767872
5758114506,106.6797344,10.7675571
5758114507,106.6795889,10.7673963
5758114508,106.679434,10.7672363
5758114509,106.6792723,10.7670756
5758114510,106.679025,10.7668329
5758114511,106.6789771,10.7667593
5758114512,106.6789115,10.766669
5758114513,106.6787261,10.7663986
5758114514,106.6787008,10.766361
5758114516,106.6794325,10.7660907
5758130724,106.6780414,10.766527
5758130729,106.6775932,10.7666644
5762610053,106.6844974,10.7682748
5762610054,106.6864395,10.7703703
5762610055,106.6850491,10.7688602
5762610057,106.6817717,10.7697125
5762610071,106.6816757,10.7656849
5762610072,106.6817607,10.7656594
5762610073,106.6818955,10.7655045
5762610074,106.6817916,10.7652088
5762610075,106.6817337,10.7651795
5762610076,106.6816703,10.7651648
5762610077,106.681627,10.7651637
5762610078,106.681584,10.7651694
5762610079,106.6813873,10.765346
5762610080,106.6814138,10.7652889
5762610081,106.6813755,10.7654077
5762610082,106.6813978,10.7655314
5762610083,106.6814193,10.7655699
5762610084,106.6814684,10.7656244
5762610085,106.6815308,10.7656635
5762610087,106.6845182,10.7682958
5762610088,106.6844012,10.7682738
5762610091,106.6823471,10.769873
5762610093,106.6835662,10.7688226
5762610094,106.682117,10.7700697
5762610095,106.6830594,10.7692639
5762610096,106.6835526,10.7688332
5762610097,106.6839226,10.7685219
5762711576,106.6854163,10.7678955
5762711577,106.686213,10.7675573
5762711578,106.6866641,10.7673647
5762711579,106.689501,10.7661541
5762711580,106.6894354,10.7661876
5762711581,106.6893698,10.7662223
5762711582,106.6885993,10.7668465
5762711591,106.6883289,10.7669665
5762711597,106.6892677,10.7681685
5762711603,106.6887814,10.7678345
5762726861,106.6876742,10.7652032
5762726863,106.6880442,10.7662346
5762726869,106.6860192,10.7676431
5762726870,106.6892001,10.7670759
5762726875,106.6878564,10.7656816
5762726884,106.6871332,10.7671657
5762726890,106.6890877,10.7681791
5762736900,106.6954579,10.7680634
5762736901,106.6953807,10.7679754
5762736902,106.693988,10.7703221
5762736903,106.693975,10.7702514
5762736904,106.6939603,10.7701869
5762736905,106.6939254,10.770117
5762736906,106.6938501,10.7699968
5762736907,106.6941053,10.7703232
5762736908,106.6942352,10.770258
5762736909,106.6943933,10.7702712
5762736910,106.6940986,10.7701435
5762736911,106.6941112,10.770119
5762736912,106.6940328,10.7700766
5762736913,106.6941287,10.7700912
5762736914,106.69412,10.7701556
5762780541,106.6911445,10.7689386
5762780544,106.6902932,10.7692372
5762780550,106.6932438,10.7657464
5762783657,106.6937788,10.7706599
5762787758,106.6842233,10.7437281
5762878289,106.6852338,10.7442895
5762878291,106.684438,10.7438477
5762878304,106.6847348,10.7440132
5762878311,106.6838978,10.744333
5762878315,106.6860459,10.7447241
5762878328,106.6838546,10.7444133
5762880557,106.6839687,10.7442013
5762880566,106.6835192,10.7450122
5762893314,106.696534,10.7660191
5762893316,106.7004026,10.768686
5762893322,106.6992532,10.7705119
5762893326,106.6991525,10.770666
5762893331,106.6976851,10.7699124
5762893332,106.6967057,10.769368
5763135327,106.6963287,10.7716674
5763135343,106.6971347,10.7714022
5763135354,106.6976222,10.7743715
5763135363,106.6960719,10.7732489
5763135365,106.6986482,10.7738035
5763168786,106.690526,10.7747028
5763168791,106.6938059,10.7708203
5763168795,106.6900179,10.776299
5763168797,106.6921069,10.7764061
5763168798,106.6902261,10.7732247
5763168799,106.6898727,10.7740269
5763168800,106.6898431,10.7738837
5763168801,106.6898109,10.7737901
5763168802,106.6898002,10.7736479
5763168803,106.6898002,10.7735556
5763168804,106.6898451,10.7734335
5763168821,106.6933704,10.7712775
5763168822,106.6933961,10.7714511
5763214487,106.6935477,10.771284
5763263827,106.687129,10.7753503
5763263828,106.6867311,10.7756788
5763263830,106.6887843,10.7749251
5763263831,106.6850318,10.7731356
5763263832,106.6851826,10.7732948
5763263834,106.6863494,10.7745282
5763263836,106.6884,10.7724728
5763263841,106.6884994,10.7746152
5763263851,106.6852499,10.7733659
5763263852,106.6854998,10.7736241
5763263953,106.6856698,10.7738073
5763269259,106.6885159,10.7746331
5763269262,106.6872754,10.7733444
5764778952,106.6814169,10.7706645
5764789626,106.6823999,10.7703593
5764789627,106.6824793,10.7704394
5764789628,106.6826085,10.7705602
5764789629,106.6828027,10.7707684
5764789630,106.6831739,10.7711597
5764789631,106.6834509,10.7714549
5764789632,106.6848063,10.7728997
5764789633,106.6803592,10.7738706
5764789634,106.6806831,10.7741536
5764789635,106.6809587,10.7743872
5764789636,106.6810994,10.7745126
5764789637,106.6812706,10.7746539
5764789638,106.6814951,10.7748541
5764789639,106.6818531,10.7751638
5764789640,106.6823124,10.7755574
5764789641,106.6823846,10.7756155
5764789642,106.6824758,10.775699
5764789643,106.6824739,10.7763723
5764789644,106.6825984,10.7761554
5764789645,106.6827412,10.7759148
5764789646,106.6825322,10.7757431
5764817338,106.676351,10.7702055
5764817339,106.6765257,10.7703983
5764817340,106.6767106,10.7705892
5764817341,106.6771684,10.771077
5764817342,106.677566,10.7714939
5764817343,106.6778256,10.7717339
5764817344,106.6778474,10.7717514
5764817345,106.6780519,10.7719161
5764817346,106.6782013,10.7720332
5764817347,106.6783749,10.7721846
5764817348,106.6790204,10.7727339
5764817349,106.6790685,10.7727774
5764817350,106.6795149,10.7731597
5764817351,106.6795962,10.7732308
5764817352,106.6796466,10.7732789
5764818653,106.6797239,10.7733442
5764818654,106.6797945,10.7733995
5764818655,106.6800473,10.7736078
5764818656,106.6802055,10.7737353
5764869372,106.67713,10.7710361
5764869373,106.6811996,10.7691407
5764920244,106.6753874,10.7723999
5764945075,106.6674307,10.7755319
5764945090,106.6677968,10.7749636
5764945097,106.6677588,10.7750269
5765019210,106.6656976,10.7710388
5772092721,106.700509,10.7623626
5772092722,106.7006092,10.76221
5772092723,106.7014007,10.761076
5772092724,106.7010444,10.7613817
5772092725,106.7010035,10.7614479
5772092726,106.7011268,10.7614391
5772092727,106.7010823,10.7615027
5772092736,106.699239,10.7635766
5772092855,106.700396,10.7627562
5772092859,106.700344,10.7640745
5772092869,106.7017051,10.7667418
5772092878,106.6993856,10.7623942
5772092880,106.6986887,10.7630708
5772092881,106.6981472,10.7635809
5772092882,106.6977704,10.7639617
5772092886,106.7005433,10.7642002
5772092887,106.7006467,10.7642654
5772092895,106.7003778,10.762811
5772092896,106.700017,10.7638629
5772092897,106.7000795,10.7637457
5772092917,106.6994488,10.765101
5772101018,106.6828619,10.7809478
5772159000,106.6966622,10.7623667
5772502891,106.6872832,10.7531497
5772502921,106.7014316,10.7617456
5772502922,106.6985182,10.7596884
5772502923,106.6984577,10.7597107
5772502924,106.6985153,10.7596862
5772502925,106.6985188,10.7595922
5772502945,106.7000735,10.7614555
5772502951,106.6985908,10.7630648
5772746287,106.698714,10.7598328
5772746291,106.7003075,10.7630704
5773191261,106.6927652,10.7652017
5778115401,106.6710033,10.7779568
5778141550,106.6757371,10.7809708
5778141551,106.6750496,10.7794458
5778164489,106.6801874,10.7785921
5778164491,106.6798667,10.7801333
5778164496,106.6770851,10.7802598
5778164526,106.6772899,10.7801438
5778164527,106.6770584,10.780276
5778212336,106.6853302,10.7782288
5778212339,106.6833808,10.7778217
5778212341,106.6847056,10.7805755
5778212342,106.6841193,10.7799492
5778212347,106.6825545,10.7803529
5778212349,106.682705,10.7806505
5778212556,106.68085,10.7782417
5778212559,106.6829954,10.7770399
5778212563,106.6835952,10.7767194
5778212568,106.6841858,10.7786494
5778212573,106.6837966,10.7796285
5778212575,106.6843451,10.7781422
5778212577,106.6826356,10.7805133
5778212579,106.6824086,10.7800365
5778212581,106.6836606,10.7804617
5778212583,106.6820734,10.7770101
5778212590,106.6809243,10.7770599
5778212592,106.680766,10.7767886
5778222761,106.7007481,10.7558904
5778222778,106.6995336,10.7574908
5778222781,106.7003779,10.7563771
5778222782,106.7001075,10.757479
5778222783,106.6997405,10.7572175
5778222835,106.6996324,10.7553465
5778222836,106.7005275,10.7553595
5778245677,106.6824041,10.7765021
5778245678,106.6821788,10.776852
5778245679,106.6803734,10.7796966
5778245680,106.6804747,10.7795788
5778245681,106.6806863,10.7793291
5778245682,106.6816342,10.7783007
5778245683,106.6814816,10.7780556
5778245684,106.6817035,10.7775782
5778245685,106.6817372,10.7775246
5778272124,106.6996014,10.7553109
5778272129,106.7018544,10.7595436
5778272138,106.7006759,10.7586602
5778272139,106.700169,10.7582806
5778272140,106.6999829,10.7581389
5778272141,106.6997668,10.7579884
5778272142,106.6997338,10.7579629
5778272145,106.7019287,10.7603195
5778287253,106.6994834,10.7575549
5778300404,106.6854371,10.779361
5778300406,106.6890494,10.7807024
5778300409,106.6854524,10.7798714
5778300411,106.686647,10.7794841
5778300414,106.6887446,10.7786791
5778300416,106.6877984,10.7795308
5778300417,106.6869996,10.7813816
5778300420,106.6895189,10.7802537
5778300421,106.6883524,10.7790326
5778300422,106.687224,10.7779036
5778300433,106.6876301,10.7775394
5778360093,106.691052,10.778841
5778360106,106.6902434,10.7765518
5778360113,106.6901603,10.7773877
5778360115,106.6899814,10.7775472
5778360128,106.692636,10.7791424
5778360136,106.69326,10.7776915
5778360137,106.6923497,10.7788462
5778360141,106.6912971,10.7797409
5778360143,106.6913552,10.7798021
5778600776,106.6908697,10.7772586
5778872958,106.6652711,10.7721412
5778872959,106.6653892,10.7718361
5778872960,106.6654036,10.7718021
5778872961,106.6661869,10.7697668
5778872962,106.666339,10.7693743
5778872963,106.6664924,10.7690723
5778872964,106.6667353,10.7685469
5778872965,106.6668869,10.7682139
5778872966,106.666908,10.7681721
5778872971,106.6782955,10.7810637
5778872972,106.678744,10.7808242
5778872973,106.6792239,10.7805493
5778872974,106.6794907,10.7803887
5778872975,106.6798303,10.7801736
5778872996,106.6803875,10.7682451
5778873001,106.6943332,10.7667805
5780574569,106.6679394,10.7637681
5780574588,106.6664058,10.7560028
5780574589,106.6662376,10.7562131
5780574590,106.6662585,10.7563461
5780574591,106.6655719,10.7592538
5780574592,106.6654976,10.7596608
5780574594,106.6653758,10.7601754
5780574595,106.6652837,10.7604946
5780574596,106.6652111,10.7608248
5780574597,106.6651493,10.7610961
5780574598,106.6650929,10.7613478
5780574599,106.6650304,10.7616152
5780574600,106.6650152,10.7616926
5780574601,106.6649796,10.7618626
5780574602,106.6649201,10.7621116
5780574603,106.6648765,10.7623063
5780574604,106.6648609,10.7623784
5780574605,106.6648291,10.7625798
5780574606,106.6648068,10.7626556
5780574607,106.6647214,10.7630156
5780574608,106.6646689,10.7632455
5780574609,106.6646282,10.7634121
5780574610,106.6645842,10.7636221
5780574611,106.6645314,10.7638522
5780574612,106.6644769,10.7640771
5780574613,106.6644508,10.7642038
5780574614,106.6644204,10.7643354
5780574615,106.6643922,10.764466
5780574616,106.6643593,10.7646124
5780574617,106.6642922,10.764909
5780574618,106.6642136,10.7652238
5780574619,106.6641891,10.7653456
5780574620,106.6641465,10.7655111
5780574621,106.6641341,10.7655561
5780574622,106.664104,10.7656858
5780574623,106.6640385,10.7659563
5780641544,106.6768524,10.7624926
5780641545,106.6773651,10.7628209
5780641546,106.6774116,10.7628533
5780641547,106.6777947,10.7630954
5780641548,106.6782075,10.7633594
5780641549,106.678648,10.763637
5780755899,106.6865379,10.7625637
5780758058,106.6872707,10.7641032
5780758070,106.6817115,10.7650635
5780758075,106.6822984,10.764258
5780758078,106.6818625,10.7651892
5780758109,106.6820645,10.7657337
5780783992,106.682207,10.7642329
5780784040,106.6819937,10.7648023
5780842933,106.6879796,10.7660434
5780842939,106.6879207,10.7658689
5780842940,106.6902673,10.7639667
5780842943,106.6894766,10.763657
5780842949,106.6897055,10.7658902
5780842950,106.6909928,10.7642839
5780842951,106.6906383,10.7645282
5780842952,106.6901387,10.7652815
5780843153,106.6901175,10.7653128
5780843160,106.687025,10.7634371
5780843174,106.6875233,10.7647908
5780886557,106.6920171,10.7639773
5780886564,106.6921623,10.7641415
5780886567,106.6927266,10.7651578
5780886568,106.6927835,10.7652225
5780886569,106.6927711,10.7652084
5780886570,106.6928145,10.7652578
5780886571,106.6928118,10.7652539
5781023253,106.6921459,10.7646953
5781023254,106.6922332,10.7645963
5781023255,106.692305,10.7645345
5781023256,106.6923422,10.7645091
5781158271,106.6970568,10.7651629
5781158285,106.6963567,10.7663285
5781158289,106.693036,10.7651461
5781158293,106.6934867,10.7657861
5781158294,106.6979806,10.7636034
5781158295,106.6979042,10.7636632
5781158296,106.6977914,10.7637822
5781158297,106.6981126,10.763832
5788927095,106.6748082,10.7611175
5788927097,106.6731454,10.7607162
5788927098,106.6720217,10.760491
5788927099,106.671738,10.7604287
5788927100,106.6715164,10.7603876
5788927101,106.6710793,10.7603014
5788927102,106.6701006,10.7601019
5788927103,106.6699369,10.7600659
5788927104,106.6690397,10.7598929
5788957680,106.6688505,10.7596995
5788957686,106.665876,10.7593281
5788957687,106.6660408,10.7593564
5788957688,106.6669516,10.7595294
5788957689,106.6672393,10.7595832
5788957690,106.6679312,10.7597326
5788957691,106.6687183,10.7598674
5788957692,106.6653978,10.760106
5794770944,106.672027,10.7605833
5794770945,106.6714869,10.760464
5794770946,106.6710623,10.760382
5794770947,106.6699302,10.7601568
5794770948,106.6727534,10.7607311
5794770949,106.6719514,10.7605678
5794770950,106.6712916,10.7604281
5794770951,106.6704266,10.7602568
5794770952,106.6696112,10.7600829
5794771153,106.6731253,10.760806
5794771154,106.6755839,10.7587048
5794771155,106.6755174,10.7590354
5794771156,106.6755484,10.7588771
5794771157,106.6753144,10.7600096
5794771158,106.6750833,10.7610875
5794771159,106.6750436,10.7613027
5794771162,106.6748176,10.7624231
5794771163,106.6749093,10.7619962
5794771164,106.6746392,10.7632459
5794771165,106.6743844,10.7644396
5794771166,106.6743737,10.7644508
5794771169,106.6731378,10.7607511
5794771170,106.6730601,10.761045
5794771171,106.673021,10.7612054
5794771172,106.672996,10.7613099
5794771173,106.6729319,10.761575
5794771174,106.6726536,10.7628125
5794771175,106.6725291,10.7633633
5794771176,106.6724433,10.7637561
5794771177,106.6724132,10.7639045
5794854808,106.6807561,10.7582717
5794854809,106.6801734,10.7580606
5794854810,106.6708395,10.7548304
5794854811,106.6758517,10.7562318
5794854812,106.6755751,10.7561097
5794854813,106.6752943,10.7560013
5794854814,106.6752134,10.755969
5794854815,106.6748118,10.7558019
5794854816,106.6743681,10.7556002
5794854817,106.6742704,10.7555638
5794854818,106.6727944,10.7552584
5794854819,106.6759493,10.7618932
5794854820,106.6760578,10.7619562
5794854821,106.6758787,10.7618525
5794854822,106.67713,10.7533928
5794854823,106.676905,10.7541257
5794854824,106.6768949,10.7541662
5794854825,106.6768817,10.7542081
5794854826,106.6765248,10.7552968
5794854827,106.6764763,10.7554878
5794854828,106.6763915,10.7557408
5794854829,106.676324,10.7560276
5794854830,106.6762478,10.7563856
5794854831,106.6747575,10.7610779
5794854832,106.6746115,10.7610783
5794854833,106.6745731,10.7610378
5794854834,106.67454,10.7610918
5794857261,106.6704457,10.7601722
5794883960,106.6760696,10.7594307
5794883969,106.6767941,10.7612328
5794883985,106.6752159,10.760469
5794883987,106.6753907,10.7615456
5794883996,106.6733388,10.7598578
5794884009,106.6751841,10.7606172
5794884010,106.6752253,10.7604251
5794884014,106.6740819,10.760649
5794884015,106.6741039,10.7607411
5794884016,106.6740891,10.7607915
5794884017,106.6740654,10.7608316
5794884018,106.6740167,10.7608867
5794884021,106.6745055,10.7610843
5794913265,106.6781533,10.7591046
5794913275,106.6785782,10.7592915
5794913283,106.6792492,10.7595714
5794913295,106.6792776,10.7620786
5794913304,106.6782268,10.7617294
5794913309,106.6779722,10.7614527
5794913320,106.6777365,10.7611966
5794913321,106.6796655,10.7597298
5794913327,106.6795837,10.7612965
5794913328,106.6787426,10.7622899
5794913339,106.676833,10.761133
5794913350,106.6775926,10.7610403
5794928488,106.6797487,10.760872
5794940759,106.6814089,10.7604242
5794999651,106.68574,10.7611263
5795001569,106.6831255,10.7619288
5795001633,106.685804,10.7612442
5795001634,106.6841426,10.7595404
5795001638,106.6838743,10.7594349
5795001640,106.6832321,10.7611361
5795068421,106.6920281,10.7595727
5795068422,106.6919236,10.759772
5795068423,106.6917634,10.7600824
5795068424,106.6898612,10.7615321
5795068425,106.6897989,10.7615874
5795068426,106.6898322,10.7615679
5795068427,106.689874,10.7615459
5795068428,106.690213,10.7613475
5795068429,106.6903994,10.7612331
5795068430,106.6908179,10.7609781
5795068431,106.6897928,10.7615828
5795068449,106.6874905,10.759181
5795068450,106.687746,10.7628914
5795068451,106.6876441,10.7629072
5795188289,106.6890348,10.7605853
5795188291,106.6905523,10.7623031
5795188295,106.6915899,10.760354
5795188299,106.6901179,10.7618179
5795188300,106.6893234,10.7610387
5795188301,106.6892851,10.7610748
5795188307,106.6889146,10.7621425
5795269937,106.6959451,10.7614631
5795270655,106.6956462,10.761101
5795319699,106.6977387,10.7606879
5795319703,106.6980001,10.7623259
5795371715,106.6745184,10.7610241
5800600028,106.6863522,10.7458652
5800600033,106.6882925,10.7494045
5800683722,106.6834608,10.7451168
5800683723,106.6828641,10.7462387
5800683724,106.6828711,10.7462289
5800683732,106.6855134,10.7475653
5800683733,106.6844733,10.749339
5800683734,106.685075,10.7483372
5800683736,106.6839275,10.7494577
5800683738,106.6836031,10.7492797
5800683748,106.6825825,10.7467764
5800683751,106.6826875,10.7465751
5800735392,106.6861857,10.7461868
5802590353,106.6757568,10.7483175
5802590354,106.6759083,10.7480431
5802590355,106.6762778,10.7453513
5802590407,106.679948,10.7473163
5802590451,106.6790953,10.7501249
5802709327,106.6727712,10.7470287
5802711057,106.6763377,10.7472188
5802711058,106.6760525,10.7477695
5802711063,106.6735329,10.745918
5802711064,106.6734552,10.7458896
5802993726,106.6696119,10.7546134
5802993727,106.6664714,10.7551202
5802993728,106.6664464,10.7552754
5802993753,106.6741022,10.7607183
5802993754,106.6740989,10.7607012
5802993756,106.6695824,10.7566007
5802993757,106.669461,10.7566534
5802993758,106.6695494,10.7567165
5802993759,106.669562,10.756664
5802993760,106.6695945,10.756601
5802993761,106.6663734,10.7558381
5802993762,106.6664489,10.75627
5802993763,106.666426,10.7563976
5803394815,106.6658796,10.7579703
5803394824,106.6668535,10.7571258
5803394837,106.6656774,10.7588071
5803394839,106.6661407,10.7593754
5803394840,106.6659433,10.7576626
5803394848,106.6658097,10.7582468
5803395557,106.6661917,10.756629
5803395566,106.6673831,10.7578966
5803395574,106.6660064,10.7559255
5803395576,106.6639544,10.758938
5803395579,106.6657135,10.7586542
5803395629,106.6652327,10.7559961
5803536170,106.6703346,10.7582205
5803536173,106.6697546,10.7600307
5803536180,106.669296,10.7599423
5805637454,106.6677879,10.7563326
5805637459,106.6761423,10.7595056
5805637463,106.6764227,10.7584479
5805637469,106.6749227,10.7582263
5805637470,106.6752934,10.7586218
5805637480,106.6736539,10.7584489
5805637486,106.6735498,10.7589142
5805637489,106.6734856,10.7592015
5805637493,106.67342,10.7594946
5805637503,106.6733848,10.7596523
5805637517,106.6712018,10.7570233
5805637520,106.6714414,10.7570691
5805637521,106.6695591,10.7571372
5805637530,106.6705547,10.7568996
5805665964,106.675042,10.7558977
5805665969,106.6730251,10.7562412
5805665972,106.6742129,10.7555519
5805665976,106.6733841,10.7566236
5805665984,106.6723862,10.7571423
5805665987,106.6727977,10.7559988
5805666000,106.6699739,10.7546828
5805666012,106.6711011,10.754888
5805820852,106.6786663,10.7593303
5805831163,106.6817562,10.7586542
5805831170,106.6804626,10.7590347
5805831173,106.6791147,10.7576113
5805831177,106.6792838,10.7576829
5805831180,106.6803154,10.7581113
5805831183,106.6798536,10.7579248
5805831189,106.6803749,10.7592606
5805831191,106.6777833,10.7582445
5805831194,106.6777339,10.7583854
5805831206,106.6770533,10.7567363
5805831221,106.676497,10.7598713
5805962762,106.6811811,10.7561125
5805962764,106.6810845,10.7564854
5805962767,106.6807612,10.7582542
5805962773,106.6805132,10.758182
5805962780,106.6801067,10.7580323
5805962804,106.6804615,10.7551818
5805962805,106.6802558,10.7551261
5805962828,106.6788939,10.7575195
5805962832,106.6789836,10.7575568
5805966958,106.6795002,10.7577748
5805966975,106.6773202,10.7568524
5805966980,106.6764667,10.7555082
5805966984,106.6764258,10.7556163
5805966988,106.6763709,10.7558191
5805966992,106.6763138,10.7560866
5806004387,106.6854646,10.7558604
5806004391,106.6833256,10.7569657
5806004392,106.6835014,10.7564851
5806004395,106.6832691,10.7571203
5806004398,106.6847649,10.7573669
5806004417,106.6827363,10.7585463
5806004421,106.6833655,10.7558669
5806004428,106.6831677,10.7559146
5806004435,106.6826781,10.755782
5806004438,106.6828198,10.7558204
5806004443,106.6835342,10.7563953
5806004446,106.6833511,10.7568961
5806004661,106.6834075,10.7592792
5806004675,106.683182,10.7592049
5806004682,106.6828243,10.7583135
5806004697,106.6821149,10.7588075
5806004698,106.6825652,10.7589999
5806004711,106.6852795,10.756393
5806004712,106.6852082,10.7565535
5806268214,106.6868249,10.7584239
5806315850,106.6781318,10.757173
5806315851,106.6781004,10.7573701
5811283427,106.6917098,10.7601718
5811283440,106.6919324,10.7585454
5811285079,106.6887153,10.7558681
5811285085,106.6890392,10.7561823
5811285101,106.6884008,10.7555631
5811285109,106.687954,10.7551297
5811285123,106.687235,10.7585414
5811285127,106.6877152,10.7594379
5811358227,106.6920218,10.7573034
5811504005,106.690653,10.7561346
5811504011,106.6940222,10.7556986
5811504035,106.6932999,10.7594032
5811529977,106.6991798,10.7579304
5811529979,106.6987348,10.758507
5811529993,106.698452,10.7588735
5811529996,106.6993294,10.7577438
5813622284,106.6975692,10.7517236
5813622291,106.6977945,10.751723
5813691623,106.6882896,10.7506218
5813691633,106.6920173,10.7512445
5813691634,106.6924193,10.7513332
5813691643,106.6866932,10.7505966
5813691646,106.6892692,10.7507792
5813779717,106.6822686,10.7507501
5813779719,106.6845345,10.7492439
5813779726,106.6855583,10.7520868
5813779727,106.6857326,10.7522159
5813779729,106.6827736,10.7521668
5813779732,106.6831084,10.7520754
5813779751,106.6854837,10.7501778
5813779756,106.6858855,10.7520433
5813835562,106.6839078,10.7515494
5813835563,106.6839204,10.7516193
5813835564,106.6836928,10.7516059
5813835565,106.6837073,10.7516627
5813867126,106.6794509,10.7502264
5813867127,106.6773307,10.7518689
5813867141,106.6795798,10.7502598
5813867356,106.6790548,10.7523444
5813867366,106.6808681,10.7505746
5813867370,106.6779864,10.7497599
5813867371,106.6781312,10.74981
5813867373,106.677269,10.7520436
5813867374,106.6771668,10.7527384
5813970740,106.6733851,10.7493673
5813970741,106.6733991,10.7494164
5813970742,106.6734111,10.7495265
5813970744,106.6734007,10.7496595
5813970748,106.6720994,10.7528759
5813971161,106.674346,10.7490228
5813971167,106.6742376,10.7517667
5813971176,106.6748832,10.7506049
5813971185,106.6708707,10.7505859
5813971193,106.673072,10.7494447
5814168151,106.6894622,10.7551572
5814168771,106.6869872,10.7543005
5814168788,106.687551,10.7547387
5814168789,106.6872377,10.7544494
5814168790,106.6869177,10.7538773
5814168791,106.6867788,10.7537529
5814336787,106.6829364,10.7557519
5814336817,106.6845956,10.7518034
5814336826,106.685633,10.7555842
5814336827,106.6842614,10.7543482
5814336830,106.6840159,10.7551075
5814336831,106.6841957,10.7545595
5814336835,106.683965,10.7552621
5814336850,106.6820446,10.7535282
5814337657,106.6832694,10.7520338
5814337667,106.6820982,10.7531566
5814337668,106.6821171,10.7528319
5814337674,106.6829139,10.7521285
5814337680,106.682066,10.7533964
5814337690,106.6842855,10.7539788
5814337691,106.6842571,10.7543814
5814337714,106.6818882,10.7544255
5814337725,106.6817914,10.7546975
5816774501,106.6820807,10.7532866
5816774506,106.681245,10.7525579
5816774520,106.6820027,10.7538066
5816774527,106.6792947,10.7547759
5816774536,106.6802292,10.7525209
5816774551,106.680417,10.7550767
5816774769,106.6795233,10.7548369
5816774800,106.6799348,10.7550392
5816774801,106.6774382,10.7543463
5816774808,106.678413,10.754626
5816774815,106.6767071,10.7547407
5816774818,106.6766245,10.7549926
5816791142,106.6752333,10.7537583
5816791148,106.6740137,10.7534376
5816800357,106.6728719,10.7531446
5816800361,106.6704919,10.7539789
5816800364,106.6711582,10.7528838
5816800365,106.6711699,10.7528108
5816803084,106.6746363,10.7493119
5816803086,106.6794126,10.7502155
5816803102,106.6715625,10.7528365
5816803104,106.670486,10.7506534
5816871656,106.6693598,10.7500972
5816871664,106.6673772,10.7525288
5816871666,106.6686151,10.7508916
5816871667,106.6679677,10.7525828
5816871670,106.6683427,10.7526037
5816931143,106.6668579,10.7517792
5816931144,106.6669932,10.750734
5816931355,106.6694519,10.7537984
5816931356,106.6680761,10.7525817
5816931363,106.669068,10.7545269
5816931372,106.6695428,10.7549959
5816931384,106.6666573,10.7533937
5816931387,106.665413,10.7537854
5816931395,106.6645562,10.7556369
5816931401,106.6642123,10.7555711
5816931418,106.6647438,10.755673
5816931419,106.6667664,10.752477
5816931420,106.666583,10.7540183
5816931421,106.6694462,10.7537337
5816976961,106.6693202,10.750034
5817284442,106.6663435,10.7562764
5817378544,106.6751466,10.7655052
5817378545,106.6751486,10.7655005
5817378546,106.6751894,10.76552
5817378547,106.6678745,10.7640236
5817378549,106.6674587,10.7503489
5817378550,106.668034,10.7502738
5817378551,106.6691918,10.7501196
5817378552,106.6691965,10.7501703
5817380553,106.6692033,10.7502213
5817380554,106.668384,10.7564589
5892098005,106.6669153,10.768159
5892098006,106.6669287,10.768132
