_id,created_at,updated_at,s_node_id,e_node_id,length,street_id,max_velocity,street_level,street_name,street_type
289,2020-10-18T13:26:18.978Z,2020-10-18T13:26:18.978Z,2380787693,571360922,10.0,32575985,,4,Nguyễn Khoái,tertiary
290,2020-10-18T13:26:18.980Z,2020-10-18T13:26:18.980Z,571360922,2380787693,10.0,32575985,,4,Nguyễn Khoái,tertiary
291,2020-10-18T13:26:18.990Z,2020-10-18T13:26:18.990Z,571360922,2027430774,129.0,32575985,,4,Nguyễn Khoái,tertiary
292,2020-10-18T13:26:18.993Z,2020-10-18T13:26:18.993Z,2027430774,571360922,129.0,32575985,,4,Nguyễn Khoái,tertiary
293,2020-10-18T13:26:18.995Z,2020-10-18T13:26:18.995Z,2027430774,1588330159,17.0,32575985,,4,Nguyễn Khoái,tertiary
294,2020-10-18T13:26:18.998Z,2020-10-18T13:26:18.998Z,1588330159,2027430774,17.0,32575985,,4,Nguyễn Khoái,tertiary
295,2020-10-18T13:26:19.001Z,2020-10-18T13:26:19.001Z,1588330159,1767169484,64.0,32575985,,4,Nguyễn Khoái,tertiary
296,2020-10-18T13:26:19.012Z,2020-10-18T13:26:19.012Z,1767169484,1588330159,64.0,32575985,,4,Nguyễn Khoái,tertiary
297,2020-10-18T13:26:19.017Z,2020-10-18T13:26:19.017Z,1767169484,1779408275,38.0,32575985,,4,Nguyễn Khoái,tertiary
298,2020-10-18T13:26:19.025Z,2020-10-18T13:26:19.025Z,1779408275,1767169484,38.0,32575985,,4,Nguyễn Khoái,tertiary
299,2020-10-18T13:26:19.032Z,2020-10-18T13:26:19.032Z,1779408275,2027431006,15.0,32575985,,4,Nguyễn Khoái,tertiary
300,2020-10-18T13:26:19.040Z,2020-10-18T13:26:19.040Z,2027431006,1779408275,15.0,32575985,,4,Nguyễn Khoái,tertiary
301,2020-10-18T13:26:19.044Z,2020-10-18T13:26:19.044Z,2027431006,5811504011,7.0,32575985,,4,Nguyễn Khoái,tertiary
302,2020-10-18T13:26:19.048Z,2020-10-18T13:26:19.048Z,5811504011,2027431006,7.0,32575985,,4,Nguyễn Khoái,tertiary
303,2020-10-18T13:26:19.056Z,2020-10-18T13:26:19.056Z,5811504011,1588330158,45.0,32575985,,4,Nguyễn Khoái,tertiary
304,2020-10-18T13:26:19.062Z,2020-10-18T13:26:19.062Z,1588330158,5811504011,45.0,32575985,,4,Nguyễn Khoái,tertiary
305,2020-10-18T13:26:19.065Z,2020-10-18T13:26:19.065Z,1588330158,1780010929,53.0,32575985,,4,Nguyễn Khoái,tertiary
306,2020-10-18T13:26:19.069Z,2020-10-18T13:26:19.069Z,1780010929,1588330158,53.0,32575985,,4,Nguyễn Khoái,tertiary
307,2020-10-18T13:26:19.073Z,2020-10-18T13:26:19.073Z,1780010929,1780010853,100.0,32575985,,4,Nguyễn Khoái,tertiary
308,2020-10-18T13:26:19.078Z,2020-10-18T13:26:19.078Z,1780010853,1780010929,100.0,32575985,,4,Nguyễn Khoái,tertiary
309,2020-10-18T13:26:19.088Z,2020-10-18T13:26:19.088Z,1780010853,366422916,95.0,32575985,,4,Nguyễn Khoái,tertiary
310,2020-10-18T13:26:19.100Z,2020-10-18T13:26:19.100Z,366422916,1780010853,95.0,32575985,,4,Nguyễn Khoái,tertiary
311,2020-10-18T13:26:19.105Z,2020-10-18T13:26:19.105Z,366422916,366445426,39.0,32575985,,4,Nguyễn Khoái,tertiary
312,2020-10-18T13:26:19.120Z,2020-10-18T13:26:19.120Z,366445426,366422916,39.0,32575985,,4,Nguyễn Khoái,tertiary
631,2020-10-18T13:26:21.314Z,2020-10-18T13:26:21.314Z,5735791255,5735791253,8.0,32576371,,4,Cầu Calmette,tertiary
632,2020-10-18T13:26:21.317Z,2020-10-18T13:26:21.317Z,5735791253,5735791252,3.0,32576371,,4,Cầu Calmette,tertiary
633,2020-10-18T13:26:21.338Z,2020-10-18T13:26:21.338Z,5735791252,1767203799,11.0,32576371,,4,Cầu Calmette,tertiary
940,2020-10-18T13:26:23.412Z,2020-10-18T13:26:23.412Z,366399988,5668712845,9.0,32576600,,4,Tạ Quang Bửu,tertiary
941,2020-10-18T13:26:23.416Z,2020-10-18T13:26:23.416Z,5668712845,366399988,9.0,32576600,,4,Tạ Quang Bửu,tertiary
942,2020-10-18T13:26:23.419Z,2020-10-18T13:26:23.419Z,5668712845,366383330,19.0,32576600,,4,Tạ Quang Bửu,tertiary
943,2020-10-18T13:26:23.423Z,2020-10-18T13:26:23.423Z,366383330,5668712845,19.0,32576600,,4,Tạ Quang Bửu,tertiary
944,2020-10-18T13:26:23.426Z,2020-10-18T13:26:23.426Z,366383330,5762878315,58.0,32576600,,4,Tạ Quang Bửu,tertiary
945,2020-10-18T13:26:23.437Z,2020-10-18T13:26:23.437Z,5762878315,366383330,58.0,32576600,,4,Tạ Quang Bửu,tertiary
946,2020-10-18T13:26:23.442Z,2020-10-18T13:26:23.442Z,5762878315,3628501759,26.0,32576600,,4,Tạ Quang Bửu,tertiary
947,2020-10-18T13:26:23.457Z,2020-10-18T13:26:23.457Z,3628501759,5762878315,26.0,32576600,,4,Tạ Quang Bửu,tertiary
948,2020-10-18T13:26:23.460Z,2020-10-18T13:26:23.460Z,3628501759,366424988,6.0,32576600,,4,Tạ Quang Bửu,tertiary
949,2020-10-18T13:26:23.480Z,2020-10-18T13:26:23.480Z,366424988,3628501759,6.0,32576600,,4,Tạ Quang Bửu,tertiary
950,2020-10-18T13:26:23.496Z,2020-10-18T13:26:23.496Z,366424988,366381771,27.0,32576600,,4,Tạ Quang Bửu,tertiary
951,2020-10-18T13:26:23.500Z,2020-10-18T13:26:23.500Z,366381771,366424988,27.0,32576600,,4,Tạ Quang Bửu,tertiary
952,2020-10-18T13:26:23.522Z,2020-10-18T13:26:23.522Z,366381771,5762878289,40.0,32576600,,4,Tạ Quang Bửu,tertiary
953,2020-10-18T13:26:23.527Z,2020-10-18T13:26:23.527Z,5762878289,366381771,40.0,32576600,,4,Tạ Quang Bửu,tertiary
954,2020-10-18T13:26:23.543Z,2020-10-18T13:26:23.543Z,5762878289,366433080,5.0,32576600,,4,Tạ Quang Bửu,tertiary
955,2020-10-18T13:26:23.559Z,2020-10-18T13:26:23.559Z,366433080,5762878289,5.0,32576600,,4,Tạ Quang Bửu,tertiary
956,2020-10-18T13:26:23.577Z,2020-10-18T13:26:23.577Z,366433080,5762878304,56.0,32576600,,4,Tạ Quang Bửu,tertiary
957,2020-10-18T13:26:23.581Z,2020-10-18T13:26:23.581Z,5762878304,366433080,56.0,32576600,,4,Tạ Quang Bửu,tertiary
958,2020-10-18T13:26:23.586Z,2020-10-18T13:26:23.586Z,5762878304,5762878291,37.0,32576600,,4,Tạ Quang Bửu,tertiary
959,2020-10-18T13:26:23.592Z,2020-10-18T13:26:23.592Z,5762878291,5762878304,37.0,32576600,,4,Tạ Quang Bửu,tertiary
960,2020-10-18T13:26:23.611Z,2020-10-18T13:26:23.611Z,5762878291,5762787758,26.0,32576600,,4,Tạ Quang Bửu,tertiary
961,2020-10-18T13:26:23.615Z,2020-10-18T13:26:23.615Z,5762787758,5762878291,26.0,32576600,,4,Tạ Quang Bửu,tertiary
2014,2020-10-18T13:26:30.271Z,2020-10-18T13:26:30.271Z,366406323,1997154359,29.0,32577211,,4,Đào Tấn,tertiary
2015,2020-10-18T13:26:30.283Z,2020-10-18T13:26:30.283Z,1997154359,366406323,29.0,32577211,,4,Đào Tấn,tertiary
2016,2020-10-18T13:26:30.287Z,2020-10-18T13:26:30.287Z,1997154359,366423107,44.0,32577211,,4,Đào Tấn,tertiary
2017,2020-10-18T13:26:30.292Z,2020-10-18T13:26:30.292Z,366423107,1997154359,44.0,32577211,,4,Đào Tấn,tertiary
2018,2020-10-18T13:26:30.295Z,2020-10-18T13:26:30.295Z,366423107,4618374501,32.0,32577211,,4,Đào Tấn,tertiary
2019,2020-10-18T13:26:30.310Z,2020-10-18T13:26:30.310Z,4618374501,366423107,32.0,32577211,,4,Đào Tấn,tertiary
2020,2020-10-18T13:26:30.314Z,2020-10-18T13:26:30.314Z,4618374501,1996654136,17.0,32577211,,4,Đào Tấn,tertiary
2021,2020-10-18T13:26:30.318Z,2020-10-18T13:26:30.318Z,1996654136,4618374501,17.0,32577211,,4,Đào Tấn,tertiary
2817,2020-10-18T13:26:34.691Z,2020-10-18T13:26:34.691Z,5813867127,706286111,7.0,32577628,,4,Huỳnh Mẫn Đạt,tertiary
2818,2020-10-18T13:26:34.693Z,2020-10-18T13:26:34.693Z,706286111,5813867127,7.0,32577628,,4,Huỳnh Mẫn Đạt,tertiary
2819,2020-10-18T13:26:34.695Z,2020-10-18T13:26:34.695Z,706286111,5813867373,13.0,32577628,,4,Huỳnh Mẫn Đạt,tertiary
2820,2020-10-18T13:26:34.705Z,2020-10-18T13:26:34.705Z,5813867373,706286111,13.0,32577628,,4,Huỳnh Mẫn Đạt,tertiary
2821,2020-10-18T13:26:34.709Z,2020-10-18T13:26:34.709Z,5813867373,4109567455,13.0,32577628,,4,Huỳnh Mẫn Đạt,tertiary
2822,2020-10-18T13:26:34.711Z,2020-10-18T13:26:34.711Z,4109567455,5813867373,13.0,32577628,,4,Huỳnh Mẫn Đạt,tertiary
2823,2020-10-18T13:26:34.714Z,2020-10-18T13:26:34.714Z,4109567455,1997154735,61.0,32577628,,4,Huỳnh Mẫn Đạt,tertiary
2824,2020-10-18T13:26:34.722Z,2020-10-18T13:26:34.722Z,1997154735,4109567455,61.0,32577628,,4,Huỳnh Mẫn Đạt,tertiary
2825,2020-10-18T13:26:34.726Z,2020-10-18T13:26:34.726Z,1997154735,5813867374,3.0,32577628,,4,Huỳnh Mẫn Đạt,tertiary
2826,2020-10-18T13:26:34.732Z,2020-10-18T13:26:34.732Z,5813867374,1997154735,3.0,32577628,,4,Huỳnh Mẫn Đạt,tertiary
2827,2020-10-18T13:26:34.746Z,2020-10-18T13:26:34.746Z,5813867374,5794854822,72.0,32577628,,4,Huỳnh Mẫn Đạt,tertiary
2828,2020-10-18T13:26:34.749Z,2020-10-18T13:26:34.749Z,5794854822,5813867374,72.0,32577628,,4,Huỳnh Mẫn Đạt,tertiary
2829,2020-10-18T13:26:34.761Z,2020-10-18T13:26:34.761Z,5794854822,5794854823,85.0,32577628,,4,Huỳnh Mẫn Đạt,tertiary
2830,2020-10-18T13:26:34.764Z,2020-10-18T13:26:34.764Z,5794854823,5794854822,85.0,32577628,,4,Huỳnh Mẫn Đạt,tertiary
2831,2020-10-18T13:26:34.767Z,2020-10-18T13:26:34.767Z,734894535,3150110710,75.0,32577683,,2,Nguyễn Tri Phương,primary
2832,2020-10-18T13:26:34.770Z,2020-10-18T13:26:34.770Z,3150110710,366466460,12.0,32577683,,2,Nguyễn Tri Phương,primary
2833,2020-10-18T13:26:34.773Z,2020-10-18T13:26:34.773Z,366466460,366403515,86.0,32577683,,2,Nguyễn Tri Phương,primary
2834,2020-10-18T13:26:34.776Z,2020-10-18T13:26:34.776Z,366403515,4620534189,64.0,32577683,,2,Nguyễn Tri Phương,primary
2835,2020-10-18T13:26:34.782Z,2020-10-18T13:26:34.782Z,4620534189,4620515587,23.0,32577683,,2,Nguyễn Tri Phương,primary
2836,2020-10-18T13:26:34.786Z,2020-10-18T13:26:34.786Z,4620515587,3160545657,22.0,32577683,,2,Nguyễn Tri Phương,primary
2837,2020-10-18T13:26:34.793Z,2020-10-18T13:26:34.793Z,3160545657,4631390892,47.0,32577683,,2,Nguyễn Tri Phương,primary
2838,2020-10-18T13:26:34.799Z,2020-10-18T13:26:34.799Z,4631390892,5802993758,5.0,32577683,,2,Nguyễn Tri Phương,primary
2839,2020-10-18T13:26:34.803Z,2020-10-18T13:26:34.803Z,5802993758,5802993759,5.0,32577683,,2,Nguyễn Tri Phương,primary
2840,2020-10-18T13:26:34.814Z,2020-10-18T13:26:34.814Z,4629703848,4629359728,16.0,32577684,,3,Nguyễn Tri Phương,secondary
2841,2020-10-18T13:26:34.816Z,2020-10-18T13:26:34.816Z,4629359728,366473501,25.0,32577684,,3,Nguyễn Tri Phương,secondary
2842,2020-10-18T13:26:34.818Z,2020-10-18T13:26:34.818Z,366473501,366475341,31.0,32577684,,3,Nguyễn Tri Phương,secondary
2843,2020-10-18T13:26:34.821Z,2020-10-18T13:26:34.821Z,366475341,2841256319,35.0,32577684,,3,Nguyễn Tri Phương,secondary
2844,2020-10-18T13:26:34.824Z,2020-10-18T13:26:34.824Z,2841256319,366405533,34.0,32577684,,3,Nguyễn Tri Phương,secondary
2845,2020-10-18T13:26:34.831Z,2020-10-18T13:26:34.831Z,366405533,2841256321,34.0,32577684,,3,Nguyễn Tri Phương,secondary
2846,2020-10-18T13:26:34.838Z,2020-10-18T13:26:34.838Z,2841256321,366463743,40.0,32577684,,3,Nguyễn Tri Phương,secondary
2847,2020-10-18T13:26:34.854Z,2020-10-18T13:26:34.854Z,366463743,5057827203,52.0,32577684,,3,Nguyễn Tri Phương,secondary
2848,2020-10-18T13:26:34.858Z,2020-10-18T13:26:34.858Z,5057827203,2934006870,56.0,32577684,,3,Nguyễn Tri Phương,secondary
2849,2020-10-18T13:26:34.861Z,2020-10-18T13:26:34.861Z,2934006870,5057828137,48.0,32577684,,3,Nguyễn Tri Phương,secondary
2850,2020-10-18T13:26:34.863Z,2020-10-18T13:26:34.863Z,5057828137,5817378547,29.0,32577684,,3,Nguyễn Tri Phương,secondary
2851,2020-10-18T13:26:34.865Z,2020-10-18T13:26:34.865Z,5817378547,5780574569,29.0,32577684,,3,Nguyễn Tri Phương,secondary
2852,2020-10-18T13:26:34.867Z,2020-10-18T13:26:34.867Z,5780574569,3150110708,24.0,32577684,,3,Nguyễn Tri Phương,secondary
2853,2020-10-18T13:26:34.869Z,2020-10-18T13:26:34.869Z,3150110708,4623078287,57.0,32577684,,3,Nguyễn Tri Phương,secondary
2854,2020-10-18T13:26:34.875Z,2020-10-18T13:26:34.875Z,4623078287,5050082271,73.0,32577684,,3,Nguyễn Tri Phương,secondary
2855,2020-10-18T13:26:34.884Z,2020-10-18T13:26:34.884Z,5050082271,366392714,63.0,32577684,,3,Nguyễn Tri Phương,secondary
2856,2020-10-18T13:26:34.888Z,2020-10-18T13:26:34.888Z,366392714,5050082265,49.0,32577684,,3,Nguyễn Tri Phương,secondary
2857,2020-10-18T13:26:34.891Z,2020-10-18T13:26:34.891Z,5050082265,3150110709,38.0,32577684,,3,Nguyễn Tri Phương,secondary
2858,2020-10-18T13:26:34.905Z,2020-10-18T13:26:34.905Z,3150110709,366439630,32.0,32577684,,3,Nguyễn Tri Phương,secondary
2859,2020-10-18T13:26:34.908Z,2020-10-18T13:26:34.908Z,366439630,5050082316,35.0,32577684,,3,Nguyễn Tri Phương,secondary
2860,2020-10-18T13:26:34.910Z,2020-10-18T13:26:34.910Z,5050082316,2934006860,54.0,32577684,,3,Nguyễn Tri Phương,secondary
3030,2020-10-18T13:26:35.835Z,2021-04-04T09:06:09.724Z,366466460,4620515991,10.0,32577789,,3,Đường Nguyễn Tri Phương,primary_link
3031,2020-10-18T13:26:35.839Z,2021-04-04T09:06:11.153Z,4620515991,366466460,10.0,32577789,,3,Đường Nguyễn Tri Phương,primary_link
3307,2020-10-18T13:26:37.413Z,2020-10-18T13:26:37.413Z,366381001,366416739,15.0,32578226,,4,Vĩnh Khánh,unclassified
3308,2020-10-18T13:26:37.422Z,2020-10-18T13:26:37.422Z,366416739,366381001,15.0,32578226,,4,Vĩnh Khánh,unclassified
3309,2020-10-18T13:26:37.432Z,2020-10-18T13:26:37.432Z,366416739,366452749,22.0,32578226,,4,Vĩnh Khánh,unclassified
3310,2020-10-18T13:26:37.441Z,2020-10-18T13:26:37.441Z,366452749,366416739,22.0,32578226,,4,Vĩnh Khánh,unclassified
5701,2020-10-18T13:26:44.605Z,2020-10-18T13:26:44.605Z,366416137,3150110712,110.0,32579758,,4,Trần Phú,tertiary
5702,2020-10-18T13:26:44.609Z,2020-10-18T13:26:44.609Z,3150110712,746617455,26.0,32579758,,4,Trần Phú,tertiary
5703,2020-10-18T13:26:44.611Z,2020-10-18T13:26:44.611Z,746617455,4631738599,4.0,32579758,,4,Trần Phú,tertiary
5704,2020-10-18T13:26:44.612Z,2020-10-18T13:26:44.612Z,4631738599,1997154435,36.0,32579758,,4,Trần Phú,tertiary
5705,2020-10-18T13:26:44.614Z,2020-10-18T13:26:44.614Z,1997154435,366413446,34.0,32579758,,4,Trần Phú,tertiary
6465,2020-10-18T13:26:46.642Z,2020-10-18T13:26:46.642Z,5802711057,2042473420,29.0,32580377,,4,Lê Quang Kim,tertiary
6466,2020-10-18T13:26:46.644Z,2020-10-18T13:26:46.644Z,2042473420,5802711057,29.0,32580377,,4,Lê Quang Kim,tertiary
6467,2020-10-18T13:26:46.647Z,2020-10-18T13:26:46.647Z,2042473420,5802711058,39.0,32580377,,4,Lê Quang Kim,tertiary
6468,2020-10-18T13:26:46.650Z,2020-10-18T13:26:46.650Z,5802711058,2042473420,39.0,32580377,,4,Lê Quang Kim,tertiary
6469,2020-10-18T13:26:46.654Z,2020-10-18T13:26:46.654Z,5802711058,5802590354,34.0,32580377,,4,Lê Quang Kim,tertiary
6470,2020-10-18T13:26:46.658Z,2020-10-18T13:26:46.658Z,5802590354,5802711058,34.0,32580377,,4,Lê Quang Kim,tertiary
6471,2020-10-18T13:26:46.661Z,2020-10-18T13:26:46.661Z,5802590354,5802590353,34.0,32580377,,4,Lê Quang Kim,tertiary
6472,2020-10-18T13:26:46.663Z,2020-10-18T13:26:46.663Z,5802590353,5802590354,34.0,32580377,,4,Lê Quang Kim,tertiary
6473,2020-10-18T13:26:46.664Z,2020-10-18T13:26:46.664Z,1996655358,366406323,116.0,32580378,,4,Trần Tuấn Khải,tertiary
6474,2020-10-18T13:26:46.666Z,2020-10-18T13:26:46.666Z,366406323,1996655358,116.0,32580378,,4,Trần Tuấn Khải,tertiary
6475,2020-10-18T13:26:46.668Z,2020-10-18T13:26:46.668Z,366406323,5813971176,3.0,32580378,,4,Trần Tuấn Khải,tertiary
6476,2020-10-18T13:26:46.669Z,2020-10-18T13:26:46.669Z,5813971176,366406323,3.0,32580378,,4,Trần Tuấn Khải,tertiary
6477,2020-10-18T13:26:46.671Z,2020-10-18T13:26:46.671Z,5813971176,1997154685,47.0,32580378,,4,Trần Tuấn Khải,tertiary
6478,2020-10-18T13:26:46.681Z,2020-10-18T13:26:46.681Z,1997154685,5813971176,47.0,32580378,,4,Trần Tuấn Khải,tertiary
6479,2020-10-18T13:26:46.683Z,2020-10-18T13:26:46.683Z,1997154685,366463240,52.0,32580378,,4,Trần Tuấn Khải,tertiary
6480,2020-10-18T13:26:46.686Z,2020-10-18T13:26:46.686Z,366463240,1997154685,52.0,32580378,,4,Trần Tuấn Khải,tertiary
6481,2020-10-18T13:26:46.689Z,2020-10-18T13:26:46.689Z,366463240,5813971167,46.0,32580378,,4,Trần Tuấn Khải,tertiary
6482,2020-10-18T13:26:46.692Z,2020-10-18T13:26:46.692Z,5813971167,366463240,46.0,32580378,,4,Trần Tuấn Khải,tertiary
6483,2020-10-18T13:26:46.694Z,2020-10-18T13:26:46.694Z,5813971167,5674570739,44.0,32580378,,4,Trần Tuấn Khải,tertiary
6484,2020-10-18T13:26:46.696Z,2020-10-18T13:26:46.696Z,5674570739,5813971167,44.0,32580378,,4,Trần Tuấn Khải,tertiary
6485,2020-10-18T13:26:46.698Z,2020-10-18T13:26:46.698Z,5674570739,1997154568,31.0,32580378,,4,Trần Tuấn Khải,tertiary
6486,2020-10-18T13:26:46.699Z,2020-10-18T13:26:46.699Z,1997154568,5674570739,31.0,32580378,,4,Trần Tuấn Khải,tertiary
6487,2020-10-18T13:26:46.701Z,2020-10-18T13:26:46.701Z,1997154568,5674570742,50.0,32580378,,4,Trần Tuấn Khải,tertiary
6488,2020-10-18T13:26:46.703Z,2020-10-18T13:26:46.703Z,5674570742,1997154568,50.0,32580378,,4,Trần Tuấn Khải,tertiary
6489,2020-10-18T13:26:46.705Z,2020-10-18T13:26:46.705Z,5674570742,2364075317,53.0,32580378,,4,Trần Tuấn Khải,tertiary
6490,2020-10-18T13:26:46.707Z,2020-10-18T13:26:46.707Z,2364075317,5674570742,53.0,32580378,,4,Trần Tuấn Khải,tertiary
6985,2020-10-18T13:26:48.098Z,2020-10-18T13:26:48.098Z,5794771156,5794771155,17.0,32581052,,4,Trần Nhân Tôn,tertiary
6986,2020-10-18T13:26:48.100Z,2020-10-18T13:26:48.100Z,5794771155,5794771156,17.0,32581052,,4,Trần Nhân Tôn,tertiary
6987,2020-10-18T13:26:48.101Z,2020-10-18T13:26:48.101Z,5794771155,5794771157,110.0,32581052,,4,Trần Nhân Tôn,tertiary
6988,2020-10-18T13:26:48.103Z,2020-10-18T13:26:48.103Z,5794771157,5794771155,110.0,32581052,,4,Trần Nhân Tôn,tertiary
6989,2020-10-18T13:26:48.105Z,2020-10-18T13:26:48.105Z,5794771157,5794884010,47.0,32581052,,4,Trần Nhân Tôn,tertiary
6990,2020-10-18T13:26:48.108Z,2020-10-18T13:26:48.108Z,5794884010,5794771157,47.0,32581052,,4,Trần Nhân Tôn,tertiary
6991,2020-10-18T13:26:48.111Z,2020-10-18T13:26:48.111Z,5794884010,5794883985,4.0,32581052,,4,Trần Nhân Tôn,tertiary
6992,2020-10-18T13:26:48.112Z,2020-10-18T13:26:48.112Z,5794883985,5794884010,4.0,32581052,,4,Trần Nhân Tôn,tertiary
6993,2020-10-18T13:26:48.114Z,2020-10-18T13:26:48.114Z,5794883985,5794884009,16.0,32581052,,4,Trần Nhân Tôn,tertiary
6994,2020-10-18T13:26:48.116Z,2020-10-18T13:26:48.116Z,5794884009,5794883985,16.0,32581052,,4,Trần Nhân Tôn,tertiary
6995,2020-10-18T13:26:48.117Z,2020-10-18T13:26:48.117Z,5794884009,5794771158,53.0,32581052,,4,Trần Nhân Tôn,tertiary
6996,2020-10-18T13:26:48.119Z,2020-10-18T13:26:48.119Z,5794771158,5794884009,53.0,32581052,,4,Trần Nhân Tôn,tertiary
6997,2020-10-18T13:26:48.122Z,2020-10-18T13:26:48.122Z,5794771158,5794771159,24.0,32581052,,4,Trần Nhân Tôn,tertiary
6998,2020-10-18T13:26:48.124Z,2020-10-18T13:26:48.124Z,5794771159,5794771158,24.0,32581052,,4,Trần Nhân Tôn,tertiary
6999,2020-10-18T13:26:48.126Z,2020-10-18T13:26:48.126Z,5794771159,5045657080,73.0,32581052,,4,Trần Nhân Tôn,tertiary
7000,2020-10-18T13:26:48.128Z,2020-10-18T13:26:48.128Z,5045657080,5794771159,73.0,32581052,,4,Trần Nhân Tôn,tertiary
7001,2020-10-18T13:26:48.130Z,2020-10-18T13:26:48.130Z,5045657080,5794771163,5.0,32581052,,4,Trần Nhân Tôn,tertiary
7002,2020-10-18T13:26:48.132Z,2020-10-18T13:26:48.132Z,5794771163,5045657080,5.0,32581052,,4,Trần Nhân Tôn,tertiary
7003,2020-10-18T13:26:48.134Z,2020-10-18T13:26:48.134Z,5794771163,5045657132,26.0,32581052,,4,Trần Nhân Tôn,tertiary
7004,2020-10-18T13:26:48.136Z,2020-10-18T13:26:48.136Z,5045657132,5794771163,26.0,32581052,,4,Trần Nhân Tôn,tertiary
7005,2020-10-18T13:26:48.139Z,2020-10-18T13:26:48.139Z,5045657132,5794771162,21.0,32581052,,4,Trần Nhân Tôn,tertiary
7006,2020-10-18T13:26:48.142Z,2020-10-18T13:26:48.142Z,5794771162,5045657132,21.0,32581052,,4,Trần Nhân Tôn,tertiary
7007,2020-10-18T13:26:48.144Z,2020-10-18T13:26:48.144Z,5794771162,5045657083,39.0,32581052,,4,Trần Nhân Tôn,tertiary
7008,2020-10-18T13:26:48.146Z,2020-10-18T13:26:48.146Z,5045657083,5794771162,39.0,32581052,,4,Trần Nhân Tôn,tertiary
7009,2020-10-18T13:26:48.147Z,2020-10-18T13:26:48.147Z,5045657083,5794771164,54.0,32581052,,4,Trần Nhân Tôn,tertiary
7010,2020-10-18T13:26:48.149Z,2020-10-18T13:26:48.149Z,5794771164,5045657083,54.0,32581052,,4,Trần Nhân Tôn,tertiary
7011,2020-10-18T13:26:48.151Z,2020-10-18T13:26:48.151Z,5794771164,5045657035,7.0,32581052,,4,Trần Nhân Tôn,tertiary
7012,2020-10-18T13:26:48.153Z,2020-10-18T13:26:48.153Z,5045657035,5794771164,7.0,32581052,,4,Trần Nhân Tôn,tertiary
7013,2020-10-18T13:26:48.154Z,2020-10-18T13:26:48.154Z,5045657035,5045657134,19.0,32581052,,4,Trần Nhân Tôn,tertiary
7014,2020-10-18T13:26:48.156Z,2020-10-18T13:26:48.156Z,5045657134,5045657035,19.0,32581052,,4,Trần Nhân Tôn,tertiary
7015,2020-10-18T13:26:48.158Z,2020-10-18T13:26:48.158Z,5045657134,5045657029,6.0,32581052,,4,Trần Nhân Tôn,tertiary
7016,2020-10-18T13:26:48.159Z,2020-10-18T13:26:48.159Z,5045657029,5045657134,6.0,32581052,,4,Trần Nhân Tôn,tertiary
7017,2020-10-18T13:26:48.161Z,2020-10-18T13:26:48.161Z,5045657029,5045657109,13.0,32581052,,4,Trần Nhân Tôn,tertiary
7018,2020-10-18T13:26:48.163Z,2020-10-18T13:26:48.163Z,5045657109,5045657029,13.0,32581052,,4,Trần Nhân Tôn,tertiary
7019,2020-10-18T13:26:48.164Z,2020-10-18T13:26:48.164Z,5045657109,5045657022,8.0,32581052,,4,Trần Nhân Tôn,tertiary
7020,2020-10-18T13:26:48.166Z,2020-10-18T13:26:48.166Z,5045657022,5045657109,8.0,32581052,,4,Trần Nhân Tôn,tertiary
7021,2020-10-18T13:26:48.168Z,2020-10-18T13:26:48.168Z,5045657022,5045657127,17.0,32581052,,4,Trần Nhân Tôn,tertiary
7022,2020-10-18T13:26:48.171Z,2020-10-18T13:26:48.171Z,5045657127,5045657022,17.0,32581052,,4,Trần Nhân Tôn,tertiary
7023,2020-10-18T13:26:48.172Z,2020-10-18T13:26:48.172Z,5045657127,5045657111,19.0,32581052,,4,Trần Nhân Tôn,tertiary
7024,2020-10-18T13:26:48.174Z,2020-10-18T13:26:48.174Z,5045657111,5045657127,19.0,32581052,,4,Trần Nhân Tôn,tertiary
7025,2020-10-18T13:26:48.177Z,2020-10-18T13:26:48.177Z,5045657111,5045657000,13.0,32581052,,4,Trần Nhân Tôn,tertiary
7026,2020-10-18T13:26:48.179Z,2020-10-18T13:26:48.179Z,5045657000,5045657111,13.0,32581052,,4,Trần Nhân Tôn,tertiary
7027,2020-10-18T13:26:48.181Z,2020-10-18T13:26:48.181Z,5045657000,5045657123,11.0,32581052,,4,Trần Nhân Tôn,tertiary
7028,2020-10-18T13:26:48.182Z,2020-10-18T13:26:48.182Z,5045657123,5045657000,11.0,32581052,,4,Trần Nhân Tôn,tertiary
7029,2020-10-18T13:26:48.184Z,2020-10-18T13:26:48.184Z,5045657123,5794771165,17.0,32581052,,4,Trần Nhân Tôn,tertiary
7030,2020-10-18T13:26:48.185Z,2020-10-18T13:26:48.185Z,5794771165,5045657123,17.0,32581052,,4,Trần Nhân Tôn,tertiary
7031,2020-10-18T13:26:48.188Z,2020-10-18T13:26:48.188Z,5794771165,5794771166,1.0,32581052,,4,Trần Nhân Tôn,tertiary
7032,2020-10-18T13:26:48.191Z,2020-10-18T13:26:48.191Z,5794771166,5794771165,1.0,32581052,,4,Trần Nhân Tôn,tertiary
7033,2020-10-18T13:26:48.194Z,2020-10-18T13:26:48.194Z,5794771166,366445936,88.0,32581052,,4,Trần Nhân Tôn,tertiary
7034,2020-10-18T13:26:48.202Z,2020-10-18T13:26:48.202Z,366445936,5794771166,88.0,32581052,,4,Trần Nhân Tôn,tertiary
7035,2020-10-18T13:26:48.205Z,2020-10-18T13:26:48.205Z,366445936,5045756517,51.0,32581052,,4,Trần Nhân Tôn,tertiary
7036,2020-10-18T13:26:48.207Z,2020-10-18T13:26:48.207Z,5045756517,366445936,51.0,32581052,,4,Trần Nhân Tôn,tertiary
7037,2020-10-18T13:26:48.210Z,2020-10-18T13:26:48.210Z,5045756517,5045756722,81.0,32581052,,4,Trần Nhân Tôn,tertiary
7038,2020-10-18T13:26:48.211Z,2020-10-18T13:26:48.211Z,5045756722,5045756517,81.0,32581052,,4,Trần Nhân Tôn,tertiary
7039,2020-10-18T13:26:48.213Z,2020-10-18T13:26:48.213Z,5045756722,366390755,55.0,32581052,,4,Trần Nhân Tôn,tertiary
7040,2020-10-18T13:26:48.214Z,2020-10-18T13:26:48.214Z,366390755,5045756722,55.0,32581052,,4,Trần Nhân Tôn,tertiary
7119,2020-10-18T13:26:48.404Z,2020-10-18T13:26:48.404Z,2233126178,2498090057,14.0,32581129,,2,Lý Thái Tổ,primary
7120,2020-10-18T13:26:48.405Z,2020-10-18T13:26:48.405Z,2498090057,3150775224,99.0,32581129,,2,Lý Thái Tổ,primary
7121,2020-10-18T13:26:48.407Z,2020-10-18T13:26:48.407Z,3150775224,5003306411,72.0,32581129,,2,Lý Thái Tổ,primary
7122,2020-10-18T13:26:48.409Z,2020-10-18T13:26:48.409Z,5003306411,5058499837,60.0,32581129,,2,Lý Thái Tổ,primary
7123,2020-10-18T13:26:48.410Z,2020-10-18T13:26:48.410Z,5058499837,2498090051,42.0,32581129,,2,Lý Thái Tổ,primary
7124,2020-10-18T13:26:48.412Z,2020-10-18T13:26:48.412Z,2498090051,2498090048,219.0,32581129,,2,Lý Thái Tổ,primary
7125,2020-10-18T13:26:48.413Z,2020-10-18T13:26:48.413Z,2498090048,3150775222,34.0,32581129,,2,Lý Thái Tổ,primary
7126,2020-10-18T13:26:48.424Z,2020-10-18T13:26:48.424Z,3150775222,2498090058,83.0,32581129,,2,Lý Thái Tổ,primary
7127,2020-10-18T13:26:48.427Z,2020-10-18T13:26:48.427Z,2498090058,2289929129,20.0,32581129,,2,Lý Thái Tổ,primary
7128,2020-10-18T13:26:48.429Z,2020-10-18T13:26:48.429Z,2289929129,4629703851,27.0,32581129,,2,Lý Thái Tổ,primary
8651,2020-10-18T13:26:52.361Z,2020-10-18T13:26:52.361Z,5778115401,4611507136,25.0,32582109,,4,Hoà Hưng,tertiary
8652,2020-10-18T13:26:52.363Z,2020-10-18T13:26:52.363Z,4611507136,5778115401,25.0,32582109,,4,Hoà Hưng,tertiary
8653,2020-10-18T13:26:52.366Z,2020-10-18T13:26:52.366Z,4611507136,5063701334,6.0,32582109,,4,Hoà Hưng,tertiary
8654,2020-10-18T13:26:52.367Z,2020-10-18T13:26:52.367Z,5063701334,4611507136,6.0,32582109,,4,Hoà Hưng,tertiary
8655,2020-10-18T13:26:52.369Z,2020-10-18T13:26:52.369Z,5063701334,5063701326,24.0,32582109,,4,Hoà Hưng,tertiary
8656,2020-10-18T13:26:52.371Z,2020-10-18T13:26:52.371Z,5063701326,5063701334,24.0,32582109,,4,Hoà Hưng,tertiary
8657,2020-10-18T13:26:52.374Z,2020-10-18T13:26:52.374Z,5063701326,5059499586,18.0,32582109,,4,Hoà Hưng,tertiary
8658,2020-10-18T13:26:52.376Z,2020-10-18T13:26:52.376Z,5059499586,5063701326,18.0,32582109,,4,Hoà Hưng,tertiary
8659,2020-10-18T13:26:52.378Z,2020-10-18T13:26:52.378Z,5059499586,5063701336,3.0,32582109,,4,Hoà Hưng,tertiary
8660,2020-10-18T13:26:52.380Z,2020-10-18T13:26:52.380Z,5063701336,5059499586,3.0,32582109,,4,Hoà Hưng,tertiary
8661,2020-10-18T13:26:52.381Z,2020-10-18T13:26:52.381Z,5063701336,5063701342,23.0,32582109,,4,Hoà Hưng,tertiary
8662,2020-10-18T13:26:52.383Z,2020-10-18T13:26:52.383Z,5063701342,5063701336,23.0,32582109,,4,Hoà Hưng,tertiary
8663,2020-10-18T13:26:52.385Z,2020-10-18T13:26:52.385Z,5063701342,3734437594,3.0,32582109,,4,Hoà Hưng,tertiary
8664,2020-10-18T13:26:52.388Z,2020-10-18T13:26:52.388Z,3734437594,5063701342,3.0,32582109,,4,Hoà Hưng,tertiary
8665,2020-10-18T13:26:52.391Z,2020-10-18T13:26:52.391Z,3734437594,5059499584,7.0,32582109,,4,Hoà Hưng,tertiary
8666,2020-10-18T13:26:52.394Z,2020-10-18T13:26:52.394Z,5059499584,3734437594,7.0,32582109,,4,Hoà Hưng,tertiary
8667,2020-10-18T13:26:52.396Z,2020-10-18T13:26:52.396Z,5059499584,366388492,49.0,32582109,,4,Hoà Hưng,tertiary
8668,2020-10-18T13:26:52.398Z,2020-10-18T13:26:52.398Z,366388492,5059499584,49.0,32582109,,4,Hoà Hưng,tertiary
8669,2020-10-18T13:26:52.401Z,2020-10-18T13:26:52.401Z,366388492,5059499581,9.0,32582109,,4,Hoà Hưng,tertiary
8670,2020-10-18T13:26:52.403Z,2020-10-18T13:26:52.403Z,5059499581,366388492,9.0,32582109,,4,Hoà Hưng,tertiary
8671,2020-10-18T13:26:52.406Z,2020-10-18T13:26:52.406Z,5059499581,366401260,48.0,32582109,,4,Hoà Hưng,tertiary
8672,2020-10-18T13:26:52.409Z,2020-10-18T13:26:52.409Z,366401260,5059499581,48.0,32582109,,4,Hoà Hưng,tertiary
8673,2020-10-18T13:26:52.411Z,2020-10-18T13:26:52.411Z,366401260,5063701263,48.0,32582109,,4,Hoà Hưng,tertiary
8674,2020-10-18T13:26:52.413Z,2020-10-18T13:26:52.413Z,5063701263,366401260,48.0,32582109,,4,Hoà Hưng,tertiary
8675,2020-10-18T13:26:52.415Z,2020-10-18T13:26:52.415Z,5063701263,5063701259,12.0,32582109,,4,Hoà Hưng,tertiary
8676,2020-10-18T13:26:52.425Z,2020-10-18T13:26:52.425Z,5063701259,5063701263,12.0,32582109,,4,Hoà Hưng,tertiary
8677,2020-10-18T13:26:52.428Z,2020-10-18T13:26:52.428Z,5063701259,5063701248,67.0,32582109,,4,Hoà Hưng,tertiary
8678,2020-10-18T13:26:52.430Z,2020-10-18T13:26:52.430Z,5063701248,5063701259,67.0,32582109,,4,Hoà Hưng,tertiary
8679,2020-10-18T13:26:52.432Z,2020-10-18T13:26:52.432Z,5063701248,366401737,6.0,32582109,,4,Hoà Hưng,tertiary
8680,2020-10-18T13:26:52.434Z,2020-10-18T13:26:52.434Z,366401737,5063701248,6.0,32582109,,4,Hoà Hưng,tertiary
8681,2020-10-18T13:26:52.436Z,2020-10-18T13:26:52.436Z,366401737,5059499574,55.0,32582109,,4,Hoà Hưng,tertiary
8682,2020-10-18T13:26:52.438Z,2020-10-18T13:26:52.438Z,5059499574,366401737,55.0,32582109,,4,Hoà Hưng,tertiary
8683,2020-10-18T13:26:52.441Z,2020-10-18T13:26:52.441Z,5059499574,5063701241,24.0,32582109,,4,Hoà Hưng,tertiary
8684,2020-10-18T13:26:52.442Z,2020-10-18T13:26:52.442Z,5063701241,5059499574,24.0,32582109,,4,Hoà Hưng,tertiary
8685,2020-10-18T13:26:52.444Z,2020-10-18T13:26:52.444Z,5063701241,5063701235,35.0,32582109,,4,Hoà Hưng,tertiary
8686,2020-10-18T13:26:52.446Z,2020-10-18T13:26:52.446Z,5063701235,5063701241,35.0,32582109,,4,Hoà Hưng,tertiary
8687,2020-10-18T13:26:52.447Z,2020-10-18T13:26:52.447Z,5063701235,5778141551,2.0,32582109,,4,Hoà Hưng,tertiary
8688,2020-10-18T13:26:52.450Z,2020-10-18T13:26:52.450Z,5778141551,5063701235,2.0,32582109,,4,Hoà Hưng,tertiary
8689,2020-10-18T13:26:52.453Z,2020-10-18T13:26:52.453Z,5778141551,5059499568,17.0,32582109,,4,Hoà Hưng,tertiary
8690,2020-10-18T13:26:52.456Z,2020-10-18T13:26:52.456Z,5059499568,5778141551,17.0,32582109,,4,Hoà Hưng,tertiary
8691,2020-10-18T13:26:52.459Z,2020-10-18T13:26:52.459Z,5059499568,5059499523,31.0,32582109,,4,Hoà Hưng,tertiary
8692,2020-10-18T13:26:52.462Z,2020-10-18T13:26:52.462Z,5059499523,5059499568,31.0,32582109,,4,Hoà Hưng,tertiary
8693,2020-10-18T13:26:52.465Z,2020-10-18T13:26:52.465Z,5059499523,5059499537,2.0,32582109,,4,Hoà Hưng,tertiary
8694,2020-10-18T13:26:52.467Z,2020-10-18T13:26:52.467Z,5059499537,5059499523,2.0,32582109,,4,Hoà Hưng,tertiary
8695,2020-10-18T13:26:52.469Z,2020-10-18T13:26:52.469Z,5059499537,5063700712,45.0,32582109,,4,Hoà Hưng,tertiary
8696,2020-10-18T13:26:52.471Z,2020-10-18T13:26:52.471Z,5063700712,5059499537,45.0,32582109,,4,Hoà Hưng,tertiary
8697,2020-10-18T13:26:52.473Z,2020-10-18T13:26:52.473Z,5063700712,5063700709,24.0,32582109,,4,Hoà Hưng,tertiary
8698,2020-10-18T13:26:52.474Z,2020-10-18T13:26:52.474Z,5063700709,5063700712,24.0,32582109,,4,Hoà Hưng,tertiary
8699,2020-10-18T13:26:52.476Z,2020-10-18T13:26:52.476Z,5063700709,5063700706,24.0,32582109,,4,Hoà Hưng,tertiary
8700,2020-10-18T13:26:52.478Z,2020-10-18T13:26:52.478Z,5063700706,5063700709,24.0,32582109,,4,Hoà Hưng,tertiary
8701,2020-10-18T13:26:52.482Z,2020-10-18T13:26:52.482Z,5063700706,5059499533,24.0,32582109,,4,Hoà Hưng,tertiary
8702,2020-10-18T13:26:52.484Z,2020-10-18T13:26:52.484Z,5059499533,5063700706,24.0,32582109,,4,Hoà Hưng,tertiary
8703,2020-10-18T13:26:52.486Z,2020-10-18T13:26:52.486Z,5059499533,5063701544,24.0,32582109,,4,Hoà Hưng,tertiary
8704,2020-10-18T13:26:52.487Z,2020-10-18T13:26:52.487Z,5063701544,5059499533,24.0,32582109,,4,Hoà Hưng,tertiary
8705,2020-10-18T13:26:52.489Z,2020-10-18T13:26:52.489Z,5063701544,5063701541,24.0,32582109,,4,Hoà Hưng,tertiary
8706,2020-10-18T13:26:52.491Z,2020-10-18T13:26:52.491Z,5063701541,5063701544,24.0,32582109,,4,Hoà Hưng,tertiary
8707,2020-10-18T13:26:52.494Z,2020-10-18T13:26:52.494Z,5063701541,5778164527,21.0,32582109,,4,Hoà Hưng,tertiary
8708,2020-10-18T13:26:52.497Z,2020-10-18T13:26:52.497Z,5778164527,5063701541,21.0,32582109,,4,Hoà Hưng,tertiary
8869,2020-10-18T13:26:52.973Z,2020-10-18T13:26:52.973Z,5780574623,2433653225,10.0,32582180,,4,Nguyễn Ngọc Lộc,tertiary
8870,2020-10-18T13:26:52.976Z,2020-10-18T13:26:52.976Z,2433653225,5780574623,10.0,32582180,,4,Nguyễn Ngọc Lộc,tertiary
10816,2020-10-18T13:26:57.328Z,2020-10-18T13:26:57.328Z,2027772746,403582429,37.0,32583688,,4,Hoàng Diệu,unclassified
10817,2020-10-18T13:26:57.331Z,2020-10-18T13:26:57.331Z,403582429,5772502925,54.0,32583688,,4,Hoàng Diệu,unclassified
11280,2020-10-18T13:26:58.361Z,2020-10-18T13:26:58.361Z,366383949,2044487078,37.0,32584275,,4,Âu Dương Lân,tertiary
11281,2020-10-18T13:26:58.362Z,2020-10-18T13:26:58.362Z,2044487078,366383949,37.0,32584275,,4,Âu Dương Lân,tertiary
11282,2020-10-18T13:26:58.364Z,2020-10-18T13:26:58.364Z,2044487078,2044487010,36.0,32584275,,4,Âu Dương Lân,tertiary
11283,2020-10-18T13:26:58.365Z,2020-10-18T13:26:58.365Z,2044487010,2044487078,36.0,32584275,,4,Âu Dương Lân,tertiary
11284,2020-10-18T13:26:58.367Z,2020-10-18T13:26:58.367Z,2044487010,2044487060,35.0,32584275,,4,Âu Dương Lân,tertiary
11285,2020-10-18T13:26:58.369Z,2020-10-18T13:26:58.369Z,2044487060,2044487010,35.0,32584275,,4,Âu Dương Lân,tertiary
11286,2020-10-18T13:26:58.371Z,2020-10-18T13:26:58.371Z,2044487060,2044486732,32.0,32584275,,4,Âu Dương Lân,tertiary
11287,2020-10-18T13:26:58.372Z,2020-10-18T13:26:58.372Z,2044486732,2044487060,32.0,32584275,,4,Âu Dương Lân,tertiary
11288,2020-10-18T13:26:58.376Z,2020-10-18T13:26:58.376Z,2044486732,2044486473,21.0,32584275,,4,Âu Dương Lân,tertiary
11289,2020-10-18T13:26:58.378Z,2020-10-18T13:26:58.378Z,2044486473,2044486732,21.0,32584275,,4,Âu Dương Lân,tertiary
11290,2020-10-18T13:26:58.379Z,2020-10-18T13:26:58.379Z,2044486473,5800683748,24.0,32584275,,4,Âu Dương Lân,tertiary
11291,2020-10-18T13:26:58.381Z,2020-10-18T13:26:58.381Z,5800683748,2044486473,24.0,32584275,,4,Âu Dương Lân,tertiary
11292,2020-10-18T13:26:58.382Z,2020-10-18T13:26:58.382Z,5800683748,5800683751,25.0,32584275,,4,Âu Dương Lân,tertiary
11293,2020-10-18T13:26:58.384Z,2020-10-18T13:26:58.384Z,5800683751,5800683748,25.0,32584275,,4,Âu Dương Lân,tertiary
11294,2020-10-18T13:26:58.385Z,2020-10-18T13:26:58.385Z,5800683751,5800683723,42.0,32584275,,4,Âu Dương Lân,tertiary
11295,2020-10-18T13:26:58.387Z,2020-10-18T13:26:58.387Z,5800683723,5800683751,42.0,32584275,,4,Âu Dương Lân,tertiary
11296,2020-10-18T13:26:58.389Z,2020-10-18T13:26:58.389Z,5800683723,5800683724,1.0,32584275,,4,Âu Dương Lân,tertiary
11297,2020-10-18T13:26:58.391Z,2020-10-18T13:26:58.391Z,5800683724,5800683723,1.0,32584275,,4,Âu Dương Lân,tertiary
11298,2020-10-18T13:26:58.393Z,2020-10-18T13:26:58.393Z,5800683724,3628501750,70.0,32584275,,4,Âu Dương Lân,tertiary
11299,2020-10-18T13:26:58.394Z,2020-10-18T13:26:58.394Z,3628501750,5800683724,70.0,32584275,,4,Âu Dương Lân,tertiary
11300,2020-10-18T13:26:58.396Z,2020-10-18T13:26:58.396Z,3628501750,366467631,28.0,32584275,,4,Âu Dương Lân,tertiary
11301,2020-10-18T13:26:58.397Z,2020-10-18T13:26:58.397Z,366467631,3628501750,28.0,32584275,,4,Âu Dương Lân,tertiary
11302,2020-10-18T13:26:58.399Z,2020-10-18T13:26:58.399Z,366467631,5668712850,26.0,32584275,,4,Âu Dương Lân,tertiary
11303,2020-10-18T13:26:58.400Z,2020-10-18T13:26:58.400Z,5668712850,366467631,26.0,32584275,,4,Âu Dương Lân,tertiary
11304,2020-10-18T13:26:58.402Z,2020-10-18T13:26:58.402Z,5668712850,5800683722,13.0,32584275,,4,Âu Dương Lân,tertiary
11305,2020-10-18T13:26:58.404Z,2020-10-18T13:26:58.404Z,5800683722,5668712850,13.0,32584275,,4,Âu Dương Lân,tertiary
11306,2020-10-18T13:26:58.406Z,2020-10-18T13:26:58.406Z,5800683722,5762880566,13.0,32584275,,4,Âu Dương Lân,tertiary
11307,2020-10-18T13:26:58.408Z,2020-10-18T13:26:58.408Z,5762880566,5800683722,13.0,32584275,,4,Âu Dương Lân,tertiary
11308,2020-10-18T13:26:58.416Z,2020-10-18T13:26:58.416Z,5762880566,5762878328,76.0,32584275,,4,Âu Dương Lân,tertiary
11309,2020-10-18T13:26:58.419Z,2020-10-18T13:26:58.419Z,5762878328,5762880566,76.0,32584275,,4,Âu Dương Lân,tertiary
11310,2020-10-18T13:26:58.421Z,2020-10-18T13:26:58.421Z,5762878328,5762878311,10.0,32584275,,4,Âu Dương Lân,tertiary
11311,2020-10-18T13:26:58.423Z,2020-10-18T13:26:58.423Z,5762878311,5762878328,10.0,32584275,,4,Âu Dương Lân,tertiary
11312,2020-10-18T13:26:58.425Z,2020-10-18T13:26:58.425Z,5762878311,5762880557,16.0,32584275,,4,Âu Dương Lân,tertiary
11313,2020-10-18T13:26:58.427Z,2020-10-18T13:26:58.427Z,5762880557,5762878311,16.0,32584275,,4,Âu Dương Lân,tertiary
11314,2020-10-18T13:26:58.428Z,2020-10-18T13:26:58.428Z,5762880557,5762787758,59.0,32584275,,4,Âu Dương Lân,tertiary
11315,2020-10-18T13:26:58.430Z,2020-10-18T13:26:58.430Z,5762787758,5762880557,59.0,32584275,,4,Âu Dương Lân,tertiary
12496,2020-10-18T13:27:01.455Z,2020-10-18T13:27:01.455Z,5764945075,366385881,59.0,32585394,,4,Sư Vạn Hạnh,tertiary
12497,2020-10-18T13:27:01.457Z,2020-10-18T13:27:01.457Z,366385881,5764945075,59.0,32585394,,4,Sư Vạn Hạnh,tertiary
12498,2020-10-18T13:27:01.459Z,2020-10-18T13:27:01.459Z,366385881,5764945097,7.0,32585394,,4,Sư Vạn Hạnh,tertiary
12499,2020-10-18T13:27:01.462Z,2020-10-18T13:27:01.462Z,5764945097,366385881,7.0,32585394,,4,Sư Vạn Hạnh,tertiary
12500,2020-10-18T13:27:01.464Z,2020-10-18T13:27:01.464Z,5764945097,5764945090,8.0,32585394,,4,Sư Vạn Hạnh,tertiary
12501,2020-10-18T13:27:01.466Z,2020-10-18T13:27:01.466Z,5764945090,5764945097,8.0,32585394,,4,Sư Vạn Hạnh,tertiary
12502,2020-10-18T13:27:01.468Z,2020-10-18T13:27:01.468Z,5764945090,366454460,43.0,32585394,,4,Sư Vạn Hạnh,tertiary
12503,2020-10-18T13:27:01.470Z,2020-10-18T13:27:01.470Z,366454460,5764945090,43.0,32585394,,4,Sư Vạn Hạnh,tertiary
12504,2020-10-18T13:27:01.473Z,2020-10-18T13:27:01.473Z,366454460,3829419881,42.0,32585394,,4,Sư Vạn Hạnh,tertiary
12505,2020-10-18T13:27:01.477Z,2020-10-18T13:27:01.477Z,3829419881,366454460,42.0,32585394,,4,Sư Vạn Hạnh,tertiary
12506,2020-10-18T13:27:01.480Z,2020-10-18T13:27:01.480Z,3829419881,5060404738,3.0,32585394,,4,Sư Vạn Hạnh,tertiary
12507,2020-10-18T13:27:01.483Z,2020-10-18T13:27:01.483Z,5060404738,3829419881,3.0,32585394,,4,Sư Vạn Hạnh,tertiary
12508,2020-10-18T13:27:01.486Z,2020-10-18T13:27:01.486Z,5060404738,3829419885,29.0,32585394,,4,Sư Vạn Hạnh,tertiary
12509,2020-10-18T13:27:01.488Z,2020-10-18T13:27:01.488Z,3829419885,5060404738,29.0,32585394,,4,Sư Vạn Hạnh,tertiary
12510,2020-10-18T13:27:01.491Z,2020-10-18T13:27:01.491Z,3829419885,366463831,17.0,32585394,,4,Sư Vạn Hạnh,tertiary
12511,2020-10-18T13:27:01.495Z,2020-10-18T13:27:01.495Z,366463831,3829419885,17.0,32585394,,4,Sư Vạn Hạnh,tertiary
12512,2020-10-18T13:27:01.501Z,2020-10-18T13:27:01.501Z,366463831,2690659915,36.0,32585394,,4,Sư Vạn Hạnh,tertiary
12513,2020-10-18T13:27:01.504Z,2020-10-18T13:27:01.504Z,2690659915,366463831,36.0,32585394,,4,Sư Vạn Hạnh,tertiary
12514,2020-10-18T13:27:01.507Z,2020-10-18T13:27:01.507Z,2690659915,1524373649,77.0,32585394,,4,Sư Vạn Hạnh,tertiary
12515,2020-10-18T13:27:01.509Z,2020-10-18T13:27:01.509Z,1524373649,2690659915,77.0,32585394,,4,Sư Vạn Hạnh,tertiary
12516,2020-10-18T13:27:01.512Z,2020-10-18T13:27:01.512Z,1524373649,1524484228,36.0,32585394,,4,Sư Vạn Hạnh,tertiary
12517,2020-10-18T13:27:01.515Z,2020-10-18T13:27:01.515Z,1524484228,1524373649,36.0,32585394,,4,Sư Vạn Hạnh,tertiary
12518,2020-10-18T13:27:01.517Z,2020-10-18T13:27:01.517Z,1524484228,4658215963,3.0,32585394,,4,Sư Vạn Hạnh,tertiary
12519,2020-10-18T13:27:01.519Z,2020-10-18T13:27:01.519Z,4658215963,1524484228,3.0,32585394,,4,Sư Vạn Hạnh,tertiary
12520,2020-10-18T13:27:01.522Z,2020-10-18T13:27:01.522Z,4658215963,1524484245,30.0,32585394,,4,Sư Vạn Hạnh,tertiary
12521,2020-10-18T13:27:01.525Z,2020-10-18T13:27:01.525Z,1524484245,4658215963,30.0,32585394,,4,Sư Vạn Hạnh,tertiary
12522,2020-10-18T13:27:01.527Z,2020-10-18T13:27:01.527Z,1524484245,1524484193,35.0,32585394,,4,Sư Vạn Hạnh,tertiary
12523,2020-10-18T13:27:01.529Z,2020-10-18T13:27:01.529Z,1524484193,1524484245,35.0,32585394,,4,Sư Vạn Hạnh,tertiary
12524,2020-10-18T13:27:01.531Z,2020-10-18T13:27:01.531Z,1524484193,3160542984,19.0,32585394,,4,Sư Vạn Hạnh,tertiary
12525,2020-10-18T13:27:01.533Z,2020-10-18T13:27:01.533Z,3160542984,1524484193,19.0,32585394,,4,Sư Vạn Hạnh,tertiary
12526,2020-10-18T13:27:01.536Z,2020-10-18T13:27:01.536Z,3160542984,1524373635,18.0,32585394,,4,Sư Vạn Hạnh,tertiary
12527,2020-10-18T13:27:01.539Z,2020-10-18T13:27:01.539Z,1524373635,3160542984,18.0,32585394,,4,Sư Vạn Hạnh,tertiary
12528,2020-10-18T13:27:01.542Z,2020-10-18T13:27:01.542Z,1524373635,1738852193,70.0,32585394,,4,Sư Vạn Hạnh,tertiary
12529,2020-10-18T13:27:01.545Z,2020-10-18T13:27:01.545Z,1738852193,1524373635,70.0,32585394,,4,Sư Vạn Hạnh,tertiary
12530,2020-10-18T13:27:01.547Z,2020-10-18T13:27:01.547Z,1738852193,5060404731,116.0,32585394,,4,Sư Vạn Hạnh,tertiary
12531,2020-10-18T13:27:01.549Z,2020-10-18T13:27:01.549Z,5060404731,1738852193,116.0,32585394,,4,Sư Vạn Hạnh,tertiary
12532,2020-10-18T13:27:01.552Z,2020-10-18T13:27:01.552Z,5060404731,5060403011,14.0,32585394,,4,Sư Vạn Hạnh,tertiary
12533,2020-10-18T13:27:01.555Z,2020-10-18T13:27:01.555Z,5060403011,5060404731,14.0,32585394,,4,Sư Vạn Hạnh,tertiary
12534,2020-10-18T13:27:01.559Z,2020-10-18T13:27:01.559Z,5060403011,3160542985,11.0,32585394,,4,Sư Vạn Hạnh,tertiary
12535,2020-10-18T13:27:01.562Z,2020-10-18T13:27:01.562Z,3160542985,5060403011,11.0,32585394,,4,Sư Vạn Hạnh,tertiary
12536,2020-10-18T13:27:01.566Z,2020-10-18T13:27:01.566Z,3160542985,1524489324,19.0,32585394,,4,Sư Vạn Hạnh,tertiary
12537,2020-10-18T13:27:01.569Z,2020-10-18T13:27:01.569Z,1524489324,3160542985,19.0,32585394,,4,Sư Vạn Hạnh,tertiary
12538,2020-10-18T13:27:01.572Z,2020-10-18T13:27:01.572Z,1524489324,3301809364,43.0,32585394,,4,Sư Vạn Hạnh,tertiary
12539,2020-10-18T13:27:01.578Z,2020-10-18T13:27:01.578Z,3301809364,1524489324,43.0,32585394,,4,Sư Vạn Hạnh,tertiary
12846,2020-10-18T13:27:02.632Z,2020-10-18T13:27:02.632Z,4616051257,4616051265,9.0,32585690,,4,Ngô Gia Tự,tertiary
12847,2020-10-18T13:27:02.635Z,2020-10-18T13:27:02.635Z,4616051265,1996654032,67.0,32585690,,4,Ngô Gia Tự,tertiary
12848,2020-10-18T13:27:02.638Z,2020-10-18T13:27:02.638Z,1996654032,366469330,80.0,32585690,,4,Ngô Gia Tự,tertiary
12849,2020-10-18T13:27:02.641Z,2020-10-18T13:27:02.641Z,366469330,3151254801,28.0,32585690,,4,Ngô Gia Tự,tertiary
12850,2020-10-18T13:27:02.644Z,2020-10-18T13:27:02.644Z,3151254801,4045610077,99.0,32585690,,4,Ngô Gia Tự,tertiary
12851,2020-10-18T13:27:02.647Z,2020-10-18T13:27:02.647Z,4045610077,5788957680,156.0,32585690,,4,Ngô Gia Tự,tertiary
13265,2020-10-18T13:27:03.801Z,2020-10-18T13:27:03.801Z,5762610076,5780758070,12.0,32585854,,2,Nguyễn Văn Cừ,primary
13266,2020-10-18T13:27:03.803Z,2020-10-18T13:27:03.803Z,5780758070,1765166515,81.0,32585854,,2,Nguyễn Văn Cừ,primary
13267,2020-10-18T13:27:03.804Z,2020-10-18T13:27:03.804Z,1765166515,2469697627,105.0,32585854,,2,Nguyễn Văn Cừ,primary
13268,2020-10-18T13:27:03.806Z,2020-10-18T13:27:03.806Z,2469697627,2469697625,75.0,32585854,,2,Nguyễn Văn Cừ,primary
13269,2020-10-18T13:27:03.808Z,2020-10-18T13:27:03.808Z,2469697625,1765166516,42.0,32585854,,2,Nguyễn Văn Cừ,primary
13270,2020-10-18T13:27:03.810Z,2020-10-18T13:27:03.810Z,1765166516,2469697628,38.0,32585854,,2,Nguyễn Văn Cừ,primary
13271,2020-10-18T13:27:03.813Z,2020-10-18T13:27:03.813Z,2469697628,366462922,123.0,32585854,,2,Nguyễn Văn Cừ,primary
14166,2020-10-18T13:27:06.215Z,2020-10-18T13:27:06.215Z,5806004698,5806004417,53.0,32586673,,4,Nguyễn Biểu,tertiary
14167,2020-10-18T13:27:06.218Z,2020-10-18T13:27:06.218Z,5806004417,5806004698,53.0,32586673,,4,Nguyễn Biểu,tertiary
14168,2020-10-18T13:27:06.220Z,2020-10-18T13:27:06.220Z,5806004417,3186264463,23.0,32586673,,4,Nguyễn Biểu,tertiary
14169,2020-10-18T13:27:06.222Z,2020-10-18T13:27:06.222Z,3186264463,5806004417,23.0,32586673,,4,Nguyễn Biểu,tertiary
14170,2020-10-18T13:27:06.224Z,2020-10-18T13:27:06.224Z,3186264463,5806004682,4.0,32586673,,4,Nguyễn Biểu,tertiary
14171,2020-10-18T13:27:06.226Z,2020-10-18T13:27:06.226Z,5806004682,3186264463,4.0,32586673,,4,Nguyễn Biểu,tertiary
14172,2020-10-18T13:27:06.228Z,2020-10-18T13:27:06.228Z,5806004682,366386119,30.0,32586673,,4,Nguyễn Biểu,tertiary
14173,2020-10-18T13:27:06.231Z,2020-10-18T13:27:06.231Z,366386119,5806004682,30.0,32586673,,4,Nguyễn Biểu,tertiary
14174,2020-10-18T13:27:06.234Z,2020-10-18T13:27:06.234Z,366386119,4315295144,28.0,32586673,,4,Nguyễn Biểu,tertiary
14175,2020-10-18T13:27:06.236Z,2020-10-18T13:27:06.236Z,4315295144,366386119,28.0,32586673,,4,Nguyễn Biểu,tertiary
14176,2020-10-18T13:27:06.239Z,2020-10-18T13:27:06.239Z,4315295144,1657521915,53.0,32586673,,4,Nguyễn Biểu,tertiary
14177,2020-10-18T13:27:06.240Z,2020-10-18T13:27:06.240Z,1657521915,4315295144,53.0,32586673,,4,Nguyễn Biểu,tertiary
14178,2020-10-18T13:27:06.242Z,2020-10-18T13:27:06.242Z,1657521915,5806004395,29.0,32586673,,4,Nguyễn Biểu,tertiary
14179,2020-10-18T13:27:06.245Z,2020-10-18T13:27:06.245Z,5806004395,1657521915,29.0,32586673,,4,Nguyễn Biểu,tertiary
14180,2020-10-18T13:27:06.247Z,2020-10-18T13:27:06.247Z,5806004395,5806004391,18.0,32586673,,4,Nguyễn Biểu,tertiary
14181,2020-10-18T13:27:06.250Z,2020-10-18T13:27:06.250Z,5806004391,5806004395,18.0,32586673,,4,Nguyễn Biểu,tertiary
14182,2020-10-18T13:27:06.253Z,2020-10-18T13:27:06.253Z,5806004391,5806004446,8.0,32586673,,4,Nguyễn Biểu,tertiary
14183,2020-10-18T13:27:06.254Z,2020-10-18T13:27:06.254Z,5806004446,5806004391,8.0,32586673,,4,Nguyễn Biểu,tertiary
14184,2020-10-18T13:27:06.269Z,2020-10-18T13:27:06.269Z,5806004446,5806004392,48.0,32586673,,4,Nguyễn Biểu,tertiary
14185,2020-10-18T13:27:06.272Z,2020-10-18T13:27:06.272Z,5806004392,5806004446,48.0,32586673,,4,Nguyễn Biểu,tertiary
14186,2020-10-18T13:27:06.275Z,2020-10-18T13:27:06.275Z,5806004392,5806004443,10.0,32586673,,4,Nguyễn Biểu,tertiary
14187,2020-10-18T13:27:06.281Z,2020-10-18T13:27:06.281Z,5806004443,5806004392,10.0,32586673,,4,Nguyễn Biểu,tertiary
14188,2020-10-18T13:27:06.283Z,2020-10-18T13:27:06.283Z,5806004443,366451156,41.0,32586673,,4,Nguyễn Biểu,tertiary
14189,2020-10-18T13:27:06.285Z,2020-10-18T13:27:06.285Z,366451156,5806004443,41.0,32586673,,4,Nguyễn Biểu,tertiary
14446,2020-10-18T13:27:06.815Z,2020-10-18T13:27:06.815Z,4614090210,366456825,11.0,32586943,,4,Lê Hồng Phong,tertiary
14447,2020-10-18T13:27:06.816Z,2020-10-18T13:27:06.816Z,366456825,4614090210,11.0,32586943,,4,Lê Hồng Phong,tertiary
14448,2020-10-18T13:27:06.818Z,2020-10-18T13:27:06.818Z,366456825,5045656715,40.0,32586943,,4,Lê Hồng Phong,tertiary
14449,2020-10-18T13:27:06.819Z,2020-10-18T13:27:06.819Z,5045656715,366456825,40.0,32586943,,4,Lê Hồng Phong,tertiary
14450,2020-10-18T13:27:06.821Z,2020-10-18T13:27:06.821Z,5045656715,5045657014,67.0,32586943,,4,Lê Hồng Phong,tertiary
14451,2020-10-18T13:27:06.822Z,2020-10-18T13:27:06.822Z,5045657014,5045656715,67.0,32586943,,4,Lê Hồng Phong,tertiary
14452,2020-10-18T13:27:06.824Z,2020-10-18T13:27:06.824Z,5045657014,3116339943,7.0,32586943,,4,Lê Hồng Phong,tertiary
14453,2020-10-18T13:27:06.826Z,2020-10-18T13:27:06.826Z,3116339943,5045657014,7.0,32586943,,4,Lê Hồng Phong,tertiary
14454,2020-10-18T13:27:06.827Z,2020-10-18T13:27:06.827Z,3116339943,366436124,28.0,32586943,,4,Lê Hồng Phong,tertiary
14455,2020-10-18T13:27:06.829Z,2020-10-18T13:27:06.829Z,366436124,3116339943,28.0,32586943,,4,Lê Hồng Phong,tertiary
14456,2020-10-18T13:27:06.831Z,2020-10-18T13:27:06.831Z,366436124,5045657003,3.0,32586943,,4,Lê Hồng Phong,tertiary
14457,2020-10-18T13:27:06.832Z,2020-10-18T13:27:06.832Z,5045657003,366436124,3.0,32586943,,4,Lê Hồng Phong,tertiary
14458,2020-10-18T13:27:06.834Z,2020-10-18T13:27:06.834Z,5045657003,5045657098,17.0,32586943,,4,Lê Hồng Phong,tertiary
14459,2020-10-18T13:27:06.835Z,2020-10-18T13:27:06.835Z,5045657098,5045657003,17.0,32586943,,4,Lê Hồng Phong,tertiary
14460,2020-10-18T13:27:06.837Z,2020-10-18T13:27:06.837Z,5045657098,5045656934,3.0,32586943,,4,Lê Hồng Phong,tertiary
14461,2020-10-18T13:27:06.839Z,2020-10-18T13:27:06.839Z,5045656934,5045657098,3.0,32586943,,4,Lê Hồng Phong,tertiary
14462,2020-10-18T13:27:06.840Z,2020-10-18T13:27:06.840Z,5045656934,366446516,27.0,32586943,,4,Lê Hồng Phong,tertiary
14463,2020-10-18T13:27:06.842Z,2020-10-18T13:27:06.842Z,366446516,5045656934,27.0,32586943,,4,Lê Hồng Phong,tertiary
14464,2020-10-18T13:27:06.844Z,2020-10-18T13:27:06.844Z,366446516,5045657031,3.0,32586943,,4,Lê Hồng Phong,tertiary
14465,2020-10-18T13:27:06.845Z,2020-10-18T13:27:06.845Z,5045657031,366446516,3.0,32586943,,4,Lê Hồng Phong,tertiary
14466,2020-10-18T13:27:06.847Z,2020-10-18T13:27:06.847Z,5045657031,5045656990,28.0,32586943,,4,Lê Hồng Phong,tertiary
14467,2020-10-18T13:27:06.848Z,2020-10-18T13:27:06.848Z,5045656990,5045657031,28.0,32586943,,4,Lê Hồng Phong,tertiary
14468,2020-10-18T13:27:06.849Z,2020-10-18T13:27:06.849Z,5045656990,5045657040,19.0,32586943,,4,Lê Hồng Phong,tertiary
14469,2020-10-18T13:27:06.851Z,2020-10-18T13:27:06.851Z,5045657040,5045656990,19.0,32586943,,4,Lê Hồng Phong,tertiary
14470,2020-10-18T13:27:06.852Z,2020-10-18T13:27:06.852Z,5045657040,4646884397,35.0,32586943,,4,Lê Hồng Phong,tertiary
14471,2020-10-18T13:27:06.854Z,2020-10-18T13:27:06.854Z,4646884397,5045657040,35.0,32586943,,4,Lê Hồng Phong,tertiary
14472,2020-10-18T13:27:06.855Z,2020-10-18T13:27:06.855Z,4646884397,5045657050,9.0,32586943,,4,Lê Hồng Phong,tertiary
14473,2020-10-18T13:27:06.856Z,2020-10-18T13:27:06.856Z,5045657050,4646884397,9.0,32586943,,4,Lê Hồng Phong,tertiary
14474,2020-10-18T13:27:06.858Z,2020-10-18T13:27:06.858Z,5045657050,366446521,81.0,32586943,,4,Lê Hồng Phong,tertiary
14475,2020-10-18T13:27:06.859Z,2020-10-18T13:27:06.859Z,366446521,5045657050,81.0,32586943,,4,Lê Hồng Phong,tertiary
15000,2020-10-18T13:27:08.079Z,2020-10-18T13:27:08.079Z,5794854817,1997154808,42.0,32587365,,4,Bùi Hữu Nghĩa,tertiary
15001,2020-10-18T13:27:08.081Z,2020-10-18T13:27:08.081Z,1997154808,5794854817,42.0,32587365,,4,Bùi Hữu Nghĩa,tertiary
15002,2020-10-18T13:27:08.082Z,2020-10-18T13:27:08.082Z,1997154808,1997154148,30.0,32587365,,4,Bùi Hữu Nghĩa,tertiary
15003,2020-10-18T13:27:08.084Z,2020-10-18T13:27:08.084Z,1997154148,1997154808,30.0,32587365,,4,Bùi Hữu Nghĩa,tertiary
15004,2020-10-18T13:27:08.085Z,2020-10-18T13:27:08.085Z,1997154148,366426543,32.0,32587365,,4,Bùi Hữu Nghĩa,tertiary
15005,2020-10-18T13:27:08.087Z,2020-10-18T13:27:08.087Z,366426543,1997154148,32.0,32587365,,4,Bùi Hữu Nghĩa,tertiary
15006,2020-10-18T13:27:08.089Z,2020-10-18T13:27:08.089Z,366426543,366448311,116.0,32587365,,4,Bùi Hữu Nghĩa,tertiary
15007,2020-10-18T13:27:08.090Z,2020-10-18T13:27:08.090Z,366448311,366426543,116.0,32587365,,4,Bùi Hữu Nghĩa,tertiary
15019,2020-10-18T13:27:08.110Z,2020-10-18T13:27:08.110Z,366383389,4614323729,50.0,32587377,,4,Cầu Chữ Y,tertiary
15020,2020-10-18T13:27:08.112Z,2020-10-18T13:27:08.112Z,4614323729,366383389,50.0,32587377,,4,Cầu Chữ Y,tertiary
15021,2020-10-18T13:27:08.114Z,2020-10-18T13:27:08.114Z,4614323729,383552889,85.0,32587377,,4,Cầu Chữ Y,tertiary
15022,2020-10-18T13:27:08.115Z,2020-10-18T13:27:08.115Z,383552889,4614323729,85.0,32587377,,4,Cầu Chữ Y,tertiary
15025,2020-10-18T13:27:08.117Z,2020-10-18T13:27:08.117Z,383552889,366417525,25.339322048561623,32587377,,4,Cầu Chữ Y,tertiary
84633,2020-10-18T13:27:08.117Z,2020-10-18T13:27:08.117Z,366417525,5800683733,39.66067795143838,32587377,,4,Cầu Chữ Y,tertiary
15026,2020-10-18T13:27:08.118Z,2020-10-18T13:27:08.118Z,5800683733,366417525,39.66067795143838,32587377,,4,Cầu Chữ Y,tertiary
84634,2020-10-18T13:27:08.118Z,2020-10-18T13:27:08.118Z,366417525,383552889,25.339322048561623,32587377,,4,Cầu Chữ Y,tertiary
16110,2020-10-18T13:27:11.022Z,2020-10-18T13:27:11.022Z,5762610081,5780641549,357.0,32588432,,2,Hùng Vương,primary
16111,2020-10-18T13:27:11.033Z,2020-10-18T13:27:11.033Z,5780641549,5780641548,57.0,32588432,,2,Hùng Vương,primary
16112,2020-10-18T13:27:11.036Z,2020-10-18T13:27:11.036Z,5780641548,5780641547,53.0,32588432,,2,Hùng Vương,primary
16113,2020-10-18T13:27:11.039Z,2020-10-18T13:27:11.039Z,5780641547,5780641546,49.0,32588432,,2,Hùng Vương,primary
16114,2020-10-18T13:27:11.041Z,2020-10-18T13:27:11.041Z,5780641546,5780641545,6.0,32588432,,2,Hùng Vương,primary
16115,2020-10-18T13:27:11.044Z,2020-10-18T13:27:11.044Z,5780641545,5780641544,66.0,32588432,,2,Hùng Vương,primary
16116,2020-10-18T13:27:11.047Z,2020-10-18T13:27:11.047Z,5780641544,366446521,55.0,32588432,,2,Hùng Vương,primary
16189,2020-10-18T13:27:11.214Z,2020-10-18T13:27:11.214Z,4646769645,5778212556,67.0,32588532,,2,Cách Mạng Tháng Tám,primary
16190,2020-10-18T13:27:11.217Z,2020-10-18T13:27:11.217Z,5778212556,4646769645,67.0,32588532,,2,Cách Mạng Tháng Tám,primary
16191,2020-10-18T13:27:11.220Z,2020-10-18T13:27:11.220Z,5778212556,3160535889,22.0,32588532,,2,Cách Mạng Tháng Tám,primary
16192,2020-10-18T13:27:11.222Z,2020-10-18T13:27:11.222Z,3160535889,5778212556,22.0,32588532,,2,Cách Mạng Tháng Tám,primary
16193,2020-10-18T13:27:11.224Z,2020-10-18T13:27:11.224Z,3160535889,411921991,44.0,32588532,,2,Cách Mạng Tháng Tám,primary
16194,2020-10-18T13:27:11.226Z,2020-10-18T13:27:11.226Z,411921991,3160535889,44.0,32588532,,2,Cách Mạng Tháng Tám,primary
16195,2020-10-18T13:27:11.228Z,2020-10-18T13:27:11.228Z,411921991,5778164489,15.0,32588532,,2,Cách Mạng Tháng Tám,primary
16196,2020-10-18T13:27:11.230Z,2020-10-18T13:27:11.230Z,5778164489,411921991,15.0,32588532,,2,Cách Mạng Tháng Tám,primary
16197,2020-10-18T13:27:11.233Z,2020-10-18T13:27:11.233Z,5778164489,2690659691,42.0,32588532,,2,Cách Mạng Tháng Tám,primary
16198,2020-10-18T13:27:11.235Z,2020-10-18T13:27:11.235Z,2690659691,5778164489,42.0,32588532,,2,Cách Mạng Tháng Tám,primary
16199,2020-10-18T13:27:11.237Z,2020-10-18T13:27:11.237Z,2690659691,2690659695,25.0,32588532,,2,Cách Mạng Tháng Tám,primary
16200,2020-10-18T13:27:11.240Z,2020-10-18T13:27:11.240Z,2690659695,2690659691,25.0,32588532,,2,Cách Mạng Tháng Tám,primary
16201,2020-10-18T13:27:11.242Z,2020-10-18T13:27:11.242Z,2690659695,2690659611,71.0,32588532,,2,Cách Mạng Tháng Tám,primary
16202,2020-10-18T13:27:11.244Z,2020-10-18T13:27:11.244Z,2690659611,2690659695,71.0,32588532,,2,Cách Mạng Tháng Tám,primary
16203,2020-10-18T13:27:11.245Z,2020-10-18T13:27:11.245Z,2690659611,2690659614,44.0,32588532,,2,Cách Mạng Tháng Tám,primary
16204,2020-10-18T13:27:11.248Z,2020-10-18T13:27:11.248Z,2690659614,2690659611,44.0,32588532,,2,Cách Mạng Tháng Tám,primary
16205,2020-10-18T13:27:11.251Z,2020-10-18T13:27:11.251Z,2690659614,411925883,15.0,32588532,,2,Cách Mạng Tháng Tám,primary
16206,2020-10-18T13:27:11.254Z,2020-10-18T13:27:11.254Z,411925883,2690659614,15.0,32588532,,2,Cách Mạng Tháng Tám,primary
20221,2020-10-18T13:27:21.762Z,2020-10-18T13:27:21.762Z,4631143716,2934000577,173.0,33573740,,2,Cầu Nguyễn Tri Phương,primary
20222,2020-10-18T13:27:21.765Z,2020-10-18T13:27:21.765Z,2934000577,4631143729,41.0,33573740,,2,Cầu Nguyễn Tri Phương,primary
20223,2020-10-18T13:27:21.767Z,2020-10-18T13:27:21.767Z,4631143729,4631143732,64.0,33573740,,2,Cầu Nguyễn Tri Phương,primary
20224,2020-10-18T13:27:21.769Z,2020-10-18T13:27:21.769Z,4631143732,2040317235,144.0,33573740,,2,Cầu Nguyễn Tri Phương,primary
20298,2020-10-18T13:27:21.937Z,2020-10-18T13:27:21.937Z,2042473319,5802711064,22.0,33573744,,4,Nguyễn Duy,tertiary
20299,2020-10-18T13:27:21.938Z,2020-10-18T13:27:21.938Z,5802711064,2042473319,22.0,33573744,,4,Nguyễn Duy,tertiary
20300,2020-10-18T13:27:21.940Z,2020-10-18T13:27:21.940Z,5802711064,5802711063,9.0,33573744,,4,Nguyễn Duy,tertiary
20301,2020-10-18T13:27:21.941Z,2020-10-18T13:27:21.941Z,5802711063,5802711064,9.0,33573744,,4,Nguyễn Duy,tertiary
20302,2020-10-18T13:27:21.943Z,2020-10-18T13:27:21.943Z,5802711063,5417269146,33.0,33573744,,4,Nguyễn Duy,tertiary
20303,2020-10-18T13:27:21.945Z,2020-10-18T13:27:21.945Z,5417269146,5802711063,33.0,33573744,,4,Nguyễn Duy,tertiary
20304,2020-10-18T13:27:21.946Z,2020-10-18T13:27:21.946Z,5417269146,5417269145,13.0,33573744,,4,Nguyễn Duy,tertiary
20305,2020-10-18T13:27:21.948Z,2020-10-18T13:27:21.948Z,5417269145,5417269146,13.0,33573744,,4,Nguyễn Duy,tertiary
20306,2020-10-18T13:27:21.949Z,2020-10-18T13:27:21.949Z,5417269145,366392602,5.0,33573744,,4,Nguyễn Duy,tertiary
20307,2020-10-18T13:27:21.951Z,2020-10-18T13:27:21.951Z,366392602,5417269145,5.0,33573744,,4,Nguyễn Duy,tertiary
20308,2020-10-18T13:27:21.952Z,2020-10-18T13:27:21.952Z,366392602,2042473539,8.0,33573744,,4,Nguyễn Duy,tertiary
20309,2020-10-18T13:27:21.954Z,2020-10-18T13:27:21.954Z,2042473539,366392602,8.0,33573744,,4,Nguyễn Duy,tertiary
20392,2020-10-18T13:27:22.133Z,2020-10-18T13:27:22.133Z,366370816,473364333,48.0,33573746,50.0,4,Phạm Thế Hiển,tertiary
20393,2020-10-18T13:27:22.135Z,2020-10-18T13:27:22.135Z,473364333,366370816,48.0,33573746,50.0,4,Phạm Thế Hiển,tertiary
20394,2020-10-18T13:27:22.136Z,2020-10-18T13:27:22.136Z,473364333,5802590355,58.0,33573746,50.0,4,Phạm Thế Hiển,tertiary
20395,2020-10-18T13:27:22.138Z,2020-10-18T13:27:22.138Z,5802590355,473364333,58.0,33573746,50.0,4,Phạm Thế Hiển,tertiary
20396,2020-10-18T13:27:22.140Z,2020-10-18T13:27:22.140Z,383552887,383552886,62.0,33573747,,4,Cầu Mật,tertiary
20397,2020-10-18T13:27:22.142Z,2020-10-18T13:27:22.142Z,383552886,383552887,62.0,33573747,,4,Cầu Mật,tertiary
20398,2020-10-18T13:27:22.144Z,2020-10-18T13:27:22.144Z,2044486696,366462549,143.0,33573748,,4,Phạm Thế Hiển,tertiary
20399,2020-10-18T13:27:22.146Z,2020-10-18T13:27:22.146Z,366462549,2044486696,143.0,33573748,,4,Phạm Thế Hiển,tertiary
20400,2020-10-18T13:27:22.148Z,2020-10-18T13:27:22.148Z,366462549,5674570762,20.0,33573748,,4,Phạm Thế Hiển,tertiary
20401,2020-10-18T13:27:22.149Z,2020-10-18T13:27:22.149Z,5674570762,366462549,20.0,33573748,,4,Phạm Thế Hiển,tertiary
20402,2020-10-18T13:27:22.150Z,2020-10-18T13:27:22.150Z,5674570762,3171528313,13.0,33573748,,4,Phạm Thế Hiển,tertiary
20403,2020-10-18T13:27:22.152Z,2020-10-18T13:27:22.152Z,3171528313,5674570762,13.0,33573748,,4,Phạm Thế Hiển,tertiary
20404,2020-10-18T13:27:22.153Z,2020-10-18T13:27:22.153Z,3171528313,5800683738,11.0,33573748,,4,Phạm Thế Hiển,tertiary
20405,2020-10-18T13:27:22.156Z,2020-10-18T13:27:22.156Z,5800683738,3171528313,11.0,33573748,,4,Phạm Thế Hiển,tertiary
20406,2020-10-18T13:27:22.159Z,2020-10-18T13:27:22.159Z,5800683738,5800683736,40.0,33573748,,4,Phạm Thế Hiển,tertiary
20407,2020-10-18T13:27:22.162Z,2020-10-18T13:27:22.162Z,5800683736,5800683738,40.0,33573748,,4,Phạm Thế Hiển,tertiary
20408,2020-10-18T13:27:22.163Z,2020-10-18T13:27:22.163Z,5800683736,366417525,45.0,33573748,,4,Phạm Thế Hiển,tertiary
20409,2020-10-18T13:27:22.166Z,2020-10-18T13:27:22.166Z,366417525,5800683736,45.0,33573748,,4,Phạm Thế Hiển,tertiary
20410,2020-10-18T13:27:22.168Z,2020-10-18T13:27:22.168Z,366417525,2692556720,46.0,33573748,,4,Phạm Thế Hiển,tertiary
20411,2020-10-18T13:27:22.171Z,2020-10-18T13:27:22.171Z,2692556720,366417525,46.0,33573748,,4,Phạm Thế Hiển,tertiary
20412,2020-10-18T13:27:22.173Z,2020-10-18T13:27:22.173Z,2692556720,2044486424,40.0,33573748,,4,Phạm Thế Hiển,tertiary
20413,2020-10-18T13:27:22.175Z,2020-10-18T13:27:22.175Z,2044486424,2692556720,40.0,33573748,,4,Phạm Thế Hiển,tertiary
20414,2020-10-18T13:27:22.176Z,2020-10-18T13:27:22.176Z,2044486424,5813779751,56.0,33573748,,4,Phạm Thế Hiển,tertiary
20415,2020-10-18T13:27:22.178Z,2020-10-18T13:27:22.178Z,5813779751,2044486424,56.0,33573748,,4,Phạm Thế Hiển,tertiary
20416,2020-10-18T13:27:22.179Z,2020-10-18T13:27:22.179Z,5813779751,1598911243,7.0,33573748,,4,Phạm Thế Hiển,tertiary
20417,2020-10-18T13:27:22.180Z,2020-10-18T13:27:22.180Z,1598911243,5813779751,7.0,33573748,,4,Phạm Thế Hiển,tertiary
20418,2020-10-18T13:27:22.182Z,2020-10-18T13:27:22.182Z,1598911243,366466472,94.0,33573748,,4,Phạm Thế Hiển,tertiary
20419,2020-10-18T13:27:22.184Z,2020-10-18T13:27:22.184Z,366466472,1598911243,94.0,33573748,,4,Phạm Thế Hiển,tertiary
20420,2020-10-18T13:27:22.187Z,2020-10-18T13:27:22.187Z,366466472,5813691643,38.0,33573748,,4,Phạm Thế Hiển,tertiary
20421,2020-10-18T13:27:22.189Z,2020-10-18T13:27:22.189Z,5813691643,366466472,38.0,33573748,,4,Phạm Thế Hiển,tertiary
20422,2020-10-18T13:27:22.192Z,2020-10-18T13:27:22.192Z,5813691643,2044486312,70.0,33573748,,4,Phạm Thế Hiển,tertiary
20423,2020-10-18T13:27:22.194Z,2020-10-18T13:27:22.194Z,2044486312,5813691643,70.0,33573748,,4,Phạm Thế Hiển,tertiary
20424,2020-10-18T13:27:22.196Z,2020-10-18T13:27:22.196Z,2044486312,2044486965,13.0,33573748,,4,Phạm Thế Hiển,tertiary
20425,2020-10-18T13:27:22.198Z,2020-10-18T13:27:22.198Z,2044486965,2044486312,13.0,33573748,,4,Phạm Thế Hiển,tertiary
20426,2020-10-18T13:27:22.200Z,2020-10-18T13:27:22.200Z,2044486965,1987338775,9.0,33573748,,4,Phạm Thế Hiển,tertiary
20427,2020-10-18T13:27:22.202Z,2020-10-18T13:27:22.202Z,1987338775,2044486965,9.0,33573748,,4,Phạm Thế Hiển,tertiary
20428,2020-10-18T13:27:22.204Z,2020-10-18T13:27:22.204Z,1987338775,2692556738,8.0,33573748,,4,Phạm Thế Hiển,tertiary
20429,2020-10-18T13:27:22.205Z,2020-10-18T13:27:22.205Z,2692556738,1987338775,8.0,33573748,,4,Phạm Thế Hiển,tertiary
20430,2020-10-18T13:27:22.207Z,2020-10-18T13:27:22.207Z,2692556738,4594841780,5.0,33573748,,4,Phạm Thế Hiển,tertiary
20431,2020-10-18T13:27:22.220Z,2020-10-18T13:27:22.220Z,4594841780,2692556738,5.0,33573748,,4,Phạm Thế Hiển,tertiary
20432,2020-10-18T13:27:22.222Z,2020-10-18T13:27:22.222Z,4594841780,4594841779,6.0,33573748,,4,Phạm Thế Hiển,tertiary
20433,2020-10-18T13:27:22.225Z,2020-10-18T13:27:22.225Z,4594841779,4594841780,6.0,33573748,,4,Phạm Thế Hiển,tertiary
20434,2020-10-18T13:27:22.227Z,2020-10-18T13:27:22.227Z,4594841779,2692556733,16.0,33573748,,4,Phạm Thế Hiển,tertiary
20435,2020-10-18T13:27:22.229Z,2020-10-18T13:27:22.229Z,2692556733,4594841779,16.0,33573748,,4,Phạm Thế Hiển,tertiary
20436,2020-10-18T13:27:22.231Z,2020-10-18T13:27:22.231Z,734894528,366383389,304.0,33573749,,4,Cầu Chữ Y,tertiary
20437,2020-10-18T13:27:22.234Z,2020-10-18T13:27:22.234Z,366383389,734894528,304.0,33573749,,4,Cầu Chữ Y,tertiary
20438,2020-10-18T13:27:22.235Z,2020-10-18T13:27:22.235Z,366401128,1997154636,12.0,33573872,,4,Bến Vân Đồn,tertiary
20439,2020-10-18T13:27:22.237Z,2020-10-18T13:27:22.237Z,1997154636,5814168151,20.0,33573872,,4,Bến Vân Đồn,tertiary
20440,2020-10-18T13:27:22.238Z,2020-10-18T13:27:22.238Z,5814168151,4594687681,7.0,33573872,,4,Bến Vân Đồn,tertiary
20441,2020-10-18T13:27:22.240Z,2020-10-18T13:27:22.240Z,4594687681,4594877894,19.0,33573872,,4,Bến Vân Đồn,tertiary
20442,2020-10-18T13:27:22.241Z,2020-10-18T13:27:22.241Z,4594877894,366470099,18.0,33573872,,4,Bến Vân Đồn,tertiary
20443,2020-10-18T13:27:22.243Z,2020-10-18T13:27:22.243Z,366470099,4594687683,23.0,33573872,,4,Bến Vân Đồn,tertiary
20444,2020-10-18T13:27:22.244Z,2020-10-18T13:27:22.244Z,4594687683,4594687682,24.0,33573872,,4,Bến Vân Đồn,tertiary
20445,2020-10-18T13:27:22.246Z,2020-10-18T13:27:22.246Z,4594687682,1767160329,35.0,33573872,,4,Bến Vân Đồn,tertiary
20446,2020-10-18T13:27:22.249Z,2020-10-18T13:27:22.249Z,1767160329,5811504005,40.0,33573872,,4,Bến Vân Đồn,tertiary
20447,2020-10-18T13:27:22.252Z,2020-10-18T13:27:22.252Z,5811504005,366400454,33.0,33573872,,4,Bến Vân Đồn,tertiary
20448,2020-10-18T13:27:22.255Z,2020-10-18T13:27:22.255Z,366400454,1987338421,58.0,33573872,,4,Bến Vân Đồn,tertiary
20449,2020-10-18T13:27:22.258Z,2020-10-18T13:27:22.258Z,1987338421,1987339219,54.0,33573872,,4,Bến Vân Đồn,tertiary
20450,2020-10-18T13:27:22.261Z,2020-10-18T13:27:22.261Z,1987339219,1987338562,47.0,33573872,,4,Bến Vân Đồn,tertiary
20451,2020-10-18T13:27:22.263Z,2020-10-18T13:27:22.263Z,1987338562,5811358227,4.0,33573872,,4,Bến Vân Đồn,tertiary
20452,2020-10-18T13:27:22.264Z,2020-10-18T13:27:22.264Z,5811358227,1987338686,37.0,33573872,,4,Bến Vân Đồn,tertiary
20453,2020-10-18T13:27:22.265Z,2020-10-18T13:27:22.265Z,1987338686,1987339155,40.0,33573872,,4,Bến Vân Đồn,tertiary
20454,2020-10-18T13:27:22.267Z,2020-10-18T13:27:22.267Z,1987339155,571360922,29.0,33573872,,4,Bến Vân Đồn,tertiary
20455,2020-10-18T13:27:22.268Z,2020-10-18T13:27:22.268Z,571360922,1987339119,54.0,33573872,,4,Bến Vân Đồn,tertiary
20456,2020-10-18T13:27:22.269Z,2020-10-18T13:27:22.269Z,1987339119,2027431054,60.0,33573872,,4,Bến Vân Đồn,tertiary
20457,2020-10-18T13:27:22.283Z,2020-10-18T13:27:22.283Z,2027431054,2027431064,22.0,33573872,,4,Bến Vân Đồn,tertiary
20458,2020-10-18T13:27:22.285Z,2020-10-18T13:27:22.285Z,2027431064,2027431058,17.0,33573872,,4,Bến Vân Đồn,tertiary
20459,2020-10-18T13:27:22.287Z,2020-10-18T13:27:22.287Z,2027431058,1768828014,26.0,33573872,,4,Bến Vân Đồn,tertiary
20460,2020-10-18T13:27:22.288Z,2020-10-18T13:27:22.288Z,1768828014,1767234521,76.0,33573872,,4,Bến Vân Đồn,tertiary
20461,2020-10-18T13:27:22.290Z,2020-10-18T13:27:22.290Z,2468452119,1998235300,429.0,33573873,,2,Cầu Nguyễn Văn Cừ,primary
20471,2020-10-18T13:27:22.292Z,2020-10-18T13:27:22.292Z,1998235300,4594994059,5.410848912536954,33573873,,2,Cầu Nguyễn Văn Cừ,primary
84635,2020-10-18T13:27:22.292Z,2020-10-18T13:27:22.292Z,4594994059,1767760271,54.589151087463044,33573873,,2,Cầu Nguyễn Văn Cừ,primary
20463,2020-10-18T13:27:22.295Z,2020-10-18T13:27:22.295Z,1767760271,5462422179,47.0,33573873,,2,Cầu Nguyễn Văn Cừ,primary
20472,2020-10-18T13:27:22.297Z,2020-10-18T13:27:22.297Z,5462422179,5462422180,3.506455217407743,33573873,,2,Cầu Nguyễn Văn Cừ,primary
84636,2020-10-18T13:27:22.297Z,2020-10-18T13:27:22.297Z,5462422180,4419663831,6.493544782592257,33573873,,2,Cầu Nguyễn Văn Cừ,primary
20465,2020-10-18T13:27:22.299Z,2020-10-18T13:27:22.299Z,4419663831,4594811180,16.0,33573873,,2,Cầu Nguyễn Văn Cừ,primary
20466,2020-10-18T13:27:22.300Z,2020-10-18T13:27:22.300Z,4594811180,1998235281,22.0,33573873,,2,Cầu Nguyễn Văn Cừ,primary
20467,2020-10-18T13:27:22.302Z,2020-10-18T13:27:22.302Z,1998235281,1998235268,42.0,33573873,,2,Cầu Nguyễn Văn Cừ,primary
20468,2020-10-18T13:27:22.303Z,2020-10-18T13:27:22.303Z,1998235268,1998235317,39.0,33573873,,2,Cầu Nguyễn Văn Cừ,primary
20469,2020-10-18T13:27:22.305Z,2020-10-18T13:27:22.305Z,1998235317,2289920288,49.0,33573873,,2,Cầu Nguyễn Văn Cừ,primary
20470,2020-10-18T13:27:22.307Z,2020-10-18T13:27:22.307Z,2289920288,1767760220,57.0,33573873,,2,Cầu Nguyễn Văn Cừ,primary
20831,2020-10-18T13:27:23.161Z,2020-10-18T13:27:23.161Z,2358137396,1996745689,9.0,35112845,,4,Trần Ðình Xu,tertiary
20832,2020-10-18T13:27:23.163Z,2020-10-18T13:27:23.163Z,1996745689,2358137396,9.0,35112845,,4,Trần Ðình Xu,tertiary
20833,2020-10-18T13:27:23.165Z,2020-10-18T13:27:23.165Z,1996745689,411926072,13.0,35112845,,4,Trần Ðình Xu,tertiary
20834,2020-10-18T13:27:23.168Z,2020-10-18T13:27:23.168Z,411926072,1996745689,13.0,35112845,,4,Trần Ðình Xu,tertiary
20835,2020-10-18T13:27:23.170Z,2020-10-18T13:27:23.170Z,411926072,3338020171,11.0,35112845,,4,Trần Ðình Xu,tertiary
20836,2020-10-18T13:27:23.172Z,2020-10-18T13:27:23.172Z,3338020171,411926072,11.0,35112845,,4,Trần Ðình Xu,tertiary
20837,2020-10-18T13:27:23.174Z,2020-10-18T13:27:23.174Z,3338020171,5795068421,88.0,35112845,,4,Trần Ðình Xu,tertiary
20838,2020-10-18T13:27:23.176Z,2020-10-18T13:27:23.176Z,5795068421,3338020171,88.0,35112845,,4,Trần Ðình Xu,tertiary
20839,2020-10-18T13:27:23.179Z,2020-10-18T13:27:23.179Z,5795068421,5795068422,24.0,35112845,,4,Trần Ðình Xu,tertiary
20840,2020-10-18T13:27:23.182Z,2020-10-18T13:27:23.182Z,5795068422,5795068421,24.0,35112845,,4,Trần Ðình Xu,tertiary
20841,2020-10-18T13:27:23.184Z,2020-10-18T13:27:23.184Z,5795068422,5795068423,38.0,35112845,,4,Trần Ðình Xu,tertiary
20842,2020-10-18T13:27:23.186Z,2020-10-18T13:27:23.186Z,5795068423,5795068422,38.0,35112845,,4,Trần Ðình Xu,tertiary
20843,2020-10-18T13:27:23.187Z,2020-10-18T13:27:23.187Z,5795068423,5811283427,11.0,35112845,,4,Trần Ðình Xu,tertiary
20844,2020-10-18T13:27:23.189Z,2020-10-18T13:27:23.189Z,5811283427,5795068423,11.0,35112845,,4,Trần Ðình Xu,tertiary
20845,2020-10-18T13:27:23.191Z,2020-10-18T13:27:23.191Z,5811283427,4607019392,13.0,35112845,,4,Trần Ðình Xu,tertiary
20846,2020-10-18T13:27:23.193Z,2020-10-18T13:27:23.193Z,4607019392,5811283427,13.0,35112845,,4,Trần Ðình Xu,tertiary
20847,2020-10-18T13:27:23.195Z,2020-10-18T13:27:23.195Z,4607019392,5795188295,10.0,35112845,,4,Trần Ðình Xu,tertiary
20848,2020-10-18T13:27:23.197Z,2020-10-18T13:27:23.197Z,5795188295,4607019392,10.0,35112845,,4,Trần Ðình Xu,tertiary
20849,2020-10-18T13:27:23.199Z,2020-10-18T13:27:23.199Z,5795188295,411921736,12.0,35112845,,4,Trần Ðình Xu,tertiary
20850,2020-10-18T13:27:23.200Z,2020-10-18T13:27:23.200Z,411921736,5795188295,12.0,35112845,,4,Trần Ðình Xu,tertiary
20851,2020-10-18T13:27:23.202Z,2020-10-18T13:27:23.202Z,411921736,4607019395,26.0,35112845,,4,Trần Ðình Xu,tertiary
20852,2020-10-18T13:27:23.203Z,2020-10-18T13:27:23.203Z,4607019395,411921736,26.0,35112845,,4,Trần Ðình Xu,tertiary
20853,2020-10-18T13:27:23.205Z,2020-10-18T13:27:23.205Z,4607019395,411921220,46.0,35112845,,4,Trần Ðình Xu,tertiary
20854,2020-10-18T13:27:23.206Z,2020-10-18T13:27:23.206Z,411921220,4607019395,46.0,35112845,,4,Trần Ðình Xu,tertiary
20855,2020-10-18T13:27:23.208Z,2020-10-18T13:27:23.208Z,411921220,5795068430,24.0,35112845,,4,Trần Ðình Xu,tertiary
20856,2020-10-18T13:27:23.210Z,2020-10-18T13:27:23.210Z,5795068430,411921220,24.0,35112845,,4,Trần Ðình Xu,tertiary
20857,2020-10-18T13:27:23.212Z,2020-10-18T13:27:23.212Z,5795068430,5795068429,53.0,35112845,,4,Trần Ðình Xu,tertiary
20858,2020-10-18T13:27:23.214Z,2020-10-18T13:27:23.214Z,5795068429,5795068430,53.0,35112845,,4,Trần Ðình Xu,tertiary
20859,2020-10-18T13:27:23.216Z,2020-10-18T13:27:23.216Z,5795068429,5795068428,24.0,35112845,,4,Trần Ðình Xu,tertiary
20860,2020-10-18T13:27:23.217Z,2020-10-18T13:27:23.217Z,5795068428,5795068429,24.0,35112845,,4,Trần Ðình Xu,tertiary
20861,2020-10-18T13:27:23.219Z,2020-10-18T13:27:23.219Z,5795068428,5795068427,43.0,35112845,,4,Trần Ðình Xu,tertiary
20862,2020-10-18T13:27:23.221Z,2020-10-18T13:27:23.221Z,5795068427,5795068428,43.0,35112845,,4,Trần Ðình Xu,tertiary
20863,2020-10-18T13:27:23.223Z,2020-10-18T13:27:23.223Z,5795068427,5795068426,5.0,35112845,,4,Trần Ðình Xu,tertiary
20864,2020-10-18T13:27:23.226Z,2020-10-18T13:27:23.226Z,5795068426,5795068427,5.0,35112845,,4,Trần Ðình Xu,tertiary
20865,2020-10-18T13:27:23.230Z,2020-10-18T13:27:23.230Z,5795068426,5795068425,4.0,35112845,,4,Trần Ðình Xu,tertiary
20866,2020-10-18T13:27:23.233Z,2020-10-18T13:27:23.233Z,5795068425,5795068426,4.0,35112845,,4,Trần Ðình Xu,tertiary
20867,2020-10-18T13:27:23.236Z,2020-10-18T13:27:23.236Z,5795068425,411926591,6.0,35112845,,4,Trần Ðình Xu,tertiary
20868,2020-10-18T13:27:23.238Z,2020-10-18T13:27:23.238Z,411926591,5795068425,6.0,35112845,,4,Trần Ðình Xu,tertiary
20869,2020-10-18T13:27:23.240Z,2020-10-18T13:27:23.240Z,411926591,411918668,10.0,35112845,,4,Trần Ðình Xu,tertiary
20870,2020-10-18T13:27:23.242Z,2020-10-18T13:27:23.242Z,411918668,411926591,10.0,35112845,,4,Trần Ðình Xu,tertiary
20871,2020-10-18T13:27:23.244Z,2020-10-18T13:27:23.244Z,411918668,4605065012,27.0,35112845,,4,Trần Ðình Xu,tertiary
20872,2020-10-18T13:27:23.249Z,2020-10-18T13:27:23.249Z,4605065012,411918668,27.0,35112845,,4,Trần Ðình Xu,tertiary
20873,2020-10-18T13:27:23.250Z,2020-10-18T13:27:23.250Z,4605065012,4605065672,64.0,35112845,,4,Trần Ðình Xu,tertiary
20874,2020-10-18T13:27:23.252Z,2020-10-18T13:27:23.252Z,4605065672,4605065012,64.0,35112845,,4,Trần Ðình Xu,tertiary
20875,2020-10-18T13:27:23.254Z,2020-10-18T13:27:23.254Z,4605065672,5795188307,4.0,35112845,,4,Trần Ðình Xu,tertiary
20876,2020-10-18T13:27:23.256Z,2020-10-18T13:27:23.256Z,5795188307,4605065672,4.0,35112845,,4,Trần Ðình Xu,tertiary
20877,2020-10-18T13:27:23.259Z,2020-10-18T13:27:23.259Z,5795188307,4605066040,19.0,35112845,,4,Trần Ðình Xu,tertiary
20878,2020-10-18T13:27:23.262Z,2020-10-18T13:27:23.262Z,4605066040,5795188307,19.0,35112845,,4,Trần Ðình Xu,tertiary
20879,2020-10-18T13:27:23.265Z,2020-10-18T13:27:23.265Z,4605066040,4605065670,14.0,35112845,,4,Trần Ðình Xu,tertiary
20880,2020-10-18T13:27:23.267Z,2020-10-18T13:27:23.267Z,4605065670,4605066040,14.0,35112845,,4,Trần Ðình Xu,tertiary
20881,2020-10-18T13:27:23.269Z,2020-10-18T13:27:23.269Z,4605065670,4605067181,23.0,35112845,,4,Trần Ðình Xu,tertiary
20882,2020-10-18T13:27:23.271Z,2020-10-18T13:27:23.271Z,4605067181,4605065670,23.0,35112845,,4,Trần Ðình Xu,tertiary
20883,2020-10-18T13:27:23.272Z,2020-10-18T13:27:23.272Z,4605067181,4605066211,5.0,35112845,,4,Trần Ðình Xu,tertiary
20884,2020-10-18T13:27:23.274Z,2020-10-18T13:27:23.274Z,4605066211,4605067181,5.0,35112845,,4,Trần Ðình Xu,tertiary
20885,2020-10-18T13:27:23.277Z,2020-10-18T13:27:23.277Z,4605066211,4605065669,12.0,35112845,,4,Trần Ðình Xu,tertiary
20886,2020-10-18T13:27:23.280Z,2020-10-18T13:27:23.280Z,4605065669,4605066211,12.0,35112845,,4,Trần Ðình Xu,tertiary
20887,2020-10-18T13:27:23.283Z,2020-10-18T13:27:23.283Z,4605065669,4609554055,33.0,35112845,,4,Trần Ðình Xu,tertiary
20888,2020-10-18T13:27:23.285Z,2020-10-18T13:27:23.285Z,4609554055,4605065669,33.0,35112845,,4,Trần Ðình Xu,tertiary
20889,2020-10-18T13:27:23.287Z,2020-10-18T13:27:23.287Z,4609554055,5795068450,42.0,35112845,,4,Trần Ðình Xu,tertiary
20890,2020-10-18T13:27:23.290Z,2020-10-18T13:27:23.290Z,5795068450,4609554055,42.0,35112845,,4,Trần Ðình Xu,tertiary
20891,2020-10-18T13:27:23.292Z,2020-10-18T13:27:23.292Z,5795068450,411918465,7.0,35112845,,4,Trần Ðình Xu,tertiary
20892,2020-10-18T13:27:23.294Z,2020-10-18T13:27:23.294Z,411918465,5795068450,7.0,35112845,,4,Trần Ðình Xu,tertiary
20893,2020-10-18T13:27:23.297Z,2020-10-18T13:27:23.297Z,411918465,411926193,90.0,35112845,,4,Trần Ðình Xu,tertiary
20894,2020-10-18T13:27:23.313Z,2020-10-18T13:27:23.313Z,411926193,411918465,90.0,35112845,,4,Trần Ðình Xu,tertiary
20914,2020-10-18T13:27:23.353Z,2020-10-18T13:27:23.353Z,1768565068,2691240096,14.0,35113010,,4,Phó Ðức Chính,tertiary
20915,2020-10-18T13:27:23.355Z,2020-10-18T13:27:23.355Z,2691240096,1768565068,14.0,35113010,,4,Phó Ðức Chính,tertiary
20916,2020-10-18T13:27:23.357Z,2020-10-18T13:27:23.357Z,2691240096,2691240098,2.0,35113010,,4,Phó Ðức Chính,tertiary
20917,2020-10-18T13:27:23.359Z,2020-10-18T13:27:23.359Z,2691240098,2691240096,2.0,35113010,,4,Phó Ðức Chính,tertiary
20918,2020-10-18T13:27:23.361Z,2020-10-18T13:27:23.361Z,2691240098,5762893326,4.0,35113010,,4,Phó Ðức Chính,tertiary
20919,2020-10-18T13:27:23.363Z,2020-10-18T13:27:23.363Z,5762893326,2691240098,4.0,35113010,,4,Phó Ðức Chính,tertiary
20920,2020-10-18T13:27:23.364Z,2020-10-18T13:27:23.364Z,5762893326,5762893322,20.0,35113010,,4,Phó Ðức Chính,tertiary
20921,2020-10-18T13:27:23.366Z,2020-10-18T13:27:23.366Z,5762893322,5762893326,20.0,35113010,,4,Phó Ðức Chính,tertiary
20922,2020-10-18T13:27:23.368Z,2020-10-18T13:27:23.368Z,5762893322,411926069,6.0,35113010,,4,Phó Ðức Chính,tertiary
20923,2020-10-18T13:27:23.370Z,2020-10-18T13:27:23.370Z,411926069,5762893322,6.0,35113010,,4,Phó Ðức Chính,tertiary
20924,2020-10-18T13:27:23.372Z,2020-10-18T13:27:23.372Z,411926069,411919179,133.0,35113010,,4,Phó Ðức Chính,tertiary
20925,2020-10-18T13:27:23.373Z,2020-10-18T13:27:23.373Z,411919179,411926069,133.0,35113010,,4,Phó Ðức Chính,tertiary
20926,2020-10-18T13:27:23.375Z,2020-10-18T13:27:23.375Z,411919179,5762893316,97.0,35113010,,4,Phó Ðức Chính,tertiary
20927,2020-10-18T13:27:23.376Z,2020-10-18T13:27:23.376Z,5762893316,411919179,97.0,35113010,,4,Phó Ðức Chính,tertiary
20928,2020-10-18T13:27:23.378Z,2020-10-18T13:27:23.378Z,5762893316,411926648,75.0,35113010,,4,Phó Ðức Chính,tertiary
20929,2020-10-18T13:27:23.381Z,2020-10-18T13:27:23.381Z,411926648,5762893316,75.0,35113010,,4,Phó Ðức Chính,tertiary
20960,2020-10-18T13:27:23.473Z,2020-10-18T13:27:23.473Z,5735791255,3166987989,89.0,35113051,,4,Calmette,tertiary
20961,2020-10-18T13:27:23.475Z,2020-10-18T13:27:23.475Z,3166987989,5735791255,89.0,35113051,,4,Calmette,tertiary
20962,2020-10-18T13:27:23.477Z,2020-10-18T13:27:23.477Z,3166987989,411925463,41.0,35113051,,4,Calmette,tertiary
20963,2020-10-18T13:27:23.479Z,2020-10-18T13:27:23.479Z,411925463,3166987989,41.0,35113051,,4,Calmette,tertiary
20964,2020-10-18T13:27:23.482Z,2020-10-18T13:27:23.482Z,411925463,411926577,26.0,35113051,,4,Calmette,tertiary
20965,2020-10-18T13:27:23.485Z,2020-10-18T13:27:23.485Z,411926577,411925463,26.0,35113051,,4,Calmette,tertiary
20966,2020-10-18T13:27:23.487Z,2020-10-18T13:27:23.487Z,411926577,411926712,134.0,35113051,,4,Calmette,tertiary
20967,2020-10-18T13:27:23.489Z,2020-10-18T13:27:23.489Z,411926712,411926577,134.0,35113051,,4,Calmette,tertiary
20968,2020-10-18T13:27:23.491Z,2020-10-18T13:27:23.491Z,411926712,411926527,65.0,35113051,,4,Calmette,tertiary
20969,2020-10-18T13:27:23.492Z,2020-10-18T13:27:23.492Z,411926527,411926712,65.0,35113051,,4,Calmette,tertiary
20970,2020-10-18T13:27:23.494Z,2020-10-18T13:27:23.494Z,411926527,5762893331,9.0,35113051,,4,Calmette,tertiary
20971,2020-10-18T13:27:23.495Z,2020-10-18T13:27:23.495Z,5762893331,411926527,9.0,35113051,,4,Calmette,tertiary
20972,2020-10-18T13:27:23.502Z,2020-10-18T13:27:23.502Z,5762893331,4609928331,43.0,35113051,,4,Calmette,tertiary
20973,2020-10-18T13:27:23.504Z,2020-10-18T13:27:23.504Z,4609928331,5762893331,43.0,35113051,,4,Calmette,tertiary
20974,2020-10-18T13:27:23.506Z,2020-10-18T13:27:23.506Z,1793489526,5780758109,29.0,35113070,,2,Nguyễn Thị Minh Khai,primary
20975,2020-10-18T13:27:23.508Z,2020-10-18T13:27:23.508Z,5780758109,1793489527,43.0,35113070,,2,Nguyễn Thị Minh Khai,primary
20976,2020-10-18T13:27:23.510Z,2020-10-18T13:27:23.510Z,1793489527,3160583013,22.0,35113070,,2,Nguyễn Thị Minh Khai,primary
20977,2020-10-18T13:27:23.511Z,2020-10-18T13:27:23.511Z,3160583013,411925910,303.0,35113070,,2,Nguyễn Thị Minh Khai,primary
20978,2020-10-18T13:27:23.513Z,2020-10-18T13:27:23.513Z,411925910,5762610053,18.0,35113070,,2,Nguyễn Thị Minh Khai,primary
20979,2020-10-18T13:27:23.514Z,2020-10-18T13:27:23.514Z,5762610053,5762610087,3.0,35113070,,2,Nguyễn Thị Minh Khai,primary
20980,2020-10-18T13:27:23.516Z,2020-10-18T13:27:23.516Z,5762610087,5762610055,85.0,35113070,,2,Nguyễn Thị Minh Khai,primary
20981,2020-10-18T13:27:23.517Z,2020-10-18T13:27:23.517Z,5762610055,411926271,175.0,35113070,,2,Nguyễn Thị Minh Khai,primary
20982,2020-10-18T13:27:23.519Z,2020-10-18T13:27:23.519Z,411926271,5762610054,51.0,35113070,,2,Nguyễn Thị Minh Khai,primary
20983,2020-10-18T13:27:23.520Z,2020-10-18T13:27:23.520Z,411924316,411924633,28.0,35113072,,4,Vườn Chuối,unclassified
20984,2020-10-18T13:27:23.522Z,2020-10-18T13:27:23.522Z,411924633,411924316,28.0,35113072,,4,Vườn Chuối,unclassified
20985,2020-10-18T13:27:23.524Z,2020-10-18T13:27:23.524Z,411924633,411918836,40.0,35113072,,4,Vườn Chuối,unclassified
20986,2020-10-18T13:27:23.527Z,2020-10-18T13:27:23.527Z,411918836,411924633,40.0,35113072,,4,Vườn Chuối,unclassified
20987,2020-10-18T13:27:23.530Z,2020-10-18T13:27:23.530Z,411918836,411918837,33.0,35113072,,4,Vườn Chuối,unclassified
20988,2020-10-18T13:27:23.532Z,2020-10-18T13:27:23.532Z,411918837,411918836,33.0,35113072,,4,Vườn Chuối,unclassified
20989,2020-10-18T13:27:23.533Z,2020-10-18T13:27:23.533Z,411918837,411918835,30.0,35113072,,4,Vườn Chuối,unclassified
20990,2020-10-18T13:27:23.535Z,2020-10-18T13:27:23.535Z,411918835,411918837,30.0,35113072,,4,Vườn Chuối,unclassified
20991,2020-10-18T13:27:23.536Z,2020-10-18T13:27:23.536Z,411918835,411918826,70.0,35113072,,4,Vườn Chuối,unclassified
20992,2020-10-18T13:27:23.538Z,2020-10-18T13:27:23.538Z,411918826,411918835,70.0,35113072,,4,Vườn Chuối,unclassified
20993,2020-10-18T13:27:23.539Z,2020-10-18T13:27:23.539Z,411918826,411918824,29.0,35113072,,4,Vườn Chuối,unclassified
20994,2020-10-18T13:27:23.540Z,2020-10-18T13:27:23.540Z,411918824,411918826,29.0,35113072,,4,Vườn Chuối,unclassified
20995,2020-10-18T13:27:23.542Z,2020-10-18T13:27:23.542Z,411918824,411918819,27.0,35113072,,4,Vườn Chuối,unclassified
20996,2020-10-18T13:27:23.543Z,2020-10-18T13:27:23.543Z,411918819,411918824,27.0,35113072,,4,Vườn Chuối,unclassified
20997,2020-10-18T13:27:23.545Z,2020-10-18T13:27:23.545Z,411918819,411918814,29.0,35113072,,4,Vườn Chuối,unclassified
20998,2020-10-18T13:27:23.546Z,2020-10-18T13:27:23.546Z,411918814,411918819,29.0,35113072,,4,Vườn Chuối,unclassified
20999,2020-10-18T13:27:23.548Z,2020-10-18T13:27:23.548Z,411918814,411918815,4.0,35113072,,4,Vườn Chuối,unclassified
21000,2020-10-18T13:27:23.549Z,2020-10-18T13:27:23.549Z,411918815,411918814,4.0,35113072,,4,Vườn Chuối,unclassified
21001,2020-10-18T13:27:23.550Z,2020-10-18T13:27:23.550Z,411918815,411918828,25.0,35113072,,4,Vườn Chuối,unclassified
21002,2020-10-18T13:27:23.552Z,2020-10-18T13:27:23.552Z,411918828,411918815,25.0,35113072,,4,Vườn Chuối,unclassified
21003,2020-10-18T13:27:23.554Z,2020-10-18T13:27:23.554Z,411918828,411918829,10.0,35113072,,4,Vườn Chuối,unclassified
21004,2020-10-18T13:27:23.556Z,2020-10-18T13:27:23.556Z,411918829,411918828,10.0,35113072,,4,Vườn Chuối,unclassified
21005,2020-10-18T13:27:23.559Z,2020-10-18T13:27:23.559Z,411918829,411918827,41.0,35113072,,4,Vườn Chuối,unclassified
21006,2020-10-18T13:27:23.560Z,2020-10-18T13:27:23.560Z,411918827,411918829,41.0,35113072,,4,Vườn Chuối,unclassified
21007,2020-10-18T13:27:23.562Z,2020-10-18T13:27:23.562Z,411918827,5764789639,51.0,35113072,,4,Vườn Chuối,unclassified
21008,2020-10-18T13:27:23.564Z,2020-10-18T13:27:23.564Z,5764789639,411918827,51.0,35113072,,4,Vườn Chuối,unclassified
21009,2020-10-18T13:27:23.565Z,2020-10-18T13:27:23.565Z,5778245683,411918142,104.0,35113076,,4,Nguyễn Phúc Nguyên,tertiary
21010,2020-10-18T13:27:23.567Z,2020-10-18T13:27:23.567Z,411918142,5778245683,104.0,35113076,,4,Nguyễn Phúc Nguyên,tertiary
21011,2020-10-18T13:27:23.568Z,2020-10-18T13:27:23.568Z,411918142,5778245681,61.0,35113076,,4,Nguyễn Phúc Nguyên,tertiary
21012,2020-10-18T13:27:23.570Z,2020-10-18T13:27:23.570Z,5778245681,411918142,61.0,35113076,,4,Nguyễn Phúc Nguyên,tertiary
21013,2020-10-18T13:27:23.572Z,2020-10-18T13:27:23.572Z,5778245681,5778245680,36.0,35113076,,4,Nguyễn Phúc Nguyên,tertiary
21014,2020-10-18T13:27:23.573Z,2020-10-18T13:27:23.573Z,5778245680,5778245681,36.0,35113076,,4,Nguyễn Phúc Nguyên,tertiary
21015,2020-10-18T13:27:23.575Z,2020-10-18T13:27:23.575Z,5778245680,5778245679,17.0,35113076,,4,Nguyễn Phúc Nguyên,tertiary
21016,2020-10-18T13:27:23.576Z,2020-10-18T13:27:23.576Z,5778245679,5778245680,17.0,35113076,,4,Nguyễn Phúc Nguyên,tertiary
21017,2020-10-18T13:27:23.577Z,2020-10-18T13:27:23.577Z,5778245679,411918148,26.0,35113076,,4,Nguyễn Phúc Nguyên,tertiary
21018,2020-10-18T13:27:23.579Z,2020-10-18T13:27:23.579Z,411918148,5778245679,26.0,35113076,,4,Nguyễn Phúc Nguyên,tertiary
21019,2020-10-18T13:27:23.581Z,2020-10-18T13:27:23.581Z,411918148,5778164491,47.0,35113076,,4,Nguyễn Phúc Nguyên,tertiary
21020,2020-10-18T13:27:23.582Z,2020-10-18T13:27:23.582Z,5778164491,411918148,47.0,35113076,,4,Nguyễn Phúc Nguyên,tertiary
21021,2020-10-18T13:27:23.584Z,2020-10-18T13:27:23.584Z,5778164491,5778872975,5.0,35113076,,4,Nguyễn Phúc Nguyên,tertiary
21022,2020-10-18T13:27:23.585Z,2020-10-18T13:27:23.585Z,5778872975,5778164491,5.0,35113076,,4,Nguyễn Phúc Nguyên,tertiary
21023,2020-10-18T13:27:23.588Z,2020-10-18T13:27:23.588Z,5778872975,5778872974,44.0,35113076,,4,Nguyễn Phúc Nguyên,tertiary
21024,2020-10-18T13:27:23.593Z,2020-10-18T13:27:23.593Z,5778872974,5778872975,44.0,35113076,,4,Nguyễn Phúc Nguyên,tertiary
21025,2020-10-18T13:27:23.595Z,2020-10-18T13:27:23.595Z,5778872974,5778872973,34.0,35113076,,4,Nguyễn Phúc Nguyên,tertiary
21026,2020-10-18T13:27:23.597Z,2020-10-18T13:27:23.597Z,5778872973,5778872974,34.0,35113076,,4,Nguyễn Phúc Nguyên,tertiary
21027,2020-10-18T13:27:23.598Z,2020-10-18T13:27:23.598Z,5778872973,3168933105,38.0,35113076,,4,Nguyễn Phúc Nguyên,tertiary
21028,2020-10-18T13:27:23.600Z,2020-10-18T13:27:23.600Z,3168933105,5778872973,38.0,35113076,,4,Nguyễn Phúc Nguyên,tertiary
21029,2020-10-18T13:27:23.601Z,2020-10-18T13:27:23.601Z,3168933105,5778872972,21.0,35113076,,4,Nguyễn Phúc Nguyên,tertiary
21030,2020-10-18T13:27:23.603Z,2020-10-18T13:27:23.603Z,5778872972,3168933105,21.0,35113076,,4,Nguyễn Phúc Nguyên,tertiary
21031,2020-10-18T13:27:23.605Z,2020-10-18T13:27:23.605Z,5778872972,5778872971,55.0,35113076,,4,Nguyễn Phúc Nguyên,tertiary
21032,2020-10-18T13:27:23.607Z,2020-10-18T13:27:23.607Z,5778872971,5778872972,55.0,35113076,,4,Nguyễn Phúc Nguyên,tertiary
21033,2020-10-18T13:27:23.608Z,2020-10-18T13:27:23.608Z,411926356,411926055,130.0,35113101,,3,Lý Tự Trọng,secondary
21034,2020-10-18T13:27:23.610Z,2020-10-18T13:27:23.610Z,411926055,411926390,51.0,35113101,,3,Lý Tự Trọng,secondary
21035,2020-10-18T13:27:23.612Z,2020-10-18T13:27:23.612Z,411926390,411926613,72.0,35113101,,3,Lý Tự Trọng,secondary
21036,2020-10-18T13:27:23.613Z,2020-10-18T13:27:23.613Z,411926613,5763135363,87.0,35113101,,3,Lý Tự Trọng,secondary
21037,2020-10-18T13:27:23.615Z,2020-10-18T13:27:23.615Z,5763135363,411926617,145.0,35113101,,3,Lý Tự Trọng,secondary
21038,2020-10-18T13:27:23.617Z,2020-10-18T13:27:23.617Z,411926617,411919668,48.0,35113101,,3,Lý Tự Trọng,secondary
21039,2020-10-18T13:27:23.620Z,2020-10-18T13:27:23.620Z,411919668,5763135354,16.0,35113101,,3,Lý Tự Trọng,secondary
21040,2020-10-18T13:27:23.623Z,2020-10-18T13:27:23.623Z,5763135354,411926412,80.0,35113101,,3,Lý Tự Trọng,secondary
21078,2020-10-18T13:27:23.705Z,2020-10-18T13:27:23.705Z,4603729666,2032267102,1.0,35113484,,4,Cống Quỳnh,tertiary
21079,2020-10-18T13:27:23.707Z,2020-10-18T13:27:23.707Z,2032267102,4603729666,1.0,35113484,,4,Cống Quỳnh,tertiary
21080,2020-10-18T13:27:23.709Z,2020-10-18T13:27:23.709Z,2032267102,411918191,60.0,35113484,,4,Cống Quỳnh,tertiary
21081,2020-10-18T13:27:23.711Z,2020-10-18T13:27:23.711Z,411918191,2032267102,60.0,35113484,,4,Cống Quỳnh,tertiary
21082,2020-10-18T13:27:23.712Z,2020-10-18T13:27:23.712Z,411918191,4605071396,28.0,35113484,,4,Cống Quỳnh,tertiary
21083,2020-10-18T13:27:23.714Z,2020-10-18T13:27:23.714Z,4605071396,411918191,28.0,35113484,,4,Cống Quỳnh,tertiary
21084,2020-10-18T13:27:23.715Z,2020-10-18T13:27:23.715Z,4605071396,4603755774,22.0,35113484,,4,Cống Quỳnh,tertiary
21085,2020-10-18T13:27:23.717Z,2020-10-18T13:27:23.717Z,4603755774,4605071396,22.0,35113484,,4,Cống Quỳnh,tertiary
21086,2020-10-18T13:27:23.719Z,2020-10-18T13:27:23.719Z,4603755774,5780842940,9.0,35113484,,4,Cống Quỳnh,tertiary
21087,2020-10-18T13:27:23.722Z,2020-10-18T13:27:23.722Z,5780842940,4603755774,9.0,35113484,,4,Cống Quỳnh,tertiary
21088,2020-10-18T13:27:23.725Z,2020-10-18T13:27:23.725Z,411925883,5778872974,144.0,35113487,,4,Rạch Bùng Binh,tertiary
21089,2020-10-18T13:27:23.727Z,2020-10-18T13:27:23.727Z,5778872974,411925883,144.0,35113487,,4,Rạch Bùng Binh,tertiary
21090,2020-10-18T13:27:23.729Z,2020-10-18T13:27:23.729Z,5778872974,411917855,0.0,35113487,,4,Rạch Bùng Binh,tertiary
21091,2020-10-18T13:27:23.731Z,2020-10-18T13:27:23.731Z,411917855,5778872974,0.0,35113487,,4,Rạch Bùng Binh,tertiary
21092,2020-10-18T13:27:23.733Z,2020-10-18T13:27:23.733Z,411917855,411917856,55.0,35113487,,4,Rạch Bùng Binh,tertiary
21093,2020-10-18T13:27:23.735Z,2020-10-18T13:27:23.735Z,411917856,411917855,55.0,35113487,,4,Rạch Bùng Binh,tertiary
21094,2020-10-18T13:27:23.737Z,2020-10-18T13:27:23.737Z,411917856,411923928,29.0,35113487,,4,Rạch Bùng Binh,tertiary
21095,2020-10-18T13:27:23.739Z,2020-10-18T13:27:23.739Z,411923928,411917856,29.0,35113487,,4,Rạch Bùng Binh,tertiary
21096,2020-10-18T13:27:23.741Z,2020-10-18T13:27:23.741Z,411923928,3734437575,115.0,35113487,,4,Rạch Bùng Binh,tertiary
21097,2020-10-18T13:27:23.743Z,2020-10-18T13:27:23.743Z,3734437575,411923928,115.0,35113487,,4,Rạch Bùng Binh,tertiary
21110,2020-10-18T13:27:23.769Z,2020-10-18T13:27:23.769Z,4603755772,5780842951,13.0,35113490,,4,Cống Quỳnh,tertiary
21111,2020-10-18T13:27:23.770Z,2020-10-18T13:27:23.770Z,5780842951,4603755772,13.0,35113490,,4,Cống Quỳnh,tertiary
21112,2020-10-18T13:27:23.772Z,2020-10-18T13:27:23.772Z,5780842951,4664329972,21.0,35113490,,4,Cống Quỳnh,tertiary
21113,2020-10-18T13:27:23.773Z,2020-10-18T13:27:23.773Z,4664329972,5780842951,21.0,35113490,,4,Cống Quỳnh,tertiary
21114,2020-10-18T13:27:23.775Z,2020-10-18T13:27:23.775Z,4664329972,4603243122,77.0,35113490,,4,Cống Quỳnh,tertiary
21115,2020-10-18T13:27:23.776Z,2020-10-18T13:27:23.776Z,4603243122,4664329972,77.0,35113490,,4,Cống Quỳnh,tertiary
21116,2020-10-18T13:27:23.778Z,2020-10-18T13:27:23.778Z,4603243122,5780842952,1.0,35113490,,4,Cống Quỳnh,tertiary
21117,2020-10-18T13:27:23.779Z,2020-10-18T13:27:23.779Z,5780842952,4603243122,1.0,35113490,,4,Cống Quỳnh,tertiary
21118,2020-10-18T13:27:23.781Z,2020-10-18T13:27:23.781Z,5780842952,5780843153,4.0,35113490,,4,Cống Quỳnh,tertiary
21119,2020-10-18T13:27:23.784Z,2020-10-18T13:27:23.784Z,5780843153,5780842952,4.0,35113490,,4,Cống Quỳnh,tertiary
21120,2020-10-18T13:27:23.786Z,2020-10-18T13:27:23.786Z,5780843153,4607049888,34.0,35113490,,4,Cống Quỳnh,tertiary
21121,2020-10-18T13:27:23.789Z,2020-10-18T13:27:23.789Z,4607049888,5780843153,34.0,35113490,,4,Cống Quỳnh,tertiary
21122,2020-10-18T13:27:23.791Z,2020-10-18T13:27:23.791Z,4607049888,5780842949,43.0,35113490,,4,Cống Quỳnh,tertiary
21123,2020-10-18T13:27:23.793Z,2020-10-18T13:27:23.793Z,5780842949,4607049888,43.0,35113490,,4,Cống Quỳnh,tertiary
21124,2020-10-18T13:27:23.795Z,2020-10-18T13:27:23.795Z,5780842949,4603764607,18.0,35113490,,4,Cống Quỳnh,tertiary
21125,2020-10-18T13:27:23.797Z,2020-10-18T13:27:23.797Z,4603764607,5780842949,18.0,35113490,,4,Cống Quỳnh,tertiary
21126,2020-10-18T13:27:23.799Z,2020-10-18T13:27:23.799Z,4603764607,4603764606,15.0,35113490,,4,Cống Quỳnh,tertiary
21127,2020-10-18T13:27:23.809Z,2020-10-18T13:27:23.809Z,4603764606,4603764607,15.0,35113490,,4,Cống Quỳnh,tertiary
21128,2020-10-18T13:27:23.813Z,2020-10-18T13:27:23.813Z,4603764606,5762711579,2.0,35113490,,4,Cống Quỳnh,tertiary
21129,2020-10-18T13:27:23.815Z,2020-10-18T13:27:23.815Z,5762711579,4603764606,2.0,35113490,,4,Cống Quỳnh,tertiary
21130,2020-10-18T13:27:23.817Z,2020-10-18T13:27:23.817Z,5762711579,5762711580,8.0,35113490,,4,Cống Quỳnh,tertiary
21131,2020-10-18T13:27:23.820Z,2020-10-18T13:27:23.820Z,5762711580,5762711579,8.0,35113490,,4,Cống Quỳnh,tertiary
21132,2020-10-18T13:27:23.822Z,2020-10-18T13:27:23.822Z,5762711580,5762711581,8.0,35113490,,4,Cống Quỳnh,tertiary
21133,2020-10-18T13:27:23.825Z,2020-10-18T13:27:23.825Z,5762711581,5762711580,8.0,35113490,,4,Cống Quỳnh,tertiary
21134,2020-10-18T13:27:23.828Z,2020-10-18T13:27:23.828Z,5762711581,4603764604,43.0,35113490,,4,Cống Quỳnh,tertiary
21135,2020-10-18T13:27:23.830Z,2020-10-18T13:27:23.830Z,4603764604,5762711581,43.0,35113490,,4,Cống Quỳnh,tertiary
21136,2020-10-18T13:27:23.832Z,2020-10-18T13:27:23.832Z,4603764604,4608957327,4.0,35113490,,4,Cống Quỳnh,tertiary
21137,2020-10-18T13:27:23.834Z,2020-10-18T13:27:23.834Z,4608957327,4603764604,4.0,35113490,,4,Cống Quỳnh,tertiary
21138,2020-10-18T13:27:23.836Z,2020-10-18T13:27:23.836Z,4608957327,2616958829,35.0,35113490,,4,Cống Quỳnh,tertiary
21139,2020-10-18T13:27:23.837Z,2020-10-18T13:27:23.837Z,2616958829,4608957327,35.0,35113490,,4,Cống Quỳnh,tertiary
21160,2020-10-18T13:27:23.895Z,2020-10-18T13:27:23.895Z,4603175867,4608688932,68.0,35113574,,4,Phạm Hồng Thái,tertiary
21161,2020-10-18T13:27:23.897Z,2020-10-18T13:27:23.897Z,4608688932,5763135343,83.0,35113574,,4,Phạm Hồng Thái,tertiary
21162,2020-10-18T13:27:23.900Z,2020-10-18T13:27:23.900Z,5763135343,4605002478,46.0,35113574,,4,Phạm Hồng Thái,tertiary
21163,2020-10-18T13:27:23.905Z,2020-10-18T13:27:23.905Z,4605002478,5444117929,13.0,35113574,,4,Phạm Hồng Thái,tertiary
21164,2020-10-18T13:27:23.908Z,2020-10-18T13:27:23.908Z,5444117929,4608688128,123.0,35113574,,4,Phạm Hồng Thái,tertiary
21165,2020-10-18T13:27:23.912Z,2020-10-18T13:27:23.912Z,4608688128,4605017103,66.0,35113574,,4,Phạm Hồng Thái,tertiary
21166,2020-10-18T13:27:23.915Z,2020-10-18T13:27:23.915Z,4605017103,411919522,130.0,35113574,,4,Phạm Hồng Thái,tertiary
21192,2020-10-18T13:27:23.965Z,2020-10-18T13:27:23.965Z,1996654212,411924560,33.0,35113689,,4,Hồ Hảo Hớn,tertiary
21193,2020-10-18T13:27:23.967Z,2020-10-18T13:27:23.967Z,411924560,1996654212,33.0,35113689,,4,Hồ Hảo Hớn,tertiary
21194,2020-10-18T13:27:23.969Z,2020-10-18T13:27:23.969Z,411924560,411922504,35.0,35113689,,4,Hồ Hảo Hớn,tertiary
21195,2020-10-18T13:27:23.972Z,2020-10-18T13:27:23.972Z,411922504,411924560,35.0,35113689,,4,Hồ Hảo Hớn,tertiary
21196,2020-10-18T13:27:23.975Z,2020-10-18T13:27:23.975Z,411922504,411926325,35.0,35113689,,4,Hồ Hảo Hớn,tertiary
21197,2020-10-18T13:27:23.977Z,2020-10-18T13:27:23.977Z,411926325,411922504,35.0,35113689,,4,Hồ Hảo Hớn,tertiary
21198,2020-10-18T13:27:23.979Z,2020-10-18T13:27:23.979Z,411926325,411925112,29.0,35113689,,4,Hồ Hảo Hớn,tertiary
21199,2020-10-18T13:27:23.981Z,2020-10-18T13:27:23.981Z,411925112,411926325,29.0,35113689,,4,Hồ Hảo Hớn,tertiary
21200,2020-10-18T13:27:23.982Z,2020-10-18T13:27:23.982Z,411925112,411924932,37.0,35113689,,4,Hồ Hảo Hớn,tertiary
21201,2020-10-18T13:27:23.984Z,2020-10-18T13:27:23.984Z,411924932,411925112,37.0,35113689,,4,Hồ Hảo Hớn,tertiary
21202,2020-10-18T13:27:23.987Z,2020-10-18T13:27:23.987Z,411924932,411922587,40.0,35113689,,4,Hồ Hảo Hớn,tertiary
21203,2020-10-18T13:27:23.988Z,2020-10-18T13:27:23.988Z,411922587,411924932,40.0,35113689,,4,Hồ Hảo Hớn,tertiary
21204,2020-10-18T13:27:23.999Z,2020-10-18T13:27:23.999Z,411922587,4605057806,4.0,35113689,,4,Hồ Hảo Hớn,tertiary
21205,2020-10-18T13:27:24.006Z,2020-10-18T13:27:24.006Z,4605057806,411922587,4.0,35113689,,4,Hồ Hảo Hớn,tertiary
21206,2020-10-18T13:27:24.008Z,2020-10-18T13:27:24.008Z,4605057806,411925108,44.0,35113689,,4,Hồ Hảo Hớn,tertiary
21207,2020-10-18T13:27:24.010Z,2020-10-18T13:27:24.010Z,411925108,4605057806,44.0,35113689,,4,Hồ Hảo Hớn,tertiary
21208,2020-10-18T13:27:24.012Z,2020-10-18T13:27:24.012Z,411925108,411925285,38.0,35113689,,4,Hồ Hảo Hớn,tertiary
21209,2020-10-18T13:27:24.014Z,2020-10-18T13:27:24.014Z,411925285,411925108,38.0,35113689,,4,Hồ Hảo Hớn,tertiary
21210,2020-10-18T13:27:24.016Z,2020-10-18T13:27:24.016Z,411925285,411921228,76.0,35113689,,4,Hồ Hảo Hớn,tertiary
21211,2020-10-18T13:27:24.019Z,2020-10-18T13:27:24.019Z,411921228,411925285,76.0,35113689,,4,Hồ Hảo Hớn,tertiary
21212,2020-10-18T13:27:24.021Z,2020-10-18T13:27:24.021Z,411921228,411925110,59.0,35113689,,4,Hồ Hảo Hớn,tertiary
21213,2020-10-18T13:27:24.024Z,2020-10-18T13:27:24.024Z,411925110,411921228,59.0,35113689,,4,Hồ Hảo Hớn,tertiary
21214,2020-10-18T13:27:24.026Z,2020-10-18T13:27:24.026Z,411925110,4603720647,33.0,35113689,,4,Hồ Hảo Hớn,tertiary
21215,2020-10-18T13:27:24.029Z,2020-10-18T13:27:24.029Z,4603720647,411925110,33.0,35113689,,4,Hồ Hảo Hớn,tertiary
21216,2020-10-18T13:27:24.032Z,2020-10-18T13:27:24.032Z,4603720647,4603729664,9.0,35113689,,4,Hồ Hảo Hớn,tertiary
21217,2020-10-18T13:27:24.034Z,2020-10-18T13:27:24.034Z,4603729664,4603720647,9.0,35113689,,4,Hồ Hảo Hớn,tertiary
21218,2020-10-18T13:27:24.037Z,2020-10-18T13:27:24.037Z,4603729664,4603729665,4.0,35113689,,4,Hồ Hảo Hớn,tertiary
21219,2020-10-18T13:27:24.039Z,2020-10-18T13:27:24.039Z,4603729665,4603729664,4.0,35113689,,4,Hồ Hảo Hớn,tertiary
21220,2020-10-18T13:27:24.041Z,2020-10-18T13:27:24.041Z,4603729665,4603729666,14.0,35113689,,4,Hồ Hảo Hớn,tertiary
21221,2020-10-18T13:27:24.043Z,2020-10-18T13:27:24.043Z,4603729666,4603729665,14.0,35113689,,4,Hồ Hảo Hớn,tertiary
21222,2020-10-18T13:27:24.045Z,2020-10-18T13:27:24.045Z,1996655118,4593927776,43.0,35113724,,4,Nguyễn Cảnh Chân,tertiary
21223,2020-10-18T13:27:24.049Z,2020-10-18T13:27:24.049Z,4593927776,1996655118,43.0,35113724,,4,Nguyễn Cảnh Chân,tertiary
21224,2020-10-18T13:27:24.051Z,2020-10-18T13:27:24.051Z,4593927776,411918897,35.0,35113724,,4,Nguyễn Cảnh Chân,tertiary
21225,2020-10-18T13:27:24.053Z,2020-10-18T13:27:24.053Z,411918897,4593927776,35.0,35113724,,4,Nguyễn Cảnh Chân,tertiary
21226,2020-10-18T13:27:24.054Z,2020-10-18T13:27:24.054Z,411918897,411918902,38.0,35113724,,4,Nguyễn Cảnh Chân,tertiary
21227,2020-10-18T13:27:24.056Z,2020-10-18T13:27:24.056Z,411918902,411918897,38.0,35113724,,4,Nguyễn Cảnh Chân,tertiary
21228,2020-10-18T13:27:24.058Z,2020-10-18T13:27:24.058Z,411918902,411918901,31.0,35113724,,4,Nguyễn Cảnh Chân,tertiary
21229,2020-10-18T13:27:24.059Z,2020-10-18T13:27:24.059Z,411918901,411918902,31.0,35113724,,4,Nguyễn Cảnh Chân,tertiary
21230,2020-10-18T13:27:24.061Z,2020-10-18T13:27:24.061Z,411918901,411918905,38.0,35113724,,4,Nguyễn Cảnh Chân,tertiary
21231,2020-10-18T13:27:24.063Z,2020-10-18T13:27:24.063Z,411918905,411918901,38.0,35113724,,4,Nguyễn Cảnh Chân,tertiary
21232,2020-10-18T13:27:24.064Z,2020-10-18T13:27:24.064Z,411918905,411918906,35.0,35113724,,4,Nguyễn Cảnh Chân,tertiary
21233,2020-10-18T13:27:24.066Z,2020-10-18T13:27:24.066Z,411918906,411918905,35.0,35113724,,4,Nguyễn Cảnh Chân,tertiary
21234,2020-10-18T13:27:24.069Z,2020-10-18T13:27:24.069Z,411918906,411918908,42.0,35113724,,4,Nguyễn Cảnh Chân,tertiary
21235,2020-10-18T13:27:24.072Z,2020-10-18T13:27:24.072Z,411918908,411918906,42.0,35113724,,4,Nguyễn Cảnh Chân,tertiary
21236,2020-10-18T13:27:24.075Z,2020-10-18T13:27:24.075Z,411918908,4603835832,70.0,35113724,,4,Nguyễn Cảnh Chân,tertiary
21237,2020-10-18T13:27:24.077Z,2020-10-18T13:27:24.077Z,4603835832,411918908,70.0,35113724,,4,Nguyễn Cảnh Chân,tertiary
21238,2020-10-18T13:27:24.078Z,2020-10-18T13:27:24.078Z,4603835832,4603846875,3.0,35113724,,4,Nguyễn Cảnh Chân,tertiary
21239,2020-10-18T13:27:24.080Z,2020-10-18T13:27:24.080Z,4603846875,4603835832,3.0,35113724,,4,Nguyễn Cảnh Chân,tertiary
21240,2020-10-18T13:27:24.081Z,2020-10-18T13:27:24.081Z,4603846875,4613083207,6.0,35113724,,4,Nguyễn Cảnh Chân,tertiary
21241,2020-10-18T13:27:24.083Z,2020-10-18T13:27:24.083Z,4613083207,4603846875,6.0,35113724,,4,Nguyễn Cảnh Chân,tertiary
21242,2020-10-18T13:27:24.086Z,2020-10-18T13:27:24.086Z,4613083207,2032267286,8.0,35113724,,4,Nguyễn Cảnh Chân,tertiary
21243,2020-10-18T13:27:24.088Z,2020-10-18T13:27:24.088Z,2032267286,4613083207,8.0,35113724,,4,Nguyễn Cảnh Chân,tertiary
21244,2020-10-18T13:27:24.089Z,2020-10-18T13:27:24.089Z,2032267286,5795068449,7.0,35113724,,4,Nguyễn Cảnh Chân,tertiary
21245,2020-10-18T13:27:24.094Z,2020-10-18T13:27:24.094Z,5795068449,2032267286,7.0,35113724,,4,Nguyễn Cảnh Chân,tertiary
21263,2020-10-18T13:27:24.131Z,2020-10-18T13:27:24.131Z,5444117929,4608690975,38.0,35114023,,4,Trương Định,tertiary
21264,2020-10-18T13:27:24.134Z,2020-10-18T13:27:24.134Z,4608690975,5763135327,21.0,35114023,,4,Trương Định,tertiary
21265,2020-10-18T13:27:24.136Z,2020-10-18T13:27:24.136Z,5763135327,411918543,23.0,35114023,,4,Trương Định,tertiary
21266,2020-10-18T13:27:24.138Z,2020-10-18T13:27:24.138Z,411918543,411926437,35.0,35114023,,4,Trương Định,tertiary
21267,2020-10-18T13:27:24.140Z,2020-10-18T13:27:24.140Z,411926437,411926613,98.0,35114023,,4,Trương Định,tertiary
21268,2020-10-18T13:27:24.142Z,2020-10-18T13:27:24.142Z,411926613,411919033,139.0,35114023,,4,Trương Định,tertiary
21287,2020-10-18T13:27:24.202Z,2020-10-18T13:27:24.202Z,411919363,411919362,49.0,35114072,,4,Lê Lợi,tertiary
21288,2020-10-18T13:27:24.205Z,2020-10-18T13:27:24.205Z,411919362,2383425451,13.0,35114072,,4,Lê Lợi,tertiary
21289,2020-10-18T13:27:24.207Z,2020-10-18T13:27:24.207Z,2383425451,3166133535,31.0,35114072,,4,Lê Lợi,tertiary
21290,2020-10-18T13:27:24.209Z,2020-10-18T13:27:24.209Z,3166133535,411919358,120.0,35114072,,4,Lê Lợi,tertiary
21311,2020-10-18T13:27:24.265Z,2020-10-18T13:27:24.265Z,411918861,2032267326,7.0,35114508,,2,Nguyễn Thái Học,primary
21312,2020-10-18T13:27:24.268Z,2020-10-18T13:27:24.268Z,2032267326,411923507,84.0,35114508,,2,Nguyễn Thái Học,primary
21313,2020-10-18T13:27:24.269Z,2020-10-18T13:27:24.269Z,4646769646,5778245682,21.0,35114549,,4,Lý Chính Thắng,tertiary
21314,2020-10-18T13:27:24.271Z,2020-10-18T13:27:24.271Z,5778245682,411926401,43.0,35114549,,4,Lý Chính Thắng,tertiary
21315,2020-10-18T13:27:24.273Z,2020-10-18T13:27:24.273Z,411926401,411918624,39.0,35114549,,4,Lý Chính Thắng,tertiary
21316,2020-10-18T13:27:24.274Z,2020-10-18T13:27:24.274Z,411918624,3168901215,30.0,35114549,,4,Lý Chính Thắng,tertiary
21317,2020-10-18T13:27:24.276Z,2020-10-18T13:27:24.276Z,3168901215,411926139,24.0,35114549,,4,Lý Chính Thắng,tertiary
21318,2020-10-18T13:27:24.279Z,2020-10-18T13:27:24.279Z,411926139,5778212579,72.0,35114549,,4,Lý Chính Thắng,tertiary
21319,2020-10-18T13:27:24.282Z,2020-10-18T13:27:24.282Z,5778212579,411926448,37.0,35114549,,4,Lý Chính Thắng,tertiary
21320,2020-10-18T13:27:24.285Z,2020-10-18T13:27:24.285Z,411926448,5778212347,1.0,35114549,,4,Lý Chính Thắng,tertiary
21321,2020-10-18T13:27:24.287Z,2020-10-18T13:27:24.287Z,5778212347,5778212577,19.0,35114549,,4,Lý Chính Thắng,tertiary
21322,2020-10-18T13:27:24.289Z,2020-10-18T13:27:24.289Z,5778212577,5778212349,17.0,35114549,,4,Lý Chính Thắng,tertiary
21323,2020-10-18T13:27:24.292Z,2020-10-18T13:27:24.292Z,5778212349,2300361544,8.0,35114549,,4,Lý Chính Thắng,tertiary
21324,2020-10-18T13:27:24.294Z,2020-10-18T13:27:24.294Z,2300361544,5772101018,29.0,35114549,,4,Lý Chính Thắng,tertiary
21325,2020-10-18T13:27:24.296Z,2020-10-18T13:27:24.296Z,5772101018,411926216,185.0,35114549,,4,Lý Chính Thắng,tertiary
21328,2020-10-18T13:27:24.304Z,2020-10-18T13:27:24.304Z,411926551,2393614146,7.0,35114583,,4,Võ Văn Tần,tertiary
21329,2020-10-18T13:27:24.307Z,2020-10-18T13:27:24.307Z,2393614146,411926551,7.0,35114583,,4,Võ Văn Tần,tertiary
21330,2020-10-18T13:27:24.308Z,2020-10-18T13:27:24.308Z,5764869373,411920662,36.0,35114599,,4,Bàn Cờ,unclassified
21331,2020-10-18T13:27:24.310Z,2020-10-18T13:27:24.310Z,411920662,5764869373,36.0,35114599,,4,Bàn Cờ,unclassified
21332,2020-10-18T13:27:24.311Z,2020-10-18T13:27:24.311Z,5778245684,5778245685,7.0,35114603,40.0,4,Nguyễn Thượng Hiền,tertiary
21333,2020-10-18T13:27:24.313Z,2020-10-18T13:27:24.313Z,5778245685,5778212583,67.0,35114603,40.0,4,Nguyễn Thượng Hiền,tertiary
21334,2020-10-18T13:27:24.314Z,2020-10-18T13:27:24.314Z,5778212583,5778245678,21.0,35114603,40.0,4,Nguyễn Thượng Hiền,tertiary
21335,2020-10-18T13:27:24.316Z,2020-10-18T13:27:24.316Z,5778245678,5778245677,46.0,35114603,40.0,4,Nguyễn Thượng Hiền,tertiary
21336,2020-10-18T13:27:24.317Z,2020-10-18T13:27:24.317Z,5778245677,5764789643,16.0,35114603,40.0,4,Nguyễn Thượng Hiền,tertiary
21337,2020-10-18T13:27:24.332Z,2020-10-18T13:27:24.332Z,5764789643,5764789644,27.0,35114603,40.0,4,Nguyễn Thượng Hiền,tertiary
21338,2020-10-18T13:27:24.337Z,2020-10-18T13:27:24.337Z,5764789644,5764789645,30.0,35114603,40.0,4,Nguyễn Thượng Hiền,tertiary
21376,2020-10-18T13:27:24.439Z,2020-10-18T13:27:24.439Z,698217095,2233126184,8.0,35114928,,2,Ngã Bảy Lý Thái Tổ,primary
21377,2020-10-18T13:27:24.442Z,2020-10-18T13:27:24.442Z,2233126184,411919584,8.0,35114928,,2,Ngã Bảy Lý Thái Tổ,primary
21378,2020-10-18T13:27:24.444Z,2020-10-18T13:27:24.444Z,411919584,2614395094,6.0,35114928,,2,Ngã Bảy Lý Thái Tổ,primary
21379,2020-10-18T13:27:24.446Z,2020-10-18T13:27:24.446Z,2614395094,2614395092,6.0,35114928,,2,Ngã Bảy Lý Thái Tổ,primary
21380,2020-10-18T13:27:24.448Z,2020-10-18T13:27:24.448Z,2614395092,2614395089,6.0,35114928,,2,Ngã Bảy Lý Thái Tổ,primary
21381,2020-10-18T13:27:24.450Z,2020-10-18T13:27:24.450Z,2614395089,2233126178,6.0,35114928,,2,Ngã Bảy Lý Thái Tổ,primary
21382,2020-10-18T13:27:24.452Z,2020-10-18T13:27:24.452Z,2233126178,698217086,5.0,35114928,,2,Ngã Bảy Lý Thái Tổ,primary
21383,2020-10-18T13:27:24.454Z,2020-10-18T13:27:24.454Z,698217086,411919629,5.0,35114928,,2,Ngã Bảy Lý Thái Tổ,primary
21384,2020-10-18T13:27:24.457Z,2020-10-18T13:27:24.457Z,411919629,2614395057,8.0,35114928,,2,Ngã Bảy Lý Thái Tổ,primary
21385,2020-10-18T13:27:24.459Z,2020-10-18T13:27:24.459Z,2614395057,2233126176,8.0,35114928,,2,Ngã Bảy Lý Thái Tổ,primary
21386,2020-10-18T13:27:24.461Z,2020-10-18T13:27:24.461Z,2233126176,411919626,8.0,35114928,,2,Ngã Bảy Lý Thái Tổ,primary
21387,2020-10-18T13:27:24.463Z,2020-10-18T13:27:24.463Z,411919626,2233126173,8.0,35114928,,2,Ngã Bảy Lý Thái Tổ,primary
21388,2020-10-18T13:27:24.465Z,2020-10-18T13:27:24.465Z,2233126173,4614090211,8.0,35114928,,2,Ngã Bảy Lý Thái Tổ,primary
21389,2020-10-18T13:27:24.467Z,2020-10-18T13:27:24.467Z,4614090211,366432033,8.0,35114928,,2,Ngã Bảy Lý Thái Tổ,primary
21390,2020-10-18T13:27:24.471Z,2020-10-18T13:27:24.471Z,366432033,2614395055,6.0,35114928,,2,Ngã Bảy Lý Thái Tổ,primary
21391,2020-10-18T13:27:24.474Z,2020-10-18T13:27:24.474Z,2614395055,4614090217,6.0,35114928,,2,Ngã Bảy Lý Thái Tổ,primary
21392,2020-10-18T13:27:24.477Z,2020-10-18T13:27:24.477Z,4614090217,698217082,6.0,35114928,,2,Ngã Bảy Lý Thái Tổ,primary
21393,2020-10-18T13:27:24.479Z,2020-10-18T13:27:24.479Z,698217082,411919599,6.0,35114928,,2,Ngã Bảy Lý Thái Tổ,primary
21394,2020-10-18T13:27:24.481Z,2020-10-18T13:27:24.481Z,411919599,698217097,6.0,35114928,,2,Ngã Bảy Lý Thái Tổ,primary
21395,2020-10-18T13:27:24.484Z,2020-10-18T13:27:24.484Z,698217097,2614395078,6.0,35114928,,2,Ngã Bảy Lý Thái Tổ,primary
21396,2020-10-18T13:27:24.486Z,2020-10-18T13:27:24.486Z,2614395078,2614395084,6.0,35114928,,2,Ngã Bảy Lý Thái Tổ,primary
21397,2020-10-18T13:27:24.488Z,2020-10-18T13:27:24.488Z,2614395084,5462350104,6.0,35114928,,2,Ngã Bảy Lý Thái Tổ,primary
21398,2020-10-18T13:27:24.490Z,2020-10-18T13:27:24.490Z,5462350104,411918417,6.0,35114928,,2,Ngã Bảy Lý Thái Tổ,primary
21399,2020-10-18T13:27:24.492Z,2020-10-18T13:27:24.492Z,411918417,698217095,8.0,35114928,,2,Ngã Bảy Lý Thái Tổ,primary
21496,2020-10-18T13:27:24.744Z,2020-10-18T13:27:24.744Z,411919403,4646769638,7.0,35115031,,2,Công Trường Dân Chủ,primary
21497,2020-10-18T13:27:24.748Z,2020-10-18T13:27:24.748Z,4646769638,5778245684,6.0,35115031,,2,Công Trường Dân Chủ,primary
21498,2020-10-18T13:27:24.752Z,2020-10-18T13:27:24.752Z,5778245684,4646769639,10.0,35115031,,2,Công Trường Dân Chủ,primary
21499,2020-10-18T13:27:24.755Z,2020-10-18T13:27:24.755Z,4646769639,4879876937,9.0,35115031,,2,Công Trường Dân Chủ,primary
21500,2020-10-18T13:27:24.759Z,2020-10-18T13:27:24.759Z,4879876937,411919210,9.0,35115031,,2,Công Trường Dân Chủ,primary
21501,2020-10-18T13:27:24.763Z,2020-10-18T13:27:24.763Z,411919210,701666214,7.0,35115031,,2,Công Trường Dân Chủ,primary
21502,2020-10-18T13:27:24.767Z,2020-10-18T13:27:24.767Z,701666214,411919202,7.0,35115031,,2,Công Trường Dân Chủ,primary
21503,2020-10-18T13:27:24.770Z,2020-10-18T13:27:24.770Z,411919202,711368028,8.0,35115031,,2,Công Trường Dân Chủ,primary
21504,2020-10-18T13:27:24.773Z,2020-10-18T13:27:24.773Z,711368028,701666217,8.0,35115031,,2,Công Trường Dân Chủ,primary
21505,2020-10-18T13:27:24.776Z,2020-10-18T13:27:24.776Z,701666217,411919197,8.0,35115031,,2,Công Trường Dân Chủ,primary
21506,2020-10-18T13:27:24.780Z,2020-10-18T13:27:24.780Z,411919197,701666218,8.0,35115031,,2,Công Trường Dân Chủ,primary
21507,2020-10-18T13:27:24.784Z,2020-10-18T13:27:24.784Z,701666218,4646769646,8.0,35115031,,2,Công Trường Dân Chủ,primary
21508,2020-10-18T13:27:24.787Z,2020-10-18T13:27:24.787Z,4646769646,701666216,8.0,35115031,,2,Công Trường Dân Chủ,primary
21509,2020-10-18T13:27:24.791Z,2020-10-18T13:27:24.791Z,701666216,5778245683,9.0,35115031,,2,Công Trường Dân Chủ,primary
21510,2020-10-18T13:27:24.794Z,2020-10-18T13:27:24.794Z,5778245683,4646769637,7.0,35115031,,2,Công Trường Dân Chủ,primary
21511,2020-10-18T13:27:24.797Z,2020-10-18T13:27:24.797Z,4646769637,4646769645,7.0,35115031,,2,Công Trường Dân Chủ,primary
21512,2020-10-18T13:27:24.810Z,2020-10-18T13:27:24.810Z,4646769645,411919418,9.0,35115031,,2,Công Trường Dân Chủ,primary
21513,2020-10-18T13:27:24.815Z,2020-10-18T13:27:24.815Z,411919418,701666211,9.0,35115031,,2,Công Trường Dân Chủ,primary
21514,2020-10-18T13:27:24.818Z,2020-10-18T13:27:24.818Z,701666211,701666209,9.0,35115031,,2,Công Trường Dân Chủ,primary
21515,2020-10-18T13:27:24.821Z,2020-10-18T13:27:24.821Z,701666209,411919383,9.0,35115031,,2,Công Trường Dân Chủ,primary
21516,2020-10-18T13:27:24.824Z,2020-10-18T13:27:24.824Z,411919383,701666210,9.0,35115031,,2,Công Trường Dân Chủ,primary
21517,2020-10-18T13:27:24.827Z,2020-10-18T13:27:24.827Z,701666210,411919403,7.0,35115031,,2,Công Trường Dân Chủ,primary
21518,2020-10-18T13:27:24.830Z,2020-10-18T13:27:24.830Z,411918706,2393618251,10.0,35115032,,2,Cách Mạng Tháng Tám,primary
21555,2020-10-18T13:27:24.921Z,2020-10-18T13:27:24.921Z,2616958835,411918319,14.0,35115101,,3,Nguyễn Trãi,secondary
21556,2020-10-18T13:27:24.923Z,2020-10-18T13:27:24.923Z,411918319,2616958835,14.0,35115101,,3,Nguyễn Trãi,secondary
21557,2020-10-18T13:27:24.924Z,2020-10-18T13:27:24.924Z,411918319,3164258341,23.0,35115101,,3,Nguyễn Trãi,secondary
21558,2020-10-18T13:27:24.926Z,2020-10-18T13:27:24.926Z,3164258341,411918319,23.0,35115101,,3,Nguyễn Trãi,secondary
21559,2020-10-18T13:27:24.927Z,2020-10-18T13:27:24.927Z,3164258341,411918697,40.0,35115101,,3,Nguyễn Trãi,secondary
21560,2020-10-18T13:27:24.929Z,2020-10-18T13:27:24.929Z,411918697,3164258341,40.0,35115101,,3,Nguyễn Trãi,secondary
21561,2020-10-18T13:27:24.932Z,2020-10-18T13:27:24.932Z,411918697,411926632,59.0,35115101,,3,Nguyễn Trãi,secondary
21562,2020-10-18T13:27:24.934Z,2020-10-18T13:27:24.934Z,411926632,411918697,59.0,35115101,,3,Nguyễn Trãi,secondary
21563,2020-10-18T13:27:24.936Z,2020-10-18T13:27:24.936Z,411926632,411923334,38.0,35115101,,3,Nguyễn Trãi,secondary
21564,2020-10-18T13:27:24.937Z,2020-10-18T13:27:24.937Z,411923334,411926632,38.0,35115101,,3,Nguyễn Trãi,secondary
21565,2020-10-18T13:27:24.939Z,2020-10-18T13:27:24.939Z,411923334,411924594,40.0,35115101,,3,Nguyễn Trãi,secondary
21566,2020-10-18T13:27:24.941Z,2020-10-18T13:27:24.941Z,411924594,411923334,40.0,35115101,,3,Nguyễn Trãi,secondary
21567,2020-10-18T13:27:24.945Z,2020-10-18T13:27:24.945Z,411924594,411922680,15.0,35115101,,3,Nguyễn Trãi,secondary
21568,2020-10-18T13:27:24.949Z,2020-10-18T13:27:24.949Z,411922680,411924594,15.0,35115101,,3,Nguyễn Trãi,secondary
21569,2020-10-18T13:27:24.952Z,2020-10-18T13:27:24.952Z,411922680,411924454,24.0,35115101,,3,Nguyễn Trãi,secondary
21570,2020-10-18T13:27:24.954Z,2020-10-18T13:27:24.954Z,411924454,411922680,24.0,35115101,,3,Nguyễn Trãi,secondary
21571,2020-10-18T13:27:24.955Z,2020-10-18T13:27:24.955Z,411924454,411920969,30.0,35115101,,3,Nguyễn Trãi,secondary
21572,2020-10-18T13:27:24.957Z,2020-10-18T13:27:24.957Z,411920969,411924454,30.0,35115101,,3,Nguyễn Trãi,secondary
21573,2020-10-18T13:27:24.959Z,2020-10-18T13:27:24.959Z,411920969,411922600,49.0,35115101,,3,Nguyễn Trãi,secondary
21574,2020-10-18T13:27:24.961Z,2020-10-18T13:27:24.961Z,411922600,411920969,49.0,35115101,,3,Nguyễn Trãi,secondary
21575,2020-10-18T13:27:24.963Z,2020-10-18T13:27:24.963Z,411922600,411925637,8.0,35115101,,3,Nguyễn Trãi,secondary
21576,2020-10-18T13:27:24.965Z,2020-10-18T13:27:24.965Z,411925637,411922600,8.0,35115101,,3,Nguyễn Trãi,secondary
21577,2020-10-18T13:27:24.968Z,2020-10-18T13:27:24.968Z,411925637,411924972,16.0,35115101,,3,Nguyễn Trãi,secondary
21578,2020-10-18T13:27:24.970Z,2020-10-18T13:27:24.970Z,411924972,411925637,16.0,35115101,,3,Nguyễn Trãi,secondary
21579,2020-10-18T13:27:24.972Z,2020-10-18T13:27:24.972Z,411924972,5762780544,7.0,35115101,,3,Nguyễn Trãi,secondary
21580,2020-10-18T13:27:24.974Z,2020-10-18T13:27:24.974Z,5762780544,411924972,7.0,35115101,,3,Nguyễn Trãi,secondary
21581,2020-10-18T13:27:24.975Z,2020-10-18T13:27:24.975Z,5762780544,411925865,48.0,35115101,,3,Nguyễn Trãi,secondary
21582,2020-10-18T13:27:24.977Z,2020-10-18T13:27:24.977Z,411925865,5762780544,48.0,35115101,,3,Nguyễn Trãi,secondary
21583,2020-10-18T13:27:24.980Z,2020-10-18T13:27:24.980Z,411925865,4605034948,39.0,35115101,,3,Nguyễn Trãi,secondary
21584,2020-10-18T13:27:24.982Z,2020-10-18T13:27:24.982Z,4605034948,411925865,39.0,35115101,,3,Nguyễn Trãi,secondary
21655,2020-10-18T13:27:25.143Z,2020-10-18T13:27:25.143Z,5762610083,411920209,47.0,39513492,,2,Lý Thái Tổ,primary
21656,2020-10-18T13:27:25.145Z,2020-10-18T13:27:25.145Z,411920209,411925018,62.0,39513492,,2,Lý Thái Tổ,primary
21657,2020-10-18T13:27:25.146Z,2020-10-18T13:27:25.146Z,411925018,3150775228,26.0,39513492,,2,Lý Thái Tổ,primary
21658,2020-10-18T13:27:25.148Z,2020-10-18T13:27:25.148Z,3150775228,411924868,12.0,39513492,,2,Lý Thái Tổ,primary
21659,2020-10-18T13:27:25.149Z,2020-10-18T13:27:25.149Z,411924868,411925022,34.0,39513492,,2,Lý Thái Tổ,primary
21660,2020-10-18T13:27:25.151Z,2020-10-18T13:27:25.151Z,411925022,2498090915,39.0,39513492,,2,Lý Thái Tổ,primary
21661,2020-10-18T13:27:25.152Z,2020-10-18T13:27:25.152Z,2498090915,411920848,14.0,39513492,,2,Lý Thái Tổ,primary
21662,2020-10-18T13:27:25.154Z,2020-10-18T13:27:25.154Z,411920848,5758114513,70.0,39513492,,2,Lý Thái Tổ,primary
21663,2020-10-18T13:27:25.155Z,2020-10-18T13:27:25.155Z,5758114513,2498090914,0.0,39513492,,2,Lý Thái Tổ,primary
21664,2020-10-18T13:27:25.156Z,2020-10-18T13:27:25.156Z,2498090914,411924320,56.0,39513492,,2,Lý Thái Tổ,primary
21665,2020-10-18T13:27:25.158Z,2020-10-18T13:27:25.158Z,411924320,411925053,139.0,39513492,,2,Lý Thái Tổ,primary
21666,2020-10-18T13:27:25.160Z,2020-10-18T13:27:25.160Z,411925053,411923825,70.0,39513492,,2,Lý Thái Tổ,primary
21667,2020-10-18T13:27:25.170Z,2020-10-18T13:27:25.170Z,411923825,411923247,11.0,39513492,,2,Lý Thái Tổ,primary
21668,2020-10-18T13:27:25.173Z,2020-10-18T13:27:25.173Z,411923247,411920875,31.0,39513492,,2,Lý Thái Tổ,primary
21669,2020-10-18T13:27:25.174Z,2020-10-18T13:27:25.174Z,411920875,3150775225,57.0,39513492,,2,Lý Thái Tổ,primary
21670,2020-10-18T13:27:25.176Z,2020-10-18T13:27:25.176Z,3150775225,411923847,52.0,39513492,,2,Lý Thái Tổ,primary
21671,2020-10-18T13:27:25.178Z,2020-10-18T13:27:25.178Z,411923847,411923828,35.0,39513492,,2,Lý Thái Tổ,primary
21672,2020-10-18T13:27:25.179Z,2020-10-18T13:27:25.179Z,411923828,698217097,12.0,39513492,,2,Lý Thái Tổ,primary
21837,2020-10-18T13:27:25.531Z,2020-10-18T13:27:25.531Z,1996654285,1996745658,85.0,53747865,60.0,1,Võ Văn Kiệt,trunk
21838,2020-10-18T13:27:25.532Z,2020-10-18T13:27:25.532Z,1996745658,1996745533,40.0,53747865,60.0,1,Võ Văn Kiệt,trunk
21839,2020-10-18T13:27:25.534Z,2020-10-18T13:27:25.534Z,1996745533,1767909427,43.0,53747865,60.0,1,Võ Văn Kiệt,trunk
21840,2020-10-18T13:27:25.535Z,2020-10-18T13:27:25.535Z,1767909427,411926112,18.0,53747865,60.0,1,Võ Văn Kiệt,trunk
21841,2020-10-18T13:27:25.536Z,2020-10-18T13:27:25.536Z,411926112,3016580647,3.0,53747865,60.0,1,Võ Văn Kiệt,trunk
21842,2020-10-18T13:27:25.538Z,2020-10-18T13:27:25.538Z,3016580647,1996654026,44.0,53747865,60.0,1,Võ Văn Kiệt,trunk
21843,2020-10-18T13:27:25.540Z,2020-10-18T13:27:25.540Z,1996654026,2666742989,6.0,53747865,60.0,1,Võ Văn Kiệt,trunk
21844,2020-10-18T13:27:25.541Z,2020-10-18T13:27:25.541Z,2666742989,2666742983,16.0,53747865,60.0,1,Võ Văn Kiệt,trunk
22007,2020-10-18T13:27:25.878Z,2020-10-18T13:27:25.878Z,5762610094,3167004173,48.0,55884211,,4,Nguyễn Ðình Chiểu,tertiary
22008,2020-10-18T13:27:25.880Z,2020-10-18T13:27:25.880Z,3167004173,5762610057,6.0,55884211,,4,Nguyễn Ðình Chiểu,tertiary
22009,2020-10-18T13:27:25.881Z,2020-10-18T13:27:25.881Z,5762610057,5764869373,89.0,55884211,,4,Nguyễn Ðình Chiểu,tertiary
22010,2020-10-18T13:27:25.883Z,2020-10-18T13:27:25.883Z,2289920282,706286088,18.0,56300309,,4,Cầu Nguyễn Văn Cừ,tertiary
22011,2020-10-18T13:27:25.884Z,2020-10-18T13:27:25.884Z,706286088,2370360786,17.0,56300309,,4,Cầu Nguyễn Văn Cừ,tertiary
22370,2020-10-18T13:27:26.730Z,2020-10-18T13:27:26.730Z,2358232115,1597983325,8.0,57765971,,4,Khánh Hội,tertiary
22371,2020-10-18T13:27:26.733Z,2020-10-18T13:27:26.733Z,1597983325,2358232115,8.0,57765971,,4,Khánh Hội,tertiary
22372,2020-10-18T13:27:26.735Z,2020-10-18T13:27:26.735Z,1597983325,4594687688,23.0,57765971,,4,Khánh Hội,tertiary
22373,2020-10-18T13:27:26.737Z,2020-10-18T13:27:26.737Z,4594687688,1597983325,23.0,57765971,,4,Khánh Hội,tertiary
22374,2020-10-18T13:27:26.739Z,2020-10-18T13:27:26.739Z,4594687688,1768404188,32.0,57765971,,4,Khánh Hội,tertiary
22375,2020-10-18T13:27:26.741Z,2020-10-18T13:27:26.741Z,1768404188,4594687688,32.0,57765971,,4,Khánh Hội,tertiary
22376,2020-10-18T13:27:26.743Z,2020-10-18T13:27:26.743Z,1768404188,5795319699,34.0,57765971,,4,Khánh Hội,tertiary
22377,2020-10-18T13:27:26.746Z,2020-10-18T13:27:26.746Z,5795319699,1768404188,34.0,57765971,,4,Khánh Hội,tertiary
22378,2020-10-18T13:27:26.749Z,2020-10-18T13:27:26.749Z,5795319699,1768404067,4.0,57765971,,4,Khánh Hội,tertiary
22379,2020-10-18T13:27:26.752Z,2020-10-18T13:27:26.752Z,1768404067,5795319699,4.0,57765971,,4,Khánh Hội,tertiary
22380,2020-10-18T13:27:26.755Z,2020-10-18T13:27:26.755Z,1768404067,1768404179,42.0,57765971,,4,Khánh Hội,tertiary
22381,2020-10-18T13:27:26.758Z,2020-10-18T13:27:26.758Z,1768404179,1768404067,42.0,57765971,,4,Khánh Hội,tertiary
22382,2020-10-18T13:27:26.760Z,2020-10-18T13:27:26.760Z,1768404179,1985832548,43.0,57765971,,4,Khánh Hội,tertiary
22383,2020-10-18T13:27:26.764Z,2020-10-18T13:27:26.764Z,1985832548,1768404179,43.0,57765971,,4,Khánh Hội,tertiary
22384,2020-10-18T13:27:26.766Z,2020-10-18T13:27:26.766Z,1985832548,5772502923,43.0,57765971,,4,Khánh Hội,tertiary
22385,2020-10-18T13:27:26.767Z,2020-10-18T13:27:26.767Z,5772502923,1985832548,43.0,57765971,,4,Khánh Hội,tertiary
22732,2020-10-18T13:27:27.538Z,2020-10-18T13:27:27.538Z,4614001020,4621933726,4.0,59265372,,4,Ngã Sáu Nguyễn Tri Phương,tertiary
22733,2020-10-18T13:27:27.541Z,2020-10-18T13:27:27.541Z,4621933726,5788957691,3.0,59265372,,4,Ngã Sáu Nguyễn Tri Phương,tertiary
22734,2020-10-18T13:27:27.545Z,2020-10-18T13:27:27.545Z,5788957691,4621933723,1.0,59265372,,4,Ngã Sáu Nguyễn Tri Phương,tertiary
22735,2020-10-18T13:27:27.549Z,2020-10-18T13:27:27.549Z,4621933723,4621933724,4.0,59265372,,4,Ngã Sáu Nguyễn Tri Phương,tertiary
22736,2020-10-18T13:27:27.552Z,2020-10-18T13:27:27.552Z,4621933724,4614001016,3.0,59265372,,4,Ngã Sáu Nguyễn Tri Phương,tertiary
22737,2020-10-18T13:27:27.560Z,2020-10-18T13:27:27.560Z,4614001016,4622024052,3.0,59265372,,4,Ngã Sáu Nguyễn Tri Phương,tertiary
22738,2020-10-18T13:27:27.564Z,2020-10-18T13:27:27.564Z,4622024052,4616051258,3.0,59265372,,4,Ngã Sáu Nguyễn Tri Phương,tertiary
22739,2020-10-18T13:27:27.568Z,2020-10-18T13:27:27.568Z,4616051258,4616051262,5.0,59265372,,4,Ngã Sáu Nguyễn Tri Phương,tertiary
22740,2020-10-18T13:27:27.571Z,2020-10-18T13:27:27.571Z,4616051262,5788957680,2.0,59265372,,4,Ngã Sáu Nguyễn Tri Phương,tertiary
22741,2020-10-18T13:27:27.574Z,2020-10-18T13:27:27.574Z,5788957680,734894535,3.0,59265372,,4,Ngã Sáu Nguyễn Tri Phương,tertiary
22742,2020-10-18T13:27:27.576Z,2020-10-18T13:27:27.576Z,734894535,4614001018,4.0,59265372,,4,Ngã Sáu Nguyễn Tri Phương,tertiary
22743,2020-10-18T13:27:27.579Z,2020-10-18T13:27:27.579Z,4614001018,734894515,4.0,59265372,,4,Ngã Sáu Nguyễn Tri Phương,tertiary
22744,2020-10-18T13:27:27.583Z,2020-10-18T13:27:27.583Z,734894515,734894505,5.0,59265372,,4,Ngã Sáu Nguyễn Tri Phương,tertiary
22745,2020-10-18T13:27:27.585Z,2020-10-18T13:27:27.585Z,734894505,734894519,5.0,59265372,,4,Ngã Sáu Nguyễn Tri Phương,tertiary
22746,2020-10-18T13:27:27.599Z,2020-10-18T13:27:27.599Z,734894519,4614001017,5.0,59265372,,4,Ngã Sáu Nguyễn Tri Phương,tertiary
22747,2020-10-18T13:27:27.602Z,2020-10-18T13:27:27.602Z,4614001017,5788927104,4.0,59265372,,4,Ngã Sáu Nguyễn Tri Phương,tertiary
22748,2020-10-18T13:27:27.604Z,2020-10-18T13:27:27.604Z,5788927104,4614030564,1.0,59265372,,4,Ngã Sáu Nguyễn Tri Phương,tertiary
22749,2020-10-18T13:27:27.607Z,2020-10-18T13:27:27.607Z,4614030564,4621933725,4.0,59265372,,4,Ngã Sáu Nguyễn Tri Phương,tertiary
22750,2020-10-18T13:27:27.610Z,2020-10-18T13:27:27.610Z,4621933725,4614030565,4.0,59265372,,4,Ngã Sáu Nguyễn Tri Phương,tertiary
22751,2020-10-18T13:27:27.613Z,2020-10-18T13:27:27.613Z,4614030565,4614001019,4.0,59265372,,4,Ngã Sáu Nguyễn Tri Phương,tertiary
22752,2020-10-18T13:27:27.616Z,2020-10-18T13:27:27.616Z,4614001019,4623078288,4.0,59265372,,4,Ngã Sáu Nguyễn Tri Phương,tertiary
22753,2020-10-18T13:27:27.617Z,2020-10-18T13:27:27.617Z,4623078288,2934006863,4.0,59265372,,4,Ngã Sáu Nguyễn Tri Phương,tertiary
22754,2020-10-18T13:27:27.620Z,2020-10-18T13:27:27.620Z,2934006863,4623089044,5.0,59265372,,4,Ngã Sáu Nguyễn Tri Phương,tertiary
22755,2020-10-18T13:27:27.623Z,2020-10-18T13:27:27.623Z,4623089044,2934006860,5.0,59265372,,4,Ngã Sáu Nguyễn Tri Phương,tertiary
22756,2020-10-18T13:27:27.626Z,2020-10-18T13:27:27.626Z,2934006860,2233642261,4.0,59265372,,4,Ngã Sáu Nguyễn Tri Phương,tertiary
22757,2020-10-18T13:27:27.629Z,2020-10-18T13:27:27.629Z,2233642261,4614001020,4.0,59265372,,4,Ngã Sáu Nguyễn Tri Phương,tertiary
22762,2020-10-18T13:27:27.642Z,2020-10-18T13:27:27.642Z,366403879,5813779717,3.0,59265378,,4,Hưng Phú,tertiary
22763,2020-10-18T13:27:27.644Z,2020-10-18T13:27:27.644Z,5813779717,366403879,3.0,59265378,,4,Hưng Phú,tertiary
22764,2020-10-18T13:27:27.647Z,2020-10-18T13:27:27.647Z,5813779717,366406797,69.0,59265378,,4,Hưng Phú,tertiary
22765,2020-10-18T13:27:27.649Z,2020-10-18T13:27:27.649Z,366406797,5813779717,69.0,59265378,,4,Hưng Phú,tertiary
22766,2020-10-18T13:27:27.652Z,2020-10-18T13:27:27.652Z,366406797,2044486705,33.0,59265378,,4,Hưng Phú,tertiary
22767,2020-10-18T13:27:27.655Z,2020-10-18T13:27:27.655Z,2044486705,366406797,33.0,59265378,,4,Hưng Phú,tertiary
22768,2020-10-18T13:27:27.658Z,2020-10-18T13:27:27.658Z,2044486705,734894526,30.0,59265378,,4,Hưng Phú,tertiary
22769,2020-10-18T13:27:27.661Z,2020-10-18T13:27:27.661Z,734894526,2044486705,30.0,59265378,,4,Hưng Phú,tertiary
22770,2020-10-18T13:27:27.663Z,2020-10-18T13:27:27.663Z,734894526,5813867366,20.0,59265378,,4,Hưng Phú,tertiary
22771,2020-10-18T13:27:27.666Z,2020-10-18T13:27:27.666Z,5813867366,734894526,20.0,59265378,,4,Hưng Phú,tertiary
22772,2020-10-18T13:27:27.670Z,2020-10-18T13:27:27.670Z,5813867366,2044486382,30.0,59265378,,4,Hưng Phú,tertiary
22773,2020-10-18T13:27:27.672Z,2020-10-18T13:27:27.672Z,2044486382,5813867366,30.0,59265378,,4,Hưng Phú,tertiary
22774,2020-10-18T13:27:27.674Z,2020-10-18T13:27:27.674Z,2044486382,2044487051,13.0,59265378,,4,Hưng Phú,tertiary
22775,2020-10-18T13:27:27.676Z,2020-10-18T13:27:27.676Z,2044487051,2044486382,13.0,59265378,,4,Hưng Phú,tertiary
22776,2020-10-18T13:27:27.678Z,2020-10-18T13:27:27.678Z,2044487051,2044486208,18.0,59265378,,4,Hưng Phú,tertiary
22777,2020-10-18T13:27:27.679Z,2020-10-18T13:27:27.679Z,2044486208,2044487051,18.0,59265378,,4,Hưng Phú,tertiary
22778,2020-10-18T13:27:27.681Z,2020-10-18T13:27:27.681Z,2044486208,737167457,46.0,59265378,,4,Hưng Phú,tertiary
22779,2020-10-18T13:27:27.683Z,2020-10-18T13:27:27.683Z,737167457,2044486208,46.0,59265378,,4,Hưng Phú,tertiary
22780,2020-10-18T13:27:27.686Z,2020-10-18T13:27:27.686Z,737167457,366446703,27.0,59265378,,4,Hưng Phú,tertiary
22781,2020-10-18T13:27:27.689Z,2020-10-18T13:27:27.689Z,366446703,737167457,27.0,59265378,,4,Hưng Phú,tertiary
22782,2020-10-18T13:27:27.692Z,2020-10-18T13:27:27.692Z,366446703,5813867141,8.0,59265378,,4,Hưng Phú,tertiary
22783,2020-10-18T13:27:27.695Z,2020-10-18T13:27:27.695Z,5813867141,366446703,8.0,59265378,,4,Hưng Phú,tertiary
22784,2020-10-18T13:27:27.697Z,2020-10-18T13:27:27.697Z,5813867141,5813867126,14.0,59265378,,4,Hưng Phú,tertiary
22785,2020-10-18T13:27:27.700Z,2020-10-18T13:27:27.700Z,5813867126,5813867141,14.0,59265378,,4,Hưng Phú,tertiary
22786,2020-10-18T13:27:27.703Z,2020-10-18T13:27:27.703Z,5813867126,5816803086,4.0,59265378,,4,Hưng Phú,tertiary
22787,2020-10-18T13:27:27.706Z,2020-10-18T13:27:27.706Z,5816803086,5813867126,4.0,59265378,,4,Hưng Phú,tertiary
22788,2020-10-18T13:27:27.709Z,2020-10-18T13:27:27.709Z,5816803086,5802590451,36.0,59265378,,4,Hưng Phú,tertiary
22789,2020-10-18T13:27:27.712Z,2020-10-18T13:27:27.712Z,5802590451,5816803086,36.0,59265378,,4,Hưng Phú,tertiary
22790,2020-10-18T13:27:27.715Z,2020-10-18T13:27:27.715Z,5802590451,366427918,52.0,59265378,,4,Hưng Phú,tertiary
22791,2020-10-18T13:27:27.719Z,2020-10-18T13:27:27.719Z,366427918,5802590451,52.0,59265378,,4,Hưng Phú,tertiary
22792,2020-10-18T13:27:27.722Z,2020-10-18T13:27:27.722Z,366427918,5813867371,58.0,59265378,,4,Hưng Phú,tertiary
22793,2020-10-18T13:27:27.725Z,2020-10-18T13:27:27.725Z,5813867371,366427918,58.0,59265378,,4,Hưng Phú,tertiary
22794,2020-10-18T13:27:27.727Z,2020-10-18T13:27:27.727Z,5813867371,5813867370,16.0,59265378,,4,Hưng Phú,tertiary
22795,2020-10-18T13:27:27.729Z,2020-10-18T13:27:27.729Z,5813867370,5813867371,16.0,59265378,,4,Hưng Phú,tertiary
22796,2020-10-18T13:27:27.734Z,2020-10-18T13:27:27.734Z,5813867370,366448829,21.0,59265378,,4,Hưng Phú,tertiary
22797,2020-10-18T13:27:27.736Z,2020-10-18T13:27:27.736Z,366448829,5813867370,21.0,59265378,,4,Hưng Phú,tertiary
22798,2020-10-18T13:27:27.738Z,2020-10-18T13:27:27.738Z,366448829,366462472,38.0,59265378,,4,Hưng Phú,tertiary
22799,2020-10-18T13:27:27.740Z,2020-10-18T13:27:27.740Z,366462472,366448829,38.0,59265378,,4,Hưng Phú,tertiary
22800,2020-10-18T13:27:27.742Z,2020-10-18T13:27:27.742Z,366462472,366430714,59.0,59265378,,4,Hưng Phú,tertiary
22801,2020-10-18T13:27:27.744Z,2020-10-18T13:27:27.744Z,366430714,366462472,59.0,59265378,,4,Hưng Phú,tertiary
22802,2020-10-18T13:27:27.746Z,2020-10-18T13:27:27.746Z,366430714,366398791,36.0,59265378,,4,Hưng Phú,tertiary
22803,2020-10-18T13:27:27.748Z,2020-10-18T13:27:27.748Z,366398791,366430714,36.0,59265378,,4,Hưng Phú,tertiary
22804,2020-10-18T13:27:27.751Z,2020-10-18T13:27:27.751Z,366398791,366403874,42.0,59265378,,4,Hưng Phú,tertiary
22805,2020-10-18T13:27:27.754Z,2020-10-18T13:27:27.754Z,366403874,366398791,42.0,59265378,,4,Hưng Phú,tertiary
22806,2020-10-18T13:27:27.756Z,2020-10-18T13:27:27.756Z,366403874,366398541,90.0,59265378,,4,Hưng Phú,tertiary
22807,2020-10-18T13:27:27.758Z,2020-10-18T13:27:27.758Z,366398541,366403874,90.0,59265378,,4,Hưng Phú,tertiary
22808,2020-10-18T13:27:27.761Z,2020-10-18T13:27:27.761Z,366398541,5802590353,2.0,59265378,,4,Hưng Phú,tertiary
22809,2020-10-18T13:27:27.765Z,2020-10-18T13:27:27.765Z,5802590353,366398541,2.0,59265378,,4,Hưng Phú,tertiary
22810,2020-10-18T13:27:27.768Z,2020-10-18T13:27:27.768Z,5802590353,366433117,38.0,59265378,,4,Hưng Phú,tertiary
22811,2020-10-18T13:27:27.771Z,2020-10-18T13:27:27.771Z,366433117,5802590353,38.0,59265378,,4,Hưng Phú,tertiary
22812,2020-10-18T13:27:27.773Z,2020-10-18T13:27:27.773Z,366433117,2042473369,54.0,59265378,,4,Hưng Phú,tertiary
22813,2020-10-18T13:27:27.775Z,2020-10-18T13:27:27.775Z,2042473369,366433117,54.0,59265378,,4,Hưng Phú,tertiary
22814,2020-10-18T13:27:27.778Z,2020-10-18T13:27:27.778Z,2042473369,366450255,63.0,59265378,,4,Hưng Phú,tertiary
22815,2020-10-18T13:27:27.781Z,2020-10-18T13:27:27.781Z,366450255,2042473369,63.0,59265378,,4,Hưng Phú,tertiary
22816,2020-10-18T13:27:27.782Z,2020-10-18T13:27:27.782Z,366450255,366421065,24.0,59265378,,4,Hưng Phú,tertiary
22817,2020-10-18T13:27:27.783Z,2020-10-18T13:27:27.783Z,366421065,366450255,24.0,59265378,,4,Hưng Phú,tertiary
22818,2020-10-18T13:27:27.785Z,2020-10-18T13:27:27.785Z,366421065,2042473444,4.0,59265378,,4,Hưng Phú,tertiary
22819,2020-10-18T13:27:27.786Z,2020-10-18T13:27:27.786Z,2042473444,366421065,4.0,59265378,,4,Hưng Phú,tertiary
22820,2020-10-18T13:27:27.788Z,2020-10-18T13:27:27.788Z,2042473444,2042473633,22.0,59265378,,4,Hưng Phú,tertiary
22821,2020-10-18T13:27:27.789Z,2020-10-18T13:27:27.789Z,2042473633,2042473444,22.0,59265378,,4,Hưng Phú,tertiary
22822,2020-10-18T13:27:27.791Z,2020-10-18T13:27:27.791Z,2042473633,5674570710,24.0,59265378,,4,Hưng Phú,tertiary
22823,2020-10-18T13:27:27.805Z,2020-10-18T13:27:27.805Z,5674570710,2042473633,24.0,59265378,,4,Hưng Phú,tertiary
22824,2020-10-18T13:27:27.807Z,2020-10-18T13:27:27.807Z,5674570710,2042473386,10.0,59265378,,4,Hưng Phú,tertiary
22825,2020-10-18T13:27:27.809Z,2020-10-18T13:27:27.809Z,2042473386,5674570710,10.0,59265378,,4,Hưng Phú,tertiary
22826,2020-10-18T13:27:27.812Z,2020-10-18T13:27:27.812Z,2042473386,2042473297,9.0,59265378,,4,Hưng Phú,tertiary
22827,2020-10-18T13:27:27.815Z,2020-10-18T13:27:27.815Z,2042473297,2042473386,9.0,59265378,,4,Hưng Phú,tertiary
22828,2020-10-18T13:27:27.818Z,2020-10-18T13:27:27.818Z,2042473297,2042473664,25.0,59265378,,4,Hưng Phú,tertiary
22829,2020-10-18T13:27:27.822Z,2020-10-18T13:27:27.822Z,2042473664,2042473297,25.0,59265378,,4,Hưng Phú,tertiary
22830,2020-10-18T13:27:27.826Z,2020-10-18T13:27:27.826Z,2042473664,366476369,19.0,59265378,,4,Hưng Phú,tertiary
22831,2020-10-18T13:27:27.829Z,2020-10-18T13:27:27.829Z,366476369,2042473664,19.0,59265378,,4,Hưng Phú,tertiary
22832,2020-10-18T13:27:27.832Z,2020-10-18T13:27:27.832Z,366476369,2044486185,7.0,59265378,,4,Hưng Phú,tertiary
22833,2020-10-18T13:27:27.834Z,2020-10-18T13:27:27.834Z,2044486185,366476369,7.0,59265378,,4,Hưng Phú,tertiary
22834,2020-10-18T13:27:27.836Z,2020-10-18T13:27:27.836Z,2044486185,2042473360,6.0,59265378,,4,Hưng Phú,tertiary
22835,2020-10-18T13:27:27.838Z,2020-10-18T13:27:27.838Z,2042473360,2044486185,6.0,59265378,,4,Hưng Phú,tertiary
22836,2020-10-18T13:27:27.840Z,2020-10-18T13:27:27.840Z,2042473360,2042473713,23.0,59265378,,4,Hưng Phú,tertiary
22837,2020-10-18T13:27:27.842Z,2020-10-18T13:27:27.842Z,2042473713,2042473360,23.0,59265378,,4,Hưng Phú,tertiary
22838,2020-10-18T13:27:27.844Z,2020-10-18T13:27:27.844Z,2042473713,5802709327,29.0,59265378,,4,Hưng Phú,tertiary
22839,2020-10-18T13:27:27.846Z,2020-10-18T13:27:27.846Z,5802709327,2042473713,29.0,59265378,,4,Hưng Phú,tertiary
22840,2020-10-18T13:27:27.848Z,2020-10-18T13:27:27.848Z,5802709327,366376502,10.0,59265378,,4,Hưng Phú,tertiary
22841,2020-10-18T13:27:27.851Z,2020-10-18T13:27:27.851Z,366376502,5802709327,10.0,59265378,,4,Hưng Phú,tertiary
22842,2020-10-18T13:27:27.854Z,2020-10-18T13:27:27.854Z,366376502,366440647,45.0,59265378,,4,Hưng Phú,tertiary
22843,2020-10-18T13:27:27.857Z,2020-10-18T13:27:27.857Z,366440647,366376502,45.0,59265378,,4,Hưng Phú,tertiary
22844,2020-10-18T13:27:27.861Z,2020-10-18T13:27:27.861Z,366440647,746617437,40.0,59265378,,4,Hưng Phú,tertiary
22845,2020-10-18T13:27:27.863Z,2020-10-18T13:27:27.863Z,746617437,366440647,40.0,59265378,,4,Hưng Phú,tertiary
22846,2020-10-18T13:27:27.865Z,2020-10-18T13:27:27.865Z,746617437,2042473370,56.0,59265378,,4,Hưng Phú,tertiary
22847,2020-10-18T13:27:27.868Z,2020-10-18T13:27:27.868Z,2042473370,746617437,56.0,59265378,,4,Hưng Phú,tertiary
22866,2020-10-18T13:27:27.908Z,2020-10-18T13:27:27.908Z,366450608,5780574591,0.0,59265379,,4,Nguyễn Chí Thanh,tertiary
22867,2020-10-18T13:27:27.910Z,2020-10-18T13:27:27.910Z,5780574591,366450608,0.0,59265379,,4,Nguyễn Chí Thanh,tertiary
22868,2020-10-18T13:27:27.913Z,2020-10-18T13:27:27.913Z,5780574591,3184829222,38.0,59265379,,4,Nguyễn Chí Thanh,tertiary
22869,2020-10-18T13:27:27.916Z,2020-10-18T13:27:27.916Z,3184829222,5780574591,38.0,59265379,,4,Nguyễn Chí Thanh,tertiary
22870,2020-10-18T13:27:27.918Z,2020-10-18T13:27:27.918Z,3184829222,5051610762,9.0,59265379,,4,Nguyễn Chí Thanh,tertiary
22871,2020-10-18T13:27:27.924Z,2020-10-18T13:27:27.924Z,5051610762,3184829222,9.0,59265379,,4,Nguyễn Chí Thanh,tertiary
22872,2020-10-18T13:27:27.927Z,2020-10-18T13:27:27.927Z,5051610762,5051610764,21.0,59265379,,4,Nguyễn Chí Thanh,tertiary
22873,2020-10-18T13:27:27.930Z,2020-10-18T13:27:27.930Z,5051610764,5051610762,21.0,59265379,,4,Nguyễn Chí Thanh,tertiary
22874,2020-10-18T13:27:27.933Z,2020-10-18T13:27:27.933Z,5051610764,5051610776,17.0,59265379,,4,Nguyễn Chí Thanh,tertiary
22875,2020-10-18T13:27:27.936Z,2020-10-18T13:27:27.936Z,5051610776,5051610764,17.0,59265379,,4,Nguyễn Chí Thanh,tertiary
22876,2020-10-18T13:27:27.938Z,2020-10-18T13:27:27.938Z,5051610776,5803395576,92.0,59265379,,4,Nguyễn Chí Thanh,tertiary
22877,2020-10-18T13:27:27.942Z,2020-10-18T13:27:27.942Z,5803395576,5051610776,92.0,59265379,,4,Nguyễn Chí Thanh,tertiary
22878,2020-10-18T13:27:27.944Z,2020-10-18T13:27:27.944Z,5803395576,366474412,19.0,59265379,,4,Nguyễn Chí Thanh,tertiary
22879,2020-10-18T13:27:27.946Z,2020-10-18T13:27:27.946Z,366474412,5803395576,19.0,59265379,,4,Nguyễn Chí Thanh,tertiary
22880,2020-10-18T13:27:27.948Z,2020-10-18T13:27:27.948Z,366474412,366427992,11.0,59265379,,4,Nguyễn Chí Thanh,tertiary
22881,2020-10-18T13:27:27.951Z,2020-10-18T13:27:27.951Z,366427992,366474412,11.0,59265379,,4,Nguyễn Chí Thanh,tertiary
22882,2020-10-18T13:27:27.954Z,2020-10-18T13:27:27.954Z,366427992,366452532,103.0,59265379,,4,Nguyễn Chí Thanh,tertiary
22883,2020-10-18T13:27:27.956Z,2020-10-18T13:27:27.956Z,366452532,366427992,103.0,59265379,,4,Nguyễn Chí Thanh,tertiary
22920,2020-10-18T13:27:28.050Z,2021-04-04T09:47:08.935Z,4594841780,366374577,9.0,59265382,,3,Quận 8,primary_link
22921,2020-10-18T13:27:28.054Z,2021-04-04T09:47:10.211Z,366374577,2044486311,104.0,59265382,,3,Quận 8,primary_link
22922,2020-10-18T13:27:28.056Z,2021-04-04T09:47:11.480Z,2044486311,2044487222,61.0,59265382,,3,Quận 8,primary_link
22923,2020-10-18T13:27:28.057Z,2021-04-04T09:47:14.049Z,2044487222,1987338579,37.0,59265382,,3,Quận 8,primary_link
22924,2020-10-18T13:27:28.059Z,2021-04-04T09:47:15.590Z,1987338579,2044486215,6.0,59265382,,3,Quận 8,primary_link
22925,2020-10-18T13:27:28.061Z,2020-10-18T13:27:28.061Z,1998235300,4594994059,5.0,59265385,,4,Cầu Nguyễn Văn Cừ,tertiary
22926,2020-10-18T13:27:28.062Z,2020-10-18T13:27:28.062Z,4594994059,4594916760,3.0,59265385,,4,Cầu Nguyễn Văn Cừ,tertiary
22927,2020-10-18T13:27:28.064Z,2020-10-18T13:27:28.064Z,4594916760,4594565389,4.0,59265385,,4,Cầu Nguyễn Văn Cừ,tertiary
22928,2020-10-18T13:27:28.065Z,2020-10-18T13:27:28.065Z,4594565389,1987340005,4.0,59265385,,4,Cầu Nguyễn Văn Cừ,tertiary
22929,2020-10-18T13:27:28.067Z,2020-10-18T13:27:28.067Z,1987340005,734894518,5.0,59265385,,4,Cầu Nguyễn Văn Cừ,tertiary
22930,2020-10-18T13:27:28.070Z,2020-10-18T13:27:28.070Z,734894518,4594564188,5.0,59265385,,4,Cầu Nguyễn Văn Cừ,tertiary
22962,2020-10-18T13:27:28.143Z,2020-10-18T13:27:28.143Z,1767234522,1767821187,67.0,59449900,,4,Bến Vân Đồn,tertiary
22963,2020-10-18T13:27:28.145Z,2020-10-18T13:27:28.145Z,1767821187,2027773428,17.0,59449900,,4,Bến Vân Đồn,tertiary
22964,2020-10-18T13:27:28.147Z,2020-10-18T13:27:28.147Z,2027773428,4594586190,31.0,59449900,,4,Bến Vân Đồn,tertiary
22965,2020-10-18T13:27:28.149Z,2020-10-18T13:27:28.149Z,4594586190,1987339563,28.0,59449900,,4,Bến Vân Đồn,tertiary
22966,2020-10-18T13:27:28.152Z,2020-10-18T13:27:28.152Z,1987339563,4594586189,19.0,59449900,,4,Bến Vân Đồn,tertiary
22967,2020-10-18T13:27:28.154Z,2020-10-18T13:27:28.154Z,4594586189,2027772999,24.0,59449900,,4,Bến Vân Đồn,tertiary
22968,2020-10-18T13:27:28.157Z,2020-10-18T13:27:28.157Z,2027772999,366429097,83.0,59449900,,4,Bến Vân Đồn,tertiary
22969,2020-10-18T13:27:28.160Z,2020-10-18T13:27:28.160Z,366429097,1597983325,49.0,59449900,,4,Bến Vân Đồn,tertiary
22970,2020-10-18T13:27:28.162Z,2020-10-18T13:27:28.162Z,1597983325,366439426,20.0,59449900,,4,Bến Vân Đồn,tertiary
22971,2020-10-18T13:27:28.163Z,2020-10-18T13:27:28.163Z,366439426,1768404184,35.0,59449900,,4,Bến Vân Đồn,tertiary
22972,2020-10-18T13:27:28.165Z,2020-10-18T13:27:28.165Z,1768404184,366453699,49.0,59449900,,4,Bến Vân Đồn,tertiary
22973,2020-10-18T13:27:28.167Z,2020-10-18T13:27:28.167Z,366453699,5795319703,37.0,59449900,,4,Bến Vân Đồn,tertiary
22974,2020-10-18T13:27:28.168Z,2020-10-18T13:27:28.168Z,5795319703,366421101,39.0,59449900,,4,Bến Vân Đồn,tertiary
22975,2020-10-18T13:27:28.170Z,2020-10-18T13:27:28.170Z,366421101,4594693808,21.0,59449900,,4,Bến Vân Đồn,tertiary
22976,2020-10-18T13:27:28.171Z,2020-10-18T13:27:28.171Z,4594693808,4594693817,19.0,59449900,,4,Bến Vân Đồn,tertiary
22977,2020-10-18T13:27:28.172Z,2020-10-18T13:27:28.172Z,4594693817,4594693825,6.0,59449900,,4,Bến Vân Đồn,tertiary
22978,2020-10-18T13:27:28.181Z,2020-10-18T13:27:28.181Z,4594693825,4594693807,9.0,59449900,,4,Bến Vân Đồn,tertiary
22979,2020-10-18T13:27:28.184Z,2020-10-18T13:27:28.184Z,4594693807,5772502951,8.0,59449900,,4,Bến Vân Đồn,tertiary
22980,2020-10-18T13:27:28.186Z,2020-10-18T13:27:28.186Z,5772502951,4596177933,7.0,59449900,,4,Bến Vân Đồn,tertiary
22981,2020-10-18T13:27:28.188Z,2020-10-18T13:27:28.188Z,4596177933,738217337,15.0,59449900,,4,Bến Vân Đồn,tertiary
22982,2020-10-18T13:27:28.190Z,2020-10-18T13:27:28.190Z,738217337,366375808,12.0,59449900,,4,Bến Vân Đồn,tertiary
22983,2020-10-18T13:27:28.192Z,2020-10-18T13:27:28.192Z,366375808,4594693818,10.0,59449900,,4,Bến Vân Đồn,tertiary
22984,2020-10-18T13:27:28.194Z,2020-10-18T13:27:28.194Z,4594693818,2362584863,10.0,59449900,,4,Bến Vân Đồn,tertiary
22985,2020-10-18T13:27:28.196Z,2020-10-18T13:27:28.196Z,2362584863,4594693789,11.0,59449900,,4,Bến Vân Đồn,tertiary
22986,2020-10-18T13:27:28.198Z,2020-10-18T13:27:28.198Z,4594693789,4594693790,13.0,59449900,,4,Bến Vân Đồn,tertiary
22987,2020-10-18T13:27:28.201Z,2020-10-18T13:27:28.201Z,4594693790,5772092736,9.0,59449900,,4,Bến Vân Đồn,tertiary
22988,2020-10-18T13:27:28.203Z,2020-10-18T13:27:28.203Z,5772092736,4594693819,2.0,59449900,,4,Bến Vân Đồn,tertiary
22989,2020-10-18T13:27:28.205Z,2020-10-18T13:27:28.205Z,4594693819,1987943102,11.0,59449900,,4,Bến Vân Đồn,tertiary
22990,2020-10-18T13:27:28.207Z,2020-10-18T13:27:28.207Z,1987943102,4594693820,19.0,59449900,,4,Bến Vân Đồn,tertiary
22991,2020-10-18T13:27:28.209Z,2020-10-18T13:27:28.209Z,4594693820,4594693821,18.0,59449900,,4,Bến Vân Đồn,tertiary
22992,2020-10-18T13:27:28.210Z,2020-10-18T13:27:28.210Z,4594693821,4594693791,19.0,59449900,,4,Bến Vân Đồn,tertiary
22993,2020-10-18T13:27:28.212Z,2020-10-18T13:27:28.212Z,4594693791,366455483,15.0,59449900,,4,Bến Vân Đồn,tertiary
23004,2020-10-18T13:27:28.236Z,2020-10-18T13:27:28.236Z,2685998299,2685998300,11.0,59449908,,4,Cao Lỗ,tertiary
23005,2020-10-18T13:27:28.238Z,2020-10-18T13:27:28.238Z,2685998300,2685998299,11.0,59449908,,4,Cao Lỗ,tertiary
23006,2020-10-18T13:27:28.240Z,2020-10-18T13:27:28.240Z,2685998300,2685998301,10.0,59449908,,4,Cao Lỗ,tertiary
23007,2020-10-18T13:27:28.242Z,2020-10-18T13:27:28.242Z,2685998301,2685998300,10.0,59449908,,4,Cao Lỗ,tertiary
23008,2020-10-18T13:27:28.245Z,2020-10-18T13:27:28.245Z,2685998301,473364333,11.0,59449908,,4,Cao Lỗ,tertiary
23009,2020-10-18T13:27:28.247Z,2020-10-18T13:27:28.247Z,473364333,2685998301,11.0,59449908,,4,Cao Lỗ,tertiary
23659,2020-10-18T13:27:33.522Z,2020-10-18T13:27:33.522Z,2032267247,403582429,9.0,84721821,,4,Đường số 48,unclassified
23660,2020-10-18T13:27:33.527Z,2020-10-18T13:27:33.527Z,403582429,2032267247,9.0,84721821,,4,Đường số 48,unclassified
23661,2020-10-18T13:27:33.530Z,2020-10-18T13:27:33.530Z,403582429,5811529993,59.0,84721821,,4,Đường số 48,unclassified
23662,2020-10-18T13:27:33.532Z,2020-10-18T13:27:33.532Z,5811529993,403582429,59.0,84721821,,4,Đường số 48,unclassified
23663,2020-10-18T13:27:33.535Z,2020-10-18T13:27:33.535Z,5811529993,5811529979,51.0,84721821,,4,Đường số 48,unclassified
23664,2020-10-18T13:27:33.538Z,2020-10-18T13:27:33.538Z,5811529979,5811529993,51.0,84721821,,4,Đường số 48,unclassified
23665,2020-10-18T13:27:33.541Z,2020-10-18T13:27:33.541Z,5811529979,5811529977,80.0,84721821,,4,Đường số 48,unclassified
23666,2020-10-18T13:27:33.543Z,2020-10-18T13:27:33.543Z,5811529977,5811529979,80.0,84721821,,4,Đường số 48,unclassified
23667,2020-10-18T13:27:33.545Z,2020-10-18T13:27:33.545Z,5811529977,738217350,8.0,84721821,,4,Đường số 48,unclassified
23668,2020-10-18T13:27:33.548Z,2020-10-18T13:27:33.548Z,738217350,5811529977,8.0,84721821,,4,Đường số 48,unclassified
23669,2020-10-18T13:27:33.551Z,2020-10-18T13:27:33.551Z,738217350,5811529996,18.0,84721821,,4,Đường số 48,unclassified
23670,2020-10-18T13:27:33.556Z,2020-10-18T13:27:33.556Z,5811529996,738217350,18.0,84721821,,4,Đường số 48,unclassified
23671,2020-10-18T13:27:33.559Z,2020-10-18T13:27:33.559Z,5811529996,5778287253,26.0,84721821,,4,Đường số 48,unclassified
23672,2020-10-18T13:27:33.562Z,2020-10-18T13:27:33.562Z,5778287253,5811529996,26.0,84721821,,4,Đường số 48,unclassified
23673,2020-10-18T13:27:33.564Z,2020-10-18T13:27:33.564Z,5778287253,738217351,4.0,84721821,,4,Đường số 48,unclassified
23674,2020-10-18T13:27:33.567Z,2020-10-18T13:27:33.567Z,738217351,5778287253,4.0,84721821,,4,Đường số 48,unclassified
25663,2020-10-18T13:27:38.630Z,2020-10-18T13:27:38.630Z,5780574623,5780574622,30.0,146511208,,4,Ngô Quyền,tertiary
25664,2020-10-18T13:27:38.632Z,2020-10-18T13:27:38.632Z,5780574622,5780574623,30.0,146511208,,4,Ngô Quyền,tertiary
25665,2020-10-18T13:27:38.634Z,2020-10-18T13:27:38.634Z,5780574622,5780574621,14.0,146511208,,4,Ngô Quyền,tertiary
25666,2020-10-18T13:27:38.636Z,2020-10-18T13:27:38.636Z,5780574621,5780574622,14.0,146511208,,4,Ngô Quyền,tertiary
25667,2020-10-18T13:27:38.638Z,2020-10-18T13:27:38.638Z,5780574621,5780574620,5.0,146511208,,4,Ngô Quyền,tertiary
25668,2020-10-18T13:27:38.640Z,2020-10-18T13:27:38.640Z,5780574620,5780574621,5.0,146511208,,4,Ngô Quyền,tertiary
25669,2020-10-18T13:27:38.642Z,2020-10-18T13:27:38.642Z,5780574620,5780574619,18.0,146511208,,4,Ngô Quyền,tertiary
25670,2020-10-18T13:27:38.644Z,2020-10-18T13:27:38.644Z,5780574619,5780574620,18.0,146511208,,4,Ngô Quyền,tertiary
25671,2020-10-18T13:27:38.646Z,2020-10-18T13:27:38.646Z,5780574619,5780574618,13.0,146511208,,4,Ngô Quyền,tertiary
25672,2020-10-18T13:27:38.649Z,2020-10-18T13:27:38.649Z,5780574618,5780574619,13.0,146511208,,4,Ngô Quyền,tertiary
25673,2020-10-18T13:27:38.651Z,2020-10-18T13:27:38.651Z,5780574618,5780574617,36.0,146511208,,4,Ngô Quyền,tertiary
25674,2020-10-18T13:27:38.653Z,2020-10-18T13:27:38.653Z,5780574617,5780574618,36.0,146511208,,4,Ngô Quyền,tertiary
25675,2020-10-18T13:27:38.677Z,2020-10-18T13:27:38.677Z,5780574617,5780574616,33.0,146511208,,4,Ngô Quyền,tertiary
25676,2020-10-18T13:27:38.681Z,2020-10-18T13:27:38.681Z,5780574616,5780574617,33.0,146511208,,4,Ngô Quyền,tertiary
25677,2020-10-18T13:27:38.683Z,2020-10-18T13:27:38.683Z,5780574616,5780574615,16.0,146511208,,4,Ngô Quyền,tertiary
25678,2020-10-18T13:27:38.687Z,2020-10-18T13:27:38.687Z,5780574615,5780574616,16.0,146511208,,4,Ngô Quyền,tertiary
25679,2020-10-18T13:27:38.690Z,2020-10-18T13:27:38.690Z,5780574615,5780574614,14.0,146511208,,4,Ngô Quyền,tertiary
25680,2020-10-18T13:27:38.693Z,2020-10-18T13:27:38.693Z,5780574614,5780574615,14.0,146511208,,4,Ngô Quyền,tertiary
25681,2020-10-18T13:27:38.696Z,2020-10-18T13:27:38.696Z,5780574614,5780574613,15.0,146511208,,4,Ngô Quyền,tertiary
25682,2020-10-18T13:27:38.699Z,2020-10-18T13:27:38.699Z,5780574613,5780574614,15.0,146511208,,4,Ngô Quyền,tertiary
25683,2020-10-18T13:27:38.702Z,2020-10-18T13:27:38.702Z,5780574613,5780574612,14.0,146511208,,4,Ngô Quyền,tertiary
25684,2020-10-18T13:27:38.706Z,2020-10-18T13:27:38.706Z,5780574612,5780574613,14.0,146511208,,4,Ngô Quyền,tertiary
25685,2020-10-18T13:27:38.709Z,2020-10-18T13:27:38.709Z,5780574612,5780574611,25.0,146511208,,4,Ngô Quyền,tertiary
25686,2020-10-18T13:27:38.712Z,2020-10-18T13:27:38.712Z,5780574611,5780574612,25.0,146511208,,4,Ngô Quyền,tertiary
25687,2020-10-18T13:27:38.715Z,2020-10-18T13:27:38.715Z,5780574611,5780574610,26.0,146511208,,4,Ngô Quyền,tertiary
25688,2020-10-18T13:27:38.718Z,2020-10-18T13:27:38.718Z,5780574610,5780574611,26.0,146511208,,4,Ngô Quyền,tertiary
25689,2020-10-18T13:27:38.721Z,2020-10-18T13:27:38.721Z,5780574610,5780574609,23.0,146511208,,4,Ngô Quyền,tertiary
25690,2020-10-18T13:27:38.723Z,2020-10-18T13:27:38.723Z,5780574609,5780574610,23.0,146511208,,4,Ngô Quyền,tertiary
25691,2020-10-18T13:27:38.726Z,2020-10-18T13:27:38.726Z,5780574609,5780574608,19.0,146511208,,4,Ngô Quyền,tertiary
25692,2020-10-18T13:27:38.728Z,2020-10-18T13:27:38.728Z,5780574608,5780574609,19.0,146511208,,4,Ngô Quyền,tertiary
25693,2020-10-18T13:27:38.730Z,2020-10-18T13:27:38.730Z,5780574608,5780574607,26.0,146511208,,4,Ngô Quyền,tertiary
25694,2020-10-18T13:27:38.733Z,2020-10-18T13:27:38.733Z,5780574607,5780574608,26.0,146511208,,4,Ngô Quyền,tertiary
25695,2020-10-18T13:27:38.735Z,2020-10-18T13:27:38.735Z,5780574607,5780574606,41.0,146511208,,4,Ngô Quyền,tertiary
25696,2020-10-18T13:27:38.736Z,2020-10-18T13:27:38.736Z,5780574606,5780574607,41.0,146511208,,4,Ngô Quyền,tertiary
25697,2020-10-18T13:27:38.738Z,2020-10-18T13:27:38.738Z,5780574606,5780574605,8.0,146511208,,4,Ngô Quyền,tertiary
25698,2020-10-18T13:27:38.740Z,2020-10-18T13:27:38.740Z,5780574605,5780574606,8.0,146511208,,4,Ngô Quyền,tertiary
25699,2020-10-18T13:27:38.755Z,2020-10-18T13:27:38.755Z,5780574605,5780574604,22.0,146511208,,4,Ngô Quyền,tertiary
25700,2020-10-18T13:27:38.758Z,2020-10-18T13:27:38.758Z,5780574604,5780574605,22.0,146511208,,4,Ngô Quyền,tertiary
25701,2020-10-18T13:27:38.761Z,2020-10-18T13:27:38.761Z,5780574604,5780574603,8.0,146511208,,4,Ngô Quyền,tertiary
25702,2020-10-18T13:27:38.763Z,2020-10-18T13:27:38.763Z,5780574603,5780574604,8.0,146511208,,4,Ngô Quyền,tertiary
25703,2020-10-18T13:27:38.765Z,2020-10-18T13:27:38.765Z,5780574603,5780574602,22.0,146511208,,4,Ngô Quyền,tertiary
25704,2020-10-18T13:27:38.767Z,2020-10-18T13:27:38.767Z,5780574602,5780574603,22.0,146511208,,4,Ngô Quyền,tertiary
25705,2020-10-18T13:27:38.768Z,2020-10-18T13:27:38.768Z,5780574602,5780574601,28.0,146511208,,4,Ngô Quyền,tertiary
25706,2020-10-18T13:27:38.770Z,2020-10-18T13:27:38.770Z,5780574601,5780574602,28.0,146511208,,4,Ngô Quyền,tertiary
25707,2020-10-18T13:27:38.771Z,2020-10-18T13:27:38.771Z,5780574601,5780574600,19.0,146511208,,4,Ngô Quyền,tertiary
25708,2020-10-18T13:27:38.773Z,2020-10-18T13:27:38.773Z,5780574600,5780574601,19.0,146511208,,4,Ngô Quyền,tertiary
25709,2020-10-18T13:27:38.774Z,2020-10-18T13:27:38.774Z,5780574600,5780574599,8.0,146511208,,4,Ngô Quyền,tertiary
25710,2020-10-18T13:27:38.776Z,2020-10-18T13:27:38.776Z,5780574599,5780574600,8.0,146511208,,4,Ngô Quyền,tertiary
25711,2020-10-18T13:27:38.778Z,2020-10-18T13:27:38.778Z,5780574599,5780574598,30.0,146511208,,4,Ngô Quyền,tertiary
25712,2020-10-18T13:27:38.779Z,2020-10-18T13:27:38.779Z,5780574598,5780574599,30.0,146511208,,4,Ngô Quyền,tertiary
25713,2020-10-18T13:27:38.781Z,2020-10-18T13:27:38.781Z,5780574598,5780574597,28.0,146511208,,4,Ngô Quyền,tertiary
25714,2020-10-18T13:27:38.783Z,2020-10-18T13:27:38.783Z,5780574597,5780574598,28.0,146511208,,4,Ngô Quyền,tertiary
25715,2020-10-18T13:27:38.785Z,2020-10-18T13:27:38.785Z,5780574597,5780574596,30.0,146511208,,4,Ngô Quyền,tertiary
25716,2020-10-18T13:27:38.786Z,2020-10-18T13:27:38.786Z,5780574596,5780574597,30.0,146511208,,4,Ngô Quyền,tertiary
25717,2020-10-18T13:27:38.789Z,2020-10-18T13:27:38.789Z,5780574596,5780574595,37.0,146511208,,4,Ngô Quyền,tertiary
25718,2020-10-18T13:27:38.792Z,2020-10-18T13:27:38.792Z,5780574595,5780574596,37.0,146511208,,4,Ngô Quyền,tertiary
25719,2020-10-18T13:27:38.795Z,2020-10-18T13:27:38.795Z,5780574595,5780574594,36.0,146511208,,4,Ngô Quyền,tertiary
25720,2020-10-18T13:27:38.797Z,2020-10-18T13:27:38.797Z,5780574594,5780574595,36.0,146511208,,4,Ngô Quyền,tertiary
25721,2020-10-18T13:27:38.798Z,2020-10-18T13:27:38.798Z,5780574594,5788957692,8.0,146511208,,4,Ngô Quyền,tertiary
25722,2020-10-18T13:27:38.802Z,2020-10-18T13:27:38.802Z,5788957692,5780574594,8.0,146511208,,4,Ngô Quyền,tertiary
26261,2020-10-18T13:27:40.157Z,2020-10-18T13:27:40.157Z,5758114505,411921177,33.0,152992067,,4,Nguyễn Thiện Thuật,tertiary
26262,2020-10-18T13:27:40.160Z,2020-10-18T13:27:40.160Z,411921177,5758114505,33.0,152992067,,4,Nguyễn Thiện Thuật,tertiary
26263,2020-10-18T13:27:40.162Z,2020-10-18T13:27:40.162Z,411921177,411920544,71.0,152992067,,4,Nguyễn Thiện Thuật,tertiary
26264,2020-10-18T13:27:40.165Z,2020-10-18T13:27:40.165Z,411920544,411921177,71.0,152992067,,4,Nguyễn Thiện Thuật,tertiary
26265,2020-10-18T13:27:40.167Z,2020-10-18T13:27:40.167Z,411920544,411920408,78.0,152992067,,4,Nguyễn Thiện Thuật,tertiary
26266,2020-10-18T13:27:40.170Z,2020-10-18T13:27:40.170Z,411920408,411920544,78.0,152992067,,4,Nguyễn Thiện Thuật,tertiary
26267,2020-10-18T13:27:40.173Z,2020-10-18T13:27:40.173Z,411920408,411921110,71.0,152992067,,4,Nguyễn Thiện Thuật,tertiary
26268,2020-10-18T13:27:40.179Z,2020-10-18T13:27:40.179Z,411921110,411920408,71.0,152992067,,4,Nguyễn Thiện Thuật,tertiary
26269,2020-10-18T13:27:40.182Z,2020-10-18T13:27:40.182Z,411921110,3164261853,105.0,152992067,,4,Nguyễn Thiện Thuật,tertiary
26270,2020-10-18T13:27:40.185Z,2020-10-18T13:27:40.185Z,3164261853,411921110,105.0,152992067,,4,Nguyễn Thiện Thuật,tertiary
26271,2020-10-18T13:27:40.189Z,2020-10-18T13:27:40.189Z,3164261853,411918314,16.0,152992067,,4,Nguyễn Thiện Thuật,tertiary
26272,2020-10-18T13:27:40.192Z,2020-10-18T13:27:40.192Z,411918314,3164261853,16.0,152992067,,4,Nguyễn Thiện Thuật,tertiary
26273,2020-10-18T13:27:40.194Z,2020-10-18T13:27:40.194Z,411918314,411925088,18.0,152992067,,4,Nguyễn Thiện Thuật,tertiary
26274,2020-10-18T13:27:40.197Z,2020-10-18T13:27:40.197Z,411925088,411918314,18.0,152992067,,4,Nguyễn Thiện Thuật,tertiary
26275,2020-10-18T13:27:40.199Z,2020-10-18T13:27:40.199Z,411925088,5764817340,79.0,152992067,,4,Nguyễn Thiện Thuật,tertiary
26276,2020-10-18T13:27:40.202Z,2020-10-18T13:27:40.202Z,5764817340,411925088,79.0,152992067,,4,Nguyễn Thiện Thuật,tertiary
26277,2020-10-18T13:27:40.204Z,2021-04-04T09:55:14.814Z,4631143728,2364075311,11.0,152992969,,3,Đường Trần Hưng Ðạo,secondary
26642,2020-10-18T13:27:41.064Z,2020-10-18T13:27:41.064Z,5788957691,5788957690,87.0,164921836,,4,Nguyễn Chí Thanh,tertiary
26643,2020-10-18T13:27:41.066Z,2020-10-18T13:27:41.066Z,5788957690,5788957691,87.0,164921836,,4,Nguyễn Chí Thanh,tertiary
26644,2020-10-18T13:27:41.067Z,2020-10-18T13:27:41.067Z,5788957690,5788957689,77.0,164921836,,4,Nguyễn Chí Thanh,tertiary
26645,2020-10-18T13:27:41.068Z,2020-10-18T13:27:41.068Z,5788957689,5788957690,77.0,164921836,,4,Nguyễn Chí Thanh,tertiary
26646,2020-10-18T13:27:41.070Z,2020-10-18T13:27:41.070Z,5788957689,5788957688,31.0,164921836,,4,Nguyễn Chí Thanh,tertiary
26647,2020-10-18T13:27:41.073Z,2020-10-18T13:27:41.073Z,5788957688,5788957689,31.0,164921836,,4,Nguyễn Chí Thanh,tertiary
26648,2020-10-18T13:27:41.075Z,2020-10-18T13:27:41.075Z,5788957688,5803394839,90.0,164921836,,4,Nguyễn Chí Thanh,tertiary
26649,2020-10-18T13:27:41.077Z,2020-10-18T13:27:41.077Z,5803394839,5788957688,90.0,164921836,,4,Nguyễn Chí Thanh,tertiary
26650,2020-10-18T13:27:41.079Z,2020-10-18T13:27:41.079Z,5803394839,5788957687,11.0,164921836,,4,Nguyễn Chí Thanh,tertiary
26651,2020-10-18T13:27:41.082Z,2020-10-18T13:27:41.082Z,5788957687,5803394839,11.0,164921836,,4,Nguyễn Chí Thanh,tertiary
26652,2020-10-18T13:27:41.083Z,2020-10-18T13:27:41.083Z,5788957687,5788957686,18.0,164921836,,4,Nguyễn Chí Thanh,tertiary
26653,2020-10-18T13:27:41.085Z,2020-10-18T13:27:41.085Z,5788957686,5788957687,18.0,164921836,,4,Nguyễn Chí Thanh,tertiary
26654,2020-10-18T13:27:41.086Z,2020-10-18T13:27:41.086Z,5788957686,366450608,33.0,164921836,,4,Nguyễn Chí Thanh,tertiary
26655,2020-10-18T13:27:41.088Z,2020-10-18T13:27:41.088Z,366450608,5788957686,33.0,164921836,,4,Nguyễn Chí Thanh,tertiary
26656,2020-10-18T13:27:41.090Z,2020-10-18T13:27:41.090Z,1767203803,5735791251,10.0,165149818,,4,Cầu Calmette,tertiary
26657,2020-10-18T13:27:41.092Z,2020-10-18T13:27:41.092Z,5735791251,1767203801,4.0,165149818,,4,Cầu Calmette,tertiary
26658,2020-10-18T13:27:41.094Z,2020-10-18T13:27:41.094Z,1767203801,5735791255,7.0,165149818,,4,Cầu Calmette,tertiary
26660,2020-10-18T13:27:41.098Z,2020-10-18T13:27:41.098Z,1768404192,2032267415,36.0,165150831,,2,Cầu Ông Lãnh,primary
26661,2020-10-18T13:27:41.099Z,2020-10-18T13:27:41.099Z,2032267415,1997244047,25.0,165150831,,2,Cầu Ông Lãnh,primary
26662,2020-10-18T13:27:41.101Z,2020-10-18T13:27:41.101Z,1997244047,714567128,29.0,165150831,,2,Cầu Ông Lãnh,primary
26663,2020-10-18T13:27:41.103Z,2020-10-18T13:27:41.103Z,714567128,1987943092,34.0,165150831,,2,Cầu Ông Lãnh,primary
26664,2020-10-18T13:27:41.105Z,2020-10-18T13:27:41.105Z,1987943092,2032267348,100.0,165150831,,2,Cầu Ông Lãnh,primary
26709,2020-10-18T13:27:41.108Z,2020-10-18T13:27:41.108Z,2032267348,2358137423,86.08290676834609,165150831,,2,Cầu Ông Lãnh,primary
84637,2020-10-18T13:27:41.108Z,2020-10-18T13:27:41.108Z,2358137423,2032267441,11.91709323165391,165150831,,2,Cầu Ông Lãnh,primary
26710,2020-10-18T13:27:41.110Z,2020-10-18T13:27:41.110Z,2032267441,1996654700,14.826668807089222,165150831,,2,Cầu Ông Lãnh,primary
84638,2020-10-18T13:27:41.110Z,2020-10-18T13:27:41.110Z,1996654700,4594765219,14.173331192910778,165150831,,2,Cầu Ông Lãnh,primary
26667,2020-10-18T13:27:41.113Z,2020-10-18T13:27:41.113Z,4594765219,1767231969,20.0,165150831,,2,Cầu Ông Lãnh,primary
26668,2020-10-18T13:27:41.114Z,2020-10-18T13:27:41.114Z,1767231969,4594765218,18.0,165150831,,2,Cầu Ông Lãnh,primary
26669,2020-10-18T13:27:41.116Z,2020-10-18T13:27:41.116Z,4594765218,2032267185,29.0,165150831,,2,Cầu Ông Lãnh,primary
26670,2020-10-18T13:27:41.118Z,2020-10-18T13:27:41.118Z,2032267185,411918861,83.0,165150831,,2,Cầu Ông Lãnh,primary
26671,2020-10-18T13:27:41.120Z,2020-10-18T13:27:41.120Z,1767234521,1767234522,39.0,165152362,,4,Cầu Dừa,tertiary
26672,2020-10-18T13:27:41.123Z,2020-10-18T13:27:41.123Z,1767760204,5814168790,4.0,165216642,,3,Nguyễn Văn Cừ,trunk_link
26673,2020-10-18T13:27:41.125Z,2020-10-18T13:27:41.125Z,5814168790,1767760231,12.0,165216642,,3,Nguyễn Văn Cừ,trunk_link
26674,2020-10-18T13:27:41.127Z,2020-10-18T13:27:41.127Z,1767760231,3338020094,10.0,165216642,,3,Nguyễn Văn Cừ,trunk_link
26675,2020-10-18T13:27:41.128Z,2020-10-18T13:27:41.128Z,3338020094,1996655828,9.0,165216642,,3,Nguyễn Văn Cừ,trunk_link
26676,2020-10-18T13:27:41.130Z,2020-10-18T13:27:41.130Z,1996655828,3338020105,7.0,165216642,,3,Nguyễn Văn Cừ,trunk_link
26677,2020-10-18T13:27:41.131Z,2020-10-18T13:27:41.131Z,3338020105,1767760198,7.0,165216642,,3,Nguyễn Văn Cừ,trunk_link
26678,2020-10-18T13:27:41.133Z,2020-10-18T13:27:41.133Z,1767760198,1767760230,104.0,165216642,,3,Nguyễn Văn Cừ,trunk_link
26679,2020-10-18T13:27:41.136Z,2020-10-18T13:27:41.136Z,1767760230,1767760262,41.0,165216642,,3,Nguyễn Văn Cừ,trunk_link
26680,2020-10-18T13:27:41.140Z,2020-10-18T13:27:41.140Z,1767760262,1767760220,24.0,165216642,,3,Nguyễn Văn Cừ,trunk_link
26681,2020-10-18T13:27:41.143Z,2020-10-18T13:27:41.143Z,2289920280,1767760237,23.0,165216643,,3,Nguyễn Văn Cừ,trunk_link
26682,2020-10-18T13:27:41.146Z,2020-10-18T13:27:41.146Z,1767760237,1767760267,37.0,165216643,,3,Nguyễn Văn Cừ,trunk_link
26683,2020-10-18T13:27:41.149Z,2020-10-18T13:27:41.149Z,1767760267,1998235314,23.0,165216643,,3,Nguyễn Văn Cừ,trunk_link
26684,2020-10-18T13:27:41.152Z,2020-10-18T13:27:41.152Z,1998235314,1998235322,31.0,165216643,,3,Nguyễn Văn Cừ,trunk_link
26685,2020-10-18T13:27:41.154Z,2020-10-18T13:27:41.154Z,1998235322,1998235326,24.0,165216643,,3,Nguyễn Văn Cừ,trunk_link
26686,2020-10-18T13:27:41.157Z,2020-10-18T13:27:41.157Z,1998235326,1767760195,32.0,165216643,,3,Nguyễn Văn Cừ,trunk_link
26687,2020-10-18T13:27:41.159Z,2020-10-18T13:27:41.159Z,1767760195,3338019292,13.0,165216643,,3,Nguyễn Văn Cừ,trunk_link
26688,2020-10-18T13:27:41.161Z,2020-10-18T13:27:41.161Z,3338019292,1996655654,4.0,165216643,,3,Nguyễn Văn Cừ,trunk_link
26689,2020-10-18T13:27:41.163Z,2020-10-18T13:27:41.163Z,1996655654,3338019280,10.0,165216643,,3,Nguyễn Văn Cừ,trunk_link
26690,2020-10-18T13:27:41.165Z,2020-10-18T13:27:41.165Z,3338019280,1767760234,9.0,165216643,,3,Nguyễn Văn Cừ,trunk_link
26691,2020-10-18T13:27:41.171Z,2020-10-18T13:27:41.171Z,1767760234,5814168791,11.0,165216643,,3,Nguyễn Văn Cừ,trunk_link
26692,2020-10-18T13:27:41.173Z,2020-10-18T13:27:41.173Z,5814168791,4419663830,5.0,165216643,,3,Nguyễn Văn Cừ,trunk_link
26693,2020-10-18T13:27:41.175Z,2020-10-18T13:27:41.175Z,1767760217,1998235260,7.0,165216644,,4,Cầu Nguyễn Văn Cừ,tertiary
26694,2020-10-18T13:27:41.177Z,2020-10-18T13:27:41.177Z,1998235260,5772502891,6.0,165216644,,4,Cầu Nguyễn Văn Cừ,tertiary
26695,2020-10-18T13:27:41.179Z,2020-10-18T13:27:41.179Z,5772502891,1767760225,8.0,165216644,,4,Cầu Nguyễn Văn Cừ,tertiary
26696,2020-10-18T13:27:41.181Z,2020-10-18T13:27:41.181Z,1767760225,1998235332,7.0,165216644,,4,Cầu Nguyễn Văn Cừ,tertiary
26697,2020-10-18T13:27:41.183Z,2020-10-18T13:27:41.183Z,1998235332,1767760224,6.0,165216644,,4,Cầu Nguyễn Văn Cừ,tertiary
26698,2020-10-18T13:27:41.185Z,2020-10-18T13:27:41.185Z,1767760224,1767760271,7.0,165216644,,4,Cầu Nguyễn Văn Cừ,tertiary
26699,2020-10-18T13:27:41.187Z,2020-10-18T13:27:41.187Z,5800683733,5813779719,12.0,165216646,,4,Nguyễn Thị Tần,tertiary
26700,2020-10-18T13:27:41.189Z,2020-10-18T13:27:41.189Z,5813779719,5800683733,12.0,165216646,,4,Nguyễn Thị Tần,tertiary
26701,2020-10-18T13:27:41.191Z,2020-10-18T13:27:41.191Z,5813779719,366463306,68.0,165216646,,4,Nguyễn Thị Tần,tertiary
26702,2020-10-18T13:27:41.193Z,2020-10-18T13:27:41.193Z,366463306,5813779719,68.0,165216646,,4,Nguyễn Thị Tần,tertiary
26703,2020-10-18T13:27:41.194Z,2021-04-04T09:55:16.243Z,5772092880,1987338525,57.0,165216647,,2,Bến Vân Đồn,primary
26704,2020-10-18T13:27:41.196Z,2021-04-04T09:55:18.718Z,1987338525,5772092878,49.0,165216647,,2,Bến Vân Đồn,primary
26705,2020-10-18T13:27:41.198Z,2021-04-04T09:55:19.940Z,5772092878,1767760227,49.0,165216647,,2,Bến Vân Đồn,primary
26706,2020-10-18T13:27:41.201Z,2021-04-04T09:55:24.343Z,1767760227,4594693824,23.0,165216647,,2,Bến Vân Đồn,primary
26707,2020-10-18T13:27:41.210Z,2021-04-04T09:55:25.777Z,4594693824,4594790873,13.0,165216647,,2,Bến Vân Đồn,primary
26708,2020-10-18T13:27:41.213Z,2021-04-04T09:55:27.082Z,4594790873,4594790872,19.0,165216647,,2,Bến Vân Đồn,primary
26746,2020-10-18T13:27:41.301Z,2020-10-18T13:27:41.301Z,1767909393,5772092869,12.0,165227986,60.0,3,Đường hầm sông Sài Gòn,trunk_link
26749,2020-10-18T13:27:41.306Z,2020-10-18T13:27:41.306Z,1767909393,2025938533,9.0,165228001,,2,Võ Văn Kiệt,primary
26761,2020-10-18T13:27:41.332Z,2020-10-18T13:27:41.332Z,2025938531,2025938529,26.0,165228008,,3,Võ Văn Kiệt,trunk_link
26762,2020-10-18T13:27:41.334Z,2020-10-18T13:27:41.334Z,2025938529,1767909382,92.0,165228008,,3,Võ Văn Kiệt,trunk_link
26793,2020-10-18T13:27:41.408Z,2021-04-04T09:55:50.631Z,2305201711,2305201712,10.0,165283698,,2,Đường Nguyễn Thái Học,primary
26794,2020-10-18T13:27:41.409Z,2021-04-04T09:55:52.112Z,2305201712,2305201708,50.0,165283698,,2,Nguyễn Thái Học,primary
26795,2020-10-18T13:27:41.411Z,2021-04-04T09:55:54.728Z,2305201708,1768404192,27.0,165283698,,2,Nguyễn Thái Học,primary
26804,2020-10-18T13:27:41.428Z,2020-10-18T13:27:41.428Z,5778222836,1768404135,8.0,165283704,,4,Vĩnh Hội,unclassified
26805,2020-10-18T13:27:41.430Z,2020-10-18T13:27:41.430Z,1768404135,5778222836,8.0,165283704,,4,Vĩnh Hội,unclassified
26806,2020-10-18T13:27:41.431Z,2020-10-18T13:27:41.431Z,1768404135,5778222835,90.0,165283704,,4,Vĩnh Hội,unclassified
26807,2020-10-18T13:27:41.433Z,2020-10-18T13:27:41.433Z,5778222835,1768404135,90.0,165283704,,4,Vĩnh Hội,unclassified
26808,2020-10-18T13:27:41.434Z,2020-10-18T13:27:41.434Z,5778222835,1768404194,2.0,165283704,,4,Vĩnh Hội,unclassified
26809,2020-10-18T13:27:41.436Z,2020-10-18T13:27:41.436Z,1768404194,5778222835,2.0,165283704,,4,Vĩnh Hội,unclassified
26876,2020-10-18T13:27:41.616Z,2020-10-18T13:27:41.616Z,725885085,1769277482,58.0,165378165,,4,Lê Lợi,tertiary
26894,2020-10-18T13:27:41.684Z,2020-10-18T13:27:41.684Z,2358232101,2358234404,114.0,165792410,,4,Cầu Nguyễn Kiệu,tertiary
26994,2020-10-18T13:27:41.901Z,2020-10-18T13:27:41.901Z,383553866,366401128,113.0,168038880,,4,Cầu Nguyễn Kiệu,tertiary
27104,2020-10-18T13:27:42.156Z,2020-10-18T13:27:42.156Z,5462422209,5813691633,6.0,168038884,,4,Trần Xuân Soạn,tertiary
27105,2020-10-18T13:27:42.162Z,2020-10-18T13:27:42.162Z,5813691633,5462422209,6.0,168038884,,4,Trần Xuân Soạn,tertiary
27106,2020-10-18T13:27:42.166Z,2020-10-18T13:27:42.166Z,5813691633,2692556747,7.0,168038884,,4,Trần Xuân Soạn,tertiary
27107,2020-10-18T13:27:42.168Z,2020-10-18T13:27:42.168Z,2692556747,5813691633,7.0,168038884,,4,Trần Xuân Soạn,tertiary
27108,2020-10-18T13:27:42.172Z,2020-10-18T13:27:42.172Z,2692556747,2309294271,9.0,168038884,,4,Trần Xuân Soạn,tertiary
27109,2020-10-18T13:27:42.175Z,2020-10-18T13:27:42.175Z,2309294271,2692556747,9.0,168038884,,4,Trần Xuân Soạn,tertiary
27110,2020-10-18T13:27:42.177Z,2020-10-18T13:27:42.177Z,2309294271,5813691634,28.0,168038884,,4,Trần Xuân Soạn,tertiary
27111,2020-10-18T13:27:42.180Z,2020-10-18T13:27:42.180Z,5813691634,2309294271,28.0,168038884,,4,Trần Xuân Soạn,tertiary
27112,2020-10-18T13:27:42.184Z,2020-10-18T13:27:42.184Z,5813691634,2156217894,28.0,168038884,,4,Trần Xuân Soạn,tertiary
27113,2020-10-18T13:27:42.187Z,2020-10-18T13:27:42.187Z,2156217894,5813691634,28.0,168038884,,4,Trần Xuân Soạn,tertiary
27114,2020-10-18T13:27:42.190Z,2020-10-18T13:27:42.190Z,2156217894,3171499320,20.0,168038884,,4,Trần Xuân Soạn,tertiary
27115,2020-10-18T13:27:42.193Z,2020-10-18T13:27:42.193Z,3171499320,2156217894,20.0,168038884,,4,Trần Xuân Soạn,tertiary
27116,2020-10-18T13:27:42.196Z,2020-10-18T13:27:42.196Z,3171499320,2154852773,21.0,168038884,,4,Trần Xuân Soạn,tertiary
27117,2020-10-18T13:27:42.199Z,2020-10-18T13:27:42.199Z,2154852773,3171499320,21.0,168038884,,4,Trần Xuân Soạn,tertiary
27118,2020-10-18T13:27:42.202Z,2020-10-18T13:27:42.202Z,2154852773,2156217910,45.0,168038884,,4,Trần Xuân Soạn,tertiary
27119,2020-10-18T13:27:42.207Z,2020-10-18T13:27:42.207Z,2156217910,2154852773,45.0,168038884,,4,Trần Xuân Soạn,tertiary
27120,2020-10-18T13:27:42.210Z,2020-10-18T13:27:42.210Z,2156217910,2692556767,33.0,168038884,,4,Trần Xuân Soạn,tertiary
27121,2020-10-18T13:27:42.214Z,2020-10-18T13:27:42.214Z,2692556767,2156217910,33.0,168038884,,4,Trần Xuân Soạn,tertiary
27122,2020-10-18T13:27:42.217Z,2020-10-18T13:27:42.217Z,2692556767,366372405,30.0,168038884,,4,Trần Xuân Soạn,tertiary
27123,2020-10-18T13:27:42.220Z,2020-10-18T13:27:42.220Z,366372405,2692556767,30.0,168038884,,4,Trần Xuân Soạn,tertiary
27124,2020-10-18T13:27:42.223Z,2020-10-18T13:27:42.223Z,366372405,2692556769,29.0,168038884,,4,Trần Xuân Soạn,tertiary
27125,2020-10-18T13:27:42.226Z,2020-10-18T13:27:42.226Z,2692556769,366372405,29.0,168038884,,4,Trần Xuân Soạn,tertiary
27126,2020-10-18T13:27:42.229Z,2020-10-18T13:27:42.229Z,2692556769,366469352,24.0,168038884,,4,Trần Xuân Soạn,tertiary
27127,2020-10-18T13:27:42.233Z,2020-10-18T13:27:42.233Z,366469352,2692556769,24.0,168038884,,4,Trần Xuân Soạn,tertiary
27128,2020-10-18T13:27:42.237Z,2020-10-18T13:27:42.237Z,366469352,366381209,8.0,168038884,,4,Trần Xuân Soạn,tertiary
27129,2020-10-18T13:27:42.241Z,2020-10-18T13:27:42.241Z,366381209,366469352,8.0,168038884,,4,Trần Xuân Soạn,tertiary
27130,2020-10-18T13:27:42.244Z,2020-10-18T13:27:42.244Z,366381209,2692556772,15.0,168038884,,4,Trần Xuân Soạn,tertiary
27131,2020-10-18T13:27:42.248Z,2020-10-18T13:27:42.248Z,2692556772,366381209,15.0,168038884,,4,Trần Xuân Soạn,tertiary
27132,2020-10-18T13:27:42.251Z,2020-10-18T13:27:42.251Z,2692556772,2692556774,27.0,168038884,,4,Trần Xuân Soạn,tertiary
27133,2020-10-18T13:27:42.254Z,2020-10-18T13:27:42.254Z,2692556774,2692556772,27.0,168038884,,4,Trần Xuân Soạn,tertiary
27134,2020-10-18T13:27:42.257Z,2020-10-18T13:27:42.257Z,2692556774,366438592,63.0,168038884,,4,Trần Xuân Soạn,tertiary
27135,2020-10-18T13:27:42.260Z,2020-10-18T13:27:42.260Z,366438592,2692556774,63.0,168038884,,4,Trần Xuân Soạn,tertiary
27136,2020-10-18T13:27:42.264Z,2020-10-18T13:27:42.264Z,366438592,366431629,129.0,168038884,,4,Trần Xuân Soạn,tertiary
27137,2020-10-18T13:27:42.268Z,2020-10-18T13:27:42.268Z,366431629,366438592,129.0,168038884,,4,Trần Xuân Soạn,tertiary
27138,2020-10-18T13:27:42.272Z,2020-10-18T13:27:42.272Z,366431629,3171499319,32.0,168038884,,4,Trần Xuân Soạn,tertiary
27139,2020-10-18T13:27:42.276Z,2020-10-18T13:27:42.276Z,3171499319,366431629,32.0,168038884,,4,Trần Xuân Soạn,tertiary
27140,2020-10-18T13:27:42.280Z,2020-10-18T13:27:42.280Z,3171499319,5813622284,56.0,168038884,,4,Trần Xuân Soạn,tertiary
27141,2020-10-18T13:27:42.283Z,2020-10-18T13:27:42.283Z,5813622284,3171499319,56.0,168038884,,4,Trần Xuân Soạn,tertiary
27142,2020-10-18T13:27:42.287Z,2020-10-18T13:27:42.287Z,5813622284,5813622291,24.0,168038884,,4,Trần Xuân Soạn,tertiary
27143,2020-10-18T13:27:42.290Z,2020-10-18T13:27:42.290Z,5813622291,5813622284,24.0,168038884,,4,Trần Xuân Soạn,tertiary
27144,2020-10-18T13:27:42.294Z,2020-10-18T13:27:42.294Z,5813622291,366382203,89.0,168038884,,4,Trần Xuân Soạn,tertiary
27145,2020-10-18T13:27:42.297Z,2020-10-18T13:27:42.297Z,366382203,5813622291,89.0,168038884,,4,Trần Xuân Soạn,tertiary
29007,2020-10-18T13:27:46.800Z,2020-10-18T13:27:46.800Z,1996654292,4618374509,15.0,189017034,50.0,2,Võ Văn Kiệt,primary
29008,2020-10-18T13:27:46.801Z,2020-10-18T13:27:46.801Z,4618374509,1996654051,10.0,189017034,50.0,2,Võ Văn Kiệt,primary
29009,2020-10-18T13:27:46.803Z,2020-10-18T13:27:46.803Z,1996654051,4618374502,20.0,189017034,50.0,2,Võ Văn Kiệt,primary
29010,2020-10-18T13:27:46.804Z,2020-10-18T13:27:46.804Z,4618374502,1996653940,2.0,189017034,50.0,2,Võ Văn Kiệt,primary
29011,2020-10-18T13:27:46.806Z,2020-10-18T13:27:46.806Z,1996653940,4618374496,18.0,189017034,50.0,2,Võ Văn Kiệt,primary
29012,2020-10-18T13:27:46.809Z,2020-10-18T13:27:46.809Z,4618374496,4618374495,1.0,189017034,50.0,2,Võ Văn Kiệt,primary
29013,2020-10-18T13:27:46.811Z,2020-10-18T13:27:46.811Z,4618374495,1997154497,7.0,189017034,50.0,2,Võ Văn Kiệt,primary
29014,2020-10-18T13:27:46.813Z,2020-10-18T13:27:46.813Z,1997154497,1996654469,12.0,189017034,50.0,2,Võ Văn Kiệt,primary
29015,2020-10-18T13:27:46.815Z,2020-10-18T13:27:46.815Z,1996654469,4618427491,13.0,189017034,50.0,2,Võ Văn Kiệt,primary
29016,2020-10-18T13:27:46.817Z,2020-10-18T13:27:46.817Z,4618427491,1996654136,13.0,189017034,50.0,2,Võ Văn Kiệt,primary
29017,2020-10-18T13:27:46.818Z,2020-10-18T13:27:46.818Z,1996654136,1996655105,19.0,189017034,50.0,2,Võ Văn Kiệt,primary
29018,2020-10-18T13:27:46.820Z,2020-10-18T13:27:46.820Z,1996655105,4618427492,11.0,189017034,50.0,2,Võ Văn Kiệt,primary
29019,2020-10-18T13:27:46.822Z,2020-10-18T13:27:46.822Z,4618427492,1996654564,13.0,189017034,50.0,2,Võ Văn Kiệt,primary
29020,2020-10-18T13:27:46.825Z,2020-10-18T13:27:46.825Z,1996654564,1996655669,11.0,189017034,50.0,2,Võ Văn Kiệt,primary
29021,2020-10-18T13:27:46.828Z,2020-10-18T13:27:46.828Z,1996655669,1996655651,11.0,189017034,50.0,2,Võ Văn Kiệt,primary
29022,2020-10-18T13:27:46.829Z,2020-10-18T13:27:46.829Z,1996655651,1996654166,14.0,189017034,50.0,2,Võ Văn Kiệt,primary
29023,2020-10-18T13:27:46.831Z,2020-10-18T13:27:46.831Z,1996654166,1996654213,12.0,189017034,50.0,2,Võ Văn Kiệt,primary
29024,2020-10-18T13:27:46.833Z,2020-10-18T13:27:46.833Z,1996654213,1996655819,11.0,189017034,50.0,2,Võ Văn Kiệt,primary
29025,2020-10-18T13:27:46.834Z,2020-10-18T13:27:46.834Z,1996655819,1996654504,16.0,189017034,50.0,2,Võ Văn Kiệt,primary
29026,2020-10-18T13:27:46.836Z,2020-10-18T13:27:46.836Z,1996654504,1996654538,12.0,189017034,50.0,2,Võ Văn Kiệt,primary
29027,2020-10-18T13:27:46.839Z,2020-10-18T13:27:46.839Z,1996654538,1996655358,14.0,189017034,50.0,2,Võ Văn Kiệt,primary
29028,2020-10-18T13:27:46.842Z,2020-10-18T13:27:46.842Z,1996655358,1996655856,13.0,189017034,50.0,2,Võ Văn Kiệt,primary
29029,2020-10-18T13:27:46.844Z,2020-10-18T13:27:46.844Z,1996655856,1996654120,16.0,189017034,50.0,2,Võ Văn Kiệt,primary
29030,2020-10-18T13:27:46.846Z,2020-10-18T13:27:46.846Z,1996654120,1996655581,14.0,189017034,50.0,2,Võ Văn Kiệt,primary
29031,2020-10-18T13:27:46.851Z,2020-10-18T13:27:46.851Z,1996655581,1996655449,20.0,189017034,50.0,2,Võ Văn Kiệt,primary
29032,2020-10-18T13:27:46.852Z,2020-10-18T13:27:46.852Z,1996655449,4618374500,18.0,189017034,50.0,2,Võ Văn Kiệt,primary
29033,2020-10-18T13:27:46.854Z,2020-10-18T13:27:46.854Z,4618374500,5816803084,10.0,189017034,50.0,2,Võ Văn Kiệt,primary
29034,2020-10-18T13:27:46.858Z,2020-10-18T13:27:46.858Z,5816803084,1996655152,6.0,189017034,50.0,2,Võ Văn Kiệt,primary
29035,2020-10-18T13:27:46.861Z,2020-10-18T13:27:46.861Z,1996655152,1996655304,17.0,189017034,50.0,2,Võ Văn Kiệt,primary
29036,2020-10-18T13:27:46.863Z,2020-10-18T13:27:46.863Z,1996655304,4618374499,15.0,189017034,50.0,2,Võ Văn Kiệt,primary
29037,2020-10-18T13:27:46.865Z,2020-10-18T13:27:46.865Z,4618374499,1996655503,18.0,189017034,50.0,2,Võ Văn Kiệt,primary
29038,2020-10-18T13:27:46.867Z,2020-10-18T13:27:46.867Z,1996655503,1996654187,21.0,189017034,50.0,2,Võ Văn Kiệt,primary
29039,2020-10-18T13:27:46.869Z,2020-10-18T13:27:46.869Z,1996654187,4618374498,19.0,189017034,50.0,2,Võ Văn Kiệt,primary
29040,2020-10-18T13:27:46.872Z,2020-10-18T13:27:46.872Z,4618374498,4611905370,16.0,189017034,50.0,2,Võ Văn Kiệt,primary
29041,2020-10-18T13:27:46.883Z,2020-10-18T13:27:46.883Z,4611905370,4611905368,13.0,189017034,50.0,2,Võ Văn Kiệt,primary
29042,2020-10-18T13:27:46.886Z,2020-10-18T13:27:46.886Z,4611905368,5813970740,8.0,189017034,50.0,2,Võ Văn Kiệt,primary
29043,2020-10-18T13:27:46.888Z,2020-10-18T13:27:46.888Z,5813970740,1996655354,4.0,189017034,50.0,2,Võ Văn Kiệt,primary
29044,2020-10-18T13:27:46.890Z,2020-10-18T13:27:46.890Z,1996655354,1996654390,11.0,189017034,50.0,2,Võ Văn Kiệt,primary
29045,2020-10-18T13:27:46.892Z,2020-10-18T13:27:46.892Z,1996654390,4611905362,13.0,189017034,50.0,2,Võ Văn Kiệt,primary
29046,2020-10-18T13:27:46.894Z,2020-10-18T13:27:46.894Z,4611905362,5813971193,5.0,189017034,50.0,2,Võ Văn Kiệt,primary
29047,2020-10-18T13:27:46.895Z,2020-10-18T13:27:46.895Z,5813971193,4609356096,5.0,189017034,50.0,2,Võ Văn Kiệt,primary
29048,2020-10-18T13:27:46.897Z,2020-10-18T13:27:46.897Z,4609356096,1996655538,11.0,189017034,50.0,2,Võ Văn Kiệt,primary
29049,2020-10-18T13:27:46.899Z,2020-10-18T13:27:46.899Z,1996655538,1996655093,13.0,189017034,50.0,2,Võ Văn Kiệt,primary
29050,2020-10-18T13:27:46.901Z,2020-10-18T13:27:46.901Z,1996655093,4618434250,13.0,189017034,50.0,2,Võ Văn Kiệt,primary
29051,2020-10-18T13:27:46.902Z,2020-10-18T13:27:46.902Z,4618434250,1996654170,85.0,189017034,50.0,2,Võ Văn Kiệt,primary
29052,2020-10-18T13:27:46.904Z,2020-10-18T13:27:46.904Z,1996654170,1996655095,50.0,189017034,50.0,2,Võ Văn Kiệt,primary
29053,2020-10-18T13:27:46.906Z,2020-10-18T13:27:46.906Z,1996655095,1996655702,60.0,189017034,50.0,2,Võ Văn Kiệt,primary
29054,2020-10-18T13:27:46.907Z,2020-10-18T13:27:46.907Z,1996655702,1996654598,34.0,189017034,50.0,2,Võ Văn Kiệt,primary
29055,2020-10-18T13:27:46.909Z,2020-10-18T13:27:46.909Z,1996654598,1996655723,46.0,189017034,50.0,2,Võ Văn Kiệt,primary
29056,2020-10-18T13:27:46.910Z,2020-10-18T13:27:46.910Z,1996655723,4609356097,98.0,189017034,50.0,2,Võ Văn Kiệt,primary
29057,2020-10-18T13:27:46.913Z,2020-10-18T13:27:46.913Z,4609356097,1996655091,18.0,189017034,50.0,2,Võ Văn Kiệt,primary
29058,2020-10-18T13:27:46.916Z,2020-10-18T13:27:46.916Z,1996655091,1996654296,110.0,189017034,50.0,2,Võ Văn Kiệt,primary
29059,2020-10-18T13:27:46.918Z,2020-10-18T13:27:46.918Z,1996654296,1996654745,96.0,189017034,50.0,2,Võ Văn Kiệt,primary
29148,2020-10-18T13:27:47.015Z,2020-10-18T13:27:47.015Z,1996654026,2666742989,5.793689089021389,189017049,,2,Võ Văn Kiệt,primary
84639,2020-10-18T13:27:47.015Z,2020-10-18T13:27:47.015Z,2666742989,2666742991,7.206310910978613,189017049,,2,Võ Văn Kiệt,primary
29107,2020-10-18T13:27:47.017Z,2020-10-18T13:27:47.017Z,2666742991,2666742980,10.0,189017049,,2,Võ Văn Kiệt,primary
29108,2020-10-18T13:27:47.018Z,2020-10-18T13:27:47.018Z,2666742980,1996654006,23.0,189017049,,2,Võ Văn Kiệt,primary
29109,2020-10-18T13:27:47.020Z,2020-10-18T13:27:47.020Z,1996654006,1996654940,39.0,189017049,,2,Võ Văn Kiệt,primary
29110,2020-10-18T13:27:47.022Z,2020-10-18T13:27:47.022Z,1996654940,1996654892,39.0,189017049,,2,Võ Văn Kiệt,primary
29111,2020-10-18T13:27:47.024Z,2020-10-18T13:27:47.024Z,1996654892,1996654022,20.0,189017049,,2,Võ Văn Kiệt,primary
29112,2020-10-18T13:27:47.027Z,2020-10-18T13:27:47.027Z,1996654022,3338020337,19.0,189017049,,2,Võ Văn Kiệt,primary
29113,2020-10-18T13:27:47.029Z,2020-10-18T13:27:47.029Z,3338020337,1996654208,19.0,189017049,,2,Võ Văn Kiệt,primary
29114,2020-10-18T13:27:47.031Z,2020-10-18T13:27:47.031Z,1996654208,3338020332,37.0,189017049,,2,Võ Văn Kiệt,primary
29115,2020-10-18T13:27:47.033Z,2020-10-18T13:27:47.033Z,3338020332,3338020327,28.0,189017049,,2,Võ Văn Kiệt,primary
29116,2020-10-18T13:27:47.035Z,2020-10-18T13:27:47.035Z,3338020327,2131959241,47.0,189017049,,2,Võ Văn Kiệt,primary
29117,2020-10-18T13:27:47.037Z,2020-10-18T13:27:47.037Z,2131959241,4594765213,19.0,189017049,,2,Võ Văn Kiệt,primary
29118,2020-10-18T13:27:47.039Z,2020-10-18T13:27:47.039Z,4594765213,5500064106,16.0,189017049,,2,Võ Văn Kiệt,primary
29119,2020-10-18T13:27:47.051Z,2020-10-18T13:27:47.051Z,5500064106,3338020301,59.0,189017049,,2,Võ Văn Kiệt,primary
29120,2020-10-18T13:27:47.053Z,2020-10-18T13:27:47.053Z,3338020301,5772159000,142.0,189017049,,2,Võ Văn Kiệt,primary
29121,2020-10-18T13:27:47.056Z,2020-10-18T13:27:47.056Z,5772159000,5268007024,48.0,189017049,,2,Võ Văn Kiệt,primary
29122,2020-10-18T13:27:47.059Z,2020-10-18T13:27:47.059Z,5268007024,3338020294,49.0,189017049,,2,Võ Văn Kiệt,primary
29123,2020-10-18T13:27:47.062Z,2020-10-18T13:27:47.062Z,3338020294,5795269937,29.0,189017049,,2,Võ Văn Kiệt,primary
29124,2020-10-18T13:27:47.065Z,2020-10-18T13:27:47.065Z,5795269937,3338020192,39.0,189017049,,2,Võ Văn Kiệt,primary
29125,2020-10-18T13:27:47.066Z,2020-10-18T13:27:47.066Z,3338020192,5795270655,11.0,189017049,,2,Võ Văn Kiệt,primary
29126,2020-10-18T13:27:47.069Z,2020-10-18T13:27:47.069Z,5795270655,3338020187,66.0,189017049,,2,Võ Văn Kiệt,primary
29127,2020-10-18T13:27:47.072Z,2020-10-18T13:27:47.072Z,3338020187,3338020186,41.0,189017049,,2,Võ Văn Kiệt,primary
29128,2020-10-18T13:27:47.075Z,2020-10-18T13:27:47.075Z,3338020186,3338020181,36.0,189017049,,2,Võ Văn Kiệt,primary
29129,2020-10-18T13:27:47.077Z,2020-10-18T13:27:47.077Z,3338020181,1996654898,30.0,189017049,,2,Võ Văn Kiệt,primary
29130,2020-10-18T13:27:47.079Z,2020-10-18T13:27:47.079Z,1996654898,1996654212,53.0,189017049,,2,Võ Văn Kiệt,primary
29131,2020-10-18T13:27:47.081Z,2020-10-18T13:27:47.081Z,1996654212,5811504035,90.0,189017049,,2,Võ Văn Kiệt,primary
29132,2020-10-18T13:27:47.083Z,2020-10-18T13:27:47.083Z,5811504035,3338020171,119.0,189017049,,2,Võ Văn Kiệt,primary
29133,2020-10-18T13:27:47.087Z,2020-10-18T13:27:47.087Z,3338020171,3338020168,22.0,189017049,,2,Võ Văn Kiệt,primary
29134,2020-10-18T13:27:47.090Z,2020-10-18T13:27:47.090Z,3338020168,5811283440,35.0,189017049,,2,Võ Văn Kiệt,primary
29135,2020-10-18T13:27:47.093Z,2020-10-18T13:27:47.093Z,5811283440,1996745647,86.0,189017049,,2,Võ Văn Kiệt,primary
29136,2020-10-18T13:27:47.095Z,2020-10-18T13:27:47.095Z,1996745647,3338020159,85.0,189017049,,2,Võ Văn Kiệt,primary
29137,2020-10-18T13:27:47.097Z,2020-10-18T13:27:47.097Z,3338020159,1996655118,136.0,189017049,,2,Võ Văn Kiệt,primary
29138,2020-10-18T13:27:47.099Z,2020-10-18T13:27:47.099Z,1996655118,1996654191,30.0,189017049,,2,Võ Văn Kiệt,primary
29139,2020-10-18T13:27:47.101Z,2020-10-18T13:27:47.101Z,1996654191,4593777904,27.0,189017049,,2,Võ Văn Kiệt,primary
29140,2020-10-18T13:27:47.103Z,2020-10-18T13:27:47.103Z,4593777904,3338020134,18.0,189017049,,2,Võ Văn Kiệt,primary
29141,2020-10-18T13:27:47.106Z,2020-10-18T13:27:47.106Z,3338020134,5811285085,26.0,189017049,,2,Võ Văn Kiệt,primary
29142,2020-10-18T13:27:47.111Z,2020-10-18T13:27:47.111Z,5811285085,5811285079,49.0,189017049,,2,Võ Văn Kiệt,primary
29143,2020-10-18T13:27:47.114Z,2020-10-18T13:27:47.114Z,5811285079,5811285101,48.0,189017049,,2,Võ Văn Kiệt,primary
29144,2020-10-18T13:27:47.116Z,2020-10-18T13:27:47.116Z,5811285101,5811285109,68.0,189017049,,2,Võ Văn Kiệt,primary
29145,2020-10-18T13:27:47.118Z,2020-10-18T13:27:47.118Z,5811285109,5814168788,61.0,189017049,,2,Võ Văn Kiệt,primary
29146,2020-10-18T13:27:47.120Z,2020-10-18T13:27:47.120Z,5814168788,3338020129,33.0,189017049,,2,Võ Văn Kiệt,primary
29147,2020-10-18T13:27:47.122Z,2020-10-18T13:27:47.122Z,3338020129,1996654028,13.0,189017049,,2,Võ Văn Kiệt,primary
29178,2020-10-18T13:27:47.191Z,2020-10-18T13:27:47.191Z,4631143725,4631143724,37.0,189017063,,2,Nguyễn Tri Phương,primary
29179,2020-10-18T13:27:47.193Z,2020-10-18T13:27:47.193Z,4631143724,4631143713,4.0,189017063,,2,Nguyễn Tri Phương,primary
29180,2020-10-18T13:27:47.195Z,2020-10-18T13:27:47.195Z,4631143713,1996654153,154.0,189017063,,2,Nguyễn Tri Phương,primary
29181,2020-10-18T13:27:47.198Z,2020-10-18T13:27:47.198Z,4631738600,5816871670,4.0,189017068,,3,Trần Hưng Ðạo,secondary
29182,2020-10-18T13:27:47.201Z,2020-10-18T13:27:47.201Z,5816871670,5816931356,29.0,189017068,,3,Trần Hưng Ðạo,secondary
29183,2020-10-18T13:27:47.203Z,2020-10-18T13:27:47.203Z,5816931356,5816871667,11.0,189017068,,3,Trần Hưng Ðạo,secondary
29184,2020-10-18T13:27:47.205Z,2020-10-18T13:27:47.205Z,5816871667,366413446,23.0,189017068,,3,Trần Hưng Ðạo,secondary
29185,2020-10-18T13:27:47.207Z,2020-10-18T13:27:47.207Z,366413446,4309718849,17.0,189017068,,3,Trần Hưng Ðạo,secondary
29186,2020-10-18T13:27:47.210Z,2020-10-18T13:27:47.210Z,4309718849,5816871664,23.0,189017068,,3,Trần Hưng Ðạo,secondary
29187,2020-10-18T13:27:47.213Z,2020-10-18T13:27:47.213Z,5816871664,4309718850,5.0,189017068,,3,Trần Hưng Ðạo,secondary
29188,2020-10-18T13:27:47.215Z,2020-10-18T13:27:47.215Z,4309718850,5816931419,61.0,189017068,,3,Trần Hưng Ðạo,secondary
29189,2020-10-18T13:27:47.218Z,2020-10-18T13:27:47.218Z,5816931419,366453009,2.0,189017068,,3,Trần Hưng Ðạo,secondary
29190,2020-10-18T13:27:47.219Z,2020-10-18T13:27:47.219Z,366453009,4979973979,45.0,189017068,,3,Trần Hưng Ðạo,secondary
29191,2020-10-18T13:27:47.221Z,2020-10-18T13:27:47.221Z,4979973979,3160545660,32.0,189017068,,3,Trần Hưng Ðạo,secondary
29220,2020-10-18T13:27:47.302Z,2020-10-18T13:27:47.302Z,3338020342,1996654679,17.0,189017071,,3,Võ Văn Kiệt,primary_link
29221,2020-10-18T13:27:47.304Z,2020-10-18T13:27:47.304Z,1996654679,1996654996,15.0,189017071,,3,Võ Văn Kiệt,primary_link
29222,2020-10-18T13:27:47.306Z,2020-10-18T13:27:47.306Z,1996654996,1996655526,16.0,189017071,,3,Võ Văn Kiệt,primary_link
29223,2020-10-18T13:27:47.309Z,2020-10-18T13:27:47.309Z,1996655526,1996655710,6.0,189017071,,3,Võ Văn Kiệt,primary_link
29224,2020-10-18T13:27:47.312Z,2020-10-18T13:27:47.312Z,1996655710,1996654250,7.0,189017071,,3,Võ Văn Kiệt,primary_link
29225,2020-10-18T13:27:47.314Z,2020-10-18T13:27:47.314Z,1996654250,1996655226,8.0,189017071,,3,Võ Văn Kiệt,primary_link
29244,2020-10-18T13:27:47.366Z,2020-10-18T13:27:47.366Z,5816931401,5816931395,38.0,189017073,,2,Hồng Bàng,primary
29245,2020-10-18T13:27:47.369Z,2020-10-18T13:27:47.369Z,5816931395,3151254802,6.0,189017073,,2,Hồng Bàng,primary
29246,2020-10-18T13:27:47.371Z,2020-10-18T13:27:47.371Z,3151254802,5816931418,14.0,189017073,,2,Hồng Bàng,primary
29247,2020-10-18T13:27:47.374Z,2020-10-18T13:27:47.374Z,5816931418,366368048,48.0,189017073,,2,Hồng Bàng,primary
29248,2020-10-18T13:27:47.376Z,2020-10-18T13:27:47.376Z,366368048,5803395574,92.0,189017073,,2,Hồng Bàng,primary
29249,2020-10-18T13:27:47.378Z,2020-10-18T13:27:47.378Z,5803395574,4616029241,31.0,189017073,,2,Hồng Bàng,primary
29265,2020-10-18T13:27:47.380Z,2020-10-18T13:27:47.380Z,5813971193,4609356096,5.027497145973057,189017079,40.0,4,Bến Hàm Tử,tertiary
84640,2020-10-18T13:27:47.380Z,2020-10-18T13:27:47.380Z,4609356096,4618434249,9.972502854026944,189017079,40.0,4,Bến Hàm Tử,tertiary
29251,2020-10-18T13:27:47.382Z,2020-10-18T13:27:47.382Z,4618434249,1996655028,118.0,189017079,40.0,4,Bến Hàm Tử,tertiary
29252,2020-10-18T13:27:47.384Z,2020-10-18T13:27:47.384Z,1996655028,1996654116,103.0,189017079,40.0,4,Bến Hàm Tử,tertiary
29253,2020-10-18T13:27:47.387Z,2020-10-18T13:27:47.387Z,1996654116,5813971185,36.0,189017079,40.0,4,Bến Hàm Tử,tertiary
29254,2020-10-18T13:27:47.389Z,2020-10-18T13:27:47.389Z,5813971185,5816803104,42.0,189017079,40.0,4,Bến Hàm Tử,tertiary
29255,2020-10-18T13:27:47.391Z,2020-10-18T13:27:47.391Z,5816803104,3462850858,83.0,189017079,40.0,4,Bến Hàm Tử,tertiary
29256,2020-10-18T13:27:47.393Z,2020-10-18T13:27:47.393Z,3462850858,1996654979,35.0,189017079,40.0,4,Bến Hàm Tử,tertiary
29257,2020-10-18T13:27:47.395Z,2020-10-18T13:27:47.395Z,1996654979,1996654153,18.0,189017079,40.0,4,Bến Hàm Tử,tertiary
29258,2020-10-18T13:27:47.397Z,2020-10-18T13:27:47.397Z,1996654153,4611587129,39.0,189017079,40.0,4,Bến Hàm Tử,tertiary
29259,2020-10-18T13:27:47.403Z,2020-10-18T13:27:47.403Z,4611587129,1996654225,8.0,189017079,40.0,4,Bến Hàm Tử,tertiary
29260,2020-10-18T13:27:47.405Z,2020-10-18T13:27:47.405Z,1996654225,1996654975,9.0,189017079,40.0,4,Bến Hàm Tử,tertiary
29261,2020-10-18T13:27:47.407Z,2020-10-18T13:27:47.407Z,1996654975,5816871666,12.0,189017079,40.0,4,Bến Hàm Tử,tertiary
29262,2020-10-18T13:27:47.409Z,2020-10-18T13:27:47.409Z,5816871666,1996655657,45.0,189017079,40.0,4,Bến Hàm Tử,tertiary
29263,2020-10-18T13:27:47.410Z,2020-10-18T13:27:47.410Z,1996655657,1996654396,35.0,189017079,40.0,4,Bến Hàm Tử,tertiary
29264,2020-10-18T13:27:47.412Z,2020-10-18T13:27:47.412Z,1996654396,1996654745,60.0,189017079,40.0,4,Bến Hàm Tử,tertiary
29289,2020-10-18T13:27:47.483Z,2020-10-18T13:27:47.483Z,4609356098,1996654282,3.0,189017083,,2,Nguyễn Tri Phương,primary
29290,2020-10-18T13:27:47.485Z,2020-10-18T13:27:47.485Z,1996654282,4609356097,10.0,189017083,,2,Nguyễn Tri Phương,primary
29291,2020-10-18T13:27:47.487Z,2020-10-18T13:27:47.487Z,4609356097,1996654979,44.0,189017083,,2,Nguyễn Tri Phương,primary
29304,2020-10-18T13:27:47.511Z,2021-04-04T10:12:05.239Z,1996655657,1996655340,5.0,189017097,,3,Bến Hàm Tử,primary_link
29305,2020-10-18T13:27:47.513Z,2021-04-04T10:12:06.583Z,1996655340,1996655657,5.0,189017097,,3,Bến Hàm Tử,primary_link
29306,2020-10-18T13:27:47.515Z,2021-04-04T10:12:08.095Z,1996655340,1996654499,4.0,189017097,,3,Bến Hàm Tử,primary_link
29307,2020-10-18T13:27:47.517Z,2021-04-04T10:12:09.522Z,1996654499,1996655340,4.0,189017097,,3,Bến Hàm Tử,primary_link
29308,2020-10-18T13:27:47.519Z,2021-04-04T10:12:13.332Z,1996654499,1996655466,5.0,189017097,,3,Bến Hàm Tử,primary_link
29309,2020-10-18T13:27:47.520Z,2021-04-04T10:12:15.243Z,1996655466,1996654499,5.0,189017097,,3,Bến Hàm Tử,primary_link
29310,2020-10-18T13:27:47.522Z,2021-04-04T10:12:17.337Z,1996655466,1996654770,5.0,189017097,,3,Võ Văn Kiệt,primary_link
29311,2020-10-18T13:27:47.525Z,2021-04-04T10:12:18.643Z,1996654770,1996655466,5.0,189017097,,3,Võ Văn Kiệt,primary_link
29312,2020-10-18T13:27:47.527Z,2021-04-04T10:12:19.867Z,1996654770,1996654296,8.0,189017097,,3,Võ Văn Kiệt,primary_link
29313,2020-10-18T13:27:47.529Z,2021-04-04T10:12:21.344Z,1996654296,1996654770,8.0,189017097,,3,Võ Văn Kiệt,primary_link
29355,2020-10-18T13:27:47.614Z,2020-10-18T13:27:47.614Z,1769173950,1996655021,20.0,189027764,,2,Võ Văn Kiệt,primary
29356,2020-10-18T13:27:47.617Z,2020-10-18T13:27:47.617Z,1996655021,1996654636,24.0,189027764,,2,Võ Văn Kiệt,primary
29357,2020-10-18T13:27:47.620Z,2020-10-18T13:27:47.620Z,1996654636,1996654843,17.0,189027764,,2,Võ Văn Kiệt,primary
29358,2020-10-18T13:27:47.622Z,2020-10-18T13:27:47.622Z,1996654843,1996654066,10.0,189027764,,2,Võ Văn Kiệt,primary
29359,2020-10-18T13:27:47.623Z,2020-10-18T13:27:47.623Z,1996654066,1996654193,17.0,189027764,,2,Võ Văn Kiệt,primary
29360,2020-10-18T13:27:47.625Z,2020-10-18T13:27:47.625Z,1996654193,1996655313,10.0,189027764,,2,Võ Văn Kiệt,primary
29361,2020-10-18T13:27:47.626Z,2020-10-18T13:27:47.626Z,1996655313,1996654172,12.0,189027764,,2,Võ Văn Kiệt,primary
29362,2020-10-18T13:27:47.628Z,2020-10-18T13:27:47.628Z,1996654172,1996654158,30.0,189027764,,2,Võ Văn Kiệt,primary
29478,2020-10-18T13:27:47.866Z,2020-10-18T13:27:47.866Z,5780574588,5805637454,155.0,189067596,,2,An Dương Vương,primary
29479,2020-10-18T13:27:47.867Z,2020-10-18T13:27:47.867Z,5805637454,5817380554,66.0,189067596,,2,An Dương Vương,primary
29480,2020-10-18T13:27:47.869Z,2020-10-18T13:27:47.869Z,5817380554,5802993757,119.0,189067596,,2,An Dương Vương,primary
29481,2020-10-18T13:27:47.872Z,2020-10-18T13:27:47.872Z,1767909382,1996655640,76.0,189084243,,3,Cầu Calmette,trunk_link
29482,2020-10-18T13:27:47.874Z,2020-10-18T13:27:47.874Z,1996655640,1767909425,47.0,189084243,,3,Cầu Calmette,trunk_link
29483,2020-10-18T13:27:47.877Z,2020-10-18T13:27:47.877Z,1767909425,1996655421,43.0,189084243,,3,Cầu Calmette,trunk_link
29484,2020-10-18T13:27:47.879Z,2020-10-18T13:27:47.879Z,1996655421,3335314143,36.0,189084243,,3,Cầu Calmette,trunk_link
29485,2020-10-18T13:27:47.880Z,2020-10-18T13:27:47.880Z,3335314143,3335314144,5.0,189084243,,3,Cầu Calmette,trunk_link
29486,2020-10-18T13:27:47.882Z,2020-10-18T13:27:47.882Z,3335314144,1767909356,6.0,189084243,,3,Cầu Calmette,trunk_link
29487,2020-10-18T13:27:47.883Z,2020-10-18T13:27:47.883Z,1767909383,1997316901,35.0,189084244,,3,Cầu Calmette,trunk_link
29488,2020-10-18T13:27:47.885Z,2020-10-18T13:27:47.885Z,1997316901,2380787706,25.0,189084244,,3,Cầu Calmette,trunk_link
29489,2020-10-18T13:27:47.886Z,2020-10-18T13:27:47.886Z,2380787706,2380787705,14.0,189084244,,3,Cầu Calmette,trunk_link
29490,2020-10-18T13:27:47.889Z,2020-10-18T13:27:47.889Z,2380787705,2380787704,23.0,189084244,,3,Cầu Calmette,trunk_link
29491,2020-10-18T13:27:47.891Z,2020-10-18T13:27:47.891Z,2380787704,1767909393,24.0,189084244,,3,Cầu Calmette,trunk_link
29492,2020-10-18T13:27:47.893Z,2020-10-18T13:27:47.893Z,3335314137,4594693801,8.0,189084245,,4,Cầu Calmette,tertiary
29493,2020-10-18T13:27:47.895Z,2020-10-18T13:27:47.895Z,4594693801,1773240191,10.0,189084245,,4,Cầu Calmette,tertiary
29494,2020-10-18T13:27:47.898Z,2020-10-18T13:27:47.898Z,411918417,5058497796,36.0,189165773,,2,Ðiện Biên Phủ,primary
29495,2020-10-18T13:27:47.900Z,2020-10-18T13:27:47.900Z,5058497796,5003306422,93.0,189165773,,2,Ðiện Biên Phủ,primary
29496,2020-10-18T13:27:47.902Z,2020-10-18T13:27:47.902Z,5003306422,411921368,8.0,189165773,,2,Ðiện Biên Phủ,primary
29497,2020-10-18T13:27:47.904Z,2020-10-18T13:27:47.904Z,411921368,411918408,56.0,189165773,,2,Ðiện Biên Phủ,primary
29498,2020-10-18T13:27:47.906Z,2020-10-18T13:27:47.906Z,411918408,411918937,45.0,189165773,,2,Ðiện Biên Phủ,primary
29499,2020-10-18T13:27:47.908Z,2020-10-18T13:27:47.908Z,411918937,4421905095,53.0,189165773,,2,Ðiện Biên Phủ,primary
29500,2020-10-18T13:27:47.910Z,2020-10-18T13:27:47.910Z,4421905095,698217105,22.0,189165773,,2,Ðiện Biên Phủ,primary
29501,2020-10-18T13:27:47.911Z,2020-10-18T13:27:47.911Z,698217105,5764817338,10.0,189165773,,2,Ðiện Biên Phủ,primary
29502,2020-10-18T13:27:47.913Z,2020-10-18T13:27:47.913Z,5764817338,5764817339,28.0,189165773,,2,Ðiện Biên Phủ,primary
29503,2020-10-18T13:27:47.914Z,2020-10-18T13:27:47.914Z,5764817339,5764817340,29.0,189165773,,2,Ðiện Biên Phủ,primary
29504,2020-10-18T13:27:47.916Z,2020-10-18T13:27:47.916Z,4646769632,5058497774,97.0,189165776,,4,Trần Minh Quyền,tertiary
29505,2020-10-18T13:27:47.918Z,2020-10-18T13:27:47.918Z,5058497774,4646769632,97.0,189165776,,4,Trần Minh Quyền,tertiary
29506,2020-10-18T13:27:47.920Z,2020-10-18T13:27:47.920Z,5058497774,5058497766,48.0,189165776,,4,Trần Minh Quyền,tertiary
29507,2020-10-18T13:27:47.923Z,2020-10-18T13:27:47.923Z,5058497766,5058497774,48.0,189165776,,4,Trần Minh Quyền,tertiary
29508,2020-10-18T13:27:47.925Z,2020-10-18T13:27:47.925Z,5058497766,5059496013,56.0,189165776,,4,Trần Minh Quyền,tertiary
29509,2020-10-18T13:27:47.938Z,2020-10-18T13:27:47.938Z,5059496013,5058497766,56.0,189165776,,4,Trần Minh Quyền,tertiary
29510,2020-10-18T13:27:47.941Z,2020-10-18T13:27:47.941Z,5059496013,5058497764,13.0,189165776,,4,Trần Minh Quyền,tertiary
29511,2020-10-18T13:27:47.944Z,2020-10-18T13:27:47.944Z,5058497764,5059496013,13.0,189165776,,4,Trần Minh Quyền,tertiary
29512,2020-10-18T13:27:47.946Z,2020-10-18T13:27:47.946Z,5058497764,411918937,76.0,189165776,,4,Trần Minh Quyền,tertiary
29513,2020-10-18T13:27:47.949Z,2020-10-18T13:27:47.949Z,411918937,5058497764,76.0,189165776,,4,Trần Minh Quyền,tertiary
29522,2020-10-18T13:27:47.971Z,2020-10-18T13:27:47.971Z,2358234404,1998235340,18.0,189165778,,4,Cầu Nguyễn Văn Cừ,tertiary
29539,2020-10-18T13:27:48.013Z,2020-10-18T13:27:48.013Z,1998235311,383553866,18.0,189165781,,4,Cầu Nguyễn Văn Cừ,tertiary
29623,2020-10-18T13:27:48.223Z,2020-10-18T13:27:48.223Z,1861212907,1769173868,44.0,189193711,,2,Võ Văn Kiệt,primary
29624,2020-10-18T13:27:48.225Z,2020-10-18T13:27:48.225Z,1769173868,1998452788,53.0,189193711,,2,Võ Văn Kiệt,primary
29625,2020-10-18T13:27:48.226Z,2020-10-18T13:27:48.226Z,1998452762,2044487229,8.0,189193715,,4,Võ Văn Kiệt,tertiary
29626,2020-10-18T13:27:48.228Z,2020-10-18T13:27:48.228Z,2044487229,1769173868,9.0,189193715,,4,Võ Văn Kiệt,tertiary
29629,2020-10-18T13:27:48.234Z,2020-10-18T13:27:48.234Z,4489056951,1998452762,18.0,189193717,,3,Võ Văn Kiệt,trunk_link
29630,2020-10-18T13:27:48.237Z,2020-10-18T13:27:48.237Z,1998452762,1998452788,61.0,189193717,,3,Võ Văn Kiệt,trunk_link
29641,2020-10-18T13:27:48.261Z,2020-10-18T13:27:48.261Z,366383389,366403879,146.0,189242335,,4,Cầu Chữ Y,tertiary
29642,2020-10-18T13:27:48.265Z,2020-10-18T13:27:48.265Z,366403879,366383389,146.0,189242335,,4,Cầu Chữ Y,tertiary
30367,2020-10-18T13:27:49.902Z,2020-10-18T13:27:49.902Z,5778272145,2026784607,25.0,192680120,,4,Nguyễn Hữu Hào,unclassified
30368,2020-10-18T13:27:49.904Z,2020-10-18T13:27:49.904Z,2026784607,5778272145,25.0,192680120,,4,Nguyễn Hữu Hào,unclassified
30369,2020-10-18T13:27:49.907Z,2020-10-18T13:27:49.907Z,2026784607,5772092723,76.0,192680120,,4,Nguyễn Hữu Hào,unclassified
30370,2020-10-18T13:27:49.908Z,2020-10-18T13:27:49.908Z,5772092723,2026784607,76.0,192680120,,4,Nguyễn Hữu Hào,unclassified
30371,2020-10-18T13:27:49.910Z,2020-10-18T13:27:49.910Z,5772092723,5772092726,50.0,192680120,,4,Nguyễn Hữu Hào,unclassified
30372,2020-10-18T13:27:49.912Z,2020-10-18T13:27:49.912Z,5772092726,5772092723,50.0,192680120,,4,Nguyễn Hữu Hào,unclassified
30373,2020-10-18T13:27:49.914Z,2020-10-18T13:27:49.914Z,5772092726,5772092727,8.0,192680120,,4,Nguyễn Hữu Hào,unclassified
30374,2020-10-18T13:27:49.917Z,2020-10-18T13:27:49.917Z,5772092727,5772092726,8.0,192680120,,4,Nguyễn Hữu Hào,unclassified
30375,2020-10-18T13:27:49.919Z,2020-10-18T13:27:49.919Z,5772092727,1987339817,51.0,192680120,,4,Nguyễn Hữu Hào,unclassified
30376,2020-10-18T13:27:49.921Z,2020-10-18T13:27:49.921Z,1987339817,5772092727,51.0,192680120,,4,Nguyễn Hữu Hào,unclassified
30377,2020-10-18T13:27:49.923Z,2020-10-18T13:27:49.923Z,1987339817,5772092722,42.0,192680120,,4,Nguyễn Hữu Hào,unclassified
30378,2020-10-18T13:27:49.925Z,2020-10-18T13:27:49.925Z,5772092722,1987339817,42.0,192680120,,4,Nguyễn Hữu Hào,unclassified
30379,2020-10-18T13:27:49.926Z,2020-10-18T13:27:49.926Z,2664205597,2353541573,38.0,192680130,,2,Trần Hưng Ðạo,primary
30380,2020-10-18T13:27:49.928Z,2020-10-18T13:27:49.928Z,2353541573,4609917916,124.0,192680130,,2,Trần Hưng Ðạo,primary
30381,2020-10-18T13:27:49.931Z,2020-10-18T13:27:49.931Z,4609917916,5307226946,73.0,192680130,,2,Trần Hưng Ðạo,primary
30382,2020-10-18T13:27:49.933Z,2020-10-18T13:27:49.933Z,5307226946,2365199344,73.0,192680130,,2,Trần Hưng Ðạo,primary
30387,2020-10-18T13:27:49.941Z,2020-10-18T13:27:49.941Z,411926369,3171509286,68.0,192680151,,2,Nguyễn Thái Học,primary
30388,2020-10-18T13:27:49.943Z,2020-10-18T13:27:49.943Z,3171509286,5781158285,17.0,192680151,,2,Nguyễn Thái Học,primary
30389,2020-10-18T13:27:49.945Z,2020-10-18T13:27:49.945Z,5781158285,2032267376,12.0,192680151,,2,Nguyễn Thái Học,primary
30390,2020-10-18T13:27:49.947Z,2020-10-18T13:27:49.947Z,2032267376,5762893314,26.0,192680151,,2,Nguyễn Thái Học,primary
30391,2020-10-18T13:27:49.949Z,2020-10-18T13:27:49.949Z,5762893314,2131959234,44.0,192680151,,2,Nguyễn Thái Học,primary
30392,2020-10-18T13:27:49.951Z,2020-10-18T13:27:49.951Z,2131959234,5500064101,57.0,192680151,,2,Nguyễn Thái Học,primary
30393,2020-10-18T13:27:49.954Z,2020-10-18T13:27:49.954Z,5500064101,5781158271,9.0,192680151,,2,Nguyễn Thái Học,primary
30413,2020-10-18T13:27:50.010Z,2020-10-18T13:27:50.010Z,2032267506,2032267104,47.0,192680156,,2,Hoàng Diệu,primary
30414,2020-10-18T13:27:50.013Z,2020-10-18T13:27:50.013Z,2032267104,2034589260,2.0,192680156,,2,Hoàng Diệu,primary
30415,2020-10-18T13:27:50.016Z,2020-10-18T13:27:50.016Z,2034589260,5772502921,52.0,192680156,,2,Hoàng Diệu,primary
30416,2020-10-18T13:27:50.019Z,2020-10-18T13:27:50.019Z,5772502921,5772092727,46.0,192680156,,2,Hoàng Diệu,primary
30417,2020-10-18T13:27:50.022Z,2020-10-18T13:27:50.022Z,5772092727,5772092725,10.0,192680156,,2,Hoàng Diệu,primary
30418,2020-10-18T13:27:50.024Z,2020-10-18T13:27:50.024Z,5772092725,3171491269,7.0,192680156,,2,Hoàng Diệu,primary
30419,2020-10-18T13:27:50.027Z,2020-10-18T13:27:50.027Z,3171491269,2305201712,66.0,192680156,,2,Hoàng Diệu,primary
30420,2020-10-18T13:27:50.030Z,2020-10-18T13:27:50.030Z,4610649697,5762783657,63.0,192680173,,2,Nguyễn Thị Nghĩa,primary
30421,2020-10-18T13:27:50.033Z,2020-10-18T13:27:50.033Z,5762783657,5762736902,43.0,192680173,,2,Nguyễn Thị Nghĩa,primary
30422,2020-10-18T13:27:50.035Z,2020-10-18T13:27:50.035Z,5762736902,5762736910,23.0,192680173,,2,Nguyễn Thị Nghĩa,primary
30423,2020-10-18T13:27:50.037Z,2020-10-18T13:27:50.037Z,5762736910,5762736911,3.0,192680173,,2,Nguyễn Thị Nghĩa,primary
30424,2020-10-18T13:27:50.039Z,2020-10-18T13:27:50.039Z,5762736911,2032267208,1.0,192680173,,2,Nguyễn Thị Nghĩa,primary
30425,2020-10-18T13:27:50.042Z,2020-10-18T13:27:50.042Z,2032267208,5762736913,1.0,192680173,,2,Nguyễn Thị Nghĩa,primary
30426,2020-10-18T13:27:50.044Z,2020-10-18T13:27:50.044Z,5762736913,4609314795,15.0,192680173,,2,Nguyễn Thị Nghĩa,primary
30427,2020-10-18T13:27:50.048Z,2020-10-18T13:27:50.048Z,5781158297,1996655496,0.0,192680177,,3,Nguyễn Thái Học,primary_link
30428,2020-10-18T13:27:50.051Z,2020-10-18T13:27:50.051Z,1996655496,1996655847,5.0,192680177,,3,Nguyễn Thái Học,primary_link
30429,2020-10-18T13:27:50.054Z,2020-10-18T13:27:50.054Z,1996655847,1996655814,5.0,192680177,,3,Nguyễn Thái Học,primary_link
30430,2020-10-18T13:27:50.056Z,2020-10-18T13:27:50.056Z,1996655814,1996654402,3.0,192680177,,3,Nguyễn Thái Học,primary_link
30431,2020-10-18T13:27:50.058Z,2020-10-18T13:27:50.058Z,1996654402,1996654360,5.0,192680177,,3,Nguyễn Thái Học,primary_link
30432,2020-10-18T13:27:50.061Z,2020-10-18T13:27:50.061Z,1996654360,2131959241,12.0,192680177,,3,Nguyễn Thái Học,primary_link
30433,2020-10-18T13:27:50.064Z,2020-10-18T13:27:50.064Z,3506700347,2527488815,12.0,192680178,,2,Nguyễn Thị Nghĩa,primary
30434,2020-10-18T13:27:50.066Z,2020-10-18T13:27:50.066Z,2527488815,2032267463,6.0,192680178,,2,Nguyễn Thị Nghĩa,primary
30435,2020-10-18T13:27:50.069Z,2020-10-18T13:27:50.069Z,2032267463,5762736907,17.0,192680178,,2,Nguyễn Thị Nghĩa,primary
30436,2020-10-18T13:27:50.071Z,2020-10-18T13:27:50.071Z,5762736907,5763168791,64.0,192680178,,2,Nguyễn Thị Nghĩa,primary
30437,2020-10-18T13:27:50.073Z,2020-10-18T13:27:50.073Z,5763168791,4610643513,32.0,192680178,,2,Nguyễn Thị Nghĩa,primary
30593,2020-10-18T13:27:50.396Z,2020-10-18T13:27:50.396Z,411919485,2353541600,30.0,193106765,,3,Hàm Nghi,secondary
30594,2020-10-18T13:27:50.398Z,2020-10-18T13:27:50.398Z,2353541600,3335337342,7.0,193106765,,3,Hàm Nghi,secondary
30599,2020-10-18T13:27:50.417Z,2020-10-18T13:27:50.417Z,2305201707,2305201706,48.0,193256688,,2,Nguyễn Thái Học,primary
30606,2020-10-18T13:27:50.432Z,2020-10-18T13:27:50.432Z,4604860551,5763168797,62.0,193256696,,2,Nguyễn Thị Minh Khai,primary
30607,2020-10-18T13:27:50.434Z,2020-10-18T13:27:50.434Z,5763168797,2667727001,118.0,193256696,,2,Nguyễn Thị Minh Khai,primary
30608,2020-10-18T13:27:50.436Z,2020-10-18T13:27:50.436Z,2667727001,4604860552,30.0,193256696,,2,Nguyễn Thị Minh Khai,primary
30609,2020-10-18T13:27:50.438Z,2020-10-18T13:27:50.438Z,4604860552,5778360136,41.0,193256696,,2,Nguyễn Thị Minh Khai,primary
30610,2020-10-18T13:27:50.440Z,2020-10-18T13:27:50.440Z,5778360136,2037831447,20.0,193256696,,2,Nguyễn Thị Minh Khai,primary
30611,2020-10-18T13:27:50.442Z,2020-10-18T13:27:50.442Z,2037831447,2037831448,36.0,193256696,,2,Nguyễn Thị Minh Khai,primary
30612,2020-10-18T13:27:50.445Z,2020-10-18T13:27:50.445Z,2037831448,411925830,55.0,193256696,,2,Nguyễn Thị Minh Khai,primary
30661,2020-10-18T13:27:50.539Z,2020-10-18T13:27:50.539Z,4631143717,4631143733,147.0,193514958,,2,Cầu Nguyễn Tri Phương,primary
30662,2020-10-18T13:27:50.540Z,2020-10-18T13:27:50.540Z,4631143733,5816976961,31.0,193514958,,2,Cầu Nguyễn Tri Phương,primary
30663,2020-10-18T13:27:50.542Z,2020-10-18T13:27:50.542Z,5816976961,4631143730,29.0,193514958,,2,Cầu Nguyễn Tri Phương,primary
30664,2020-10-18T13:27:50.544Z,2020-10-18T13:27:50.544Z,4631143730,4631143731,41.0,193514958,,2,Cầu Nguyễn Tri Phương,primary
30665,2020-10-18T13:27:50.547Z,2020-10-18T13:27:50.547Z,4631143731,4631143715,174.0,193514958,,2,Cầu Nguyễn Tri Phương,primary
30912,2020-10-18T13:27:51.162Z,2021-04-04T10:14:35.075Z,2468453127,2044486159,8.0,193940332,,3,Phạm Thế Hiển,primary_link
30913,2020-10-18T13:27:51.164Z,2021-04-04T10:14:36.515Z,2044486159,5800600033,39.0,193940332,,3,Phạm Thế Hiển,primary_link
30914,2020-10-18T13:27:51.166Z,2021-04-04T10:14:37.817Z,5800600033,1773321401,117.0,193940332,,3,Phạm Thế Hiển,primary_link
30915,2020-10-18T13:27:51.168Z,2021-04-04T10:14:39.055Z,1773321401,383552890,39.0,193940332,,3,Phạm Thế Hiển,primary_link
31584,2020-10-18T13:27:52.801Z,2020-10-18T13:27:52.801Z,411923507,3171509287,63.0,203215338,,2,Nguyễn Thái Học,primary
31585,2020-10-18T13:27:52.803Z,2020-10-18T13:27:52.803Z,3171509287,411918348,85.0,203215338,,2,Nguyễn Thái Học,primary
32345,2020-10-18T13:27:54.437Z,2020-10-18T13:27:54.437Z,5780574589,5803395629,112.0,210268958,,2,Hồng Bàng,primary
32346,2020-10-18T13:27:54.439Z,2020-10-18T13:27:54.439Z,5803395629,3116315719,24.0,210268958,,2,Hồng Bàng,primary
32347,2020-10-18T13:27:54.442Z,2020-10-18T13:27:54.442Z,3116315719,4616029240,182.0,210268958,,2,Hồng Bàng,primary
33000,2020-10-18T13:27:56.071Z,2020-10-18T13:27:56.071Z,411925056,411925240,79.0,211222687,,4,Lê Lai,tertiary
33001,2020-10-18T13:27:56.073Z,2020-10-18T13:27:56.073Z,411925240,411925056,79.0,211222687,,4,Lê Lai,tertiary
33603,2020-10-18T13:27:57.777Z,2020-10-18T13:27:57.777Z,411919033,4641350102,87.0,211724815,,4,Trương Định,tertiary
33604,2020-10-18T13:27:57.779Z,2020-10-18T13:27:57.779Z,4641350102,4603901559,12.0,211724815,,4,Trương Định,tertiary
33605,2020-10-18T13:27:57.782Z,2020-10-18T13:27:57.782Z,4603901559,4697194514,50.0,211724815,,4,Trương Định,tertiary
33606,2020-10-18T13:27:57.784Z,2020-10-18T13:27:57.784Z,4697194514,411919038,29.0,211724815,,4,Trương Định,tertiary
33607,2020-10-18T13:27:57.787Z,2020-10-18T13:27:57.787Z,411919038,4604860551,219.0,211724815,,4,Trương Định,tertiary
33608,2020-10-18T13:27:57.789Z,2020-10-18T13:27:57.789Z,4604860551,4697194515,8.0,211724815,,4,Trương Định,tertiary
33609,2020-10-18T13:27:57.791Z,2020-10-18T13:27:57.791Z,4697194515,411925453,79.0,211724815,,4,Trương Định,tertiary
33610,2020-10-18T13:27:57.792Z,2020-10-18T13:27:57.792Z,411925453,411925919,75.0,211724815,,4,Trương Định,tertiary
33611,2020-10-18T13:27:57.795Z,2020-10-18T13:27:57.795Z,411925919,5778360113,68.0,211724815,,4,Trương Định,tertiary
33612,2020-10-18T13:27:57.798Z,2020-10-18T13:27:57.798Z,5778360113,411925335,10.0,211724815,,4,Trương Định,tertiary
33613,2020-10-18T13:27:57.800Z,2020-10-18T13:27:57.800Z,411925335,5778360115,15.0,211724815,,4,Trương Định,tertiary
33614,2020-10-18T13:27:57.803Z,2020-10-18T13:27:57.803Z,5778360115,411926667,61.0,211724815,,4,Trương Định,tertiary
33615,2020-10-18T13:27:57.805Z,2020-10-18T13:27:57.805Z,411926667,4010762986,31.0,211724815,,4,Trương Định,tertiary
33616,2020-10-18T13:27:57.807Z,2020-10-18T13:27:57.807Z,4010762986,411925869,30.0,211724815,,4,Trương Định,tertiary
33617,2020-10-18T13:27:57.810Z,2020-10-18T13:27:57.810Z,411925869,411918254,11.0,211724815,,4,Trương Định,tertiary
33618,2020-10-18T13:27:57.812Z,2020-10-18T13:27:57.812Z,411918254,5778300414,50.0,211724815,,4,Trương Định,tertiary
33619,2020-10-18T13:27:57.814Z,2020-10-18T13:27:57.814Z,5778300414,5778300421,58.0,211724815,,4,Trương Định,tertiary
33620,2020-10-18T13:27:57.816Z,2020-10-18T13:27:57.816Z,5778300421,2300346900,63.0,211724815,,4,Trương Định,tertiary
33621,2020-10-18T13:27:57.818Z,2020-10-18T13:27:57.818Z,2300346900,5778300416,18.0,211724815,,4,Trương Định,tertiary
33622,2020-10-18T13:27:57.820Z,2020-10-18T13:27:57.820Z,5778300416,411926607,82.0,211724815,,4,Trương Định,tertiary
33623,2020-10-18T13:27:57.822Z,2020-10-18T13:27:57.822Z,411926607,411926628,126.0,211724815,,4,Trương Định,tertiary
34539,2020-10-18T13:28:00.143Z,2020-10-18T13:28:00.143Z,2363974217,2363974212,228.0,215179039,,4,Bến Vân Đồn,tertiary
34540,2020-10-18T13:28:00.146Z,2020-10-18T13:28:00.146Z,2363974212,4594693793,22.0,215179039,,4,Bến Vân Đồn,tertiary
34541,2020-10-18T13:28:00.149Z,2020-10-18T13:28:00.149Z,4594693793,4594693792,20.0,215179039,,4,Bến Vân Đồn,tertiary
34542,2020-10-18T13:28:00.152Z,2020-10-18T13:28:00.152Z,4594693792,4594693795,10.0,215179039,,4,Bến Vân Đồn,tertiary
34543,2020-10-18T13:28:00.155Z,2020-10-18T13:28:00.155Z,4594693795,2363974219,10.0,215179039,,4,Bến Vân Đồn,tertiary
34544,2020-10-18T13:28:00.158Z,2020-10-18T13:28:00.158Z,2363974219,4594693794,25.0,215179039,,4,Bến Vân Đồn,tertiary
34545,2020-10-18T13:28:00.161Z,2020-10-18T13:28:00.161Z,4594693794,2363974220,52.0,215179039,,4,Bến Vân Đồn,tertiary
34546,2020-10-18T13:28:00.164Z,2020-10-18T13:28:00.164Z,2363974220,3335314138,32.0,215179039,,4,Bến Vân Đồn,tertiary
34547,2020-10-18T13:28:00.166Z,2020-10-18T13:28:00.166Z,3335314138,2380787694,21.0,215179039,,4,Bến Vân Đồn,tertiary
34548,2020-10-18T13:28:00.168Z,2020-10-18T13:28:00.168Z,2380787694,1773240191,10.0,215179039,,4,Bến Vân Đồn,tertiary
34801,2020-10-18T13:28:00.736Z,2020-10-18T13:28:00.736Z,4609802777,411926622,41.0,215424980,,2,Trần Hưng Ðạo,primary
34802,2020-10-18T13:28:00.737Z,2020-10-18T13:28:00.737Z,411926622,4597084182,146.0,215424980,,2,Trần Hưng Ðạo,primary
34803,2020-10-18T13:28:00.740Z,2020-10-18T13:28:00.740Z,4597084182,411923369,31.0,215424980,,2,Trần Hưng Ðạo,primary
34804,2020-10-18T13:28:00.742Z,2020-10-18T13:28:00.742Z,411923369,3160559561,52.0,215424980,,2,Trần Hưng Ðạo,primary
34805,2020-10-18T13:28:00.743Z,2020-10-18T13:28:00.743Z,3160559561,4591922983,8.0,215424980,,2,Trần Hưng Ðạo,primary
34806,2020-10-18T13:28:00.745Z,2020-10-18T13:28:00.745Z,4591922983,411924371,29.0,215424980,,2,Trần Hưng Ðạo,primary
34807,2020-10-18T13:28:00.746Z,2020-10-18T13:28:00.746Z,411924371,411926503,17.0,215424980,,2,Trần Hưng Ðạo,primary
34808,2020-10-18T13:28:00.748Z,2020-10-18T13:28:00.748Z,4609314796,4649967850,146.0,215424982,,2,Nguyễn Thái Học,primary
34809,2020-10-18T13:28:00.749Z,2020-10-18T13:28:00.749Z,4649967850,4612970106,8.0,215424982,,2,Nguyễn Thái Học,primary
34810,2020-10-18T13:28:00.750Z,2020-10-18T13:28:00.750Z,4612970106,5762736901,7.0,215424982,,2,Nguyễn Thái Học,primary
34811,2020-10-18T13:28:00.751Z,2020-10-18T13:28:00.751Z,5762736901,4612970105,9.0,215424982,,2,Nguyễn Thái Học,primary
34812,2020-10-18T13:28:00.753Z,2020-10-18T13:28:00.753Z,4612970105,4609802778,14.0,215424982,,2,Nguyễn Thái Học,primary
34813,2020-10-18T13:28:00.754Z,2020-10-18T13:28:00.754Z,4609802778,2032267137,82.0,215508133,,2,Nguyễn Thái Học,primary
34814,2020-10-18T13:28:00.756Z,2020-10-18T13:28:00.756Z,2032267137,411926369,19.0,215508133,,2,Nguyễn Thái Học,primary
34815,2020-10-18T13:28:00.758Z,2020-10-18T13:28:00.758Z,411918348,411919456,39.0,215508134,,2,Nguyễn Thái Học,primary
34816,2020-10-18T13:28:00.759Z,2020-10-18T13:28:00.759Z,411919456,4612970108,80.0,215508134,,2,Nguyễn Thái Học,primary
34817,2020-10-18T13:28:00.761Z,2020-10-18T13:28:00.761Z,4612970108,5762736900,9.0,215508134,,2,Nguyễn Thái Học,primary
34818,2020-10-18T13:28:00.762Z,2020-10-18T13:28:00.762Z,5762736900,4612970107,7.0,215508134,,2,Nguyễn Thái Học,primary
34819,2020-10-18T13:28:00.764Z,2020-10-18T13:28:00.764Z,4612970107,4649999511,8.0,215508134,,2,Nguyễn Thái Học,primary
34820,2020-10-18T13:28:00.766Z,2020-10-18T13:28:00.766Z,4649999511,4609877993,140.0,215508134,,2,Nguyễn Thái Học,primary
34821,2020-10-18T13:28:00.767Z,2020-10-18T13:28:00.767Z,1769277482,1769277447,150.0,215508254,,4,Lê Lợi,tertiary
34891,2020-10-18T13:28:00.884Z,2020-10-18T13:28:00.884Z,5772502925,2253460206,13.0,215941710,,2,Khánh Hội,primary
34892,2020-10-18T13:28:00.887Z,2020-10-18T13:28:00.887Z,2253460206,3171491271,16.0,215941710,,2,Khánh Hội,primary
34893,2020-10-18T13:28:00.889Z,2020-10-18T13:28:00.889Z,3171491271,2253460208,190.0,215941710,,2,Khánh Hội,primary
34894,2020-10-18T13:28:00.891Z,2020-10-18T13:28:00.891Z,2253460208,5778272142,3.0,215941710,,2,Khánh Hội,primary
34895,2020-10-18T13:28:00.892Z,2020-10-18T13:28:00.892Z,5778272142,5778222782,67.0,215941710,,2,Khánh Hội,primary
34896,2020-10-18T13:28:00.894Z,2020-10-18T13:28:00.894Z,5778222782,2365206752,69.0,215941710,,2,Khánh Hội,primary
34897,2020-10-18T13:28:00.895Z,2020-10-18T13:28:00.895Z,2365206752,3171491273,19.0,215941710,,2,Khánh Hội,primary
34898,2020-10-18T13:28:00.897Z,2020-10-18T13:28:00.897Z,3171491273,2348757730,105.0,215941710,,2,Khánh Hội,primary
34901,2020-10-18T13:28:00.902Z,2020-10-18T13:28:00.902Z,2348761055,1780010887,62.0,215941713,,2,Khánh Hội,primary
34902,2020-10-18T13:28:00.904Z,2020-10-18T13:28:00.904Z,1780010887,1777960232,11.0,215941713,,2,Khánh Hội,primary
34903,2020-10-18T13:28:00.905Z,2020-10-18T13:28:00.905Z,1777960232,3171491272,41.0,215941713,,2,Khánh Hội,primary
34904,2020-10-18T13:28:00.907Z,2020-10-18T13:28:00.907Z,3171491272,746617476,40.0,215941713,,2,Khánh Hội,primary
34905,2020-10-18T13:28:00.909Z,2020-10-18T13:28:00.909Z,746617476,5778272141,112.0,215941713,,2,Khánh Hội,primary
34906,2020-10-18T13:28:00.910Z,2020-10-18T13:28:00.910Z,5778272141,366414596,3.0,215941713,,2,Khánh Hội,primary
34907,2020-10-18T13:28:00.912Z,2020-10-18T13:28:00.912Z,366414596,2365200725,206.0,215941713,,2,Khánh Hội,primary
34908,2020-10-18T13:28:00.913Z,2020-10-18T13:28:00.913Z,2365200725,366408252,13.0,215941713,,2,Khánh Hội,primary
36246,2020-10-18T13:28:04.102Z,2020-10-18T13:28:04.102Z,2468452113,2044487252,39.0,219856946,,2,Dương Bá Trạc,primary
36247,2020-10-18T13:28:04.104Z,2020-10-18T13:28:04.104Z,2044487252,2044486934,31.0,219856946,,2,Dương Bá Trạc,primary
36248,2020-10-18T13:28:04.106Z,2020-10-18T13:28:04.106Z,2044486934,3175002780,60.0,219856946,,2,Dương Bá Trạc,primary
36249,2020-10-18T13:28:04.107Z,2020-10-18T13:28:04.107Z,3175002780,366385182,26.0,219856946,,2,Dương Bá Trạc,primary
36250,2020-10-18T13:28:04.109Z,2020-10-18T13:28:04.109Z,366385182,4594580079,18.0,219856946,,2,Dương Bá Trạc,primary
36251,2020-10-18T13:28:04.111Z,2020-10-18T13:28:04.111Z,4594580079,366476538,91.0,219856946,,2,Dương Bá Trạc,primary
36295,2020-10-18T13:28:04.113Z,2020-10-18T13:28:04.113Z,2289920280,1767760237,22.992622056948555,219859641,,2,Cầu Nguyễn Văn Cừ,primary
84641,2020-10-18T13:28:04.113Z,2020-10-18T13:28:04.113Z,1767760237,2289920294,30.00737794305144,219859641,,2,Cầu Nguyễn Văn Cừ,primary
36253,2020-10-18T13:28:04.115Z,2020-10-18T13:28:04.115Z,2289920294,2289920293,21.0,219859641,,2,Cầu Nguyễn Văn Cừ,primary
36254,2020-10-18T13:28:04.116Z,2020-10-18T13:28:04.116Z,2289920293,2289920283,36.0,219859641,,2,Cầu Nguyễn Văn Cừ,primary
36296,2020-10-18T13:28:04.118Z,2020-10-18T13:28:04.118Z,2289920283,1998235326,30.307042587257662,219859641,,2,Cầu Nguyễn Văn Cừ,primary
84642,2020-10-18T13:28:04.118Z,2020-10-18T13:28:04.118Z,1998235326,2289920281,31.692957412742338,219859641,,2,Cầu Nguyễn Văn Cừ,primary
36256,2020-10-18T13:28:04.121Z,2020-10-18T13:28:04.121Z,2289920281,2289920286,28.0,219859641,,2,Cầu Nguyễn Văn Cừ,primary
36257,2020-10-18T13:28:04.123Z,2020-10-18T13:28:04.123Z,2289920286,4594811181,11.0,219859641,,2,Cầu Nguyễn Văn Cừ,primary
36297,2020-10-18T13:28:04.125Z,2020-10-18T13:28:04.125Z,4594811181,4419663830,10.312060659645468,219859641,,2,Cầu Nguyễn Văn Cừ,primary
84643,2020-10-18T13:28:04.125Z,2020-10-18T13:28:04.125Z,4419663830,1996745861,0.5605068788337856,219859641,,2,Cầu Nguyễn Văn Cừ,primary
84644,2020-10-18T13:28:04.125Z,2020-10-18T13:28:04.125Z,1996745861,5814168791,3.070817347476078,219859641,,2,Cầu Nguyễn Văn Cừ,primary
84645,2020-10-18T13:28:04.125Z,2020-10-18T13:28:04.125Z,5814168791,706286176,6.05661511404467,219859641,,2,Cầu Nguyễn Văn Cừ,primary
36298,2020-10-18T13:28:04.128Z,2020-10-18T13:28:04.128Z,706286176,2358137420,8.526577660475736,219859641,,2,Cầu Nguyễn Văn Cừ,primary
84646,2020-10-18T13:28:04.128Z,2020-10-18T13:28:04.128Z,2358137420,5462422205,63.47342233952427,219859641,,2,Cầu Nguyễn Văn Cừ,primary
36260,2020-10-18T13:28:04.130Z,2020-10-18T13:28:04.130Z,5462422205,4594811182,53.0,219859641,,2,Cầu Nguyễn Văn Cừ,primary
36261,2020-10-18T13:28:04.138Z,2020-10-18T13:28:04.138Z,4594811182,2289920282,31.0,219859641,,2,Cầu Nguyễn Văn Cừ,primary
36262,2020-10-18T13:28:04.141Z,2020-10-18T13:28:04.141Z,2289920282,2370360786,21.0,219859641,,2,Cầu Nguyễn Văn Cừ,primary
36299,2020-10-18T13:28:04.144Z,2020-10-18T13:28:04.144Z,2370360786,4594841779,152.16555458524778,219859641,,2,Cầu Nguyễn Văn Cừ,primary
84647,2020-10-18T13:28:04.144Z,2020-10-18T13:28:04.144Z,4594841779,366452547,209.83444541475225,219859641,,2,Cầu Nguyễn Văn Cừ,primary
36264,2020-10-18T13:28:04.146Z,2020-10-18T13:28:04.146Z,1767760220,2289921217,52.0,219859643,,2,Nguyễn Văn Cừ,primary
36265,2020-10-18T13:28:04.148Z,2020-10-18T13:28:04.148Z,2289921217,5806004711,62.0,219859643,,2,Nguyễn Văn Cừ,primary
36266,2020-10-18T13:28:04.150Z,2020-10-18T13:28:04.150Z,5806004711,4609836317,3.0,219859643,,2,Nguyễn Văn Cừ,primary
36267,2020-10-18T13:28:04.153Z,2020-10-18T13:28:04.153Z,4609836317,4609829831,10.0,219859643,,2,Nguyễn Văn Cừ,primary
36268,2020-10-18T13:28:04.155Z,2020-10-18T13:28:04.155Z,4609829831,5806004712,5.0,219859643,,2,Nguyễn Văn Cừ,primary
36269,2020-10-18T13:28:04.157Z,2020-10-18T13:28:04.157Z,5806004712,2289923630,8.0,219859643,,2,Nguyễn Văn Cừ,primary
36270,2020-10-18T13:28:04.159Z,2020-10-18T13:28:04.159Z,2364089048,3628475247,58.0,219859645,,2,Nguyễn Văn Cừ,primary
36271,2020-10-18T13:28:04.162Z,2020-10-18T13:28:04.162Z,3628475247,5806004387,6.0,219859645,,2,Nguyễn Văn Cừ,primary
36272,2020-10-18T13:28:04.165Z,2020-10-18T13:28:04.165Z,5806004387,2289920290,13.0,219859645,,2,Nguyễn Văn Cừ,primary
36273,2020-10-18T13:28:04.168Z,2020-10-18T13:28:04.168Z,2289920290,3628475246,17.0,219859645,,2,Nguyễn Văn Cừ,primary
36274,2020-10-18T13:28:04.169Z,2020-10-18T13:28:04.169Z,3628475246,5814336826,4.0,219859645,,2,Nguyễn Văn Cừ,primary
36275,2020-10-18T13:28:04.171Z,2020-10-18T13:28:04.171Z,5814336826,2289920280,17.0,219859645,,2,Nguyễn Văn Cừ,primary
36276,2020-10-18T13:28:04.173Z,2020-10-18T13:28:04.173Z,2364075311,3462850856,34.0,219860365,,3,Trần Hưng Ðạo,secondary
36277,2020-10-18T13:28:04.174Z,2020-10-18T13:28:04.174Z,3462850856,3160548761,107.0,219860365,,3,Trần Hưng Ðạo,secondary
36278,2020-10-18T13:28:04.178Z,2020-10-18T13:28:04.178Z,3160548761,2364075318,24.0,219860365,,3,Trần Hưng Ðạo,secondary
36279,2020-10-18T13:28:04.180Z,2020-10-18T13:28:04.180Z,2364075318,5816800365,11.0,219860365,,3,Trần Hưng Ðạo,secondary
36280,2020-10-18T13:28:04.182Z,2020-10-18T13:28:04.182Z,5816800365,5816803102,42.0,219860365,,3,Trần Hưng Ðạo,secondary
36281,2020-10-18T13:28:04.185Z,2020-10-18T13:28:04.185Z,5816803102,4631178579,46.0,219860365,,3,Trần Hưng Ðạo,secondary
36282,2020-10-18T13:28:04.187Z,2020-10-18T13:28:04.187Z,2289923630,2289923638,161.0,219860447,,2,Nguyễn Văn Cừ,primary
36283,2020-10-18T13:28:04.190Z,2020-10-18T13:28:04.190Z,2289923638,4611399534,7.0,219860447,,2,Nguyễn Văn Cừ,primary
36284,2020-10-18T13:28:04.192Z,2020-10-18T13:28:04.192Z,4611399534,2289923628,49.0,219860447,,2,Nguyễn Văn Cừ,primary
36285,2020-10-18T13:28:04.194Z,2020-10-18T13:28:04.194Z,2289923628,2289923632,12.0,219860447,,2,Nguyễn Văn Cừ,primary
36286,2020-10-18T13:28:04.196Z,2020-10-18T13:28:04.196Z,2289923632,4611406619,15.0,219860447,,2,Nguyễn Văn Cừ,primary
36287,2020-10-18T13:28:04.198Z,2020-10-18T13:28:04.198Z,4611406619,2289923637,4.0,219860447,,2,Nguyễn Văn Cừ,primary
36288,2020-10-18T13:28:04.200Z,2020-10-18T13:28:04.200Z,2289923637,4611394688,13.0,219860447,,2,Nguyễn Văn Cừ,primary
36289,2020-10-18T13:28:04.203Z,2020-10-18T13:28:04.203Z,4611394688,411924148,14.0,219860447,,2,Nguyễn Văn Cừ,primary
36290,2020-10-18T13:28:04.204Z,2020-10-18T13:28:04.204Z,411924148,2289923635,7.0,219860447,,2,Nguyễn Văn Cừ,primary
36291,2020-10-18T13:28:04.206Z,2020-10-18T13:28:04.206Z,2289923635,4611409246,13.0,219860447,,2,Nguyễn Văn Cừ,primary
36292,2020-10-18T13:28:04.208Z,2020-10-18T13:28:04.208Z,4611409246,411918236,43.0,219860447,,2,Nguyễn Văn Cừ,primary
36293,2020-10-18T13:28:04.209Z,2020-10-18T13:28:04.209Z,411918236,2289923631,181.0,219860447,,2,Nguyễn Văn Cừ,primary
36294,2020-10-18T13:28:04.211Z,2020-10-18T13:28:04.211Z,2289923631,2289923629,21.0,219860447,,2,Nguyễn Văn Cừ,primary
36345,2020-10-18T13:28:04.320Z,2020-10-18T13:28:04.320Z,2027772573,2295381730,36.0,220192632,,4,Đường 10A,unclassified
36346,2020-10-18T13:28:04.321Z,2020-10-18T13:28:04.321Z,2295381730,2027772573,36.0,220192632,,4,Đường 10A,unclassified
36347,2020-10-18T13:28:04.323Z,2020-10-18T13:28:04.323Z,2295381730,2026784744,27.0,220192632,,4,Đường 10A,unclassified
36348,2020-10-18T13:28:04.325Z,2020-10-18T13:28:04.325Z,2026784744,2295381730,27.0,220192632,,4,Đường 10A,unclassified
36349,2020-10-18T13:28:04.326Z,2020-10-18T13:28:04.326Z,2026784744,366378475,46.0,220192632,,4,Đường 10A,unclassified
36350,2020-10-18T13:28:04.328Z,2020-10-18T13:28:04.328Z,366378475,2026784744,46.0,220192632,,4,Đường 10A,unclassified
36351,2020-10-18T13:28:04.329Z,2020-10-18T13:28:04.329Z,366378475,366446972,27.0,220192632,,4,Đường 10A,unclassified
36352,2020-10-18T13:28:04.331Z,2020-10-18T13:28:04.331Z,366446972,366378475,27.0,220192632,,4,Đường 10A,unclassified
36353,2020-10-18T13:28:04.332Z,2020-10-18T13:28:04.332Z,366446972,2026784333,9.0,220192632,,4,Đường 10A,unclassified
36354,2020-10-18T13:28:04.334Z,2020-10-18T13:28:04.334Z,2026784333,366446972,9.0,220192632,,4,Đường 10A,unclassified
36355,2020-10-18T13:28:04.335Z,2020-10-18T13:28:04.335Z,2026784333,1780010891,27.0,220192632,,4,Đường 10A,unclassified
36356,2020-10-18T13:28:04.336Z,2020-10-18T13:28:04.336Z,1780010891,2026784333,27.0,220192632,,4,Đường 10A,unclassified
36357,2020-10-18T13:28:04.338Z,2020-10-18T13:28:04.338Z,1780010891,2027773127,8.0,220192632,,4,Đường 10A,unclassified
36358,2020-10-18T13:28:04.341Z,2020-10-18T13:28:04.341Z,2027773127,1780010891,8.0,220192632,,4,Đường 10A,unclassified
36359,2020-10-18T13:28:04.343Z,2020-10-18T13:28:04.343Z,738217351,5778222778,4.0,220209038,,4,Đường số 48,unclassified
36360,2020-10-18T13:28:04.345Z,2020-10-18T13:28:04.345Z,5778222778,738217351,4.0,220209038,,4,Đường số 48,unclassified
36361,2020-10-18T13:28:04.347Z,2020-10-18T13:28:04.347Z,5778222778,5778222783,37.0,220209038,,4,Đường số 48,unclassified
36362,2020-10-18T13:28:04.349Z,2020-10-18T13:28:04.349Z,5778222783,5778222778,37.0,220209038,,4,Đường số 48,unclassified
36363,2020-10-18T13:28:04.352Z,2020-10-18T13:28:04.352Z,5778222783,2365206751,71.0,220209038,,4,Đường số 48,unclassified
36364,2020-10-18T13:28:04.355Z,2020-10-18T13:28:04.355Z,2365206751,5778222783,71.0,220209038,,4,Đường số 48,unclassified
36365,2020-10-18T13:28:04.359Z,2020-10-18T13:28:04.359Z,2365206751,5778222781,45.0,220209038,,4,Đường số 48,unclassified
36366,2020-10-18T13:28:04.362Z,2020-10-18T13:28:04.362Z,5778222781,2365206751,45.0,220209038,,4,Đường số 48,unclassified
36367,2020-10-18T13:28:04.363Z,2020-10-18T13:28:04.363Z,5778222781,5778222761,67.0,220209038,,4,Đường số 48,unclassified
36368,2020-10-18T13:28:04.365Z,2020-10-18T13:28:04.365Z,5778222761,5778222781,67.0,220209038,,4,Đường số 48,unclassified
36746,2020-10-18T13:28:05.098Z,2020-10-18T13:28:05.098Z,4612970101,4609310620,93.0,220862996,,2,Cách Mạng Tháng Tám,primary
36747,2020-10-18T13:28:05.100Z,2020-10-18T13:28:05.100Z,4609310620,4603207418,111.0,220862996,,2,Cách Mạng Tháng Tám,primary
36748,2020-10-18T13:28:05.101Z,2020-10-18T13:28:05.101Z,4603207418,4609313866,142.0,220862996,,2,Cách Mạng Tháng Tám,primary
36749,2020-10-18T13:28:05.103Z,2020-10-18T13:28:05.103Z,4609313866,3164237713,17.0,220862996,,2,Cách Mạng Tháng Tám,primary
36750,2020-10-18T13:28:05.104Z,2020-10-18T13:28:05.104Z,3164237713,411918181,81.0,220862996,,2,Cách Mạng Tháng Tám,primary
36751,2020-10-18T13:28:05.106Z,2020-10-18T13:28:05.106Z,411925307,3164237712,19.0,220863461,,2,Cách Mạng Tháng Tám,primary
36752,2020-10-18T13:28:05.107Z,2020-10-18T13:28:05.107Z,3164237712,5238614065,124.0,220863461,,2,Cách Mạng Tháng Tám,primary
36753,2020-10-18T13:28:05.109Z,2020-10-18T13:28:05.109Z,5238614065,5763168798,110.0,220863461,,2,Cách Mạng Tháng Tám,primary
36754,2020-10-18T13:28:05.110Z,2020-10-18T13:28:05.110Z,5763168798,5763168804,47.0,220863461,,2,Cách Mạng Tháng Tám,primary
36755,2020-10-18T13:28:05.112Z,2020-10-18T13:28:05.112Z,5763168804,411918706,45.0,220863461,,2,Cách Mạng Tháng Tám,primary
36829,2020-10-18T13:28:05.256Z,2020-10-18T13:28:05.256Z,2300361544,2300361543,55.0,220972173,,4,Bà Huyện Thanh Quan,tertiary_link
36830,2020-10-18T13:28:05.258Z,2020-10-18T13:28:05.258Z,4629021467,4628956511,24.0,220972414,,3,An Dương Vương,secondary
36831,2020-10-18T13:28:05.260Z,2020-10-18T13:28:05.260Z,4628956511,4629021467,24.0,220972414,,3,An Dương Vương,secondary
36832,2020-10-18T13:28:05.262Z,2020-10-18T13:28:05.262Z,4628956511,366371650,162.0,220972414,,3,An Dương Vương,secondary
36833,2020-10-18T13:28:05.264Z,2020-10-18T13:28:05.264Z,366371650,4628956511,162.0,220972414,,3,An Dương Vương,secondary
36834,2020-10-18T13:28:05.266Z,2020-10-18T13:28:05.266Z,366371650,5805637463,81.0,220972414,,3,An Dương Vương,secondary
36835,2020-10-18T13:28:05.268Z,2020-10-18T13:28:05.268Z,5805637463,366371650,81.0,220972414,,3,An Dương Vương,secondary
36836,2020-10-18T13:28:05.270Z,2020-10-18T13:28:05.270Z,5805637463,3151254797,13.0,220972414,,3,An Dương Vương,secondary
36837,2020-10-18T13:28:05.272Z,2020-10-18T13:28:05.272Z,3151254797,5805637463,13.0,220972414,,3,An Dương Vương,secondary
36838,2020-10-18T13:28:05.273Z,2020-10-18T13:28:05.273Z,3151254797,366466647,128.0,220972414,,3,An Dương Vương,secondary
36839,2020-10-18T13:28:05.276Z,2020-10-18T13:28:05.276Z,366466647,3151254797,128.0,220972414,,3,An Dương Vương,secondary
36840,2020-10-18T13:28:05.288Z,2020-10-18T13:28:05.288Z,366466647,5598914621,58.0,220972414,,3,An Dương Vương,secondary
36841,2020-10-18T13:28:05.292Z,2020-10-18T13:28:05.292Z,5598914621,366466647,58.0,220972414,,3,An Dương Vương,secondary
36842,2020-10-18T13:28:05.295Z,2020-10-18T13:28:05.295Z,5598914621,5794913265,3.0,220972414,,3,An Dương Vương,secondary
36843,2020-10-18T13:28:05.298Z,2020-10-18T13:28:05.298Z,5794913265,5598914621,3.0,220972414,,3,An Dương Vương,secondary
36844,2020-10-18T13:28:05.300Z,2020-10-18T13:28:05.300Z,5794913265,5794913275,50.0,220972414,,3,An Dương Vương,secondary
36845,2020-10-18T13:28:05.302Z,2020-10-18T13:28:05.302Z,5794913275,5794913265,50.0,220972414,,3,An Dương Vương,secondary
36846,2020-10-18T13:28:05.304Z,2020-10-18T13:28:05.304Z,5794913275,5805820852,10.0,220972414,,3,An Dương Vương,secondary
36847,2020-10-18T13:28:05.306Z,2020-10-18T13:28:05.306Z,5805820852,5794913275,10.0,220972414,,3,An Dương Vương,secondary
36848,2020-10-18T13:28:05.309Z,2020-10-18T13:28:05.309Z,5805820852,3116315714,2.0,220972414,,3,An Dương Vương,secondary
36849,2020-10-18T13:28:05.312Z,2020-10-18T13:28:05.312Z,3116315714,5805820852,2.0,220972414,,3,An Dương Vương,secondary
36850,2020-10-18T13:28:05.315Z,2020-10-18T13:28:05.315Z,3116315714,5794913283,66.0,220972414,,3,An Dương Vương,secondary
36851,2020-10-18T13:28:05.317Z,2020-10-18T13:28:05.317Z,5794913283,3116315714,66.0,220972414,,3,An Dương Vương,secondary
36852,2020-10-18T13:28:05.319Z,2020-10-18T13:28:05.319Z,5794913283,5794913321,48.0,220972414,,3,An Dương Vương,secondary
36853,2020-10-18T13:28:05.320Z,2020-10-18T13:28:05.320Z,5794913321,5794913283,48.0,220972414,,3,An Dương Vương,secondary
36854,2020-10-18T13:28:05.322Z,2020-10-18T13:28:05.322Z,5794913321,1793489523,53.0,220972414,,3,An Dương Vương,secondary
36855,2020-10-18T13:28:05.324Z,2020-10-18T13:28:05.324Z,1793489523,5794913321,53.0,220972414,,3,An Dương Vương,secondary
36856,2020-10-18T13:28:05.326Z,2020-10-18T13:28:05.326Z,1793489523,5794940759,151.0,220972414,,3,An Dương Vương,secondary
36857,2020-10-18T13:28:05.328Z,2020-10-18T13:28:05.328Z,5794940759,1793489523,151.0,220972414,,3,An Dương Vương,secondary
36858,2020-10-18T13:28:05.330Z,2020-10-18T13:28:05.330Z,5794940759,1541029245,47.0,220972414,,3,An Dương Vương,secondary
36859,2020-10-18T13:28:05.331Z,2020-10-18T13:28:05.331Z,1541029245,5794940759,47.0,220972414,,3,An Dương Vương,secondary
36860,2020-10-18T13:28:05.333Z,2020-10-18T13:28:05.333Z,1541029245,5598913731,90.0,220972414,,3,An Dương Vương,secondary
36861,2020-10-18T13:28:05.335Z,2020-10-18T13:28:05.335Z,5598913731,1541029245,90.0,220972414,,3,An Dương Vương,secondary
36862,2020-10-18T13:28:05.337Z,2020-10-18T13:28:05.337Z,5598913731,1765166512,23.0,220972414,,3,An Dương Vương,secondary
36863,2020-10-18T13:28:05.339Z,2020-10-18T13:28:05.339Z,1765166512,5598913731,23.0,220972414,,3,An Dương Vương,secondary
36864,2020-10-18T13:28:05.343Z,2020-10-18T13:28:05.343Z,1765166512,5795001640,53.0,220972414,,3,An Dương Vương,secondary
36865,2020-10-18T13:28:05.346Z,2020-10-18T13:28:05.346Z,5795001640,1765166512,53.0,220972414,,3,An Dương Vương,secondary
36866,2020-10-18T13:28:05.348Z,2020-10-18T13:28:05.348Z,5795001640,366462922,6.0,220972414,,3,An Dương Vương,secondary
36867,2020-10-18T13:28:05.350Z,2020-10-18T13:28:05.350Z,366462922,5795001640,6.0,220972414,,3,An Dương Vương,secondary
36868,2020-10-18T13:28:05.352Z,2021-04-04T13:53:38.933Z,2300363358,4616143780,3.0,220972416,,2,Phường 8,primary
36869,2020-10-18T13:28:05.354Z,2021-04-04T13:53:40.346Z,4616143780,2300363358,3.0,220972416,,2,Phường 8,primary
36870,2020-10-18T13:28:05.356Z,2021-04-04T13:53:41.653Z,4616143780,4621858720,3.0,220972416,,2,Phường 8,primary
36871,2020-10-18T13:28:05.358Z,2021-04-04T13:53:42.917Z,4621858720,4616143780,3.0,220972416,,2,Phường 8,primary
36872,2020-10-18T13:28:05.360Z,2021-04-04T13:53:44.233Z,4621858720,4621858721,3.0,220972416,,2,Phường 8,primary
36873,2020-10-18T13:28:05.363Z,2021-04-04T13:53:45.955Z,4621858721,4621858720,3.0,220972416,,2,Phường 8,primary
36874,2020-10-18T13:28:05.365Z,2021-04-04T13:53:48.297Z,4621858721,4621858722,3.0,220972416,,2,Phường 8,primary
36875,2020-10-18T13:28:05.367Z,2021-04-04T13:53:51.269Z,4621858722,4621858721,3.0,220972416,,2,Phường 8,primary
36876,2020-10-18T13:28:05.370Z,2021-04-04T13:53:52.639Z,4621858722,4629021465,3.0,220972416,,2,Phường 8,primary
36877,2020-10-18T13:28:05.373Z,2021-04-04T13:53:56.185Z,4629021465,4621858722,3.0,220972416,,2,Phường 8,primary
36878,2020-10-18T13:28:05.376Z,2021-04-04T13:53:58.041Z,4629021465,2300363363,3.0,220972416,,2,Phường 8,primary
36879,2020-10-18T13:28:05.379Z,2021-04-04T13:54:04.883Z,2300363363,4629021465,3.0,220972416,,2,Phường 8,primary
36880,2020-10-18T13:28:05.384Z,2021-04-04T13:54:06.354Z,2300363363,4616143783,3.0,220972416,,2,Phường 8,primary
36881,2020-10-18T13:28:05.387Z,2021-04-04T13:54:07.669Z,4616143783,2300363363,3.0,220972416,,2,Phường 8,primary
36882,2020-10-18T13:28:05.390Z,2021-04-04T13:54:09.377Z,4616143783,4629025806,3.0,220972416,,2,Phường 8,primary
36883,2020-10-18T13:28:05.392Z,2021-04-04T13:54:11.650Z,4629025806,4616143783,3.0,220972416,,2,Phường 8,primary
36884,2020-10-18T13:28:05.395Z,2021-04-04T13:54:14.561Z,4629025806,4616143784,2.0,220972416,,2,Phường 8,primary
36885,2020-10-18T13:28:05.421Z,2021-04-04T13:54:15.803Z,4616143784,4629025806,2.0,220972416,,2,Phường 8,primary
36886,2020-10-18T13:28:05.425Z,2021-04-04T13:54:17.103Z,4616143784,2300363368,2.0,220972416,,2,Phường 8,primary
36887,2020-10-18T13:28:05.429Z,2021-04-04T13:54:18.409Z,2300363368,4616143784,2.0,220972416,,2,Phường 8,primary
36888,2020-10-18T13:28:05.432Z,2021-04-04T13:54:19.730Z,2300363368,4616143776,3.0,220972416,,2,Phường 8,primary
36889,2020-10-18T13:28:05.435Z,2021-04-04T13:54:21.584Z,4616143776,2300363368,3.0,220972416,,2,Phường 8,primary
36890,2020-10-18T13:28:05.437Z,2021-04-04T13:54:22.889Z,4616143776,4621858716,3.0,220972416,,2,Đường Trần Phú,primary
36891,2020-10-18T13:28:05.440Z,2021-04-04T13:54:24.222Z,4621858716,4616143776,3.0,220972416,,2,Phường 8,primary
36892,2020-10-18T13:28:05.442Z,2021-04-04T13:54:25.518Z,4621858716,2300363370,3.0,220972416,,2,Đường Trần Phú,primary
36893,2020-10-18T13:28:05.444Z,2021-04-04T13:54:26.759Z,2300363370,4621858716,3.0,220972416,,2,Phường 8,primary
36894,2020-10-18T13:28:05.447Z,2021-04-04T13:54:28.084Z,2300363370,2300363373,3.0,220972416,,2,Đường Trần Phú,primary
36895,2020-10-18T13:28:05.449Z,2021-04-04T13:54:29.394Z,2300363373,2300363370,3.0,220972416,,2,Đường Trần Phú,primary
36896,2020-10-18T13:28:05.452Z,2021-04-04T13:54:30.661Z,2300363373,4629021462,3.0,220972416,,2,Đường Trần Phú,primary
36897,2020-10-18T13:28:05.454Z,2021-04-04T13:54:32.239Z,4629021462,2300363373,3.0,220972416,,2,Đường Trần Phú,primary
36898,2020-10-18T13:28:05.455Z,2021-04-04T13:54:33.991Z,4629021462,4629021464,3.0,220972416,,2,Phường 8,primary
36899,2020-10-18T13:28:05.457Z,2021-04-04T13:54:35.851Z,4629021464,4629021462,3.0,220972416,,2,Đường Trần Phú,primary
36900,2020-10-18T13:28:05.459Z,2021-04-04T13:54:37.090Z,4629021464,4628844527,2.0,220972416,,2,Phường 8,primary
36901,2020-10-18T13:28:05.460Z,2021-04-04T13:54:38.407Z,4628844527,4629021464,2.0,220972416,,2,Phường 8,primary
36902,2020-10-18T13:28:05.462Z,2021-04-04T13:54:39.828Z,4628844527,4621858719,2.0,220972416,,2,Phường 8,primary
36903,2020-10-18T13:28:05.463Z,2021-04-04T13:54:41.178Z,4621858719,4628844527,2.0,220972416,,2,Phường 8,primary
36904,2020-10-18T13:28:05.465Z,2021-04-04T13:54:42.913Z,4621858719,4629021463,2.0,220972416,,2,Phường 8,primary
36905,2020-10-18T13:28:05.466Z,2021-04-04T13:54:45.104Z,4629021463,4621858719,2.0,220972416,,2,Phường 8,primary
36906,2020-10-18T13:28:05.468Z,2021-04-04T13:54:46.768Z,4629021463,4629021467,2.0,220972416,,2,Đường An Dương Vương,primary
36907,2020-10-18T13:28:05.469Z,2021-04-04T13:54:48.097Z,4629021467,4629021463,2.0,220972416,,2,Phường 8,primary
36908,2020-10-18T13:28:05.471Z,2021-04-04T13:54:50.453Z,4629021467,4616143772,2.0,220972416,,2,Phường 8,primary
36909,2020-10-18T13:28:05.472Z,2021-04-04T13:54:51.747Z,4616143772,4629021467,2.0,220972416,,2,Phường 8,primary
36910,2020-10-18T13:28:05.474Z,2021-04-04T13:54:53.464Z,4616143772,4628844526,2.0,220972416,,2,Phường 8,primary
36911,2020-10-18T13:28:05.475Z,2021-04-04T13:54:54.934Z,4628844526,4616143772,2.0,220972416,,2,Phường 8,primary
36912,2020-10-18T13:28:05.477Z,2021-04-04T13:54:57.179Z,4628844526,2300363371,2.0,220972416,,2,Phường 8,primary
36913,2020-10-18T13:28:05.478Z,2021-04-04T13:54:58.478Z,2300363371,4628844526,2.0,220972416,,2,Phường 8,primary
36914,2020-10-18T13:28:05.480Z,2021-04-04T13:54:59.810Z,2300363371,2300363358,2.0,220972416,,2,Phường 8,primary
36915,2020-10-18T13:28:05.481Z,2021-04-04T13:55:01.229Z,2300363358,2300363371,2.0,220972416,,2,Phường 8,primary
37281,2020-10-18T13:28:06.539Z,2020-10-18T13:28:06.539Z,411926551,411923123,86.0,223637314,,2,Cách Mạng Tháng Tám,primary
37282,2020-10-18T13:28:06.542Z,2020-10-18T13:28:06.542Z,411923123,411926563,84.0,223637314,,2,Cách Mạng Tháng Tám,primary
37283,2020-10-18T13:28:06.545Z,2020-10-18T13:28:06.545Z,411926563,411926493,55.0,223637314,,2,Cách Mạng Tháng Tám,primary
37284,2020-10-18T13:28:06.548Z,2020-10-18T13:28:06.548Z,411926493,411926011,69.0,223637314,,2,Cách Mạng Tháng Tám,primary
37425,2020-10-18T13:28:06.954Z,2020-10-18T13:28:06.954Z,2327219050,2327219045,13.0,223867672,,3,Võ Văn Kiệt,trunk_link
37426,2020-10-18T13:28:06.955Z,2020-10-18T13:28:06.955Z,2327219045,2327219050,13.0,223867672,,3,Võ Văn Kiệt,trunk_link
37994,2020-10-18T13:28:08.360Z,2020-10-18T13:28:08.360Z,411925883,411923758,10.0,225192895,,2,Cách Mạng Tháng Tám,primary
37995,2020-10-18T13:28:08.362Z,2020-10-18T13:28:08.362Z,411923758,411925883,10.0,225192895,,2,Cách Mạng Tháng Tám,primary
37996,2020-10-18T13:28:08.363Z,2020-10-18T13:28:08.363Z,411923758,411920114,10.0,225192895,,2,Cách Mạng Tháng Tám,primary
37997,2020-10-18T13:28:08.365Z,2020-10-18T13:28:08.365Z,411920114,411923758,10.0,225192895,,2,Cách Mạng Tháng Tám,primary
37998,2020-10-18T13:28:08.367Z,2020-10-18T13:28:08.367Z,411920114,3160535890,30.0,225192895,,2,Cách Mạng Tháng Tám,primary
37999,2020-10-18T13:28:08.369Z,2020-10-18T13:28:08.369Z,3160535890,411920114,30.0,225192895,,2,Cách Mạng Tháng Tám,primary
38000,2020-10-18T13:28:08.372Z,2020-10-18T13:28:08.372Z,3160535890,411925476,10.0,225192895,,2,Cách Mạng Tháng Tám,primary
38001,2020-10-18T13:28:08.374Z,2020-10-18T13:28:08.374Z,411925476,3160535890,10.0,225192895,,2,Cách Mạng Tháng Tám,primary
38002,2020-10-18T13:28:08.375Z,2020-10-18T13:28:08.375Z,411925476,411917905,62.0,225192895,,2,Cách Mạng Tháng Tám,primary
38003,2020-10-18T13:28:08.377Z,2020-10-18T13:28:08.377Z,411917905,411925476,62.0,225192895,,2,Cách Mạng Tháng Tám,primary
38004,2020-10-18T13:28:08.379Z,2020-10-18T13:28:08.379Z,411917905,5059499528,13.0,225192895,,2,Cách Mạng Tháng Tám,primary
38005,2020-10-18T13:28:08.381Z,2020-10-18T13:28:08.381Z,5059499528,411917905,13.0,225192895,,2,Cách Mạng Tháng Tám,primary
38006,2020-10-18T13:28:08.383Z,2020-10-18T13:28:08.383Z,5059499528,5778164526,23.0,225192895,,2,Cách Mạng Tháng Tám,primary
38007,2020-10-18T13:28:08.385Z,2020-10-18T13:28:08.385Z,5778164526,5059499528,23.0,225192895,,2,Cách Mạng Tháng Tám,primary
38008,2020-10-18T13:28:08.387Z,2020-10-18T13:28:08.387Z,5778164526,4877811748,23.0,225192895,,2,Cách Mạng Tháng Tám,primary
38009,2020-10-18T13:28:08.388Z,2020-10-18T13:28:08.388Z,4877811748,5778164526,23.0,225192895,,2,Cách Mạng Tháng Tám,primary
38010,2020-10-18T13:28:08.390Z,2020-10-18T13:28:08.390Z,4877811748,5778164496,2.0,225192895,,2,Cách Mạng Tháng Tám,primary
38011,2020-10-18T13:28:08.392Z,2020-10-18T13:28:08.392Z,5778164496,4877811748,2.0,225192895,,2,Cách Mạng Tháng Tám,primary
38012,2020-10-18T13:28:08.395Z,2020-10-18T13:28:08.395Z,5778164496,5778164527,3.0,225192895,,2,Cách Mạng Tháng Tám,primary
38013,2020-10-18T13:28:08.398Z,2020-10-18T13:28:08.398Z,5778164527,5778164496,3.0,225192895,,2,Cách Mạng Tháng Tám,primary
38014,2020-10-18T13:28:08.402Z,2020-10-18T13:28:08.402Z,5778164527,5063700697,89.0,225192895,,2,Cách Mạng Tháng Tám,primary
38015,2020-10-18T13:28:08.404Z,2020-10-18T13:28:08.404Z,5063700697,5778164527,89.0,225192895,,2,Cách Mạng Tháng Tám,primary
38016,2020-10-18T13:28:08.407Z,2020-10-18T13:28:08.407Z,5063700697,411924698,19.0,225192895,,2,Cách Mạng Tháng Tám,primary
38017,2020-10-18T13:28:08.408Z,2020-10-18T13:28:08.408Z,411924698,5063700697,19.0,225192895,,2,Cách Mạng Tháng Tám,primary
38018,2020-10-18T13:28:08.411Z,2020-10-18T13:28:08.411Z,411924698,4879876935,27.0,225192895,,2,Cách Mạng Tháng Tám,primary
38019,2020-10-18T13:28:08.414Z,2020-10-18T13:28:08.414Z,4879876935,411924698,27.0,225192895,,2,Cách Mạng Tháng Tám,primary
38826,2020-10-18T13:28:10.519Z,2020-10-18T13:28:10.519Z,2358137370,706286189,33.0,227084715,,3,Võ Văn Kiệt,trunk_link
38827,2020-10-18T13:28:10.521Z,2020-10-18T13:28:10.521Z,2358137401,1996745414,10.0,227084972,,3,Võ Văn Kiệt,trunk_link
38828,2020-10-18T13:28:10.523Z,2020-10-18T13:28:10.523Z,1996745414,2358137401,10.0,227084972,,3,Võ Văn Kiệt,trunk_link
38874,2020-10-18T13:28:10.628Z,2020-10-18T13:28:10.628Z,1773240191,2358235322,19.0,227093472,,4,Bến Vân Đồn,tertiary
38875,2020-10-18T13:28:10.630Z,2020-10-18T13:28:10.630Z,2358235322,2358232093,30.0,227093472,,4,Bến Vân Đồn,tertiary
38876,2020-10-18T13:28:10.632Z,2020-10-18T13:28:10.632Z,2358232093,4594693803,18.0,227093472,,4,Bến Vân Đồn,tertiary
38877,2020-10-18T13:28:10.634Z,2020-10-18T13:28:10.634Z,4594693803,4594693802,19.0,227093472,,4,Bến Vân Đồn,tertiary
38878,2020-10-18T13:28:10.636Z,2020-10-18T13:28:10.636Z,4594693802,4594693804,13.0,227093472,,4,Bến Vân Đồn,tertiary
38879,2020-10-18T13:28:10.638Z,2020-10-18T13:28:10.638Z,4594693804,4594693805,8.0,227093472,,4,Bến Vân Đồn,tertiary
38880,2020-10-18T13:28:10.640Z,2020-10-18T13:28:10.640Z,4594693805,2362584861,7.0,227093472,,4,Bến Vân Đồn,tertiary
38881,2020-10-18T13:28:10.641Z,2020-10-18T13:28:10.641Z,2362584861,2358232095,18.0,227093472,,4,Bến Vân Đồn,tertiary
38882,2020-10-18T13:28:10.643Z,2020-10-18T13:28:10.643Z,2358232095,4594693806,23.0,227093472,,4,Bến Vân Đồn,tertiary
38883,2020-10-18T13:28:10.645Z,2020-10-18T13:28:10.645Z,4594693806,2358235321,31.0,227093472,,4,Bến Vân Đồn,tertiary
38884,2020-10-18T13:28:10.647Z,2020-10-18T13:28:10.647Z,2358235321,4594693813,9.0,227093472,,4,Bến Vân Đồn,tertiary
38885,2020-10-18T13:28:10.649Z,2020-10-18T13:28:10.649Z,4594693813,4594693812,10.0,227093472,,4,Bến Vân Đồn,tertiary
38886,2020-10-18T13:28:10.651Z,2020-10-18T13:28:10.651Z,4594693812,4594693814,9.0,227093472,,4,Bến Vân Đồn,tertiary
38887,2020-10-18T13:28:10.653Z,2020-10-18T13:28:10.653Z,4594693814,2358232111,11.0,227093472,,4,Bến Vân Đồn,tertiary
38888,2020-10-18T13:28:10.656Z,2020-10-18T13:28:10.656Z,2358232111,4594693816,10.0,227093472,,4,Bến Vân Đồn,tertiary
38889,2020-10-18T13:28:10.659Z,2020-10-18T13:28:10.659Z,4594693816,4594693815,14.0,227093472,,4,Bến Vân Đồn,tertiary
38890,2020-10-18T13:28:10.661Z,2020-10-18T13:28:10.661Z,4594693815,4594693811,105.0,227093472,,4,Bến Vân Đồn,tertiary
38891,2020-10-18T13:28:10.662Z,2020-10-18T13:28:10.662Z,4594693811,2358232115,67.0,227093472,,4,Bến Vân Đồn,tertiary
38892,2020-10-18T13:28:10.664Z,2020-10-18T13:28:10.664Z,2358232115,4594693810,34.0,227093472,,4,Bến Vân Đồn,tertiary
38893,2020-10-18T13:28:10.666Z,2020-10-18T13:28:10.666Z,4594693810,4594693809,25.0,227093472,,4,Bến Vân Đồn,tertiary
38894,2020-10-18T13:28:10.669Z,2020-10-18T13:28:10.669Z,4594693809,4594580088,36.0,227093472,,4,Bến Vân Đồn,tertiary
38895,2020-10-18T13:28:10.671Z,2020-10-18T13:28:10.671Z,4594580088,4594580087,17.0,227093472,,4,Bến Vân Đồn,tertiary
38896,2020-10-18T13:28:10.673Z,2020-10-18T13:28:10.673Z,4594580087,4594580086,18.0,227093472,,4,Bến Vân Đồn,tertiary
38897,2020-10-18T13:28:10.675Z,2020-10-18T13:28:10.675Z,4594580086,4594580085,23.0,227093472,,4,Bến Vân Đồn,tertiary
38898,2020-10-18T13:28:10.677Z,2020-10-18T13:28:10.677Z,4594580085,2358232103,18.0,227093472,,4,Bến Vân Đồn,tertiary
38899,2020-10-18T13:28:10.679Z,2020-10-18T13:28:10.679Z,2358232103,4594580084,16.0,227093472,,4,Bến Vân Đồn,tertiary
38900,2020-10-18T13:28:10.680Z,2020-10-18T13:28:10.680Z,4594580084,2358232107,23.0,227093472,,4,Bến Vân Đồn,tertiary
38901,2020-10-18T13:28:10.682Z,2020-10-18T13:28:10.682Z,2358232107,2358232113,15.0,227093472,,4,Bến Vân Đồn,tertiary
38902,2020-10-18T13:28:10.683Z,2020-10-18T13:28:10.683Z,2358232113,4594687687,13.0,227093472,,4,Bến Vân Đồn,tertiary
38903,2020-10-18T13:28:10.685Z,2020-10-18T13:28:10.685Z,4594687687,4594580083,14.0,227093472,,4,Bến Vân Đồn,tertiary
38904,2020-10-18T13:28:10.687Z,2020-10-18T13:28:10.687Z,4594580083,2358232128,61.0,227093472,,4,Bến Vân Đồn,tertiary
38905,2020-10-18T13:28:10.688Z,2020-10-18T13:28:10.688Z,366455483,5772092896,4.0,227093473,,4,Bến Vân Đồn,tertiary
38906,2020-10-18T13:28:10.690Z,2020-10-18T13:28:10.690Z,5772092896,366443600,36.0,227093473,,4,Bến Vân Đồn,tertiary
38907,2020-10-18T13:28:10.692Z,2020-10-18T13:28:10.692Z,366443600,5772092859,6.0,227093473,,4,Bến Vân Đồn,tertiary
38908,2020-10-18T13:28:10.702Z,2020-10-18T13:28:10.702Z,5772092859,5772092886,25.0,227093473,,4,Bến Vân Đồn,tertiary
38909,2020-10-18T13:28:10.705Z,2020-10-18T13:28:10.705Z,5772092886,5772092887,13.0,227093473,,4,Bến Vân Đồn,tertiary
38910,2020-10-18T13:28:10.707Z,2020-10-18T13:28:10.707Z,5772092887,366458078,4.0,227093473,,4,Bến Vân Đồn,tertiary
38911,2020-10-18T13:28:10.709Z,2020-10-18T13:28:10.709Z,366458078,366430474,45.0,227093473,,4,Bến Vân Đồn,tertiary
38912,2020-10-18T13:28:10.711Z,2020-10-18T13:28:10.711Z,366430474,366404410,39.0,227093473,,4,Bến Vân Đồn,tertiary
38913,2020-10-18T13:28:10.713Z,2020-10-18T13:28:10.713Z,366404410,4594693796,15.0,227093473,,4,Bến Vân Đồn,tertiary
38914,2020-10-18T13:28:10.714Z,2020-10-18T13:28:10.714Z,4594693796,1767909424,15.0,227093473,,4,Bến Vân Đồn,tertiary
38915,2020-10-18T13:28:10.716Z,2020-10-18T13:28:10.716Z,1767909424,1767909455,32.0,227093473,,4,Bến Vân Đồn,tertiary
38916,2020-10-18T13:28:10.718Z,2020-10-18T13:28:10.718Z,1767909455,4594693800,16.0,227093473,,4,Bến Vân Đồn,tertiary
38917,2020-10-18T13:28:10.720Z,2020-10-18T13:28:10.720Z,4594693800,4594693797,22.0,227093473,,4,Bến Vân Đồn,tertiary
38925,2020-10-18T13:28:10.737Z,2020-10-18T13:28:10.737Z,2358232128,2358232130,40.0,227093474,,4,Cầu Dừa,tertiary
38926,2020-10-18T13:28:10.739Z,2020-10-18T13:28:10.739Z,2358232130,2358232105,87.0,227093733,,4,Bến Vân Đồn,tertiary
38927,2020-10-18T13:28:10.741Z,2020-10-18T13:28:10.741Z,2358232105,4594580082,111.0,227093733,,4,Bến Vân Đồn,tertiary
38928,2020-10-18T13:28:10.743Z,2020-10-18T13:28:10.743Z,4594580082,2358232119,28.0,227093733,,4,Bến Vân Đồn,tertiary
38929,2020-10-18T13:28:10.746Z,2020-10-18T13:28:10.746Z,2358232119,2380787693,28.0,227093733,,4,Bến Vân Đồn,tertiary
38930,2020-10-18T13:28:10.749Z,2020-10-18T13:28:10.749Z,2380787693,4594580081,33.0,227093733,,4,Bến Vân Đồn,tertiary
38931,2020-10-18T13:28:10.751Z,2020-10-18T13:28:10.751Z,4594580081,2358232087,32.0,227093733,,4,Bến Vân Đồn,tertiary
38932,2020-10-18T13:28:10.752Z,2020-10-18T13:28:10.752Z,2358232087,2358232117,54.0,227093733,,4,Bến Vân Đồn,tertiary
38933,2020-10-18T13:28:10.754Z,2020-10-18T13:28:10.754Z,2358232117,2358232121,40.0,227093733,,4,Bến Vân Đồn,tertiary
38934,2020-10-18T13:28:10.755Z,2020-10-18T13:28:10.755Z,2358232121,2377619572,187.0,227093733,,4,Bến Vân Đồn,tertiary
38935,2020-10-18T13:28:10.757Z,2020-10-18T13:28:10.757Z,2377619572,4594877895,40.0,227093733,,4,Bến Vân Đồn,tertiary
38936,2020-10-18T13:28:10.759Z,2020-10-18T13:28:10.759Z,4594877895,4594580080,16.0,227093733,,4,Bến Vân Đồn,tertiary
38937,2020-10-18T13:28:10.761Z,2020-10-18T13:28:10.761Z,4594580080,4594877893,14.0,227093733,,4,Bến Vân Đồn,tertiary
38938,2020-10-18T13:28:10.763Z,2020-10-18T13:28:10.763Z,4594877893,4594687680,17.0,227093733,,4,Bến Vân Đồn,tertiary
38939,2020-10-18T13:28:10.765Z,2020-10-18T13:28:10.765Z,4594687680,2358232124,21.0,227093733,,4,Bến Vân Đồn,tertiary
38940,2020-10-18T13:28:10.766Z,2020-10-18T13:28:10.766Z,2358232124,2358232101,51.0,227093733,,4,Bến Vân Đồn,tertiary
38941,2020-10-18T13:28:10.768Z,2020-10-18T13:28:10.768Z,2358234404,734894520,18.0,227093734,,4,Cầu Nguyễn Văn Cừ,tertiary
38976,2020-10-18T13:28:10.825Z,2020-10-18T13:28:10.825Z,3506700347,2527488819,17.0,227604596,,3,Nguyễn Thị Nghĩa,primary_link
39067,2020-10-18T13:28:10.999Z,2020-10-18T13:28:10.999Z,411918706,2364030594,43.0,227739703,,2,Nguyễn Thị Minh Khai,primary
39068,2020-10-18T13:28:11.004Z,2020-10-18T13:28:11.004Z,2393618251,411924874,8.0,227742838,,3,Nguyễn Thị Minh Khai,primary_link
39069,2020-10-18T13:28:11.006Z,2020-10-18T13:28:11.006Z,5764817348,5059499397,31.0,227742840,,4,Cao Thắng,tertiary
39070,2020-10-18T13:28:11.008Z,2020-10-18T13:28:11.008Z,5059499397,5764817348,31.0,227742840,,4,Cao Thắng,tertiary
39071,2020-10-18T13:28:11.009Z,2020-10-18T13:28:11.009Z,5059499397,5059499402,45.0,227742840,,4,Cao Thắng,tertiary
39072,2020-10-18T13:28:11.011Z,2020-10-18T13:28:11.011Z,5059499402,5059499397,45.0,227742840,,4,Cao Thắng,tertiary
39073,2020-10-18T13:28:11.014Z,2020-10-18T13:28:11.014Z,5059499402,3462940813,7.0,227742840,,4,Cao Thắng,tertiary
39074,2020-10-18T13:28:11.015Z,2020-10-18T13:28:11.015Z,3462940813,5059499402,7.0,227742840,,4,Cao Thắng,tertiary
39075,2020-10-18T13:28:11.016Z,2020-10-18T13:28:11.016Z,3462940813,5059499404,13.0,227742840,,4,Cao Thắng,tertiary
39076,2020-10-18T13:28:11.018Z,2020-10-18T13:28:11.018Z,5059499404,3462940813,13.0,227742840,,4,Cao Thắng,tertiary
39077,2020-10-18T13:28:11.020Z,2020-10-18T13:28:11.020Z,5059499404,3164261856,6.0,227742840,,4,Cao Thắng,tertiary
39078,2020-10-18T13:28:11.021Z,2020-10-18T13:28:11.021Z,3164261856,5059499404,6.0,227742840,,4,Cao Thắng,tertiary
39079,2020-10-18T13:28:11.023Z,2020-10-18T13:28:11.023Z,3164261856,3462940808,12.0,227742840,,4,Cao Thắng,tertiary
39080,2020-10-18T13:28:11.024Z,2020-10-18T13:28:11.024Z,3462940808,3164261856,12.0,227742840,,4,Cao Thắng,tertiary
39081,2020-10-18T13:28:11.026Z,2020-10-18T13:28:11.026Z,3462940808,5059499391,57.0,227742840,,4,Cao Thắng,tertiary
39082,2020-10-18T13:28:11.028Z,2020-10-18T13:28:11.028Z,5059499391,3462940808,57.0,227742840,,4,Cao Thắng,tertiary
39083,2020-10-18T13:28:11.029Z,2020-10-18T13:28:11.029Z,5059499391,366419521,4.0,227742840,,4,Cao Thắng,tertiary
39084,2020-10-18T13:28:11.031Z,2020-10-18T13:28:11.031Z,366419521,5059499391,4.0,227742840,,4,Cao Thắng,tertiary
39085,2020-10-18T13:28:11.033Z,2020-10-18T13:28:11.033Z,2364089048,4609836317,10.0,227746179,,2,Trần Hưng Ðạo,primary
39086,2020-10-18T13:28:11.034Z,2020-10-18T13:28:11.034Z,4609836317,3160554147,35.0,227746179,,2,Trần Hưng Ðạo,primary
39087,2020-10-18T13:28:11.036Z,2020-10-18T13:28:11.036Z,3160554147,4613083207,356.0,227746179,,2,Trần Hưng Ðạo,primary
39088,2020-10-18T13:28:11.037Z,2020-10-18T13:28:11.037Z,4613083207,5795188300,286.0,227746179,,2,Trần Hưng Ðạo,primary
39089,2020-10-18T13:28:11.039Z,2020-10-18T13:28:11.039Z,5795188300,5795068431,79.0,227746179,,2,Trần Hưng Ðạo,primary
39090,2020-10-18T13:28:11.040Z,2020-10-18T13:28:11.040Z,5795068431,5795068425,0.0,227746179,,2,Trần Hưng Ðạo,primary
39091,2020-10-18T13:28:11.042Z,2020-10-18T13:28:11.042Z,5795068425,3160559458,178.0,227746179,,2,Trần Hưng Ðạo,primary
39092,2020-10-18T13:28:11.043Z,2020-10-18T13:28:11.043Z,3160559458,4603729664,19.0,227746179,,2,Trần Hưng Ðạo,primary
39093,2020-10-18T13:28:11.045Z,2020-10-18T13:28:11.045Z,4603729664,4308471159,116.0,227746179,,2,Trần Hưng Ðạo,primary
39094,2020-10-18T13:28:11.047Z,2020-10-18T13:28:11.047Z,4308471159,5781023256,113.0,227746179,,2,Trần Hưng Ðạo,primary
39095,2020-10-18T13:28:11.048Z,2020-10-18T13:28:11.048Z,5781023256,2364089045,5.0,227746179,,2,Trần Hưng Ðạo,primary
39096,2020-10-18T13:28:11.050Z,2020-10-18T13:28:11.050Z,2364089045,4302891988,44.0,227746179,,2,Trần Hưng Ðạo,primary
39097,2020-10-18T13:28:11.051Z,2020-10-18T13:28:11.051Z,4302891988,5781158293,139.0,227746179,,2,Trần Hưng Ðạo,primary
39098,2020-10-18T13:28:11.053Z,2020-10-18T13:28:11.053Z,5781158293,5778873001,144.0,227746179,,2,Trần Hưng Ðạo,primary
39099,2020-10-18T13:28:11.055Z,2020-10-18T13:28:11.055Z,5778873001,5762736901,175.0,227746179,,2,Trần Hưng Ðạo,primary
39100,2020-10-18T13:28:11.056Z,2020-10-18T13:28:11.056Z,5762736901,5762736900,12.0,227746179,,2,Trần Hưng Ðạo,primary
39101,2020-10-18T13:28:11.058Z,2020-10-18T13:28:11.058Z,5762736900,1769265762,312.0,227746179,,2,Trần Hưng Ðạo,primary
39102,2020-10-18T13:28:11.060Z,2020-10-18T13:28:11.060Z,1769265762,2663926519,167.0,227746179,,2,Trần Hưng Ðạo,primary
39179,2020-10-18T13:28:11.209Z,2020-10-18T13:28:11.209Z,706286088,2380787688,11.0,228359236,,4,Cầu Nguyễn Văn Cừ,tertiary
39180,2020-10-18T13:28:11.211Z,2020-10-18T13:28:11.211Z,2380787688,706286088,11.0,228359236,,4,Cầu Nguyễn Văn Cừ,tertiary
39181,2020-10-18T13:28:11.212Z,2020-10-18T13:28:11.212Z,2380787688,1987339292,7.0,228359236,,4,Cầu Nguyễn Văn Cừ,tertiary
39182,2020-10-18T13:28:11.214Z,2020-10-18T13:28:11.214Z,1987339292,2380787688,7.0,228359236,,4,Cầu Nguyễn Văn Cừ,tertiary
39183,2020-10-18T13:28:11.217Z,2020-10-18T13:28:11.217Z,1987339292,2380787687,6.0,228359236,,4,Cầu Nguyễn Văn Cừ,tertiary
39184,2020-10-18T13:28:11.219Z,2020-10-18T13:28:11.219Z,2380787687,1987339292,6.0,228359236,,4,Cầu Nguyễn Văn Cừ,tertiary
39185,2020-10-18T13:28:11.222Z,2020-10-18T13:28:11.222Z,2380787687,706286038,6.0,228359236,,4,Cầu Nguyễn Văn Cừ,tertiary
39186,2020-10-18T13:28:11.224Z,2020-10-18T13:28:11.224Z,706286038,2380787687,6.0,228359236,,4,Cầu Nguyễn Văn Cừ,tertiary
39187,2020-10-18T13:28:11.227Z,2020-10-18T13:28:11.227Z,706286038,2380787690,6.0,228359236,,4,Cầu Nguyễn Văn Cừ,tertiary
39188,2020-10-18T13:28:11.229Z,2020-10-18T13:28:11.229Z,2380787690,706286038,6.0,228359236,,4,Cầu Nguyễn Văn Cừ,tertiary
39189,2020-10-18T13:28:11.231Z,2020-10-18T13:28:11.231Z,2380787690,1987339381,6.0,228359236,,4,Cầu Nguyễn Văn Cừ,tertiary
39190,2020-10-18T13:28:11.233Z,2020-10-18T13:28:11.233Z,1987339381,2380787690,6.0,228359236,,4,Cầu Nguyễn Văn Cừ,tertiary
39191,2020-10-18T13:28:11.235Z,2020-10-18T13:28:11.235Z,1987339381,706286168,4.0,228359236,,4,Cầu Nguyễn Văn Cừ,tertiary
39192,2020-10-18T13:28:11.237Z,2020-10-18T13:28:11.237Z,706286168,1987339381,4.0,228359236,,4,Cầu Nguyễn Văn Cừ,tertiary
39193,2020-10-18T13:28:11.238Z,2020-10-18T13:28:11.238Z,706286168,4594564169,5.0,228359236,,4,Cầu Nguyễn Văn Cừ,tertiary
39194,2020-10-18T13:28:11.240Z,2020-10-18T13:28:11.240Z,4594564169,706286168,5.0,228359236,,4,Cầu Nguyễn Văn Cừ,tertiary
39195,2020-10-18T13:28:11.242Z,2020-10-18T13:28:11.242Z,4594564169,1987339380,5.0,228359236,,4,Cầu Nguyễn Văn Cừ,tertiary
39196,2020-10-18T13:28:11.244Z,2020-10-18T13:28:11.244Z,1987339380,4594564169,5.0,228359236,,4,Cầu Nguyễn Văn Cừ,tertiary
39197,2020-10-18T13:28:11.246Z,2020-10-18T13:28:11.246Z,1987339380,706286130,4.0,228359236,,4,Cầu Nguyễn Văn Cừ,tertiary
39198,2020-10-18T13:28:11.249Z,2020-10-18T13:28:11.249Z,706286130,1987339380,4.0,228359236,,4,Cầu Nguyễn Văn Cừ,tertiary
39199,2020-10-18T13:28:11.251Z,2020-10-18T13:28:11.251Z,706286130,2380787691,5.0,228359236,,4,Cầu Nguyễn Văn Cừ,tertiary
39200,2020-10-18T13:28:11.253Z,2020-10-18T13:28:11.253Z,2380787691,706286130,5.0,228359236,,4,Cầu Nguyễn Văn Cừ,tertiary
39201,2020-10-18T13:28:11.255Z,2020-10-18T13:28:11.255Z,2380787691,4594564168,6.0,228359236,,4,Cầu Nguyễn Văn Cừ,tertiary
39202,2020-10-18T13:28:11.257Z,2020-10-18T13:28:11.257Z,4594564168,2380787691,6.0,228359236,,4,Cầu Nguyễn Văn Cừ,tertiary
39203,2020-10-18T13:28:11.259Z,2020-10-18T13:28:11.259Z,4594564168,1987338771,7.0,228359236,,4,Cầu Nguyễn Văn Cừ,tertiary
39204,2020-10-18T13:28:11.261Z,2020-10-18T13:28:11.261Z,1987338771,4594564168,7.0,228359236,,4,Cầu Nguyễn Văn Cừ,tertiary
39205,2020-10-18T13:28:11.263Z,2020-10-18T13:28:11.263Z,1987338771,706286233,10.0,228359236,,4,Cầu Nguyễn Văn Cừ,tertiary
39206,2020-10-18T13:28:11.265Z,2020-10-18T13:28:11.265Z,706286233,1987338771,10.0,228359236,,4,Cầu Nguyễn Văn Cừ,tertiary
39207,2020-10-18T13:28:11.267Z,2020-10-18T13:28:11.267Z,706286233,4594916756,14.0,228359236,,4,Cầu Nguyễn Văn Cừ,tertiary
39208,2020-10-18T13:28:11.269Z,2020-10-18T13:28:11.269Z,4594916756,706286233,14.0,228359236,,4,Cầu Nguyễn Văn Cừ,tertiary
39226,2020-10-18T13:28:11.313Z,2020-10-18T13:28:11.313Z,4879876937,4878179936,28.0,230934665,,2,Cách Mạng Tháng Tám,primary
39227,2020-10-18T13:28:11.315Z,2020-10-18T13:28:11.315Z,4878179936,3164258340,37.0,230934665,,2,Cách Mạng Tháng Tám,primary
39228,2020-10-18T13:28:11.316Z,2020-10-18T13:28:11.316Z,3164258340,2393615145,52.0,230934665,,2,Cách Mạng Tháng Tám,primary
39229,2020-10-18T13:28:11.318Z,2020-10-18T13:28:11.318Z,2393615145,5778212559,24.0,230934665,,2,Cách Mạng Tháng Tám,primary
39230,2020-10-18T13:28:11.320Z,2020-10-18T13:28:11.320Z,5778212559,5778212563,74.0,230934665,,2,Cách Mạng Tháng Tám,primary
39231,2020-10-18T13:28:11.322Z,2020-10-18T13:28:11.322Z,5778212563,2393614148,9.0,230934665,,2,Cách Mạng Tháng Tám,primary
39232,2020-10-18T13:28:11.323Z,2020-10-18T13:28:11.323Z,2393614148,3164258338,43.0,230934665,,2,Cách Mạng Tháng Tám,primary
39233,2020-10-18T13:28:11.327Z,2020-10-18T13:28:11.327Z,3164258338,2393614156,25.0,230934665,,2,Cách Mạng Tháng Tám,primary
39234,2020-10-18T13:28:11.329Z,2020-10-18T13:28:11.329Z,2393614156,2393615144,125.0,230934665,,2,Cách Mạng Tháng Tám,primary
39235,2020-10-18T13:28:11.331Z,2020-10-18T13:28:11.331Z,2393615144,2393614154,37.0,230934665,,2,Cách Mạng Tháng Tám,primary
39236,2020-10-18T13:28:11.333Z,2020-10-18T13:28:11.333Z,2393614154,2393614153,45.0,230934665,,2,Cách Mạng Tháng Tám,primary
39237,2020-10-18T13:28:11.336Z,2020-10-18T13:28:11.336Z,2393614153,4627742385,2.0,230934665,,2,Cách Mạng Tháng Tám,primary
39238,2020-10-18T13:28:11.338Z,2020-10-18T13:28:11.338Z,4627742385,2393614155,14.0,230934665,,2,Cách Mạng Tháng Tám,primary
39239,2020-10-18T13:28:11.341Z,2020-10-18T13:28:11.341Z,2393614155,2393615146,42.0,230934665,,2,Cách Mạng Tháng Tám,primary
39240,2020-10-18T13:28:11.344Z,2020-10-18T13:28:11.344Z,2393614146,4607288659,33.0,230934666,,4,Võ Văn Tần,tertiary
39241,2020-10-18T13:28:11.346Z,2020-10-18T13:28:11.346Z,4607288659,2393614146,33.0,230934666,,4,Võ Văn Tần,tertiary
39242,2020-10-18T13:28:11.348Z,2020-10-18T13:28:11.348Z,4607288659,411923863,29.0,230934666,,4,Võ Văn Tần,tertiary
39243,2020-10-18T13:28:11.350Z,2020-10-18T13:28:11.350Z,411923863,4607288659,29.0,230934666,,4,Võ Văn Tần,tertiary
39244,2020-10-18T13:28:11.351Z,2020-10-18T13:28:11.351Z,411923863,4607249123,9.0,230934666,,4,Võ Văn Tần,tertiary
39245,2020-10-18T13:28:11.353Z,2020-10-18T13:28:11.353Z,4607249123,411923863,9.0,230934666,,4,Võ Văn Tần,tertiary
39246,2020-10-18T13:28:11.355Z,2020-10-18T13:28:11.355Z,4607249123,411921831,4.0,230934666,,4,Võ Văn Tần,tertiary
39247,2020-10-18T13:28:11.357Z,2020-10-18T13:28:11.357Z,411921831,4607249123,4.0,230934666,,4,Võ Văn Tần,tertiary
39248,2020-10-18T13:28:11.359Z,2020-10-18T13:28:11.359Z,411921831,4604903927,18.0,230934666,,4,Võ Văn Tần,tertiary
39249,2020-10-18T13:28:11.361Z,2020-10-18T13:28:11.361Z,4604903927,411921831,18.0,230934666,,4,Võ Văn Tần,tertiary
39250,2020-10-18T13:28:11.363Z,2020-10-18T13:28:11.363Z,4604903927,411922626,4.0,230934666,,4,Võ Văn Tần,tertiary
39251,2020-10-18T13:28:11.364Z,2020-10-18T13:28:11.364Z,411922626,4604903927,4.0,230934666,,4,Võ Văn Tần,tertiary
39252,2020-10-18T13:28:11.366Z,2020-10-18T13:28:11.366Z,411922626,411923909,11.0,230934666,,4,Võ Văn Tần,tertiary
39253,2020-10-18T13:28:11.368Z,2020-10-18T13:28:11.368Z,411923909,411922626,11.0,230934666,,4,Võ Văn Tần,tertiary
39254,2020-10-18T13:28:11.369Z,2020-10-18T13:28:11.369Z,411923909,411922076,14.0,230934666,,4,Võ Văn Tần,tertiary
39255,2020-10-18T13:28:11.371Z,2020-10-18T13:28:11.371Z,411922076,411923909,14.0,230934666,,4,Võ Văn Tần,tertiary
39256,2020-10-18T13:28:11.372Z,2020-10-18T13:28:11.372Z,411922076,5763269262,17.0,230934666,,4,Võ Văn Tần,tertiary
39257,2020-10-18T13:28:11.376Z,2020-10-18T13:28:11.376Z,5763269262,411922076,17.0,230934666,,4,Võ Văn Tần,tertiary
39258,2020-10-18T13:28:11.378Z,2020-10-18T13:28:11.378Z,5763269262,411918158,2.0,230934666,,4,Võ Văn Tần,tertiary
39259,2020-10-18T13:28:11.380Z,2020-10-18T13:28:11.380Z,411918158,5763269262,2.0,230934666,,4,Võ Văn Tần,tertiary
39260,2020-10-18T13:28:11.387Z,2020-10-18T13:28:11.387Z,411918158,4604865410,23.0,230934666,,4,Võ Văn Tần,tertiary
39261,2020-10-18T13:28:11.392Z,2020-10-18T13:28:11.392Z,4604865410,411918158,23.0,230934666,,4,Võ Văn Tần,tertiary
39262,2020-10-18T13:28:11.395Z,2020-10-18T13:28:11.395Z,2393614146,2393614150,32.0,230934667,,2,Cách Mạng Tháng Tám,primary
39263,2020-10-18T13:28:11.408Z,2020-10-18T13:28:11.408Z,2393614150,411924874,114.0,230934667,,2,Cách Mạng Tháng Tám,primary
39264,2020-10-18T13:28:11.410Z,2020-10-18T13:28:11.410Z,411924874,3116310153,34.0,230935039,,2,Nguyễn Thị Minh Khai,primary
39265,2020-10-18T13:28:11.412Z,2020-10-18T13:28:11.412Z,3116310153,2364060008,52.0,230935039,,2,Nguyễn Thị Minh Khai,primary
39266,2020-10-18T13:28:11.414Z,2020-10-18T13:28:11.414Z,2364060008,411922630,42.0,230935039,,2,Nguyễn Thị Minh Khai,primary
39267,2020-10-18T13:28:11.416Z,2020-10-18T13:28:11.416Z,411922630,411922637,70.0,230935039,,2,Nguyễn Thị Minh Khai,primary
39268,2020-10-18T13:28:11.418Z,2020-10-18T13:28:11.418Z,411922637,2364059997,49.0,230935039,,2,Nguyễn Thị Minh Khai,primary
39269,2020-10-18T13:28:11.419Z,2020-10-18T13:28:11.419Z,2364059997,2364059993,35.0,230935039,,2,Nguyễn Thị Minh Khai,primary
39270,2020-10-18T13:28:11.430Z,2020-10-18T13:28:11.430Z,2364059993,2364059995,31.0,230935039,,2,Nguyễn Thị Minh Khai,primary
39271,2020-10-18T13:28:11.434Z,2020-10-18T13:28:11.434Z,2364059995,2364060006,35.0,230935039,,2,Nguyễn Thị Minh Khai,primary
39272,2020-10-18T13:28:11.437Z,2020-10-18T13:28:11.437Z,2364060006,2364060004,63.0,230935039,,2,Nguyễn Thị Minh Khai,primary
39273,2020-10-18T13:28:11.441Z,2020-10-18T13:28:11.441Z,2364060004,2364060009,24.0,230935039,,2,Nguyễn Thị Minh Khai,primary
39274,2020-10-18T13:28:11.444Z,2020-10-18T13:28:11.444Z,2364060009,2364059996,38.0,230935039,,2,Nguyễn Thị Minh Khai,primary
39275,2020-10-18T13:28:11.447Z,2020-10-18T13:28:11.447Z,2393618251,3164237716,93.0,230935041,,2,Cách Mạng Tháng Tám,primary
39276,2020-10-18T13:28:11.450Z,2020-10-18T13:28:11.450Z,3164237716,411926551,53.0,230935041,,2,Cách Mạng Tháng Tám,primary
40432,2020-10-18T13:28:14.273Z,2020-10-18T13:28:14.273Z,2026784733,706286177,161.0,234919083,,4,Đường số 41,unclassified
40433,2020-10-18T13:28:14.274Z,2020-10-18T13:28:14.274Z,706286177,746617486,69.0,234919083,,4,Đường số 41,unclassified
40434,2020-10-18T13:28:14.276Z,2020-10-18T13:28:14.276Z,746617486,2027773409,25.0,234919083,,4,Đường số 41,unclassified
40435,2020-10-18T13:28:14.278Z,2020-10-18T13:28:14.278Z,2027773409,366414596,28.0,234919083,,4,Đường số 41,unclassified
40436,2020-10-18T13:28:14.280Z,2020-10-18T13:28:14.280Z,366414596,2253460208,4.0,234919083,,4,Đường số 41,unclassified
40443,2020-10-18T13:28:14.291Z,2020-10-18T13:28:14.291Z,1780010914,1780010887,32.0,234919086,,4,Đường số 51,unclassified
40444,2020-10-18T13:28:14.293Z,2020-10-18T13:28:14.293Z,1780010887,1780010914,32.0,234919086,,4,Đường số 51,unclassified
40467,2020-10-18T13:28:14.346Z,2020-10-18T13:28:14.346Z,411919418,2433276967,34.0,235283467,,2,3 Tháng 2,primary
40468,2020-10-18T13:28:14.347Z,2020-10-18T13:28:14.347Z,2433276967,4976692688,261.0,235283467,,2,3 Tháng 2,primary
40469,2020-10-18T13:28:14.349Z,2020-10-18T13:28:14.349Z,4976692688,4646788529,9.0,235283467,,2,3 Tháng 2,primary
40470,2020-10-18T13:28:14.351Z,2020-10-18T13:28:14.351Z,4646788529,4646769643,26.0,235283467,,2,3 Tháng 2,primary
40471,2020-10-18T13:28:14.352Z,2020-10-18T13:28:14.352Z,4646769643,2433276954,25.0,235283467,,2,3 Tháng 2,primary
40472,2020-10-18T13:28:14.354Z,2020-10-18T13:28:14.354Z,2433276954,4646769644,23.0,235283467,,2,3 Tháng 2,primary
40473,2020-10-18T13:28:14.355Z,2020-10-18T13:28:14.355Z,4646769644,2433276966,22.0,235283467,,2,3 Tháng 2,primary
40474,2020-10-18T13:28:14.357Z,2020-10-18T13:28:14.357Z,2433276966,2433276963,208.0,235283467,,2,3 Tháng 2,primary
40475,2020-10-18T13:28:14.358Z,2020-10-18T13:28:14.358Z,2433276963,2433279316,165.0,235283467,,2,3 Tháng 2,primary
40476,2020-10-18T13:28:14.361Z,2020-10-18T13:28:14.361Z,2433279316,5764920244,136.0,235283467,,2,3 Tháng 2,primary
40477,2020-10-18T13:28:14.363Z,2020-10-18T13:28:14.363Z,5764920244,2433276955,42.0,235283467,,2,3 Tháng 2,primary
40478,2020-10-18T13:28:14.365Z,2020-10-18T13:28:14.365Z,2433276955,4646816751,97.0,235283467,,2,3 Tháng 2,primary
40479,2020-10-18T13:28:14.367Z,2020-10-18T13:28:14.367Z,4646816751,2433279317,81.0,235283467,,2,3 Tháng 2,primary
40480,2020-10-18T13:28:14.369Z,2020-10-18T13:28:14.369Z,2433279317,4646816752,83.0,235283467,,2,3 Tháng 2,primary
41124,2020-10-18T13:28:15.769Z,2020-10-18T13:28:15.769Z,2468452124,2468452113,11.0,239030906,,3,Dương Bá Trạc,primary_link
41125,2020-10-18T13:28:15.770Z,2020-10-18T13:28:15.770Z,2468452113,2468452124,11.0,239030906,,3,Dương Bá Trạc,primary_link
41130,2020-10-18T13:28:15.781Z,2020-10-18T13:28:15.781Z,2468452114,3175002781,22.0,239031052,,2,Dương Bá Trạc,primary
41131,2020-10-18T13:28:15.782Z,2020-10-18T13:28:15.782Z,3175002781,2468453127,63.0,239031052,,2,Dương Bá Trạc,primary
41132,2020-10-18T13:28:15.784Z,2020-10-18T13:28:15.784Z,2468453127,2468452119,6.0,239031052,,2,Dương Bá Trạc,primary
41133,2020-10-18T13:28:15.787Z,2020-10-18T13:28:15.787Z,366452547,2044486215,6.0,239031059,,2,Dương Bá Trạc,primary
41134,2020-10-18T13:28:15.788Z,2020-10-18T13:28:15.788Z,2044486215,1773321419,11.0,239031059,,2,Dương Bá Trạc,primary
41135,2020-10-18T13:28:15.790Z,2020-10-18T13:28:15.790Z,1773321419,2044487029,13.0,239031059,,2,Dương Bá Trạc,primary
41136,2020-10-18T13:28:15.792Z,2020-10-18T13:28:15.792Z,2044487029,2044487203,23.0,239031059,,2,Dương Bá Trạc,primary
41137,2020-10-18T13:28:15.795Z,2020-10-18T13:28:15.795Z,2044487203,3175002782,26.0,239031059,,2,Dương Bá Trạc,primary
41138,2020-10-18T13:28:15.797Z,2020-10-18T13:28:15.797Z,3175002782,366477769,122.0,239031059,,2,Dương Bá Trạc,primary
41139,2020-10-18T13:28:15.799Z,2020-10-18T13:28:15.799Z,366477769,2468452113,31.0,239031059,,2,Dương Bá Trạc,primary
41140,2020-10-18T13:28:15.801Z,2020-10-18T13:28:15.801Z,2468452124,2922933636,39.0,239031136,,2,Dương Bá Trạc,primary
41141,2020-10-18T13:28:15.802Z,2020-10-18T13:28:15.802Z,2922933636,2468452114,104.0,239031136,,2,Dương Bá Trạc,primary
41158,2020-10-18T13:28:15.837Z,2020-10-18T13:28:15.837Z,2468452110,3175002779,58.0,239031344,,2,Dương Bá Trạc,primary
41159,2020-10-18T13:28:15.838Z,2020-10-18T13:28:15.838Z,3175002779,4594580077,24.0,239031344,,2,Dương Bá Trạc,primary
41160,2020-10-18T13:28:15.852Z,2020-10-18T13:28:15.852Z,4594580077,4594580078,23.0,239031344,,2,Dương Bá Trạc,primary
41161,2020-10-18T13:28:15.854Z,2020-10-18T13:28:15.854Z,4594580078,2468452121,9.0,239031344,,2,Dương Bá Trạc,primary
41162,2020-10-18T13:28:15.856Z,2020-10-18T13:28:15.856Z,2468452121,2468452118,50.0,239031344,,2,Dương Bá Trạc,primary
41163,2020-10-18T13:28:15.858Z,2020-10-18T13:28:15.858Z,2468452118,5668712838,28.0,239031344,,2,Dương Bá Trạc,primary
41164,2020-10-18T13:28:15.860Z,2020-10-18T13:28:15.860Z,5668712838,2468452124,79.0,239031344,,2,Dương Bá Trạc,primary
41910,2020-10-18T13:28:17.361Z,2020-10-18T13:28:17.361Z,5778872958,5778872959,36.0,242307851,,4,Thành Thái,tertiary
41911,2020-10-18T13:28:17.363Z,2020-10-18T13:28:17.363Z,5778872959,5778872958,36.0,242307851,,4,Thành Thái,tertiary
41912,2020-10-18T13:28:17.365Z,2020-10-18T13:28:17.365Z,5778872959,5778872960,4.0,242307851,,4,Thành Thái,tertiary
41913,2020-10-18T13:28:17.367Z,2020-10-18T13:28:17.367Z,5778872960,5778872959,4.0,242307851,,4,Thành Thái,tertiary
41914,2020-10-18T13:28:17.369Z,2020-10-18T13:28:17.369Z,5778872960,366457979,6.0,242307851,,4,Thành Thái,tertiary
41915,2020-10-18T13:28:17.371Z,2020-10-18T13:28:17.371Z,366457979,5778872960,6.0,242307851,,4,Thành Thái,tertiary
41916,2020-10-18T13:28:17.372Z,2020-10-18T13:28:17.372Z,366457979,5765019210,83.0,242307851,,4,Thành Thái,tertiary
41917,2020-10-18T13:28:17.374Z,2020-10-18T13:28:17.374Z,5765019210,366457979,83.0,242307851,,4,Thành Thái,tertiary
41918,2020-10-18T13:28:17.375Z,2020-10-18T13:28:17.375Z,5765019210,5778872961,151.0,242307851,,4,Thành Thái,tertiary
41919,2020-10-18T13:28:17.377Z,2020-10-18T13:28:17.377Z,5778872961,5765019210,151.0,242307851,,4,Thành Thái,tertiary
41920,2020-10-18T13:28:17.379Z,2020-10-18T13:28:17.379Z,5778872961,5778872962,46.0,242307851,,4,Thành Thái,tertiary
41921,2020-10-18T13:28:17.381Z,2020-10-18T13:28:17.381Z,5778872962,5778872961,46.0,242307851,,4,Thành Thái,tertiary
41922,2020-10-18T13:28:17.388Z,2020-10-18T13:28:17.388Z,5778872962,5778872963,37.0,242307851,,4,Thành Thái,tertiary
41923,2020-10-18T13:28:17.395Z,2020-10-18T13:28:17.395Z,5778872963,5778872962,37.0,242307851,,4,Thành Thái,tertiary
41924,2020-10-18T13:28:17.401Z,2020-10-18T13:28:17.401Z,5778872963,5757841614,47.0,242307851,,4,Thành Thái,tertiary
41925,2020-10-18T13:28:17.405Z,2020-10-18T13:28:17.405Z,5757841614,5778872963,47.0,242307851,,4,Thành Thái,tertiary
41926,2020-10-18T13:28:17.408Z,2020-10-18T13:28:17.408Z,5757841614,5778872964,16.0,242307851,,4,Thành Thái,tertiary
41927,2020-10-18T13:28:17.410Z,2020-10-18T13:28:17.410Z,5778872964,5757841614,16.0,242307851,,4,Thành Thái,tertiary
41928,2020-10-18T13:28:17.412Z,2020-10-18T13:28:17.412Z,5778872964,5778872965,40.0,242307851,,4,Thành Thái,tertiary
41929,2020-10-18T13:28:17.413Z,2020-10-18T13:28:17.413Z,5778872965,5778872964,40.0,242307851,,4,Thành Thái,tertiary
41930,2020-10-18T13:28:17.415Z,2020-10-18T13:28:17.415Z,5778872965,5778872966,5.0,242307851,,4,Thành Thái,tertiary
41931,2020-10-18T13:28:17.417Z,2020-10-18T13:28:17.417Z,5778872966,5778872965,5.0,242307851,,4,Thành Thái,tertiary
41932,2020-10-18T13:28:17.418Z,2020-10-18T13:28:17.418Z,5778872966,5892098005,1.0,242307851,,4,Thành Thái,tertiary
41933,2020-10-18T13:28:17.420Z,2020-10-18T13:28:17.420Z,5892098005,5778872966,1.0,242307851,,4,Thành Thái,tertiary
41934,2020-10-18T13:28:17.431Z,2020-10-18T13:28:17.431Z,5892098005,5892098006,3.0,242307851,,4,Thành Thái,tertiary
41935,2020-10-18T13:28:17.435Z,2020-10-18T13:28:17.435Z,5892098006,5892098005,3.0,242307851,,4,Thành Thái,tertiary
41938,2020-10-18T13:28:17.442Z,2020-10-18T13:28:17.442Z,698217082,2498090916,19.0,242309084,,2,Lý Thái Tổ,primary
41939,2020-10-18T13:28:17.444Z,2020-10-18T13:28:17.444Z,2498090916,3342060872,10.0,242309084,,2,Lý Thái Tổ,primary
41940,2020-10-18T13:28:17.447Z,2020-10-18T13:28:17.447Z,3342060872,366390222,47.0,242309084,,2,Lý Thái Tổ,primary
41941,2020-10-18T13:28:17.449Z,2020-10-18T13:28:17.449Z,366390222,3150775226,44.0,242309084,,2,Lý Thái Tổ,primary
41942,2020-10-18T13:28:17.451Z,2020-10-18T13:28:17.451Z,3150775226,2498090913,76.0,242309084,,2,Lý Thái Tổ,primary
41943,2020-10-18T13:28:17.454Z,2020-10-18T13:28:17.454Z,2498090913,5758130729,140.0,242309084,,2,Lý Thái Tổ,primary
41944,2020-10-18T13:28:17.456Z,2020-10-18T13:28:17.456Z,5758130729,5758130724,51.0,242309084,,2,Lý Thái Tổ,primary
41945,2020-10-18T13:28:17.458Z,2020-10-18T13:28:17.458Z,5758130724,3768905105,72.0,242309084,,2,Lý Thái Tổ,primary
41946,2020-10-18T13:28:17.460Z,2020-10-18T13:28:17.460Z,3768905105,5758114516,86.0,242309084,,2,Lý Thái Tổ,primary
41947,2020-10-18T13:28:17.463Z,2020-10-18T13:28:17.463Z,5758114516,3150775227,102.0,242309084,,2,Lý Thái Tổ,primary
41948,2020-10-18T13:28:17.465Z,2020-10-18T13:28:17.465Z,3150775227,2498092000,75.0,242309084,,2,Lý Thái Tổ,primary
41949,2020-10-18T13:28:17.468Z,2020-10-18T13:28:17.468Z,2498092000,2498090917,45.0,242309084,,2,Lý Thái Tổ,primary
42279,2020-10-18T13:28:18.173Z,2021-04-04T14:12:04.572Z,2520636461,2520636462,21.0,244791388,,3,Đường Cách Mạng Tháng Tám,primary_link
42280,2020-10-18T13:28:18.174Z,2020-10-18T13:28:18.174Z,5762736913,2527488815,11.0,245571623,,4,Lê Lai,tertiary
42281,2020-10-18T13:28:18.176Z,2020-10-18T13:28:18.176Z,2527488815,2527488819,14.0,245571623,,4,Lê Lai,tertiary
42282,2020-10-18T13:28:18.177Z,2020-10-18T13:28:18.177Z,2527488819,2527488811,99.0,245571623,,4,Lê Lai,tertiary
42283,2020-10-18T13:28:18.179Z,2020-10-18T13:28:18.179Z,2527488811,4608694745,73.0,245571623,,4,Lê Lai,tertiary
42284,2020-10-18T13:28:18.180Z,2020-10-18T13:28:18.180Z,4608694745,4610715696,55.0,245571623,,4,Lê Lai,tertiary
42285,2020-10-18T13:28:18.181Z,2020-10-18T13:28:18.181Z,4610715696,5444117926,18.0,245571623,,4,Lê Lai,tertiary
42286,2020-10-18T13:28:18.183Z,2020-10-18T13:28:18.183Z,5444117926,5444117927,24.0,245571623,,4,Lê Lai,tertiary
42287,2020-10-18T13:28:18.184Z,2020-10-18T13:28:18.184Z,5444117927,5444117928,2.0,245571623,,4,Lê Lai,tertiary
42288,2020-10-18T13:28:18.186Z,2021-04-04T14:12:06.833Z,4605017322,2527492308,5.0,245572262,,4,Phạm Hồng Thái,tertiary_link
42289,2020-10-18T13:28:18.187Z,2021-04-04T14:12:08.143Z,2527492308,2527492310,4.0,245572262,,4,Phạm Hồng Thái,tertiary_link
42290,2020-10-18T13:28:18.189Z,2021-04-04T14:12:09.509Z,2527492310,2527492311,4.0,245572262,,4,Phạm Hồng Thái,tertiary_link
42291,2020-10-18T13:28:18.190Z,2021-04-04T14:12:15.031Z,2527492311,2527492309,5.0,245572262,,4,Lê Lai,tertiary_link
43174,2020-10-18T13:28:20.195Z,2020-10-18T13:28:20.195Z,4610643517,411925307,97.0,257394825,,2,Cách Mạng Tháng Tám,primary
43487,2020-10-18T13:28:20.912Z,2020-10-18T13:28:20.912Z,1985832570,2044486401,42.0,261058536,,4,Cầu Calmette,tertiary
43488,2020-10-18T13:28:20.915Z,2020-10-18T13:28:20.915Z,2044486401,1767194040,43.0,261058536,,4,Cầu Calmette,tertiary
43489,2020-10-18T13:28:20.916Z,2020-10-18T13:28:20.916Z,1767194040,2044486389,20.0,261058536,,4,Cầu Calmette,tertiary
43490,2020-10-18T13:28:20.918Z,2020-10-18T13:28:20.918Z,2044486389,1767909383,38.0,261058536,,4,Cầu Calmette,tertiary
43501,2020-10-18T13:28:20.921Z,2020-10-18T13:28:20.921Z,1767909383,1996654636,43.39135306843762,261058536,,4,Cầu Calmette,tertiary
84648,2020-10-18T13:28:20.921Z,2020-10-18T13:28:20.921Z,1996654636,3335314147,5.60864693156239,261058536,,4,Cầu Calmette,tertiary
43492,2020-10-18T13:28:20.923Z,2020-10-18T13:28:20.923Z,3335314147,1767203803,156.0,261058536,,4,Cầu Calmette,tertiary
43493,2020-10-18T13:28:20.924Z,2020-10-18T13:28:20.924Z,1767203799,2380787707,101.0,261058540,,4,Cầu Calmette,tertiary
43494,2020-10-18T13:28:20.926Z,2020-10-18T13:28:20.926Z,2380787707,1767909356,108.0,261058540,,4,Cầu Calmette,tertiary
43495,2020-10-18T13:28:20.928Z,2020-10-18T13:28:20.928Z,1767909356,3335314146,16.0,261058540,,4,Cầu Calmette,tertiary
43496,2020-10-18T13:28:20.929Z,2020-10-18T13:28:20.929Z,3335314146,3335314145,17.0,261058540,,4,Cầu Calmette,tertiary
43497,2020-10-18T13:28:20.931Z,2020-10-18T13:28:20.931Z,3335314145,2025938558,16.0,261058540,,4,Cầu Calmette,tertiary
43498,2020-10-18T13:28:20.933Z,2020-10-18T13:28:20.933Z,2025938558,1773240209,13.0,261058540,,4,Cầu Calmette,tertiary
43499,2020-10-18T13:28:20.936Z,2020-10-18T13:28:20.936Z,1773240209,2025938568,48.0,261058540,,4,Cầu Calmette,tertiary
43500,2020-10-18T13:28:20.938Z,2020-10-18T13:28:20.938Z,2025938568,1767178666,66.0,261058540,,4,Cầu Calmette,tertiary
44463,2020-10-18T13:28:22.983Z,2020-10-18T13:28:22.983Z,2393615146,4100167207,52.0,266769168,,2,Cách Mạng Tháng Tám,primary
44464,2020-10-18T13:28:22.985Z,2020-10-18T13:28:22.985Z,4100167207,2393614152,0.0,266769168,,2,Cách Mạng Tháng Tám,primary
44465,2020-10-18T13:28:22.988Z,2020-10-18T13:28:22.988Z,2393614152,2393614157,29.0,266769168,,2,Cách Mạng Tháng Tám,primary
44466,2020-10-18T13:28:22.991Z,2020-10-18T13:28:22.991Z,2393614157,3164237717,10.0,266769168,,2,Cách Mạng Tháng Tám,primary
44467,2020-10-18T13:28:22.993Z,2020-10-18T13:28:22.993Z,3164237717,2393614147,45.0,266769168,,2,Cách Mạng Tháng Tám,primary
44468,2020-10-18T13:28:22.995Z,2020-10-18T13:28:22.995Z,2393614147,4607266228,14.0,266769168,,2,Cách Mạng Tháng Tám,primary
44469,2020-10-18T13:28:22.997Z,2020-10-18T13:28:22.997Z,4607266228,2393614146,71.0,266769168,,2,Cách Mạng Tháng Tám,primary
44643,2020-10-18T13:28:23.325Z,2021-04-04T14:28:22.625Z,2854592012,2854592014,11.0,281501181,,3,Lê Lai,primary_link
44644,2020-10-18T13:28:23.326Z,2021-04-04T14:28:25.516Z,2854592014,2854592011,5.0,281501181,,3,Lê Lai,primary_link
44645,2020-10-18T13:28:23.328Z,2021-04-04T14:28:27.083Z,2854592011,2854592010,5.0,281501181,,3,Nguyễn Thị Nghĩa,primary_link
44646,2020-10-18T13:28:23.329Z,2021-04-04T14:28:28.857Z,2854592010,4609314795,8.0,281501181,,3,Nguyễn Thị Nghĩa,primary_link
45067,2020-10-18T13:28:24.243Z,2020-10-18T13:28:24.243Z,4609314796,4603781754,58.0,285894645,,4,Phạm Ngũ Lão,tertiary
45068,2020-10-18T13:28:24.246Z,2020-10-18T13:28:24.246Z,4603781754,4609314796,58.0,285894645,,4,Phạm Ngũ Lão,tertiary
45069,2020-10-18T13:28:24.249Z,2020-10-18T13:28:24.249Z,4603781754,4603781755,15.0,285894645,,4,Phạm Ngũ Lão,tertiary
45070,2020-10-18T13:28:24.251Z,2020-10-18T13:28:24.251Z,4603781755,4603781754,15.0,285894645,,4,Phạm Ngũ Lão,tertiary
45071,2020-10-18T13:28:24.254Z,2020-10-18T13:28:24.254Z,4603781755,411918419,30.0,285894645,,4,Phạm Ngũ Lão,tertiary
45072,2020-10-18T13:28:24.256Z,2020-10-18T13:28:24.256Z,411918419,4603781755,30.0,285894645,,4,Phạm Ngũ Lão,tertiary
45073,2020-10-18T13:28:24.259Z,2020-10-18T13:28:24.259Z,411918419,3506704700,32.0,285894645,,4,Phạm Ngũ Lão,tertiary
45074,2020-10-18T13:28:24.261Z,2020-10-18T13:28:24.261Z,3506704700,411918419,32.0,285894645,,4,Phạm Ngũ Lão,tertiary
45075,2020-10-18T13:28:24.264Z,2020-10-18T13:28:24.264Z,3506704700,411926483,22.0,285894645,,4,Phạm Ngũ Lão,tertiary
45076,2020-10-18T13:28:24.265Z,2020-10-18T13:28:24.265Z,411926483,3506704700,22.0,285894645,,4,Phạm Ngũ Lão,tertiary
45077,2020-10-18T13:28:24.267Z,2020-10-18T13:28:24.267Z,411926483,4616981011,63.0,285894645,,4,Phạm Ngũ Lão,tertiary
45078,2020-10-18T13:28:24.268Z,2020-10-18T13:28:24.268Z,4616981011,411926483,63.0,285894645,,4,Phạm Ngũ Lão,tertiary
45079,2020-10-18T13:28:24.270Z,2020-10-18T13:28:24.270Z,4616981011,411922596,31.0,285894645,,4,Phạm Ngũ Lão,tertiary
45080,2020-10-18T13:28:24.271Z,2020-10-18T13:28:24.271Z,411922596,4616981011,31.0,285894645,,4,Phạm Ngũ Lão,tertiary
45081,2020-10-18T13:28:24.273Z,2020-10-18T13:28:24.273Z,411922596,4597097831,13.0,285894645,,4,Phạm Ngũ Lão,tertiary
45082,2020-10-18T13:28:24.274Z,2020-10-18T13:28:24.274Z,4597097831,411922596,13.0,285894645,,4,Phạm Ngũ Lão,tertiary
45083,2020-10-18T13:28:24.277Z,2020-10-18T13:28:24.277Z,4597097831,4607240943,26.0,285894645,,4,Phạm Ngũ Lão,tertiary
45084,2020-10-18T13:28:24.279Z,2020-10-18T13:28:24.279Z,4607240943,4597097831,26.0,285894645,,4,Phạm Ngũ Lão,tertiary
45085,2020-10-18T13:28:24.281Z,2020-10-18T13:28:24.281Z,4607240943,4607240944,10.0,285894645,,4,Phạm Ngũ Lão,tertiary
45086,2020-10-18T13:28:24.283Z,2020-10-18T13:28:24.283Z,4607240944,4607240943,10.0,285894645,,4,Phạm Ngũ Lão,tertiary
45087,2020-10-18T13:28:24.285Z,2020-10-18T13:28:24.285Z,4607240944,3342113908,40.0,285894645,,4,Phạm Ngũ Lão,tertiary
45088,2020-10-18T13:28:24.287Z,2020-10-18T13:28:24.287Z,3342113908,4607240944,40.0,285894645,,4,Phạm Ngũ Lão,tertiary
45089,2020-10-18T13:28:24.288Z,2020-10-18T13:28:24.288Z,3342113908,3342113907,11.0,285894645,,4,Phạm Ngũ Lão,tertiary
45090,2020-10-18T13:28:24.290Z,2020-10-18T13:28:24.290Z,3342113907,3342113908,11.0,285894645,,4,Phạm Ngũ Lão,tertiary
45091,2020-10-18T13:28:24.291Z,2020-10-18T13:28:24.291Z,3342113907,4615523688,55.0,285894645,,4,Phạm Ngũ Lão,tertiary
45092,2020-10-18T13:28:24.293Z,2020-10-18T13:28:24.293Z,4615523688,3342113907,55.0,285894645,,4,Phạm Ngũ Lão,tertiary
45093,2020-10-18T13:28:24.295Z,2020-10-18T13:28:24.295Z,4615523688,4603761227,10.0,285894645,,4,Phạm Ngũ Lão,tertiary
45094,2020-10-18T13:28:24.297Z,2020-10-18T13:28:24.297Z,4603761227,4615523688,10.0,285894645,,4,Phạm Ngũ Lão,tertiary
45095,2020-10-18T13:28:24.299Z,2020-10-18T13:28:24.299Z,4603761227,4603761225,66.0,285894645,,4,Phạm Ngũ Lão,tertiary
45096,2020-10-18T13:28:24.300Z,2020-10-18T13:28:24.300Z,4603761225,4603761227,66.0,285894645,,4,Phạm Ngũ Lão,tertiary
45097,2020-10-18T13:28:24.302Z,2020-10-18T13:28:24.302Z,4603761225,4603761222,94.0,285894645,,4,Phạm Ngũ Lão,tertiary
45098,2020-10-18T13:28:24.304Z,2020-10-18T13:28:24.304Z,4603761222,4603761225,94.0,285894645,,4,Phạm Ngũ Lão,tertiary
45099,2020-10-18T13:28:24.307Z,2020-10-18T13:28:24.307Z,4603761222,5762726870,53.0,285894645,,4,Phạm Ngũ Lão,tertiary
45100,2020-10-18T13:28:24.310Z,2020-10-18T13:28:24.310Z,5762726870,4603761222,53.0,285894645,,4,Phạm Ngũ Lão,tertiary
45101,2020-10-18T13:28:24.313Z,2020-10-18T13:28:24.313Z,5762726870,5762711582,70.0,285894645,,4,Phạm Ngũ Lão,tertiary
45102,2020-10-18T13:28:24.315Z,2020-10-18T13:28:24.315Z,5762711582,5762726870,70.0,285894645,,4,Phạm Ngũ Lão,tertiary
45103,2020-10-18T13:28:24.318Z,2020-10-18T13:28:24.318Z,734894520,383553866,18.0,286258507,,4,Cầu Nguyễn Văn Cừ,tertiary
45104,2020-10-18T13:28:24.320Z,2020-10-18T13:28:24.320Z,2305201706,2305201705,10.0,286258508,,2,Nguyễn Thái Học,primary
45105,2020-10-18T13:28:24.322Z,2020-10-18T13:28:24.322Z,2044486631,3335314148,177.0,286278358,,4,Cầu Calmette,tertiary
45106,2020-10-18T13:28:24.324Z,2020-10-18T13:28:24.324Z,3335314148,3335314154,2.0,286278358,,4,Cầu Calmette,tertiary
45107,2020-10-18T13:28:24.326Z,2020-10-18T13:28:24.326Z,3335314154,3335314153,2.0,286278358,,4,Cầu Calmette,tertiary
45108,2020-10-18T13:28:24.328Z,2020-10-18T13:28:24.328Z,3335314153,3335314152,2.0,286278358,,4,Cầu Calmette,tertiary
45109,2020-10-18T13:28:24.330Z,2020-10-18T13:28:24.330Z,3335314152,3335314155,2.0,286278358,,4,Cầu Calmette,tertiary
45110,2020-10-18T13:28:24.331Z,2020-10-18T13:28:24.331Z,3335314155,3335314151,3.0,286278358,,4,Cầu Calmette,tertiary
45111,2020-10-18T13:28:24.333Z,2020-10-18T13:28:24.333Z,3335314151,3335314150,3.0,286278358,,4,Cầu Calmette,tertiary
45112,2020-10-18T13:28:24.335Z,2020-10-18T13:28:24.335Z,3335314150,3335314149,4.0,286278358,,4,Cầu Calmette,tertiary
45113,2020-10-18T13:28:24.338Z,2020-10-18T13:28:24.338Z,3335314149,1767194040,9.0,286278358,,4,Cầu Calmette,tertiary
45114,2020-10-18T13:28:24.340Z,2020-10-18T13:28:24.340Z,4609877991,3160567895,41.0,286282191,,4,Phạm Ngũ Lão,tertiary
45115,2020-10-18T13:28:24.342Z,2020-10-18T13:28:24.342Z,3160567895,4609319428,70.0,286282191,,4,Phạm Ngũ Lão,tertiary
45116,2020-10-18T13:28:24.345Z,2020-10-18T13:28:24.345Z,4609319428,4609877993,169.0,286282191,,4,Phạm Ngũ Lão,tertiary
45117,2020-10-18T13:28:24.348Z,2020-10-18T13:28:24.348Z,4609877993,4609314796,12.0,286282191,,4,Phạm Ngũ Lão,tertiary
45443,2020-10-18T13:28:25.135Z,2020-10-18T13:28:25.135Z,2364059999,411920215,79.0,287982008,,4,Nguyễn Thiện Thuật,tertiary
45444,2020-10-18T13:28:25.139Z,2020-10-18T13:28:25.139Z,411920215,2364059999,79.0,287982008,,4,Nguyễn Thiện Thuật,tertiary
45445,2020-10-18T13:28:25.142Z,2020-10-18T13:28:25.142Z,411920215,5382724127,60.0,287982008,,4,Nguyễn Thiện Thuật,tertiary
45446,2020-10-18T13:28:25.145Z,2020-10-18T13:28:25.145Z,5382724127,411920215,60.0,287982008,,4,Nguyễn Thiện Thuật,tertiary
45447,2020-10-18T13:28:25.148Z,2020-10-18T13:28:25.148Z,5382724127,5382724126,22.0,287982008,,4,Nguyễn Thiện Thuật,tertiary
45448,2020-10-18T13:28:25.152Z,2020-10-18T13:28:25.152Z,5382724126,5382724127,22.0,287982008,,4,Nguyễn Thiện Thuật,tertiary
45449,2020-10-18T13:28:25.155Z,2020-10-18T13:28:25.155Z,5382724126,3462932131,98.0,287982008,,4,Nguyễn Thiện Thuật,tertiary
45450,2020-10-18T13:28:25.168Z,2020-10-18T13:28:25.168Z,3462932131,5382724126,98.0,287982008,,4,Nguyễn Thiện Thuật,tertiary
45451,2020-10-18T13:28:25.172Z,2020-10-18T13:28:25.172Z,3462932131,3164261852,18.0,287982008,,4,Nguyễn Thiện Thuật,tertiary
45452,2020-10-18T13:28:25.174Z,2020-10-18T13:28:25.174Z,3164261852,3462932131,18.0,287982008,,4,Nguyễn Thiện Thuật,tertiary
45453,2020-10-18T13:28:25.177Z,2020-10-18T13:28:25.177Z,3164261852,5758114505,34.0,287982008,,4,Nguyễn Thiện Thuật,tertiary
45454,2020-10-18T13:28:25.180Z,2020-10-18T13:28:25.180Z,5758114505,3164261852,34.0,287982008,,4,Nguyễn Thiện Thuật,tertiary
45457,2020-10-18T13:28:25.188Z,2020-10-18T13:28:25.188Z,2364059996,3160583016,203.0,288732438,,2,Nguyễn Thị Minh Khai,primary
45458,2020-10-18T13:28:25.191Z,2020-10-18T13:28:25.191Z,3160583016,2364060002,128.0,288732438,,2,Nguyễn Thị Minh Khai,primary
45459,2020-10-18T13:28:25.194Z,2020-10-18T13:28:25.194Z,5762610054,411922898,15.0,288732439,,2,Nguyễn Thị Minh Khai,primary
45460,2020-10-18T13:28:25.196Z,2020-10-18T13:28:25.196Z,411922898,411920948,43.0,288732439,,2,Nguyễn Thị Minh Khai,primary
45461,2020-10-18T13:28:25.198Z,2020-10-18T13:28:25.198Z,411920948,4604903936,69.0,288732439,,2,Nguyễn Thị Minh Khai,primary
45462,2020-10-18T13:28:25.201Z,2020-10-18T13:28:25.201Z,4604903936,3160583017,88.0,288732439,,2,Nguyễn Thị Minh Khai,primary
45463,2020-10-18T13:28:25.203Z,2020-10-18T13:28:25.203Z,3160583017,411924257,12.0,288732439,,2,Nguyễn Thị Minh Khai,primary
45464,2020-10-18T13:28:25.205Z,2020-10-18T13:28:25.205Z,411924257,411918366,23.0,288732439,,2,Nguyễn Thị Minh Khai,primary
45465,2020-10-18T13:28:25.208Z,2020-10-18T13:28:25.208Z,411918366,5763263836,61.0,288732439,,2,Nguyễn Thị Minh Khai,primary
45466,2020-10-18T13:28:25.210Z,2020-10-18T13:28:25.210Z,5763263836,411922629,33.0,288732439,,2,Nguyễn Thị Minh Khai,primary
45467,2020-10-18T13:28:25.212Z,2020-10-18T13:28:25.212Z,411922629,4612970101,133.0,288732439,,2,Nguyễn Thị Minh Khai,primary
45468,2020-10-18T13:28:25.214Z,2020-10-18T13:28:25.214Z,4612970101,411918706,8.0,288732439,,2,Nguyễn Thị Minh Khai,primary
45705,2020-10-18T13:28:25.776Z,2020-10-18T13:28:25.776Z,366416137,5816800361,125.0,289862304,,4,Trần Phú,tertiary
45706,2020-10-18T13:28:25.779Z,2020-10-18T13:28:25.779Z,5816800361,366416137,125.0,289862304,,4,Trần Phú,tertiary
45707,2020-10-18T13:28:25.782Z,2020-10-18T13:28:25.782Z,5816800361,4631150865,40.0,289862304,,4,Trần Phú,tertiary
45708,2020-10-18T13:28:25.786Z,2020-10-18T13:28:25.786Z,4631150865,5816800361,40.0,289862304,,4,Trần Phú,tertiary
45709,2020-10-18T13:28:25.789Z,2020-10-18T13:28:25.789Z,4631150865,4629021461,24.0,289862304,,4,Trần Phú,tertiary
45710,2020-10-18T13:28:25.795Z,2020-10-18T13:28:25.795Z,4629021461,4631150865,24.0,289862304,,4,Trần Phú,tertiary
45711,2020-10-18T13:28:25.799Z,2020-10-18T13:28:25.799Z,4629021461,366473174,31.0,289862304,,4,Trần Phú,tertiary
45712,2020-10-18T13:28:25.802Z,2020-10-18T13:28:25.802Z,366473174,4629021461,31.0,289862304,,4,Trần Phú,tertiary
45713,2020-10-18T13:28:25.805Z,2020-10-18T13:28:25.805Z,366473174,366466608,102.0,289862304,,4,Trần Phú,tertiary
45714,2020-10-18T13:28:25.808Z,2020-10-18T13:28:25.808Z,366466608,366473174,102.0,289862304,,4,Trần Phú,tertiary
45715,2020-10-18T13:28:25.811Z,2020-10-18T13:28:25.811Z,2934000190,2934000187,14.0,289862494,,2,Nguyễn Tri Phương,primary
45716,2020-10-18T13:28:25.815Z,2020-10-18T13:28:25.815Z,2934006863,2934006859,90.0,289862908,,3,Nguyễn Tri Phương,secondary
45717,2020-10-18T13:28:25.818Z,2020-10-18T13:28:25.818Z,2934006859,2934006868,120.0,289862908,,3,Nguyễn Tri Phương,secondary
45718,2020-10-18T13:28:25.821Z,2020-10-18T13:28:25.821Z,2934006868,5045757151,28.0,289862908,,3,Nguyễn Tri Phương,secondary
45719,2020-10-18T13:28:25.824Z,2020-10-18T13:28:25.824Z,5045757151,5045757139,18.0,289862908,,3,Nguyễn Tri Phương,secondary
45720,2020-10-18T13:28:25.828Z,2020-10-18T13:28:25.828Z,5045757139,5045757189,68.0,289862908,,3,Nguyễn Tri Phương,secondary
45721,2020-10-18T13:28:25.831Z,2020-10-18T13:28:25.831Z,5045757189,2934006871,20.0,289862908,,3,Nguyễn Tri Phương,secondary
45722,2020-10-18T13:28:25.834Z,2020-10-18T13:28:25.834Z,2934006871,4623078280,82.0,289862908,,3,Nguyễn Tri Phương,secondary
45723,2020-10-18T13:28:25.837Z,2020-10-18T13:28:25.837Z,4623078280,3150110707,24.0,289862908,,3,Nguyễn Tri Phương,secondary
45724,2020-10-18T13:28:25.840Z,2020-10-18T13:28:25.840Z,3150110707,5045757211,57.0,289862908,,3,Nguyễn Tri Phương,secondary
45725,2020-10-18T13:28:25.843Z,2020-10-18T13:28:25.843Z,5045757211,4623078282,25.0,289862908,,3,Nguyễn Tri Phương,secondary
45726,2020-10-18T13:28:25.847Z,2020-10-18T13:28:25.847Z,4623078282,5045757305,24.0,289862908,,3,Nguyễn Tri Phương,secondary
45727,2020-10-18T13:28:25.850Z,2020-10-18T13:28:25.850Z,5045757305,5045757324,31.0,289862908,,3,Nguyễn Tri Phương,secondary
45728,2020-10-18T13:28:25.854Z,2020-10-18T13:28:25.854Z,5045757324,5045757349,40.0,289862908,,3,Nguyễn Tri Phương,secondary
45729,2020-10-18T13:28:25.858Z,2020-10-18T13:28:25.858Z,5045757349,5757841608,11.0,289862908,,3,Nguyễn Tri Phương,secondary
45730,2020-10-18T13:28:25.861Z,2020-10-18T13:28:25.861Z,5757841608,4623078284,1.0,289862908,,3,Nguyễn Tri Phương,secondary
45731,2020-10-18T13:28:25.865Z,2020-10-18T13:28:25.865Z,4623078284,2934006867,40.0,289862908,,3,Nguyễn Tri Phương,secondary
45732,2020-10-18T13:28:25.868Z,2020-10-18T13:28:25.868Z,2934006867,2934006865,35.0,289862908,,3,Nguyễn Tri Phương,secondary
45733,2020-10-18T13:28:25.871Z,2020-10-18T13:28:25.871Z,2934006865,2934006858,34.0,289862908,,3,Nguyễn Tri Phương,secondary
45734,2020-10-18T13:28:25.875Z,2020-10-18T13:28:25.875Z,2934006858,2934006869,35.0,289862908,,3,Nguyễn Tri Phương,secondary
45735,2020-10-18T13:28:25.878Z,2020-10-18T13:28:25.878Z,2934006869,2934006856,31.0,289862908,,3,Nguyễn Tri Phương,secondary
45736,2020-10-18T13:28:25.881Z,2020-10-18T13:28:25.881Z,2934006856,2934006866,47.0,289862908,,3,Nguyễn Tri Phương,secondary
45767,2020-10-18T13:28:26.013Z,2020-10-18T13:28:26.013Z,3338165670,5762726863,19.0,289968625,,3,Nguyễn Trãi,secondary
45768,2020-10-18T13:28:26.016Z,2020-10-18T13:28:26.016Z,5762726863,3338165670,19.0,289968625,,3,Nguyễn Trãi,secondary
45769,2020-10-18T13:28:26.018Z,2020-10-18T13:28:26.018Z,5762726863,5780842933,22.0,289968625,,3,Nguyễn Trãi,secondary
45770,2020-10-18T13:28:26.020Z,2020-10-18T13:28:26.020Z,5780842933,5762726863,22.0,289968625,,3,Nguyễn Trãi,secondary
45771,2020-10-18T13:28:26.022Z,2020-10-18T13:28:26.022Z,5780842933,5780842939,20.0,289968625,,3,Nguyễn Trãi,secondary
45772,2020-10-18T13:28:26.025Z,2020-10-18T13:28:26.025Z,5780842939,5780842933,20.0,289968625,,3,Nguyễn Trãi,secondary
45773,2020-10-18T13:28:26.029Z,2020-10-18T13:28:26.029Z,5780842939,4607572825,18.0,289968625,,3,Nguyễn Trãi,secondary
45774,2020-10-18T13:28:26.031Z,2020-10-18T13:28:26.031Z,4607572825,5780842939,18.0,289968625,,3,Nguyễn Trãi,secondary
45775,2020-10-18T13:28:26.033Z,2020-10-18T13:28:26.033Z,4607572825,5762726875,3.0,289968625,,3,Nguyễn Trãi,secondary
45776,2020-10-18T13:28:26.035Z,2020-10-18T13:28:26.035Z,5762726875,4607572825,3.0,289968625,,3,Nguyễn Trãi,secondary
45777,2020-10-18T13:28:26.037Z,2020-10-18T13:28:26.037Z,5762726875,4615020059,43.0,289968625,,3,Nguyễn Trãi,secondary
45778,2020-10-18T13:28:26.041Z,2020-10-18T13:28:26.041Z,4615020059,5762726875,43.0,289968625,,3,Nguyễn Trãi,secondary
45779,2020-10-18T13:28:26.045Z,2020-10-18T13:28:26.045Z,4615020059,5762726861,13.0,289968625,,3,Nguyễn Trãi,secondary
45780,2020-10-18T13:28:26.048Z,2020-10-18T13:28:26.048Z,5762726861,4615020059,13.0,289968625,,3,Nguyễn Trãi,secondary
45781,2020-10-18T13:28:26.050Z,2020-10-18T13:28:26.050Z,5762726861,4615020060,13.0,289968625,,3,Nguyễn Trãi,secondary
45782,2020-10-18T13:28:26.052Z,2020-10-18T13:28:26.052Z,4615020060,5762726861,13.0,289968625,,3,Nguyễn Trãi,secondary
45783,2020-10-18T13:28:26.054Z,2020-10-18T13:28:26.054Z,4615020060,411926106,9.0,289968625,,3,Nguyễn Trãi,secondary
45784,2020-10-18T13:28:26.061Z,2020-10-18T13:28:26.061Z,411926106,4615020060,9.0,289968625,,3,Nguyễn Trãi,secondary
45785,2020-10-18T13:28:26.064Z,2020-10-18T13:28:26.064Z,411926106,5780843174,25.0,289968625,,3,Nguyễn Trãi,secondary
45786,2020-10-18T13:28:26.066Z,2020-10-18T13:28:26.066Z,5780843174,411926106,25.0,289968625,,3,Nguyễn Trãi,secondary
45787,2020-10-18T13:28:26.069Z,2020-10-18T13:28:26.069Z,5780843174,411922370,7.0,289968625,,3,Nguyễn Trãi,secondary
45788,2020-10-18T13:28:26.072Z,2020-10-18T13:28:26.072Z,411922370,5780843174,7.0,289968625,,3,Nguyễn Trãi,secondary
45789,2020-10-18T13:28:26.075Z,2020-10-18T13:28:26.075Z,411922370,411918169,33.0,289968625,,3,Nguyễn Trãi,secondary
45790,2020-10-18T13:28:26.078Z,2020-10-18T13:28:26.078Z,411918169,411922370,33.0,289968625,,3,Nguyễn Trãi,secondary
45791,2020-10-18T13:28:26.081Z,2020-10-18T13:28:26.081Z,411918169,4604949058,20.0,289968625,,3,Nguyễn Trãi,secondary
45792,2020-10-18T13:28:26.084Z,2020-10-18T13:28:26.084Z,4604949058,411918169,20.0,289968625,,3,Nguyễn Trãi,secondary
45793,2020-10-18T13:28:26.086Z,2020-10-18T13:28:26.086Z,4604949058,5780758058,18.0,289968625,,3,Nguyễn Trãi,secondary
45794,2020-10-18T13:28:26.088Z,2020-10-18T13:28:26.088Z,5780758058,4604949058,18.0,289968625,,3,Nguyễn Trãi,secondary
45795,2020-10-18T13:28:26.090Z,2020-10-18T13:28:26.090Z,5780758058,5780843160,78.0,289968625,,3,Nguyễn Trãi,secondary
45796,2020-10-18T13:28:26.092Z,2020-10-18T13:28:26.092Z,5780843160,5780758058,78.0,289968625,,3,Nguyễn Trãi,secondary
45797,2020-10-18T13:28:26.095Z,2020-10-18T13:28:26.095Z,5780843160,411926193,6.0,289968625,,3,Nguyễn Trãi,secondary
45798,2020-10-18T13:28:26.098Z,2020-10-18T13:28:26.098Z,411926193,5780843160,6.0,289968625,,3,Nguyễn Trãi,secondary
45799,2020-10-18T13:28:26.100Z,2020-10-18T13:28:26.100Z,411926193,4607349131,47.0,289968625,,3,Nguyễn Trãi,secondary
45800,2020-10-18T13:28:26.102Z,2020-10-18T13:28:26.102Z,4607349131,411926193,47.0,289968625,,3,Nguyễn Trãi,secondary
45801,2020-10-18T13:28:26.104Z,2020-10-18T13:28:26.104Z,4607349131,4607349648,38.0,289968625,,3,Nguyễn Trãi,secondary
45802,2020-10-18T13:28:26.106Z,2020-10-18T13:28:26.106Z,4607349648,4607349131,38.0,289968625,,3,Nguyễn Trãi,secondary
45803,2020-10-18T13:28:26.109Z,2020-10-18T13:28:26.109Z,4607349648,5780755899,18.0,289968625,,3,Nguyễn Trãi,secondary
45804,2020-10-18T13:28:26.112Z,2020-10-18T13:28:26.112Z,5780755899,4607349648,18.0,289968625,,3,Nguyễn Trãi,secondary
45805,2020-10-18T13:28:26.114Z,2020-10-18T13:28:26.114Z,5780755899,411926194,12.0,289968625,,3,Nguyễn Trãi,secondary
45806,2020-10-18T13:28:26.116Z,2020-10-18T13:28:26.116Z,411926194,5780755899,12.0,289968625,,3,Nguyễn Trãi,secondary
45807,2020-10-18T13:28:26.118Z,2020-10-18T13:28:26.118Z,411926194,5795001633,154.0,289968625,,3,Nguyễn Trãi,secondary
45808,2020-10-18T13:28:26.120Z,2020-10-18T13:28:26.120Z,5795001633,411926194,154.0,289968625,,3,Nguyễn Trãi,secondary
45809,2020-10-18T13:28:26.123Z,2020-10-18T13:28:26.123Z,5795001633,5794999651,14.0,289968625,,3,Nguyễn Trãi,secondary
45810,2020-10-18T13:28:26.125Z,2020-10-18T13:28:26.125Z,5794999651,5795001633,14.0,289968625,,3,Nguyễn Trãi,secondary
45811,2020-10-18T13:28:26.128Z,2020-10-18T13:28:26.128Z,5794999651,411920788,87.0,289968625,,3,Nguyễn Trãi,secondary
45812,2020-10-18T13:28:26.130Z,2020-10-18T13:28:26.130Z,411920788,5794999651,87.0,289968625,,3,Nguyễn Trãi,secondary
45813,2020-10-18T13:28:26.132Z,2020-10-18T13:28:26.132Z,411920788,411918233,31.0,289968625,,3,Nguyễn Trãi,secondary
45814,2020-10-18T13:28:26.133Z,2020-10-18T13:28:26.133Z,411918233,411920788,31.0,289968625,,3,Nguyễn Trãi,secondary
45815,2020-10-18T13:28:26.135Z,2020-10-18T13:28:26.135Z,411918233,411918231,23.0,289968625,,3,Nguyễn Trãi,secondary
45816,2020-10-18T13:28:26.138Z,2020-10-18T13:28:26.138Z,411918231,411918233,23.0,289968625,,3,Nguyễn Trãi,secondary
45817,2020-10-18T13:28:26.141Z,2020-10-18T13:28:26.141Z,411918231,411921399,19.0,289968625,,3,Nguyễn Trãi,secondary
45818,2020-10-18T13:28:26.143Z,2020-10-18T13:28:26.143Z,411921399,411918231,19.0,289968625,,3,Nguyễn Trãi,secondary
45819,2020-10-18T13:28:26.146Z,2020-10-18T13:28:26.146Z,411921399,411918239,11.0,289968625,,3,Nguyễn Trãi,secondary
45820,2020-10-18T13:28:26.148Z,2020-10-18T13:28:26.148Z,411918239,411921399,11.0,289968625,,3,Nguyễn Trãi,secondary
45821,2020-10-18T13:28:26.150Z,2020-10-18T13:28:26.150Z,411918239,411924900,19.0,289968625,,3,Nguyễn Trãi,secondary
45822,2020-10-18T13:28:26.152Z,2020-10-18T13:28:26.152Z,411924900,411918239,19.0,289968625,,3,Nguyễn Trãi,secondary
45823,2020-10-18T13:28:26.154Z,2020-10-18T13:28:26.154Z,411924900,5795001634,68.0,289968625,,3,Nguyễn Trãi,secondary
45824,2020-10-18T13:28:26.156Z,2020-10-18T13:28:26.156Z,5795001634,411924900,68.0,289968625,,3,Nguyễn Trãi,secondary
45825,2020-10-18T13:28:26.159Z,2020-10-18T13:28:26.159Z,5795001634,411918236,10.0,289968625,,3,Nguyễn Trãi,secondary
45826,2020-10-18T13:28:26.161Z,2020-10-18T13:28:26.161Z,411918236,5795001634,10.0,289968625,,3,Nguyễn Trãi,secondary
45827,2020-10-18T13:28:26.163Z,2020-10-18T13:28:26.163Z,411918236,366467217,11.0,289968625,,3,Nguyễn Trãi,secondary
45828,2020-10-18T13:28:26.165Z,2020-10-18T13:28:26.165Z,366467217,411918236,11.0,289968625,,3,Nguyễn Trãi,secondary
45829,2020-10-18T13:28:26.167Z,2020-10-18T13:28:26.167Z,3338165688,4666227464,26.0,289968627,,4,Cống Quỳnh,tertiary
45830,2020-10-18T13:28:26.169Z,2020-10-18T13:28:26.169Z,4666227464,3338165688,26.0,289968627,,4,Cống Quỳnh,tertiary
46953,2020-10-18T13:28:29.176Z,2020-10-18T13:28:29.176Z,2934006866,2433653223,17.0,296122572,,3,Thành Thái,secondary
46954,2020-10-18T13:28:29.177Z,2020-10-18T13:28:29.177Z,5892098006,2999030270,43.0,296122573,,4,Thành Thái,tertiary
46955,2020-10-18T13:28:29.179Z,2020-10-18T13:28:29.179Z,2999030272,2999030273,12.0,296122574,,3,Thành Thái,primary_link
46956,2020-10-18T13:28:29.181Z,2020-10-18T13:28:29.181Z,2999030273,2999030267,20.0,296122574,,3,Thành Thái,primary_link
46961,2020-10-18T13:28:29.182Z,2020-10-18T13:28:29.182Z,2999030267,5892098006,22.7818539299513,296122574,,3,Thành Thái,primary_link
84649,2020-10-18T13:28:29.182Z,2020-10-18T13:28:29.182Z,5892098006,5892098005,3.218146070048702,296122574,,3,Thành Thái,primary_link
46962,2020-10-18T13:28:29.184Z,2021-04-04T15:35:49.280Z,5778872966,5892098006,4.646664244116667,296122918,,3,Đường Thành Thái,primary_link
84650,2020-10-18T13:28:29.184Z,2021-04-04T15:35:49.280Z,5892098006,2999040632,18.353335755883332,296122918,,3,Đường Thành Thái,primary_link
46959,2020-10-18T13:28:29.185Z,2021-04-04T15:35:50.575Z,2999040632,4629703858,31.0,296122918,,3,Đường Thành Thái,primary_link
46960,2020-10-18T13:28:29.187Z,2021-04-04T15:35:51.881Z,4629703858,4629703859,11.0,296122918,,3,Đường 3 Tháng 2,primary_link
47166,2020-10-18T13:28:29.787Z,2020-10-18T13:28:29.787Z,2032267337,2032267247,54.0,299473659,,4,Hoàng Diệu,unclassified
47167,2020-10-18T13:28:29.789Z,2020-10-18T13:28:29.789Z,2032267247,2032267470,37.0,299473659,,4,Hoàng Diệu,unclassified
47168,2020-10-18T13:28:29.791Z,2020-10-18T13:28:29.791Z,366408252,2027773690,29.0,299473662,,2,Hoàng Diệu,primary
47169,2020-10-18T13:28:29.793Z,2020-10-18T13:28:29.793Z,2027773690,3171491270,13.0,299473662,,2,Hoàng Diệu,primary
47170,2020-10-18T13:28:29.799Z,2020-10-18T13:28:29.799Z,3171491270,1767234732,11.0,299473662,,2,Hoàng Diệu,primary
47171,2020-10-18T13:28:29.801Z,2020-10-18T13:28:29.801Z,1767234732,1767235000,71.0,299473662,,2,Hoàng Diệu,primary
47172,2020-10-18T13:28:29.803Z,2020-10-18T13:28:29.803Z,1767235000,1768404084,60.0,299473662,,2,Hoàng Diệu,primary
47173,2020-10-18T13:28:29.805Z,2020-10-18T13:28:29.805Z,1768404084,2305201705,62.0,299473662,,2,Hoàng Diệu,primary
47174,2020-10-18T13:28:29.807Z,2020-10-18T13:28:29.807Z,2305201705,2305201711,11.0,299473662,,2,Hoàng Diệu,primary
47198,2020-10-18T13:28:29.869Z,2020-10-18T13:28:29.869Z,2026784433,746617465,24.0,299948213,,4,Tân Vĩnh,unclassified
47199,2020-10-18T13:28:29.873Z,2020-10-18T13:28:29.873Z,746617465,2026784433,24.0,299948213,,4,Tân Vĩnh,unclassified
47219,2020-10-18T13:28:29.911Z,2020-10-18T13:28:29.911Z,5772092722,5772092721,20.0,299949180,,4,Nguyễn Hữu Hào,unclassified
47220,2020-10-18T13:28:29.913Z,2020-10-18T13:28:29.913Z,5772092721,5772092722,20.0,299949180,,4,Nguyễn Hữu Hào,unclassified
47221,2020-10-18T13:28:29.917Z,2020-10-18T13:28:29.917Z,5772092721,5772092855,45.0,299949180,,4,Nguyễn Hữu Hào,unclassified
47222,2020-10-18T13:28:29.919Z,2020-10-18T13:28:29.919Z,5772092855,5772092721,45.0,299949180,,4,Nguyễn Hữu Hào,unclassified
47223,2020-10-18T13:28:29.921Z,2020-10-18T13:28:29.921Z,5772092855,5772092895,6.0,299949180,,4,Nguyễn Hữu Hào,unclassified
47224,2020-10-18T13:28:29.923Z,2020-10-18T13:28:29.923Z,5772092895,5772092855,6.0,299949180,,4,Nguyễn Hữu Hào,unclassified
47225,2020-10-18T13:28:29.924Z,2020-10-18T13:28:29.924Z,5772092895,5772746291,29.0,299949180,,4,Nguyễn Hữu Hào,unclassified
47226,2020-10-18T13:28:29.926Z,2020-10-18T13:28:29.926Z,5772746291,5772092895,29.0,299949180,,4,Nguyễn Hữu Hào,unclassified
47227,2020-10-18T13:28:29.927Z,2020-10-18T13:28:29.927Z,5772746291,5772092897,79.0,299949180,,4,Nguyễn Hữu Hào,unclassified
47228,2020-10-18T13:28:29.929Z,2020-10-18T13:28:29.929Z,5772092897,5772746291,79.0,299949180,,4,Nguyễn Hữu Hào,unclassified
47229,2020-10-18T13:28:29.930Z,2020-10-18T13:28:29.930Z,5772092897,5772092896,14.0,299949180,,4,Nguyễn Hữu Hào,unclassified
47230,2020-10-18T13:28:29.933Z,2020-10-18T13:28:29.933Z,5772092896,5772092897,14.0,299949180,,4,Nguyễn Hữu Hào,unclassified
47313,2020-10-18T13:28:30.146Z,2020-10-18T13:28:30.146Z,4604865410,411924251,49.0,303754188,,4,Võ Văn Tần,tertiary
47314,2020-10-18T13:28:30.149Z,2020-10-18T13:28:30.149Z,411924251,4604865410,49.0,303754188,,4,Võ Văn Tần,tertiary
47315,2020-10-18T13:28:30.152Z,2020-10-18T13:28:30.152Z,411924251,411924582,11.0,303754188,,4,Võ Văn Tần,tertiary
47316,2020-10-18T13:28:30.155Z,2020-10-18T13:28:30.155Z,411924582,411924251,11.0,303754188,,4,Võ Văn Tần,tertiary
47317,2020-10-18T13:28:30.158Z,2020-10-18T13:28:30.158Z,411924582,411924562,48.0,303754188,,4,Võ Văn Tần,tertiary
47318,2020-10-18T13:28:30.160Z,2020-10-18T13:28:30.160Z,411924562,411924582,48.0,303754188,,4,Võ Văn Tần,tertiary
47319,2020-10-18T13:28:30.163Z,2020-10-18T13:28:30.163Z,411924562,411921863,27.0,303754188,,4,Võ Văn Tần,tertiary
47320,2020-10-18T13:28:30.166Z,2020-10-18T13:28:30.166Z,411921863,411924562,27.0,303754188,,4,Võ Văn Tần,tertiary
47321,2020-10-18T13:28:30.169Z,2020-10-18T13:28:30.169Z,411921863,4604920479,29.0,303754188,,4,Võ Văn Tần,tertiary
47322,2020-10-18T13:28:30.195Z,2020-10-18T13:28:30.195Z,4604920479,411921863,29.0,303754188,,4,Võ Văn Tần,tertiary
47323,2020-10-18T13:28:30.198Z,2020-10-18T13:28:30.198Z,4604920479,411921157,15.0,303754188,,4,Võ Văn Tần,tertiary
47324,2020-10-18T13:28:30.202Z,2020-10-18T13:28:30.202Z,411921157,4604920479,15.0,303754188,,4,Võ Văn Tần,tertiary
47325,2020-10-18T13:28:30.205Z,2020-10-18T13:28:30.205Z,411921157,411920780,18.0,303754188,,4,Võ Văn Tần,tertiary
47326,2020-10-18T13:28:30.207Z,2020-10-18T13:28:30.207Z,411920780,411921157,18.0,303754188,,4,Võ Văn Tần,tertiary
47327,2020-10-18T13:28:30.210Z,2020-10-18T13:28:30.210Z,411920780,411925620,27.0,303754188,,4,Võ Văn Tần,tertiary
47328,2020-10-18T13:28:30.213Z,2020-10-18T13:28:30.213Z,411925620,411920780,27.0,303754188,,4,Võ Văn Tần,tertiary
47329,2020-10-18T13:28:30.215Z,2020-10-18T13:28:30.215Z,411925620,411925913,8.0,303754188,,4,Võ Văn Tần,tertiary
47330,2020-10-18T13:28:30.219Z,2020-10-18T13:28:30.219Z,411925913,411925620,8.0,303754188,,4,Võ Văn Tần,tertiary
47331,2020-10-18T13:28:30.222Z,2020-10-18T13:28:30.222Z,2393614152,411925765,37.0,303754189,,4,Nguyễn Ðình Chiểu,tertiary
47332,2020-10-18T13:28:30.226Z,2020-10-18T13:28:30.226Z,411925765,5763263834,34.0,303754189,,4,Nguyễn Ðình Chiểu,tertiary
47333,2020-10-18T13:28:30.229Z,2020-10-18T13:28:30.229Z,5763263834,411918386,2.0,303754189,,4,Nguyễn Ðình Chiểu,tertiary
47334,2020-10-18T13:28:30.232Z,2020-10-18T13:28:30.232Z,411918386,3167004171,11.0,303754189,,4,Nguyễn Ðình Chiểu,tertiary
47335,2020-10-18T13:28:30.236Z,2020-10-18T13:28:30.236Z,3167004171,4649999510,2.0,303754189,,4,Nguyễn Ðình Chiểu,tertiary
47336,2020-10-18T13:28:30.238Z,2020-10-18T13:28:30.238Z,4649999510,411918700,17.0,303754189,,4,Nguyễn Ðình Chiểu,tertiary
47337,2020-10-18T13:28:30.242Z,2020-10-18T13:28:30.242Z,411918700,4627745553,7.0,303754189,,4,Nguyễn Ðình Chiểu,tertiary
47338,2020-10-18T13:28:30.245Z,2020-10-18T13:28:30.245Z,4627745553,4627742716,44.0,303754189,,4,Nguyễn Ðình Chiểu,tertiary
47339,2020-10-18T13:28:30.248Z,2020-10-18T13:28:30.248Z,4627742716,5763263953,23.0,303754189,,4,Nguyễn Ðình Chiểu,tertiary
47340,2020-10-18T13:28:30.251Z,2020-10-18T13:28:30.251Z,5763263953,411920483,3.0,303754189,,4,Nguyễn Ðình Chiểu,tertiary
47341,2020-10-18T13:28:30.254Z,2020-10-18T13:28:30.254Z,411920483,5763263852,23.0,303754189,,4,Nguyễn Ðình Chiểu,tertiary
47342,2020-10-18T13:28:30.257Z,2020-10-18T13:28:30.257Z,5763263852,411924561,24.0,303754189,,4,Nguyễn Ðình Chiểu,tertiary
47343,2020-10-18T13:28:30.260Z,2020-10-18T13:28:30.260Z,411924561,4607499383,11.0,303754189,,4,Nguyễn Ðình Chiểu,tertiary
47344,2020-10-18T13:28:30.263Z,2020-10-18T13:28:30.263Z,4607499383,5763263851,3.0,303754189,,4,Nguyễn Ðình Chiểu,tertiary
47345,2020-10-18T13:28:30.266Z,2020-10-18T13:28:30.266Z,5763263851,5763263832,10.0,303754189,,4,Nguyễn Ðình Chiểu,tertiary
47346,2020-10-18T13:28:30.269Z,2020-10-18T13:28:30.269Z,5763263832,5763263831,24.0,303754189,,4,Nguyễn Ðình Chiểu,tertiary
47347,2020-10-18T13:28:30.273Z,2020-10-18T13:28:30.273Z,5763263831,411922702,7.0,303754189,,4,Nguyễn Ðình Chiểu,tertiary
47348,2020-10-18T13:28:30.276Z,2020-10-18T13:28:30.276Z,411922702,4607549727,16.0,303754189,,4,Nguyễn Ðình Chiểu,tertiary
47349,2020-10-18T13:28:30.278Z,2020-10-18T13:28:30.278Z,4607549727,5764789632,11.0,303754189,,4,Nguyễn Ðình Chiểu,tertiary
47350,2020-10-18T13:28:30.280Z,2020-10-18T13:28:30.280Z,5764789632,4899423023,12.0,303754189,,4,Nguyễn Ðình Chiểu,tertiary
47351,2020-10-18T13:28:30.282Z,2020-10-18T13:28:30.282Z,4899423023,411921846,22.0,303754189,,4,Nguyễn Ðình Chiểu,tertiary
47352,2020-10-18T13:28:30.285Z,2020-10-18T13:28:30.285Z,411921846,3167004172,9.0,303754189,,4,Nguyễn Ðình Chiểu,tertiary
47353,2020-10-18T13:28:30.287Z,2020-10-18T13:28:30.287Z,3167004172,411923488,18.0,303754189,,4,Nguyễn Ðình Chiểu,tertiary
47354,2020-10-18T13:28:30.289Z,2020-10-18T13:28:30.289Z,411923488,411924537,28.0,303754189,,4,Nguyễn Ðình Chiểu,tertiary
47355,2020-10-18T13:28:30.291Z,2020-10-18T13:28:30.291Z,411924537,411924316,39.0,303754189,,4,Nguyễn Ðình Chiểu,tertiary
47356,2020-10-18T13:28:30.294Z,2020-10-18T13:28:30.294Z,411924316,411923251,20.0,303754189,,4,Nguyễn Ðình Chiểu,tertiary
47357,2020-10-18T13:28:30.297Z,2020-10-18T13:28:30.297Z,411923251,411923168,43.0,303754189,,4,Nguyễn Ðình Chiểu,tertiary
47358,2020-10-18T13:28:30.301Z,2020-10-18T13:28:30.301Z,411923168,411922744,13.0,303754189,,4,Nguyễn Ðình Chiểu,tertiary
47359,2020-10-18T13:28:30.304Z,2020-10-18T13:28:30.304Z,411922744,5764789631,11.0,303754189,,4,Nguyễn Ðình Chiểu,tertiary
47360,2020-10-18T13:28:30.307Z,2020-10-18T13:28:30.307Z,5764789631,411924323,23.0,303754189,,4,Nguyễn Ðình Chiểu,tertiary
47361,2020-10-18T13:28:30.309Z,2020-10-18T13:28:30.309Z,411924323,5764789630,20.0,303754189,,4,Nguyễn Ðình Chiểu,tertiary
47362,2020-10-18T13:28:30.311Z,2020-10-18T13:28:30.311Z,5764789630,411918472,19.0,303754189,,4,Nguyễn Ðình Chiểu,tertiary
47363,2020-10-18T13:28:30.313Z,2020-10-18T13:28:30.313Z,411918472,411923852,17.0,303754189,,4,Nguyễn Ðình Chiểu,tertiary
47364,2020-10-18T13:28:30.315Z,2020-10-18T13:28:30.315Z,411923852,411920294,13.0,303754189,,4,Nguyễn Ðình Chiểu,tertiary
47365,2020-10-18T13:28:30.317Z,2020-10-18T13:28:30.317Z,411920294,5764789629,10.0,303754189,,4,Nguyễn Ðình Chiểu,tertiary
47366,2020-10-18T13:28:30.319Z,2020-10-18T13:28:30.319Z,5764789629,411918736,9.0,303754189,,4,Nguyễn Ðình Chiểu,tertiary
47367,2020-10-18T13:28:30.322Z,2020-10-18T13:28:30.322Z,411918736,5764789628,21.0,303754189,,4,Nguyễn Ðình Chiểu,tertiary
47368,2020-10-18T13:28:30.325Z,2020-10-18T13:28:30.325Z,5764789628,5764789627,19.0,303754189,,4,Nguyễn Ðình Chiểu,tertiary
47369,2020-10-18T13:28:30.327Z,2020-10-18T13:28:30.327Z,5764789627,5764789626,12.0,303754189,,4,Nguyễn Ðình Chiểu,tertiary
47370,2020-10-18T13:28:30.330Z,2020-10-18T13:28:30.330Z,5764789626,5762610094,44.0,303754189,,4,Nguyễn Ðình Chiểu,tertiary
47371,2020-10-18T13:28:30.331Z,2020-10-18T13:28:30.331Z,411925913,411926324,36.0,303754190,,4,Võ Văn Tần,tertiary
47372,2020-10-18T13:28:30.333Z,2020-10-18T13:28:30.333Z,411926324,411925913,36.0,303754190,,4,Võ Văn Tần,tertiary
47373,2020-10-18T13:28:30.335Z,2020-10-18T13:28:30.335Z,411926324,411925854,31.0,303754190,,4,Võ Văn Tần,tertiary
47374,2020-10-18T13:28:30.337Z,2020-10-18T13:28:30.337Z,411925854,411926324,31.0,303754190,,4,Võ Văn Tần,tertiary
47375,2020-10-18T13:28:30.341Z,2020-10-18T13:28:30.341Z,411925854,411926282,55.0,303754190,,4,Võ Văn Tần,tertiary
47376,2020-10-18T13:28:30.344Z,2020-10-18T13:28:30.344Z,411926282,411925854,55.0,303754190,,4,Võ Văn Tần,tertiary
47377,2020-10-18T13:28:30.347Z,2020-10-18T13:28:30.347Z,411926282,411924321,71.0,303754190,,4,Võ Văn Tần,tertiary
47378,2020-10-18T13:28:30.349Z,2020-10-18T13:28:30.349Z,411924321,411926282,71.0,303754190,,4,Võ Văn Tần,tertiary
47379,2020-10-18T13:28:30.352Z,2020-10-18T13:28:30.352Z,411924321,411925704,55.0,303754190,,4,Võ Văn Tần,tertiary
47380,2020-10-18T13:28:30.356Z,2020-10-18T13:28:30.356Z,411925704,411924321,55.0,303754190,,4,Võ Văn Tần,tertiary
47381,2020-10-18T13:28:30.360Z,2020-10-18T13:28:30.360Z,411925704,411925807,32.0,303754190,,4,Võ Văn Tần,tertiary
47382,2020-10-18T13:28:30.363Z,2020-10-18T13:28:30.363Z,411925807,411925704,32.0,303754190,,4,Võ Văn Tần,tertiary
47383,2020-10-18T13:28:30.366Z,2020-10-18T13:28:30.366Z,411925807,411918681,28.0,303754190,,4,Võ Văn Tần,tertiary
47384,2020-10-18T13:28:30.370Z,2020-10-18T13:28:30.370Z,411918681,411925807,28.0,303754190,,4,Võ Văn Tần,tertiary
47385,2020-10-18T13:28:30.374Z,2020-10-18T13:28:30.374Z,411918681,411918679,26.0,303754190,,4,Võ Văn Tần,tertiary
47386,2020-10-18T13:28:30.377Z,2020-10-18T13:28:30.377Z,411918679,411918681,26.0,303754190,,4,Võ Văn Tần,tertiary
47387,2020-10-18T13:28:30.379Z,2020-10-18T13:28:30.379Z,411918679,411926469,42.0,303754190,,4,Võ Văn Tần,tertiary
47388,2020-10-18T13:28:30.380Z,2020-10-18T13:28:30.380Z,411926469,411918679,42.0,303754190,,4,Võ Văn Tần,tertiary
47465,2020-10-18T13:28:30.582Z,2021-04-04T15:40:10.534Z,2032267470,2027772746,9.0,304468398,,4,Đường Hoàng Diệu,residential
49148,2020-10-18T13:28:38.519Z,2020-10-18T13:28:38.519Z,411926229,411918213,37.0,319309752,,4,Nguyễn Thông,unclassified
49149,2020-10-18T13:28:38.521Z,2020-10-18T13:28:38.521Z,411918213,411926229,37.0,319309752,,4,Nguyễn Thông,unclassified
49150,2020-10-18T13:28:38.523Z,2020-10-18T13:28:38.523Z,411918213,411917856,118.0,319309752,,4,Nguyễn Thông,unclassified
49151,2020-10-18T13:28:38.525Z,2020-10-18T13:28:38.525Z,411917856,411918213,118.0,319309752,,4,Nguyễn Thông,unclassified
49152,2020-10-18T13:28:38.528Z,2020-10-18T13:28:38.528Z,411917856,411926137,130.0,319309752,,4,Nguyễn Thông,unclassified
49153,2020-10-18T13:28:38.530Z,2020-10-18T13:28:38.530Z,411926137,411917856,130.0,319309752,,4,Nguyễn Thông,unclassified
49154,2020-10-18T13:28:38.531Z,2020-10-18T13:28:38.531Z,411926137,411918501,74.0,319309752,,4,Nguyễn Thông,unclassified
49155,2020-10-18T13:28:38.533Z,2020-10-18T13:28:38.533Z,411918501,411926137,74.0,319309752,,4,Nguyễn Thông,unclassified
49156,2020-10-18T13:28:38.535Z,2020-10-18T13:28:38.535Z,411918501,411926139,83.0,319309752,,4,Nguyễn Thông,unclassified
49157,2020-10-18T13:28:38.536Z,2020-10-18T13:28:38.536Z,411926139,411918501,83.0,319309752,,4,Nguyễn Thông,unclassified
49158,2020-10-18T13:28:38.539Z,2020-10-18T13:28:38.539Z,411926139,411926052,117.0,319309752,,4,Nguyễn Thông,unclassified
49159,2020-10-18T13:28:38.541Z,2020-10-18T13:28:38.541Z,411926052,411926139,117.0,319309752,,4,Nguyễn Thông,unclassified
49160,2020-10-18T13:28:38.552Z,2020-10-18T13:28:38.552Z,411926052,411926172,109.0,319309752,,4,Nguyễn Thông,unclassified
49161,2020-10-18T13:28:38.555Z,2020-10-18T13:28:38.555Z,411926172,411926052,109.0,319309752,,4,Nguyễn Thông,unclassified
49162,2020-10-18T13:28:38.558Z,2020-10-18T13:28:38.558Z,411926172,4932267125,35.0,319309752,,4,Nguyễn Thông,unclassified
49163,2020-10-18T13:28:38.561Z,2020-10-18T13:28:38.561Z,4932267125,411926172,35.0,319309752,,4,Nguyễn Thông,unclassified
49164,2020-10-18T13:28:38.563Z,2020-10-18T13:28:38.563Z,4932267125,5778212575,18.0,319309752,,4,Nguyễn Thông,unclassified
49165,2020-10-18T13:28:38.564Z,2020-10-18T13:28:38.564Z,5778212575,4932267125,18.0,319309752,,4,Nguyễn Thông,unclassified
49166,2020-10-18T13:28:38.566Z,2020-10-18T13:28:38.566Z,5778212575,3081520486,3.0,319309752,,4,Nguyễn Thông,unclassified
49167,2020-10-18T13:28:38.568Z,2020-10-18T13:28:38.568Z,3081520486,5778212575,3.0,319309752,,4,Nguyễn Thông,unclassified
49168,2020-10-18T13:28:38.569Z,2020-10-18T13:28:38.569Z,3081520486,3257247348,68.0,319309752,,4,Nguyễn Thông,unclassified
49169,2020-10-18T13:28:38.571Z,2020-10-18T13:28:38.571Z,3257247348,3081520486,68.0,319309752,,4,Nguyễn Thông,unclassified
49170,2020-10-18T13:28:38.573Z,2020-10-18T13:28:38.573Z,3257247348,411926049,69.0,319309752,,4,Nguyễn Thông,unclassified
49171,2020-10-18T13:28:38.575Z,2020-10-18T13:28:38.575Z,411926049,3257247348,69.0,319309752,,4,Nguyễn Thông,unclassified
49172,2020-10-18T13:28:38.578Z,2020-10-18T13:28:38.578Z,411926049,3257259160,106.0,319309752,,4,Nguyễn Thông,unclassified
49173,2020-10-18T13:28:38.580Z,2020-10-18T13:28:38.580Z,3257259160,411926049,106.0,319309752,,4,Nguyễn Thông,unclassified
49174,2020-10-18T13:28:38.581Z,2020-10-18T13:28:38.581Z,3257259160,411926050,47.0,319309752,,4,Nguyễn Thông,unclassified
49175,2020-10-18T13:28:38.583Z,2020-10-18T13:28:38.583Z,411926050,3257259160,47.0,319309752,,4,Nguyễn Thông,unclassified
49176,2020-10-18T13:28:38.585Z,2020-10-18T13:28:38.585Z,411926050,2520636900,16.0,319309752,,4,Nguyễn Thông,unclassified
49177,2020-10-18T13:28:38.587Z,2020-10-18T13:28:38.587Z,2520636900,411926050,16.0,319309752,,4,Nguyễn Thông,unclassified
49178,2020-10-18T13:28:38.589Z,2020-10-18T13:28:38.589Z,2520636900,3744246109,11.0,319309752,,4,Nguyễn Thông,unclassified
49179,2020-10-18T13:28:38.592Z,2020-10-18T13:28:38.592Z,3744246109,2520636900,11.0,319309752,,4,Nguyễn Thông,unclassified
49180,2020-10-18T13:28:38.596Z,2020-10-18T13:28:38.596Z,3744246109,411919149,53.0,319309752,,4,Nguyễn Thông,unclassified
49181,2020-10-18T13:28:38.598Z,2020-10-18T13:28:38.598Z,411919149,3744246109,53.0,319309752,,4,Nguyễn Thông,unclassified
49182,2020-10-18T13:28:38.600Z,2020-10-18T13:28:38.600Z,5462344911,5462344910,181.0,319790115,,2,Cầu vượt Lý Thái Tổ - Nguyễn Tri Phương,primary
49183,2020-10-18T13:28:38.603Z,2020-10-18T13:28:38.603Z,5462344910,5462344911,181.0,319790115,,2,Cầu vượt Lý Thái Tổ - Nguyễn Tri Phương,primary
49184,2020-10-18T13:28:38.605Z,2020-10-18T13:28:38.605Z,5462344910,3262508964,59.0,319790115,,2,Cầu vượt Lý Thái Tổ - Nguyễn Tri Phương,primary
49185,2020-10-18T13:28:38.608Z,2020-10-18T13:28:38.608Z,3262508964,5462344910,59.0,319790115,,2,Cầu vượt Lý Thái Tổ - Nguyễn Tri Phương,primary
49190,2020-10-18T13:28:38.611Z,2020-10-18T13:28:38.611Z,3262508964,5462282628,87.96275719732034,319790115,,2,Cầu vượt Lý Thái Tổ - Nguyễn Tri Phương,primary
84651,2020-10-18T13:28:38.611Z,2020-10-18T13:28:38.611Z,5462282628,5757841587,7.037242802679655,319790115,,2,Cầu vượt Lý Thái Tổ - Nguyễn Tri Phương,primary
49191,2020-10-18T13:28:38.614Z,2020-10-18T13:28:38.614Z,5757841587,5462282628,7.037242802679655,319790115,,2,Cầu vượt Lý Thái Tổ - Nguyễn Tri Phương,primary
84652,2020-10-18T13:28:38.614Z,2020-10-18T13:28:38.614Z,5462282628,3262508964,87.96275719732034,319790115,,2,Cầu vượt Lý Thái Tổ - Nguyễn Tri Phương,primary
49192,2020-10-18T13:28:38.616Z,2020-10-18T13:28:38.616Z,5757841587,5462282636,4.859254919913311,319790115,,2,Cầu vượt Lý Thái Tổ - Nguyễn Tri Phương,primary
84653,2020-10-18T13:28:38.616Z,2020-10-18T13:28:38.616Z,5462282636,5462282635,3.4893244487822326,319790115,,2,Cầu vượt Lý Thái Tổ - Nguyễn Tri Phương,primary
84654,2020-10-18T13:28:38.616Z,2020-10-18T13:28:38.616Z,5462282635,5462282634,2.6622414265296173,319790115,,2,Cầu vượt Lý Thái Tổ - Nguyễn Tri Phương,primary
84655,2020-10-18T13:28:38.616Z,2020-10-18T13:28:38.616Z,5462282634,5757841588,249.9891792047748,319790115,,2,Cầu vượt Lý Thái Tổ - Nguyễn Tri Phương,primary
49193,2020-10-18T13:28:38.618Z,2020-10-18T13:28:38.618Z,5757841588,5462282636,248.34253347004707,319790115,,2,Cầu vượt Lý Thái Tổ - Nguyễn Tri Phương,primary
84656,2020-10-18T13:28:38.618Z,2020-10-18T13:28:38.618Z,5462282636,5462282635,3.4362482588227423,319790115,,2,Cầu vượt Lý Thái Tổ - Nguyễn Tri Phương,primary
84657,2020-10-18T13:28:38.618Z,2020-10-18T13:28:38.618Z,5462282635,5462282634,2.621746014381336,319790115,,2,Cầu vượt Lý Thái Tổ - Nguyễn Tri Phương,primary
84658,2020-10-18T13:28:38.618Z,2020-10-18T13:28:38.618Z,5462282634,5757841587,6.5994722567488235,319790115,,2,Cầu vượt Lý Thái Tổ - Nguyễn Tri Phương,primary
49290,2020-10-18T13:28:38.846Z,2020-10-18T13:28:38.846Z,5763135365,411926505,69.0,320379106,,4,Lê Thánh Tôn,tertiary
49291,2020-10-18T13:28:38.848Z,2020-10-18T13:28:38.848Z,411926505,411926438,59.0,320379106,,4,Lê Thánh Tôn,tertiary
49292,2020-10-18T13:28:38.850Z,2020-10-18T13:28:38.850Z,411926438,411926429,63.0,320379106,,4,Lê Thánh Tôn,tertiary
49293,2020-10-18T13:28:38.853Z,2020-10-18T13:28:38.853Z,411926429,411926437,152.0,320379106,,4,Lê Thánh Tôn,tertiary
49294,2020-10-18T13:28:38.855Z,2020-10-18T13:28:38.855Z,411926437,4608280833,95.0,320379106,,4,Lê Thánh Tôn,tertiary
49295,2020-10-18T13:28:38.858Z,2020-10-18T13:28:38.858Z,4608280833,5444117923,46.0,320379106,,4,Lê Thánh Tôn,tertiary
49296,2020-10-18T13:28:38.860Z,2020-10-18T13:28:38.860Z,5444117923,4605017103,19.0,320379106,,4,Lê Thánh Tôn,tertiary
49620,2020-10-18T13:28:39.605Z,2020-10-18T13:28:39.605Z,4605034948,5762726890,88.0,326770976,,3,Nguyễn Trãi,secondary
49621,2020-10-18T13:28:39.608Z,2020-10-18T13:28:39.608Z,5762726890,4605034948,88.0,326770976,,3,Nguyễn Trãi,secondary
49622,2020-10-18T13:28:39.610Z,2020-10-18T13:28:39.610Z,5762726890,411922074,24.0,326770976,,3,Nguyễn Trãi,secondary
49623,2020-10-18T13:28:39.612Z,2020-10-18T13:28:39.612Z,411922074,5762726890,24.0,326770976,,3,Nguyễn Trãi,secondary
49624,2020-10-18T13:28:39.613Z,2020-10-18T13:28:39.613Z,411922074,5762711603,26.0,326770976,,3,Nguyễn Trãi,secondary
49625,2020-10-18T13:28:39.615Z,2020-10-18T13:28:39.615Z,5762711603,411922074,26.0,326770976,,3,Nguyễn Trãi,secondary
49626,2020-10-18T13:28:39.616Z,2020-10-18T13:28:39.616Z,5762711603,411921473,7.0,326770976,,3,Nguyễn Trãi,secondary
49627,2020-10-18T13:28:39.618Z,2020-10-18T13:28:39.618Z,411921473,5762711603,7.0,326770976,,3,Nguyễn Trãi,secondary
49628,2020-10-18T13:28:39.620Z,2020-10-18T13:28:39.620Z,411921473,4608876661,23.0,326770976,,3,Nguyễn Trãi,secondary
49629,2020-10-18T13:28:39.622Z,2020-10-18T13:28:39.622Z,4608876661,411921473,23.0,326770976,,3,Nguyễn Trãi,secondary
49630,2020-10-18T13:28:39.623Z,2020-10-18T13:28:39.623Z,4608876661,411926098,24.0,326770976,,3,Nguyễn Trãi,secondary
49631,2020-10-18T13:28:39.625Z,2020-10-18T13:28:39.625Z,411926098,4608876661,24.0,326770976,,3,Nguyễn Trãi,secondary
49632,2020-10-18T13:28:39.627Z,2020-10-18T13:28:39.627Z,411926098,4608876662,42.0,326770976,,3,Nguyễn Trãi,secondary
49633,2020-10-18T13:28:39.628Z,2020-10-18T13:28:39.628Z,4608876662,411926098,42.0,326770976,,3,Nguyễn Trãi,secondary
49634,2020-10-18T13:28:39.630Z,2020-10-18T13:28:39.630Z,411922074,5762711597,40.0,326770977,,4,Lê Lai,tertiary
49635,2020-10-18T13:28:39.642Z,2020-10-18T13:28:39.642Z,5762711597,411922074,40.0,326770977,,4,Lê Lai,tertiary
49636,2020-10-18T13:28:39.644Z,2020-10-18T13:28:39.644Z,5762711597,4608867550,77.0,326770977,,4,Lê Lai,tertiary
49637,2020-10-18T13:28:39.646Z,2020-10-18T13:28:39.646Z,4608867550,5762711597,77.0,326770977,,4,Lê Lai,tertiary
49638,2020-10-18T13:28:39.647Z,2020-10-18T13:28:39.647Z,4608867550,2692556834,36.0,326770977,,4,Lê Lai,tertiary
49639,2020-10-18T13:28:39.649Z,2020-10-18T13:28:39.649Z,2692556834,4608867550,36.0,326770977,,4,Lê Lai,tertiary
49673,2020-10-18T13:28:39.650Z,2020-10-18T13:28:39.650Z,2692556834,411925240,21.036666541572824,326770977,,4,Lê Lai,tertiary
84659,2020-10-18T13:28:39.650Z,2020-10-18T13:28:39.650Z,411925240,411925056,78.96333345842717,326770977,,4,Lê Lai,tertiary
49674,2020-10-18T13:28:39.652Z,2020-10-18T13:28:39.652Z,411925056,411925240,78.96333345842717,326770977,,4,Lê Lai,tertiary
84660,2020-10-18T13:28:39.652Z,2020-10-18T13:28:39.652Z,411925240,2692556834,21.036666541572824,326770977,,4,Lê Lai,tertiary
49642,2020-10-18T13:28:39.657Z,2020-10-18T13:28:39.657Z,411925056,5762780541,6.0,326770977,,4,Lê Lai,tertiary
49643,2020-10-18T13:28:39.659Z,2020-10-18T13:28:39.659Z,5762780541,411925056,6.0,326770977,,4,Lê Lai,tertiary
49644,2020-10-18T13:28:39.661Z,2020-10-18T13:28:39.661Z,5762780541,3342113909,4.0,326770977,,4,Lê Lai,tertiary
49645,2020-10-18T13:28:39.663Z,2020-10-18T13:28:39.663Z,3342113909,5762780541,4.0,326770977,,4,Lê Lai,tertiary
49646,2020-10-18T13:28:39.664Z,2020-10-18T13:28:39.664Z,3342113909,3342113910,13.0,326770977,,4,Lê Lai,tertiary
49647,2020-10-18T13:28:39.666Z,2020-10-18T13:28:39.666Z,3342113910,3342113909,13.0,326770977,,4,Lê Lai,tertiary
49648,2020-10-18T13:28:39.668Z,2020-10-18T13:28:39.668Z,3342113910,411923196,54.0,326770977,,4,Lê Lai,tertiary
49649,2020-10-18T13:28:39.670Z,2020-10-18T13:28:39.670Z,411923196,3342113910,54.0,326770977,,4,Lê Lai,tertiary
49650,2020-10-18T13:28:39.673Z,2020-10-18T13:28:39.673Z,411923196,3342113911,70.0,326770977,,4,Lê Lai,tertiary
49651,2020-10-18T13:28:39.677Z,2020-10-18T13:28:39.677Z,3342113911,411923196,70.0,326770977,,4,Lê Lai,tertiary
49652,2020-10-18T13:28:39.680Z,2020-10-18T13:28:39.680Z,3342113911,411923354,1.0,326770977,,4,Lê Lai,tertiary
49653,2020-10-18T13:28:39.683Z,2020-10-18T13:28:39.683Z,411923354,3342113911,1.0,326770977,,4,Lê Lai,tertiary
49654,2020-10-18T13:28:39.686Z,2020-10-18T13:28:39.686Z,411923354,3342113912,36.0,326770977,,4,Lê Lai,tertiary
49655,2020-10-18T13:28:39.689Z,2020-10-18T13:28:39.689Z,3342113912,411923354,36.0,326770977,,4,Lê Lai,tertiary
49656,2020-10-18T13:28:39.692Z,2020-10-18T13:28:39.692Z,3342113912,411919062,5.0,326770977,,4,Lê Lai,tertiary
49657,2020-10-18T13:28:39.694Z,2020-10-18T13:28:39.694Z,411919062,3342113912,5.0,326770977,,4,Lê Lai,tertiary
49658,2020-10-18T13:28:39.696Z,2020-10-18T13:28:39.696Z,411919062,3342113913,17.0,326770977,,4,Lê Lai,tertiary
49659,2020-10-18T13:28:39.698Z,2020-10-18T13:28:39.698Z,3342113913,411919062,17.0,326770977,,4,Lê Lai,tertiary
49660,2020-10-18T13:28:39.700Z,2020-10-18T13:28:39.700Z,3342113913,411918407,10.0,326770977,,4,Lê Lai,tertiary
49661,2020-10-18T13:28:39.702Z,2020-10-18T13:28:39.702Z,411918407,3342113913,10.0,326770977,,4,Lê Lai,tertiary
49662,2020-10-18T13:28:39.705Z,2020-10-18T13:28:39.705Z,411918407,5762736906,103.0,326770977,,4,Lê Lai,tertiary
49663,2020-10-18T13:28:39.707Z,2020-10-18T13:28:39.707Z,5762736906,411918407,103.0,326770977,,4,Lê Lai,tertiary
49664,2020-10-18T13:28:39.709Z,2020-10-18T13:28:39.709Z,5762736906,2854592012,9.0,326770977,,4,Lê Lai,tertiary
49665,2020-10-18T13:28:39.711Z,2020-10-18T13:28:39.711Z,2854592012,5762736906,9.0,326770977,,4,Lê Lai,tertiary
49666,2020-10-18T13:28:39.713Z,2020-10-18T13:28:39.713Z,2854592012,5762736912,12.0,326770977,,4,Lê Lai,tertiary
49667,2020-10-18T13:28:39.715Z,2020-10-18T13:28:39.715Z,5762736912,2854592012,12.0,326770977,,4,Lê Lai,tertiary
49668,2020-10-18T13:28:39.716Z,2020-10-18T13:28:39.716Z,2365199344,4612970107,161.0,326770978,,2,Trần Hưng Ðạo,primary
49669,2020-10-18T13:28:39.718Z,2020-10-18T13:28:39.718Z,4612970107,4612970106,12.0,326770978,,2,Trần Hưng Ðạo,primary
49670,2020-10-18T13:28:39.720Z,2020-10-18T13:28:39.720Z,4612970106,4609802777,133.0,326770978,,2,Trần Hưng Ðạo,primary
49671,2020-10-18T13:28:39.723Z,2020-10-18T13:28:39.723Z,2034589355,2353541588,9.0,326770982,,3,Hàm Nghi,secondary
49672,2020-10-18T13:28:39.725Z,2020-10-18T13:28:39.725Z,2353541588,4610019119,45.0,326770982,,3,Hàm Nghi,secondary
49800,2020-10-18T13:28:40.028Z,2020-10-18T13:28:40.028Z,411926496,5778360143,84.0,326771005,,4,Nguyễn Ðình Chiểu,tertiary
49801,2020-10-18T13:28:40.030Z,2020-10-18T13:28:40.030Z,5778360143,5778360141,9.0,326771005,,4,Nguyễn Ðình Chiểu,tertiary
49802,2020-10-18T13:28:40.031Z,2020-10-18T13:28:40.031Z,5778360141,411925926,91.0,326771005,,4,Nguyễn Ðình Chiểu,tertiary
49803,2020-10-18T13:28:40.032Z,2020-10-18T13:28:40.032Z,411925926,411925999,90.0,326771005,,4,Nguyễn Ðình Chiểu,tertiary
49804,2020-10-18T13:28:40.034Z,2020-10-18T13:28:40.034Z,411925999,2341633617,58.0,326771005,,4,Nguyễn Ðình Chiểu,tertiary
49805,2020-10-18T13:28:40.035Z,2020-10-18T13:28:40.035Z,2341633617,4010811131,26.0,326771005,,4,Nguyễn Ðình Chiểu,tertiary
49806,2020-10-18T13:28:40.037Z,2020-10-18T13:28:40.037Z,4010811131,411926667,10.0,326771005,,4,Nguyễn Ðình Chiểu,tertiary
49807,2020-10-18T13:28:40.039Z,2020-10-18T13:28:40.039Z,411926667,3167001369,125.0,326771005,,4,Nguyễn Ðình Chiểu,tertiary
49808,2020-10-18T13:28:40.042Z,2020-10-18T13:28:40.042Z,3167001369,411926609,49.0,326771005,,4,Nguyễn Ðình Chiểu,tertiary
49820,2020-10-18T13:28:40.064Z,2020-10-18T13:28:40.064Z,3334355736,2034589318,19.0,326772491,,4,Hàm Nghi,tertiary
49821,2020-10-18T13:28:40.066Z,2020-10-18T13:28:40.066Z,2034589318,2663926497,24.0,326772491,,4,Hàm Nghi,tertiary
49822,2020-10-18T13:28:40.067Z,2020-10-18T13:28:40.067Z,2663926497,1768565067,10.0,326772491,,4,Hàm Nghi,tertiary
49823,2020-10-18T13:28:40.069Z,2020-10-18T13:28:40.069Z,1768565067,411917837,196.0,326772491,,4,Hàm Nghi,tertiary
49828,2020-10-18T13:28:40.079Z,2020-10-18T13:28:40.079Z,1773240209,3335314142,7.0,326846278,,4,Cầu Calmette,tertiary
49829,2020-10-18T13:28:40.080Z,2020-10-18T13:28:40.080Z,3335314142,3335314141,3.0,326846278,,4,Cầu Calmette,tertiary
49830,2020-10-18T13:28:40.081Z,2020-10-18T13:28:40.081Z,3335314141,3335314140,3.0,326846278,,4,Cầu Calmette,tertiary
49831,2020-10-18T13:28:40.083Z,2020-10-18T13:28:40.083Z,3335314140,3335314139,2.0,326846278,,4,Cầu Calmette,tertiary
49832,2020-10-18T13:28:40.084Z,2020-10-18T13:28:40.084Z,3335314139,2044486904,5.0,326846278,,4,Cầu Calmette,tertiary
49833,2020-10-18T13:28:40.086Z,2020-10-18T13:28:40.086Z,2044486904,1773240188,6.0,326846278,,4,Cầu Calmette,tertiary
49834,2020-10-18T13:28:40.087Z,2020-10-18T13:28:40.087Z,1773240188,1987339999,15.0,326846278,,4,Cầu Calmette,tertiary
49835,2020-10-18T13:28:40.089Z,2020-10-18T13:28:40.089Z,1987339999,1773240185,30.0,326846278,,4,Cầu Calmette,tertiary
49836,2020-10-18T13:28:40.091Z,2020-10-18T13:28:40.091Z,1773240185,1773240208,36.0,326846278,,4,Cầu Calmette,tertiary
49837,2020-10-18T13:28:40.093Z,2020-10-18T13:28:40.093Z,1773240208,3335314137,88.0,326846278,,4,Cầu Calmette,tertiary
49858,2020-10-18T13:28:40.129Z,2020-10-18T13:28:40.129Z,3335337342,2034589256,28.0,326848007,,3,Hàm Nghi,secondary
49859,2020-10-18T13:28:40.131Z,2020-10-18T13:28:40.131Z,2034589256,2032267266,19.0,326848007,,3,Hàm Nghi,secondary
49860,2020-10-18T13:28:40.132Z,2020-10-18T13:28:40.132Z,2032267266,2146838326,201.0,326848007,,3,Hàm Nghi,secondary
49874,2020-10-18T13:28:40.176Z,2020-10-18T13:28:40.176Z,5307201457,3166133536,103.0,326848010,,4,Lê Lợi,tertiary
49875,2020-10-18T13:28:40.178Z,2020-10-18T13:28:40.178Z,3166133536,2383425454,36.0,326848010,,4,Lê Lợi,tertiary
49876,2020-10-18T13:28:40.179Z,2020-10-18T13:28:40.179Z,2383425454,411918918,13.0,326848010,,4,Lê Lợi,tertiary
49877,2020-10-18T13:28:40.182Z,2020-10-18T13:28:40.182Z,411918918,2034589326,30.0,326848010,,4,Lê Lợi,tertiary
49879,2020-10-18T13:28:40.184Z,2020-10-18T13:28:40.184Z,2034589326,4610019122,25.269495686848686,326848010,,4,Lê Lợi,tertiary
84661,2020-10-18T13:28:40.184Z,2020-10-18T13:28:40.184Z,4610019122,4603175867,6.730504313151318,326848010,,4,Lê Lợi,tertiary
49892,2020-10-18T13:28:40.209Z,2020-10-18T13:28:40.209Z,3116339932,5816931387,88.0,326848017,,4,Nguyễn Trãi,tertiary
49893,2020-10-18T13:28:40.211Z,2020-10-18T13:28:40.211Z,5816931387,366466828,16.0,326848017,,4,Nguyễn Trãi,tertiary
49894,2020-10-18T13:28:40.212Z,2020-10-18T13:28:40.212Z,366466828,366440428,111.0,326848017,,4,Nguyễn Trãi,tertiary
49895,2020-10-18T13:28:40.214Z,2020-10-18T13:28:40.214Z,366440428,5816931420,3.0,326848017,,4,Nguyễn Trãi,tertiary
49896,2020-10-18T13:28:40.215Z,2020-10-18T13:28:40.215Z,5816931420,4979973986,34.0,326848017,,4,Nguyễn Trãi,tertiary
49897,2020-10-18T13:28:40.217Z,2020-10-18T13:28:40.217Z,4979973986,1997154840,25.0,326848017,,4,Nguyễn Trãi,tertiary
49898,2020-10-18T13:28:40.218Z,2020-10-18T13:28:40.218Z,1997154840,1997154670,55.0,326848017,,4,Nguyễn Trãi,tertiary
49899,2020-10-18T13:28:40.220Z,2020-10-18T13:28:40.220Z,1997154670,4191281725,14.0,326848017,,4,Nguyễn Trãi,tertiary
49900,2020-10-18T13:28:40.221Z,2020-10-18T13:28:40.221Z,4191281725,3116339937,24.0,326848017,,4,Nguyễn Trãi,tertiary
49901,2020-10-18T13:28:40.223Z,2020-10-18T13:28:40.223Z,3116339937,366401636,101.0,326848017,,4,Nguyễn Trãi,tertiary
49902,2020-10-18T13:28:40.224Z,2020-10-18T13:28:40.224Z,366401636,5816931363,21.0,326848017,,4,Nguyễn Trãi,tertiary
49903,2020-10-18T13:28:40.226Z,2020-10-18T13:28:40.226Z,5816931363,366404649,50.0,326848017,,4,Nguyễn Trãi,tertiary
49904,2020-10-18T13:28:40.228Z,2020-10-18T13:28:40.228Z,3334355736,1768565068,20.0,326848021,,4,Phó Ðức Chính,tertiary
49905,2020-10-18T13:28:40.230Z,2020-10-18T13:28:40.230Z,1768565068,3334355736,20.0,326848021,,4,Phó Ðức Chính,tertiary
49906,2020-10-18T13:28:40.233Z,2020-10-18T13:28:40.233Z,3335337342,3334355736,8.0,326848022,,4,Phó Ðức Chính,tertiary
49907,2020-10-18T13:28:40.235Z,2020-10-18T13:28:40.235Z,3334355736,3335337342,8.0,326848022,,4,Phó Ðức Chính,tertiary
49908,2020-10-18T13:28:40.237Z,2020-10-18T13:28:40.237Z,411926648,411918200,56.0,326848024,,4,Phó Ðức Chính,tertiary
49909,2020-10-18T13:28:40.238Z,2020-10-18T13:28:40.238Z,411918200,411926648,56.0,326848024,,4,Phó Ðức Chính,tertiary
49910,2020-10-18T13:28:40.239Z,2020-10-18T13:28:40.239Z,411918200,411918297,55.0,326848024,,4,Phó Ðức Chính,tertiary
49911,2020-10-18T13:28:40.241Z,2020-10-18T13:28:40.241Z,411918297,411918200,55.0,326848024,,4,Phó Ðức Chính,tertiary
49912,2020-10-18T13:28:40.242Z,2020-10-18T13:28:40.242Z,411918297,1769173868,13.0,326848024,,4,Phó Ðức Chính,tertiary
49913,2020-10-18T13:28:40.244Z,2020-10-18T13:28:40.244Z,1769173868,411918297,13.0,326848024,,4,Phó Ðức Chính,tertiary
49946,2020-10-18T13:28:40.310Z,2020-10-18T13:28:40.310Z,2527492309,2527488817,98.0,326849841,,4,Lê Lai,tertiary
49947,2020-10-18T13:28:40.312Z,2020-10-18T13:28:40.312Z,2527488817,1861212914,22.0,326849841,,4,Lê Lai,tertiary
49948,2020-10-18T13:28:40.314Z,2020-10-18T13:28:40.314Z,1861212914,5762736909,90.0,326849841,,4,Lê Lai,tertiary
49949,2020-10-18T13:28:40.315Z,2020-10-18T13:28:40.315Z,5762736909,2362579516,6.0,326849841,,4,Lê Lai,tertiary
49950,2020-10-18T13:28:40.317Z,2020-10-18T13:28:40.317Z,2362579516,2032267463,17.0,326849841,,4,Lê Lai,tertiary
49951,2020-10-18T13:28:40.319Z,2020-10-18T13:28:40.319Z,2032267463,5762736914,8.0,326849841,,4,Lê Lai,tertiary
49952,2020-10-18T13:28:40.322Z,2020-10-18T13:28:40.322Z,5762736914,5762736910,2.0,326849841,,4,Lê Lai,tertiary
49953,2020-10-18T13:28:40.325Z,2020-10-18T13:28:40.325Z,5762736910,5762736912,10.0,326849841,,4,Lê Lai,tertiary
49954,2020-10-18T13:28:40.327Z,2020-10-18T13:28:40.327Z,5762736912,5762736913,10.0,326849841,,4,Lê Lai,tertiary
49973,2020-10-18T13:28:40.380Z,2020-10-18T13:28:40.380Z,2364030594,5763168799,17.0,326849844,,2,Nguyễn Thị Minh Khai,primary
49974,2020-10-18T13:28:40.382Z,2020-10-18T13:28:40.382Z,5763168799,1226517290,34.0,326849844,,2,Nguyễn Thị Minh Khai,primary
49975,2020-10-18T13:28:40.384Z,2020-10-18T13:28:40.384Z,1226517290,5763168786,68.0,326849844,,2,Nguyễn Thị Minh Khai,primary
49976,2020-10-18T13:28:40.386Z,2020-10-18T13:28:40.386Z,5763168786,2364030596,16.0,326849844,,2,Nguyễn Thị Minh Khai,primary
49977,2020-10-18T13:28:40.388Z,2020-10-18T13:28:40.388Z,2364030596,4604860551,176.0,326849844,,2,Nguyễn Thị Minh Khai,primary
50010,2020-10-18T13:28:40.457Z,2020-10-18T13:28:40.457Z,411926609,411918637,64.0,327048052,,4,Nguyễn Ðình Chiểu,tertiary
50011,2020-10-18T13:28:40.458Z,2020-10-18T13:28:40.458Z,411918637,5763263827,150.0,327048052,,4,Nguyễn Ðình Chiểu,tertiary
50012,2020-10-18T13:28:40.460Z,2020-10-18T13:28:40.460Z,5763263827,411926563,45.0,327048052,,4,Nguyễn Ðình Chiểu,tertiary
50013,2020-10-18T13:28:40.462Z,2020-10-18T13:28:40.462Z,411926563,2393614152,6.0,327048052,,4,Nguyễn Ðình Chiểu,tertiary
50014,2020-10-18T13:28:40.464Z,2020-10-18T13:28:40.464Z,411926609,411926451,79.0,327048054,,4,Bà Huyện Thanh Quan,tertiary
50015,2020-10-18T13:28:40.466Z,2020-10-18T13:28:40.466Z,411926451,411925922,83.0,327048054,,4,Bà Huyện Thanh Quan,tertiary
50016,2020-10-18T13:28:40.467Z,2020-10-18T13:28:40.467Z,411925923,2364030596,9.0,327048055,,4,Bà Huyện Thanh Quan,tertiary
50017,2020-10-18T13:28:40.469Z,2020-10-18T13:28:40.469Z,4605016930,4603175867,73.0,327048056,,4,Lê Lai,tertiary
50018,2020-10-18T13:28:40.471Z,2020-10-18T13:28:40.471Z,4603175867,4605016930,73.0,327048056,,4,Lê Lai,tertiary
50019,2020-10-18T13:28:40.473Z,2020-10-18T13:28:40.473Z,2364089053,366451156,168.0,327048057,,3,Trần Hưng Ðạo,secondary
50020,2020-10-18T13:28:40.476Z,2020-10-18T13:28:40.476Z,2364089053,2364089048,9.0,327048058,,2,Nguyễn Văn Cừ,primary
50027,2020-10-18T13:28:40.507Z,2020-10-18T13:28:40.507Z,4594916756,4594916761,37.0,327090281,,4,Cầu Nguyễn Văn Cừ,tertiary
50028,2020-10-18T13:28:40.509Z,2020-10-18T13:28:40.509Z,4594916761,4594916756,37.0,327090281,,4,Cầu Nguyễn Văn Cừ,tertiary
50029,2020-10-18T13:28:40.512Z,2020-10-18T13:28:40.512Z,4594916761,734894520,182.0,327090281,,4,Cầu Nguyễn Văn Cừ,tertiary
50030,2020-10-18T13:28:40.515Z,2020-10-18T13:28:40.515Z,734894520,4594916761,182.0,327090281,,4,Cầu Nguyễn Văn Cừ,tertiary
50031,2020-10-18T13:28:40.518Z,2020-10-18T13:28:40.518Z,3338019292,3338019290,6.0,327090282,,3,Võ Văn Kiệt,primary_link
50032,2020-10-18T13:28:40.520Z,2020-10-18T13:28:40.520Z,3338019290,3338019283,7.0,327090282,,3,Võ Văn Kiệt,primary_link
50033,2020-10-18T13:28:40.522Z,2020-10-18T13:28:40.522Z,3338019283,3338019278,10.0,327090282,,3,Võ Văn Kiệt,primary_link
50034,2020-10-18T13:28:40.524Z,2020-10-18T13:28:40.524Z,3338019278,3338019277,8.0,327090282,,3,Võ Văn Kiệt,primary_link
50035,2020-10-18T13:28:40.527Z,2020-10-18T13:28:40.527Z,3338019277,3338019275,6.0,327090282,,3,Võ Văn Kiệt,primary_link
50036,2020-10-18T13:28:40.529Z,2020-10-18T13:28:40.529Z,3338019275,3338019274,9.0,327090282,,3,Võ Văn Kiệt,primary_link
50037,2020-10-18T13:28:40.532Z,2020-10-18T13:28:40.532Z,3338019274,3338019273,9.0,327090282,,3,Võ Văn Kiệt,primary_link
50038,2020-10-18T13:28:40.534Z,2020-10-18T13:28:40.534Z,3338019273,3338019271,7.0,327090282,,3,Võ Văn Kiệt,primary_link
50039,2020-10-18T13:28:40.537Z,2020-10-18T13:28:40.537Z,3338019271,3338019269,18.0,327090282,,3,Võ Văn Kiệt,primary_link
50040,2020-10-18T13:28:40.540Z,2020-10-18T13:28:40.540Z,1996654028,3338020117,14.0,327090283,,2,Võ Văn Kiệt,primary
50041,2020-10-18T13:28:40.542Z,2020-10-18T13:28:40.542Z,3338020117,3338020108,18.0,327090283,,2,Võ Văn Kiệt,primary
50042,2020-10-18T13:28:40.544Z,2020-10-18T13:28:40.544Z,3338020108,3338020101,13.0,327090283,,2,Võ Văn Kiệt,primary
50043,2020-10-18T13:28:40.546Z,2020-10-18T13:28:40.546Z,3338020101,3338020094,13.0,327090283,,2,Võ Văn Kiệt,primary
50118,2020-10-18T13:28:40.548Z,2020-10-18T13:28:40.548Z,3338020094,2289920286,18.702773714343312,327090283,,2,Võ Văn Kiệt,primary
84662,2020-10-18T13:28:40.548Z,2020-10-18T13:28:40.548Z,2289920286,3338019280,4.297226285656687,327090283,,2,Võ Văn Kiệt,primary
50045,2020-10-18T13:28:40.550Z,2020-10-18T13:28:40.550Z,3338019280,3338019276,16.0,327090283,,2,Võ Văn Kiệt,primary
50046,2020-10-18T13:28:40.552Z,2020-10-18T13:28:40.552Z,3338019276,3338019272,23.0,327090283,,2,Võ Văn Kiệt,primary
50047,2020-10-18T13:28:40.554Z,2020-10-18T13:28:40.554Z,3338019272,3338019270,12.0,327090283,,2,Võ Văn Kiệt,primary
50048,2020-10-18T13:28:40.556Z,2020-10-18T13:28:40.556Z,3338019270,3338019269,22.0,327090283,,2,Võ Văn Kiệt,primary
50049,2020-10-18T13:28:40.558Z,2020-10-18T13:28:40.558Z,3338019269,3338019268,6.0,327090284,,2,Võ Văn Kiệt,primary
50050,2020-10-18T13:28:40.561Z,2020-10-18T13:28:40.561Z,3338019268,3338019267,7.0,327090284,,2,Võ Văn Kiệt,primary
50051,2020-10-18T13:28:40.563Z,2020-10-18T13:28:40.563Z,3338019267,3338019266,10.0,327090284,,2,Võ Văn Kiệt,primary
50052,2020-10-18T13:28:40.566Z,2020-10-18T13:28:40.566Z,3338019266,3338019265,13.0,327090284,,2,Võ Văn Kiệt,primary
50053,2020-10-18T13:28:40.568Z,2020-10-18T13:28:40.568Z,3338019265,3338019264,21.0,327090284,,2,Võ Văn Kiệt,primary
50054,2020-10-18T13:28:40.570Z,2020-10-18T13:28:40.570Z,3338019264,3338019262,16.0,327090284,,2,Võ Văn Kiệt,primary
50055,2020-10-18T13:28:40.572Z,2020-10-18T13:28:40.572Z,3338019262,3338019261,16.0,327090284,,2,Võ Văn Kiệt,primary
50056,2020-10-18T13:28:40.574Z,2020-10-18T13:28:40.574Z,3338019261,3338019260,13.0,327090284,,2,Võ Văn Kiệt,primary
50057,2020-10-18T13:28:40.576Z,2020-10-18T13:28:40.576Z,3338019260,3338019259,14.0,327090284,,2,Võ Văn Kiệt,primary
50058,2020-10-18T13:28:40.578Z,2020-10-18T13:28:40.578Z,3338019259,3338019256,13.0,327090284,,2,Võ Văn Kiệt,primary
50059,2020-10-18T13:28:40.580Z,2020-10-18T13:28:40.580Z,3338019256,3338019255,8.0,327090284,,2,Võ Văn Kiệt,primary
50060,2020-10-18T13:28:40.581Z,2020-10-18T13:28:40.581Z,3338019255,3338019254,7.0,327090284,,2,Võ Văn Kiệt,primary
50061,2020-10-18T13:28:40.583Z,2020-10-18T13:28:40.583Z,3338019254,3338019252,11.0,327090284,,2,Võ Văn Kiệt,primary
50062,2020-10-18T13:28:40.584Z,2020-10-18T13:28:40.584Z,3338019252,3338019249,15.0,327090284,,2,Võ Văn Kiệt,primary
50063,2020-10-18T13:28:40.586Z,2020-10-18T13:28:40.586Z,3338019249,3338019248,16.0,327090284,,2,Võ Văn Kiệt,primary
50064,2020-10-18T13:28:40.588Z,2020-10-18T13:28:40.588Z,3338019248,3338019246,11.0,327090284,,2,Võ Văn Kiệt,primary
50065,2020-10-18T13:28:40.591Z,2020-10-18T13:28:40.591Z,3338019246,3338019245,10.0,327090284,,2,Võ Văn Kiệt,primary
50066,2020-10-18T13:28:40.594Z,2020-10-18T13:28:40.594Z,3338019245,3338019244,8.0,327090284,,2,Võ Văn Kiệt,primary
50067,2020-10-18T13:28:40.595Z,2020-10-18T13:28:40.595Z,3338019244,3338019243,12.0,327090284,,2,Võ Văn Kiệt,primary
50068,2020-10-18T13:28:40.597Z,2020-10-18T13:28:40.597Z,3338019243,3338019242,19.0,327090284,,2,Võ Văn Kiệt,primary
50069,2020-10-18T13:28:40.599Z,2020-10-18T13:28:40.599Z,3338019242,5814336817,13.0,327090284,,2,Võ Văn Kiệt,primary
50070,2020-10-18T13:28:40.601Z,2020-10-18T13:28:40.601Z,5814336817,3338019241,6.0,327090284,,2,Võ Văn Kiệt,primary
50071,2020-10-18T13:28:40.602Z,2020-10-18T13:28:40.602Z,3338019241,3338019238,9.0,327090284,,2,Võ Văn Kiệt,primary
50072,2020-10-18T13:28:40.604Z,2020-10-18T13:28:40.604Z,3338019238,3338019237,5.0,327090284,,2,Võ Văn Kiệt,primary
50073,2020-10-18T13:28:40.606Z,2020-10-18T13:28:40.606Z,3338019237,3338019236,8.0,327090284,,2,Võ Văn Kiệt,primary
50074,2020-10-18T13:28:40.608Z,2020-10-18T13:28:40.608Z,3338019236,3338019240,14.0,327090284,,2,Võ Văn Kiệt,primary
50075,2020-10-18T13:28:40.610Z,2020-10-18T13:28:40.610Z,3338019240,1996745180,25.0,327090284,,2,Võ Văn Kiệt,primary
50076,2020-10-18T13:28:40.613Z,2020-10-18T13:28:40.613Z,1996745180,1996745405,22.0,327090284,,2,Võ Văn Kiệt,primary
50077,2020-10-18T13:28:40.614Z,2020-10-18T13:28:40.614Z,1996745405,5814337657,56.0,327090284,,2,Võ Văn Kiệt,primary
50078,2020-10-18T13:28:40.616Z,2020-10-18T13:28:40.616Z,5814337657,5813779732,18.0,327090284,,2,Võ Văn Kiệt,primary
50079,2020-10-18T13:28:40.618Z,2020-10-18T13:28:40.618Z,5813779732,5814337674,22.0,327090284,,2,Võ Văn Kiệt,primary
50080,2020-10-18T13:28:40.619Z,2020-10-18T13:28:40.619Z,5814337674,5813779729,15.0,327090284,,2,Võ Văn Kiệt,primary
50081,2020-10-18T13:28:40.621Z,2020-10-18T13:28:40.621Z,5813779729,1996655783,68.0,327090284,,2,Võ Văn Kiệt,primary
50082,2020-10-18T13:28:40.623Z,2020-10-18T13:28:40.623Z,1996655783,3338019258,35.0,327090284,,2,Võ Văn Kiệt,primary
50083,2020-10-18T13:28:40.624Z,2020-10-18T13:28:40.624Z,3338019258,4415006544,39.0,327090284,,2,Võ Văn Kiệt,primary
50084,2020-10-18T13:28:40.626Z,2020-10-18T13:28:40.626Z,4415006544,5816774506,29.0,327090284,,2,Võ Văn Kiệt,primary
50085,2020-10-18T13:28:40.628Z,2020-10-18T13:28:40.628Z,5816774506,4415006546,25.0,327090284,,2,Võ Văn Kiệt,primary
50086,2020-10-18T13:28:40.629Z,2020-10-18T13:28:40.629Z,4415006546,4415006545,33.0,327090284,,2,Võ Văn Kiệt,primary
50087,2020-10-18T13:28:40.631Z,2020-10-18T13:28:40.631Z,4415006545,4618427498,38.0,327090284,,2,Võ Văn Kiệt,primary
50088,2020-10-18T13:28:40.633Z,2020-10-18T13:28:40.633Z,4618427498,5816774536,13.0,327090284,,2,Võ Văn Kiệt,primary
50089,2020-10-18T13:28:40.635Z,2020-10-18T13:28:40.635Z,5816774536,4415006543,21.0,327090284,,2,Võ Văn Kiệt,primary
50090,2020-10-18T13:28:40.636Z,2020-10-18T13:28:40.636Z,4415006543,4415006542,90.0,327090284,,2,Võ Văn Kiệt,primary
50091,2020-10-18T13:28:40.638Z,2020-10-18T13:28:40.638Z,4415006542,5813867356,18.0,327090284,,2,Võ Văn Kiệt,primary
50092,2020-10-18T13:28:40.640Z,2020-10-18T13:28:40.640Z,5813867356,4415006538,33.0,327090284,,2,Võ Văn Kiệt,primary
50093,2020-10-18T13:28:40.643Z,2020-10-18T13:28:40.643Z,4415006538,4415006540,15.0,327090284,,2,Võ Văn Kiệt,primary
50094,2020-10-18T13:28:40.648Z,2020-10-18T13:28:40.648Z,4415006540,4618427497,16.0,327090284,,2,Võ Văn Kiệt,primary
50095,2020-10-18T13:28:40.651Z,2020-10-18T13:28:40.651Z,4618427497,4618427496,33.0,327090284,,2,Võ Văn Kiệt,primary
50096,2020-10-18T13:28:40.655Z,2020-10-18T13:28:40.655Z,4618427496,4415006541,15.0,327090284,,2,Võ Văn Kiệt,primary
50097,2020-10-18T13:28:40.658Z,2020-10-18T13:28:40.658Z,4415006541,4415006539,15.0,327090284,,2,Võ Văn Kiệt,primary
50098,2020-10-18T13:28:40.661Z,2020-10-18T13:28:40.661Z,4415006539,4618427495,15.0,327090284,,2,Võ Văn Kiệt,primary
50099,2020-10-18T13:28:40.664Z,2020-10-18T13:28:40.664Z,4618427495,4618427494,13.0,327090284,,2,Võ Văn Kiệt,primary
50100,2020-10-18T13:28:40.675Z,2020-10-18T13:28:40.675Z,4618427494,4618427493,17.0,327090284,,2,Võ Văn Kiệt,primary
50101,2020-10-18T13:28:40.678Z,2020-10-18T13:28:40.678Z,4618427493,4109567455,20.0,327090284,,2,Võ Văn Kiệt,primary
50102,2020-10-18T13:28:40.680Z,2020-10-18T13:28:40.680Z,4109567455,1996655730,21.0,327090284,,2,Võ Văn Kiệt,primary
50103,2020-10-18T13:28:40.682Z,2020-10-18T13:28:40.682Z,1996654028,5814168789,0.0,327090285,,3,Võ Văn Kiệt,primary_link
50119,2020-10-18T13:28:40.684Z,2020-10-18T13:28:40.684Z,5814168789,3338020117,13.437265559316291,327090285,,3,Võ Văn Kiệt,primary_link
84663,2020-10-18T13:28:40.684Z,2020-10-18T13:28:40.684Z,3338020117,3338020115,11.562734440683709,327090285,,3,Võ Văn Kiệt,primary_link
50105,2020-10-18T13:28:40.686Z,2020-10-18T13:28:40.686Z,3338020115,5814168771,6.0,327090285,,3,Võ Văn Kiệt,primary_link
50106,2020-10-18T13:28:40.688Z,2020-10-18T13:28:40.688Z,5814168771,3338020112,3.0,327090285,,3,Võ Văn Kiệt,primary_link
50107,2020-10-18T13:28:40.690Z,2020-10-18T13:28:40.690Z,3338020112,3338020110,4.0,327090285,,3,Võ Văn Kiệt,primary_link
50108,2020-10-18T13:28:40.692Z,2020-10-18T13:28:40.692Z,3338020110,3338020109,2.0,327090285,,3,Võ Văn Kiệt,primary_link
50109,2020-10-18T13:28:40.694Z,2020-10-18T13:28:40.694Z,3338020109,3338020106,7.0,327090285,,3,Võ Văn Kiệt,primary_link
50110,2020-10-18T13:28:40.696Z,2020-10-18T13:28:40.696Z,3338020106,3338020105,5.0,327090285,,3,Võ Văn Kiệt,primary_link
50111,2020-10-18T13:28:40.698Z,2021-04-04T16:34:04.667Z,3338020327,3338020317,40.0,327090291,,3,Đường Võ Văn Kiệt,primary_link
50112,2020-10-18T13:28:40.700Z,2021-04-04T16:34:05.982Z,3338020317,3338020314,8.0,327090291,,3,Đường Võ Văn Kiệt,primary_link
50113,2020-10-18T13:28:40.702Z,2021-04-04T16:34:09.264Z,3338020342,3338020341,10.0,327090292,,2,Đường Võ Văn Kiệt,primary
50114,2020-10-18T13:28:40.704Z,2021-04-04T16:34:12.128Z,3338020341,3338020340,7.0,327090292,,2,Đường Võ Văn Kiệt,primary
50115,2020-10-18T13:28:40.706Z,2021-04-04T16:34:13.467Z,3338020340,3338020339,8.0,327090292,,2,Đường Võ Văn Kiệt,primary
50116,2020-10-18T13:28:40.708Z,2021-04-04T16:34:14.808Z,3338020339,3338020338,5.0,327090292,,2,Đường Võ Văn Kiệt,primary
50117,2020-10-18T13:28:40.710Z,2021-04-04T16:34:16.141Z,3338020338,1996654022,8.0,327090292,,2,Đường Võ Văn Kiệt,primary
50146,2020-10-18T13:28:40.750Z,2020-10-18T13:28:40.750Z,5762610087,5762610053,3.0764992392645363,327097630,,4,Cao Thắng,tertiary
84664,2020-10-18T13:28:40.750Z,2020-10-18T13:28:40.750Z,5762610053,5762610088,9.923500760735463,327097630,,4,Cao Thắng,tertiary
50147,2020-10-18T13:28:40.752Z,2020-10-18T13:28:40.752Z,5762610088,5762610053,9.923500760735463,327097630,,4,Cao Thắng,tertiary
84665,2020-10-18T13:28:40.752Z,2020-10-18T13:28:40.752Z,5762610053,5762610087,3.0764992392645363,327097630,,4,Cao Thắng,tertiary
50144,2020-10-18T13:28:40.753Z,2020-10-18T13:28:40.753Z,5762610088,2364060002,10.0,327097630,,4,Cao Thắng,tertiary
50145,2020-10-18T13:28:40.755Z,2020-10-18T13:28:40.755Z,2364060002,5762610088,10.0,327097630,,4,Cao Thắng,tertiary
50209,2020-10-18T13:28:40.903Z,2020-10-18T13:28:40.903Z,2364059999,2498091942,58.0,327097636,,2,Nguyễn Thị Minh Khai,primary
50210,2020-10-18T13:28:40.905Z,2020-10-18T13:28:40.905Z,2498091942,5762610072,15.0,327097636,,2,Nguyễn Thị Minh Khai,primary
50224,2020-10-18T13:28:40.925Z,2020-10-18T13:28:40.925Z,4666227463,4608887950,2.0,327097648,,3,vòng xoay Thái Bình,secondary
50225,2020-10-18T13:28:40.927Z,2020-10-18T13:28:40.927Z,4608887950,4608887951,2.0,327097648,,3,vòng xoay Thái Bình,secondary
50226,2020-10-18T13:28:40.931Z,2020-10-18T13:28:40.931Z,4608887951,4666227464,2.0,327097648,,3,vòng xoay Thái Bình,secondary
50227,2020-10-18T13:28:40.933Z,2020-10-18T13:28:40.933Z,4666227464,5464084933,3.0,327097648,,3,vòng xoay Thái Bình,secondary
50228,2020-10-18T13:28:40.936Z,2020-10-18T13:28:40.936Z,5464084933,5464084934,3.0,327097648,,3,vòng xoay Thái Bình,secondary
50229,2020-10-18T13:28:40.939Z,2020-10-18T13:28:40.939Z,5464084934,4666227465,3.0,327097648,,3,vòng xoay Thái Bình,secondary
50230,2020-10-18T13:28:40.941Z,2020-10-18T13:28:40.941Z,4666227465,3338165671,3.0,327097648,,3,vòng xoay Thái Bình,secondary
50231,2020-10-18T13:28:40.943Z,2020-10-18T13:28:40.943Z,3338165671,4608881458,3.0,327097648,,3,vòng xoay Thái Bình,secondary
50232,2020-10-18T13:28:40.946Z,2020-10-18T13:28:40.946Z,4608881458,4666227460,3.0,327097648,,3,vòng xoay Thái Bình,secondary
50233,2020-10-18T13:28:40.947Z,2020-10-18T13:28:40.947Z,4666227460,4666227461,3.0,327097648,,3,vòng xoay Thái Bình,secondary
50234,2020-10-18T13:28:40.949Z,2020-10-18T13:28:40.949Z,4666227461,3338165680,3.0,327097648,,3,vòng xoay Thái Bình,secondary
50235,2020-10-18T13:28:40.951Z,2020-10-18T13:28:40.951Z,3338165680,5464084931,3.0,327097648,,3,vòng xoay Thái Bình,secondary
50236,2020-10-18T13:28:40.952Z,2020-10-18T13:28:40.952Z,5464084931,3338165682,1.0,327097648,,3,vòng xoay Thái Bình,secondary
50237,2020-10-18T13:28:40.954Z,2020-10-18T13:28:40.954Z,3338165682,2935020237,1.0,327097648,,3,vòng xoay Thái Bình,secondary
50238,2020-10-18T13:28:40.955Z,2020-10-18T13:28:40.955Z,2935020237,4666227468,1.0,327097648,,3,vòng xoay Thái Bình,secondary
50239,2020-10-18T13:28:40.957Z,2020-10-18T13:28:40.957Z,4666227468,3338165691,1.0,327097648,,3,vòng xoay Thái Bình,secondary
50240,2020-10-18T13:28:40.959Z,2020-10-18T13:28:40.959Z,3338165691,5464084932,1.0,327097648,,3,vòng xoay Thái Bình,secondary
50241,2020-10-18T13:28:40.961Z,2020-10-18T13:28:40.961Z,5464084932,4608877607,2.0,327097648,,3,vòng xoay Thái Bình,secondary
50242,2020-10-18T13:28:40.962Z,2020-10-18T13:28:40.962Z,4608877607,3338165894,2.0,327097648,,3,vòng xoay Thái Bình,secondary
50243,2020-10-18T13:28:40.964Z,2020-10-18T13:28:40.964Z,3338165894,4666236714,2.0,327097648,,3,vòng xoay Thái Bình,secondary
50244,2020-10-18T13:28:40.966Z,2020-10-18T13:28:40.966Z,4666236714,3338165893,2.0,327097648,,3,vòng xoay Thái Bình,secondary
50245,2020-10-18T13:28:40.968Z,2020-10-18T13:28:40.968Z,3338165893,4614001608,2.0,327097648,,3,vòng xoay Thái Bình,secondary
50246,2020-10-18T13:28:40.970Z,2020-10-18T13:28:40.970Z,4614001608,4666227462,2.0,327097648,,3,vòng xoay Thái Bình,secondary
50247,2020-10-18T13:28:40.972Z,2020-10-18T13:28:40.972Z,4666227462,4666227463,2.0,327097648,,3,vòng xoay Thái Bình,secondary
50248,2020-10-18T13:28:40.974Z,2020-10-18T13:28:40.974Z,5764817340,411922729,39.0,327097661,,2,Ðiện Biên Phủ,primary
50249,2020-10-18T13:28:40.975Z,2020-10-18T13:28:40.975Z,411922729,5764869372,28.0,327097661,,2,Ðiện Biên Phủ,primary
50250,2020-10-18T13:28:40.977Z,2020-10-18T13:28:40.977Z,5764869372,5764817341,6.0,327097661,,2,Ðiện Biên Phủ,primary
50251,2020-10-18T13:28:40.979Z,2020-10-18T13:28:40.979Z,5764817341,3462932165,7.0,327097661,,2,Ðiện Biên Phủ,primary
50252,2020-10-18T13:28:40.980Z,2020-10-18T13:28:40.980Z,3462932165,3116339945,13.0,327097661,,2,Ðiện Biên Phủ,primary
50253,2020-10-18T13:28:40.982Z,2020-10-18T13:28:40.982Z,3116339945,411922186,11.0,327097661,,2,Ðiện Biên Phủ,primary
50254,2020-10-18T13:28:40.983Z,2020-10-18T13:28:40.983Z,411922186,5764817342,31.0,327097661,,2,Ðiện Biên Phủ,primary
50255,2020-10-18T13:28:40.994Z,2020-10-18T13:28:40.994Z,5764817342,5764817343,38.0,327097661,,2,Ðiện Biên Phủ,primary
50256,2020-10-18T13:28:40.998Z,2020-10-18T13:28:40.998Z,5764817343,5764817344,3.0,327097661,,2,Ðiện Biên Phủ,primary
50257,2020-10-18T13:28:41.000Z,2020-10-18T13:28:41.000Z,5764817344,5764817345,28.0,327097661,,2,Ðiện Biên Phủ,primary
50258,2020-10-18T13:28:41.005Z,2020-10-18T13:28:41.005Z,5764817345,5764817346,20.0,327097661,,2,Ðiện Biên Phủ,primary
50259,2020-10-18T13:28:41.007Z,2020-10-18T13:28:41.007Z,5764817346,411923871,3.0,327097661,,2,Ðiện Biên Phủ,primary
50260,2020-10-18T13:28:41.008Z,2020-10-18T13:28:41.008Z,411923871,5764817347,21.0,327097661,,2,Ðiện Biên Phủ,primary
50261,2020-10-18T13:28:41.009Z,2020-10-18T13:28:41.009Z,5764817347,411925485,15.0,327097661,,2,Ðiện Biên Phủ,primary
50262,2020-10-18T13:28:41.011Z,2020-10-18T13:28:41.011Z,411925485,411921112,13.0,327097661,,2,Ðiện Biên Phủ,primary
50263,2020-10-18T13:28:41.012Z,2020-10-18T13:28:41.012Z,411921112,5059499368,17.0,327097661,,2,Ðiện Biên Phủ,primary
50264,2020-10-18T13:28:41.014Z,2020-10-18T13:28:41.014Z,5059499368,5059499372,6.0,327097661,,2,Ðiện Biên Phủ,primary
50265,2020-10-18T13:28:41.015Z,2020-10-18T13:28:41.015Z,5059499372,3462940809,8.0,327097661,,2,Ðiện Biên Phủ,primary
50266,2020-10-18T13:28:41.016Z,2020-10-18T13:28:41.016Z,3462940809,5764817348,30.0,327097661,,2,Ðiện Biên Phủ,primary
50267,2020-10-18T13:28:41.018Z,2020-10-18T13:28:41.018Z,5764817348,5764817349,7.0,327097662,,2,Ðiện Biên Phủ,primary
50268,2020-10-18T13:28:41.020Z,2020-10-18T13:28:41.020Z,5764817349,5764817350,64.0,327097662,,2,Ðiện Biên Phủ,primary
50269,2020-10-18T13:28:41.021Z,2020-10-18T13:28:41.021Z,5764817350,5764817351,11.0,327097662,,2,Ðiện Biên Phủ,primary
50270,2020-10-18T13:28:41.023Z,2020-10-18T13:28:41.023Z,5764817351,5764817352,7.0,327097662,,2,Ðiện Biên Phủ,primary
50271,2020-10-18T13:28:41.024Z,2020-10-18T13:28:41.024Z,5764817352,5764818653,11.0,327097662,,2,Ðiện Biên Phủ,primary
50272,2020-10-18T13:28:41.025Z,2020-10-18T13:28:41.025Z,5764818653,5764818654,9.0,327097662,,2,Ðiện Biên Phủ,primary
50273,2020-10-18T13:28:41.027Z,2020-10-18T13:28:41.027Z,5764818654,5764818655,36.0,327097662,,2,Ðiện Biên Phủ,primary
50274,2020-10-18T13:28:41.028Z,2020-10-18T13:28:41.028Z,5764818655,5764818656,22.0,327097662,,2,Ðiện Biên Phủ,primary
50275,2020-10-18T13:28:41.029Z,2020-10-18T13:28:41.029Z,5764818656,5764789633,22.0,327097662,,2,Ðiện Biên Phủ,primary
50276,2020-10-18T13:28:41.031Z,2020-10-18T13:28:41.031Z,5764789633,5764789634,47.0,327097662,,2,Ðiện Biên Phủ,primary
50277,2020-10-18T13:28:41.032Z,2020-10-18T13:28:41.032Z,5764789634,5764789635,39.0,327097662,,2,Ðiện Biên Phủ,primary
50278,2020-10-18T13:28:41.034Z,2020-10-18T13:28:41.034Z,5764789635,5764789636,20.0,327097662,,2,Ðiện Biên Phủ,primary
50279,2020-10-18T13:28:41.036Z,2020-10-18T13:28:41.036Z,5764789636,5764789637,24.0,327097662,,2,Ðiện Biên Phủ,primary
50280,2020-10-18T13:28:41.038Z,2020-10-18T13:28:41.038Z,5764789637,5764789638,33.0,327097662,,2,Ðiện Biên Phủ,primary
50281,2020-10-18T13:28:41.040Z,2020-10-18T13:28:41.040Z,5764789638,5764789639,52.0,327097662,,2,Ðiện Biên Phủ,primary
50282,2020-10-18T13:28:41.042Z,2020-10-18T13:28:41.042Z,5764789639,5764789640,66.0,327097662,,2,Ðiện Biên Phủ,primary
50283,2020-10-18T13:28:41.044Z,2020-10-18T13:28:41.044Z,5764789640,5764789641,10.0,327097662,,2,Ðiện Biên Phủ,primary
50284,2020-10-18T13:28:41.045Z,2020-10-18T13:28:41.045Z,5764789641,5764789642,13.0,327097662,,2,Ðiện Biên Phủ,primary
50285,2020-10-18T13:28:41.047Z,2020-10-18T13:28:41.047Z,5764789642,5764789646,7.0,327097662,,2,Ðiện Biên Phủ,primary
50286,2020-10-18T13:28:41.049Z,2020-10-18T13:28:41.049Z,5764789646,411921105,18.0,327097662,,2,Ðiện Biên Phủ,primary
50287,2020-10-18T13:28:41.050Z,2020-10-18T13:28:41.050Z,411921105,5764789645,11.0,327097662,,2,Ðiện Biên Phủ,primary
50288,2020-10-18T13:28:41.052Z,2020-10-18T13:28:41.052Z,5764789645,4605582026,11.0,327097662,,2,Ðiện Biên Phủ,primary
50289,2020-10-18T13:28:41.053Z,2021-04-04T16:34:17.479Z,366419521,2433276963,10.0,327181426,,4,Đường Cao Thắng,tertiary
50290,2020-10-18T13:28:41.055Z,2021-04-04T16:34:19.243Z,2433276963,366419521,10.0,327181426,,4,Đường 3 Tháng 2,tertiary
50291,2020-10-18T13:28:41.056Z,2020-10-18T13:28:41.056Z,2364060002,3339100849,7.0,327181427,,4,Cao Thắng,tertiary
50292,2020-10-18T13:28:41.058Z,2020-10-18T13:28:41.058Z,3339100849,2364060002,7.0,327181427,,4,Cao Thắng,tertiary
50293,2020-10-18T13:28:41.059Z,2020-10-18T13:28:41.059Z,3339100849,3339100851,12.0,327181427,,4,Cao Thắng,tertiary
50294,2020-10-18T13:28:41.061Z,2020-10-18T13:28:41.061Z,3339100851,3339100849,12.0,327181427,,4,Cao Thắng,tertiary
50295,2020-10-18T13:28:41.064Z,2020-10-18T13:28:41.064Z,3339100851,5762610097,32.0,327181427,,4,Cao Thắng,tertiary
50296,2020-10-18T13:28:41.067Z,2020-10-18T13:28:41.067Z,5762610097,3339100851,32.0,327181427,,4,Cao Thắng,tertiary
50297,2020-10-18T13:28:41.069Z,2020-10-18T13:28:41.069Z,5762610097,4607247007,45.0,327181427,,4,Cao Thắng,tertiary
50298,2020-10-18T13:28:41.071Z,2020-10-18T13:28:41.071Z,4607247007,5762610097,45.0,327181427,,4,Cao Thắng,tertiary
50299,2020-10-18T13:28:41.073Z,2020-10-18T13:28:41.073Z,4607247007,5762610093,5.0,327181427,,4,Cao Thắng,tertiary
50300,2020-10-18T13:28:41.074Z,2020-10-18T13:28:41.074Z,5762610093,4607247007,5.0,327181427,,4,Cao Thắng,tertiary
50301,2020-10-18T13:28:41.075Z,2020-10-18T13:28:41.075Z,5762610093,5762610096,1.0,327181427,,4,Cao Thắng,tertiary
50302,2020-10-18T13:28:41.077Z,2020-10-18T13:28:41.077Z,5762610096,5762610093,1.0,327181427,,4,Cao Thắng,tertiary
50303,2020-10-18T13:28:41.079Z,2020-10-18T13:28:41.079Z,5762610096,411926469,41.0,327181427,,4,Cao Thắng,tertiary
50304,2020-10-18T13:28:41.080Z,2020-10-18T13:28:41.080Z,411926469,5762610096,41.0,327181427,,4,Cao Thắng,tertiary
50305,2020-10-18T13:28:41.082Z,2020-10-18T13:28:41.082Z,411926469,5762610095,30.0,327181427,,4,Cao Thắng,tertiary
50306,2020-10-18T13:28:41.083Z,2020-10-18T13:28:41.083Z,5762610095,411926469,30.0,327181427,,4,Cao Thắng,tertiary
50307,2020-10-18T13:28:41.085Z,2020-10-18T13:28:41.085Z,5762610095,411924811,79.0,327181427,,4,Cao Thắng,tertiary
50308,2020-10-18T13:28:41.088Z,2020-10-18T13:28:41.088Z,411924811,5762610095,79.0,327181427,,4,Cao Thắng,tertiary
50309,2020-10-18T13:28:41.090Z,2020-10-18T13:28:41.090Z,411924811,411922516,2.0,327181427,,4,Cao Thắng,tertiary
50310,2020-10-18T13:28:41.092Z,2020-10-18T13:28:41.092Z,411922516,411924811,2.0,327181427,,4,Cao Thắng,tertiary
50311,2020-10-18T13:28:41.094Z,2020-10-18T13:28:41.094Z,411922516,5762610091,20.0,327181427,,4,Cao Thắng,tertiary
50312,2020-10-18T13:28:41.096Z,2020-10-18T13:28:41.096Z,5762610091,411922516,20.0,327181427,,4,Cao Thắng,tertiary
50313,2020-10-18T13:28:41.097Z,2020-10-18T13:28:41.097Z,5762610091,5762610094,33.0,327181427,,4,Cao Thắng,tertiary
50314,2020-10-18T13:28:41.099Z,2020-10-18T13:28:41.099Z,5762610094,5762610091,33.0,327181427,,4,Cao Thắng,tertiary
50315,2020-10-18T13:28:41.100Z,2020-10-18T13:28:41.100Z,5762610094,411920657,43.0,327181427,,4,Cao Thắng,tertiary
50316,2020-10-18T13:28:41.102Z,2020-10-18T13:28:41.102Z,411920657,5762610094,43.0,327181427,,4,Cao Thắng,tertiary
50317,2020-10-18T13:28:41.103Z,2020-10-18T13:28:41.103Z,411920657,411918630,16.0,327181427,,4,Cao Thắng,tertiary
50318,2020-10-18T13:28:41.105Z,2020-10-18T13:28:41.105Z,411918630,411920657,16.0,327181427,,4,Cao Thắng,tertiary
50319,2020-10-18T13:28:41.108Z,2020-10-18T13:28:41.108Z,411918630,411924642,27.0,327181427,,4,Cao Thắng,tertiary
50320,2020-10-18T13:28:41.110Z,2020-10-18T13:28:41.110Z,411924642,411918630,27.0,327181427,,4,Cao Thắng,tertiary
50321,2020-10-18T13:28:41.111Z,2020-10-18T13:28:41.111Z,411924642,411925487,8.0,327181427,,4,Cao Thắng,tertiary
50322,2020-10-18T13:28:41.113Z,2020-10-18T13:28:41.113Z,411925487,411924642,8.0,327181427,,4,Cao Thắng,tertiary
50323,2020-10-18T13:28:41.114Z,2020-10-18T13:28:41.114Z,411925487,5764778952,6.0,327181427,,4,Cao Thắng,tertiary
50324,2020-10-18T13:28:41.116Z,2020-10-18T13:28:41.116Z,5764778952,411925487,6.0,327181427,,4,Cao Thắng,tertiary
50325,2020-10-18T13:28:41.118Z,2020-10-18T13:28:41.118Z,5764778952,411918475,66.0,327181427,,4,Cao Thắng,tertiary
50326,2020-10-18T13:28:41.140Z,2020-10-18T13:28:41.140Z,411918475,5764778952,66.0,327181427,,4,Cao Thắng,tertiary
50327,2020-10-18T13:28:41.144Z,2020-10-18T13:28:41.144Z,3338165688,4603797315,70.0,327181428,,4,Cống Quỳnh,tertiary
50328,2020-10-18T13:28:41.146Z,2020-10-18T13:28:41.146Z,4603797315,3338165688,70.0,327181428,,4,Cống Quỳnh,tertiary
50329,2020-10-18T13:28:41.149Z,2020-10-18T13:28:41.149Z,4603797315,5762726884,28.0,327181428,,4,Cống Quỳnh,tertiary
50330,2020-10-18T13:28:41.153Z,2020-10-18T13:28:41.153Z,5762726884,4603797315,28.0,327181428,,4,Cống Quỳnh,tertiary
50331,2020-10-18T13:28:41.156Z,2020-10-18T13:28:41.156Z,5762726884,5762711578,55.0,327181428,,4,Cống Quỳnh,tertiary
50332,2020-10-18T13:28:41.159Z,2020-10-18T13:28:41.159Z,5762711578,5762726884,55.0,327181428,,4,Cống Quỳnh,tertiary
50333,2020-10-18T13:28:41.178Z,2020-10-18T13:28:41.178Z,5762711578,5762711577,53.0,327181428,,4,Cống Quỳnh,tertiary
50334,2020-10-18T13:28:41.183Z,2020-10-18T13:28:41.183Z,5762711577,5762711578,53.0,327181428,,4,Cống Quỳnh,tertiary
50335,2020-10-18T13:28:41.186Z,2020-10-18T13:28:41.186Z,5762711577,5762726869,23.0,327181428,,4,Cống Quỳnh,tertiary
50336,2020-10-18T13:28:41.189Z,2020-10-18T13:28:41.189Z,5762726869,5762711577,23.0,327181428,,4,Cống Quỳnh,tertiary
50337,2020-10-18T13:28:41.191Z,2020-10-18T13:28:41.191Z,5762726869,4607399412,36.0,327181428,,4,Cống Quỳnh,tertiary
50338,2020-10-18T13:28:41.193Z,2020-10-18T13:28:41.193Z,4607399412,5762726869,36.0,327181428,,4,Cống Quỳnh,tertiary
50339,2020-10-18T13:28:41.195Z,2020-10-18T13:28:41.195Z,4607399412,5762711576,34.0,327181428,,4,Cống Quỳnh,tertiary
50340,2020-10-18T13:28:41.198Z,2020-10-18T13:28:41.198Z,5762711576,4607399412,34.0,327181428,,4,Cống Quỳnh,tertiary
50341,2020-10-18T13:28:41.200Z,2020-10-18T13:28:41.200Z,5762711576,2691192014,58.0,327181428,,4,Cống Quỳnh,tertiary
50342,2020-10-18T13:28:41.202Z,2020-10-18T13:28:41.202Z,2691192014,5762711576,58.0,327181428,,4,Cống Quỳnh,tertiary
50343,2020-10-18T13:28:41.204Z,2020-10-18T13:28:41.204Z,2691192014,4603586522,36.0,327181428,,4,Cống Quỳnh,tertiary
50344,2020-10-18T13:28:41.206Z,2020-10-18T13:28:41.206Z,4603586522,2691192014,36.0,327181428,,4,Cống Quỳnh,tertiary
50345,2020-10-18T13:28:41.207Z,2020-10-18T13:28:41.207Z,4603586522,5762610087,13.0,327181428,,4,Cống Quỳnh,tertiary
50346,2020-10-18T13:28:41.209Z,2020-10-18T13:28:41.209Z,5762610087,4603586522,13.0,327181428,,4,Cống Quỳnh,tertiary
50379,2020-10-18T13:28:41.285Z,2020-10-18T13:28:41.285Z,5758114505,411922615,25.0,327181433,,4,Nguyễn Ðình Chiểu,tertiary
50380,2020-10-18T13:28:41.286Z,2020-10-18T13:28:41.286Z,411922615,5758114506,24.0,327181433,,4,Nguyễn Ðình Chiểu,tertiary
50381,2020-10-18T13:28:41.289Z,2020-10-18T13:28:41.289Z,5758114506,5758114507,23.0,327181433,,4,Nguyễn Ðình Chiểu,tertiary
50382,2020-10-18T13:28:41.291Z,2020-10-18T13:28:41.291Z,5758114507,5758114508,24.0,327181433,,4,Nguyễn Ðình Chiểu,tertiary
50383,2020-10-18T13:28:41.293Z,2020-10-18T13:28:41.293Z,5758114508,5758114509,25.0,327181433,,4,Nguyễn Ðình Chiểu,tertiary
50384,2020-10-18T13:28:41.295Z,2020-10-18T13:28:41.295Z,5758114509,3164261850,10.0,327181433,,4,Nguyễn Ðình Chiểu,tertiary
50385,2020-10-18T13:28:41.297Z,2020-10-18T13:28:41.297Z,3164261850,5758114510,27.0,327181433,,4,Nguyễn Ðình Chiểu,tertiary
50386,2020-10-18T13:28:41.298Z,2020-10-18T13:28:41.298Z,5758114510,5758114511,9.0,327181433,,4,Nguyễn Ðình Chiểu,tertiary
50387,2020-10-18T13:28:41.300Z,2020-10-18T13:28:41.300Z,5758114511,5758114512,12.0,327181433,,4,Nguyễn Ðình Chiểu,tertiary
50388,2020-10-18T13:28:41.302Z,2020-10-18T13:28:41.302Z,5758114512,5758114513,36.0,327181433,,4,Nguyễn Ðình Chiểu,tertiary
50389,2020-10-18T13:28:41.303Z,2020-10-18T13:28:41.303Z,5764869373,4605752816,106.0,327181434,,4,Nguyễn Ðình Chiểu,tertiary
50390,2020-10-18T13:28:41.305Z,2020-10-18T13:28:41.305Z,4605752816,3164261851,11.0,327181434,,4,Nguyễn Ðình Chiểu,tertiary
50391,2020-10-18T13:28:41.306Z,2020-10-18T13:28:41.306Z,3164261851,5778872996,15.0,327181434,,4,Nguyễn Ðình Chiểu,tertiary
50392,2020-10-18T13:28:41.308Z,2020-10-18T13:28:41.308Z,5778872996,4605752800,22.0,327181434,,4,Nguyễn Ðình Chiểu,tertiary
50393,2020-10-18T13:28:41.309Z,2020-10-18T13:28:41.309Z,4605752800,5758114505,32.0,327181434,,4,Nguyễn Ðình Chiểu,tertiary
50394,2020-10-18T13:28:41.311Z,2020-10-18T13:28:41.311Z,2364060002,2364060010,270.0,327181435,,2,Nguyễn Thị Minh Khai,primary
50395,2020-10-18T13:28:41.313Z,2020-10-18T13:28:41.313Z,2364060010,3160583014,10.0,327181435,,2,Nguyễn Thị Minh Khai,primary
50396,2020-10-18T13:28:41.315Z,2020-10-18T13:28:41.315Z,3160583014,2364060005,14.0,327181435,,2,Nguyễn Thị Minh Khai,primary
50397,2020-10-18T13:28:41.318Z,2020-10-18T13:28:41.318Z,2364060005,2364059999,31.0,327181435,,2,Nguyễn Thị Minh Khai,primary
51495,2020-10-18T13:28:43.883Z,2020-10-18T13:28:43.883Z,366446521,3116339942,84.0,330374257,,4,Lê Hồng Phong,tertiary
51496,2020-10-18T13:28:43.884Z,2020-10-18T13:28:43.884Z,3116339942,366446521,84.0,330374257,,4,Lê Hồng Phong,tertiary
51497,2020-10-18T13:28:43.886Z,2020-10-18T13:28:43.886Z,3116339942,5794883969,29.0,330374257,,4,Lê Hồng Phong,tertiary
51498,2020-10-18T13:28:43.888Z,2020-10-18T13:28:43.888Z,5794883969,3116339942,29.0,330374257,,4,Lê Hồng Phong,tertiary
51499,2020-10-18T13:28:43.890Z,2020-10-18T13:28:43.890Z,5794883969,5794913339,11.0,330374257,,4,Lê Hồng Phong,tertiary
51500,2020-10-18T13:28:43.891Z,2020-10-18T13:28:43.891Z,5794913339,5794883969,11.0,330374257,,4,Lê Hồng Phong,tertiary
51501,2020-10-18T13:28:43.894Z,2020-10-18T13:28:43.894Z,5794913339,366400249,76.0,330374257,,4,Lê Hồng Phong,tertiary
51502,2020-10-18T13:28:43.896Z,2020-10-18T13:28:43.896Z,366400249,5794913339,76.0,330374257,,4,Lê Hồng Phong,tertiary
51503,2020-10-18T13:28:43.897Z,2020-10-18T13:28:43.897Z,366400249,366466647,186.0,330374257,,4,Lê Hồng Phong,tertiary
51504,2020-10-18T13:28:43.899Z,2020-10-18T13:28:43.899Z,366466647,366400249,186.0,330374257,,4,Lê Hồng Phong,tertiary
51538,2020-10-18T13:28:43.971Z,2020-10-18T13:28:43.971Z,4614030565,5045757172,47.0,330374271,,3,Ngô Gia Tự,secondary
51539,2020-10-18T13:28:43.972Z,2020-10-18T13:28:43.972Z,5045757172,4614030565,47.0,330374271,,3,Ngô Gia Tự,secondary
51540,2020-10-18T13:28:43.974Z,2020-10-18T13:28:43.974Z,5045757172,5045756810,65.0,330374271,,3,Ngô Gia Tự,secondary
51541,2020-10-18T13:28:43.975Z,2020-10-18T13:28:43.975Z,5045756810,5045757172,65.0,330374271,,3,Ngô Gia Tự,secondary
51542,2020-10-18T13:28:43.977Z,2020-10-18T13:28:43.977Z,5045756810,5045757166,19.0,330374271,,3,Ngô Gia Tự,secondary
51543,2020-10-18T13:28:43.979Z,2020-10-18T13:28:43.979Z,5045757166,5045756810,19.0,330374271,,3,Ngô Gia Tự,secondary
51544,2020-10-18T13:28:43.981Z,2020-10-18T13:28:43.981Z,5045757166,5045757162,79.0,330374271,,3,Ngô Gia Tự,secondary
51545,2020-10-18T13:28:43.983Z,2020-10-18T13:28:43.983Z,5045757162,5045757166,79.0,330374271,,3,Ngô Gia Tự,secondary
51546,2020-10-18T13:28:43.984Z,2020-10-18T13:28:43.984Z,5045757162,5045756805,36.0,330374271,,3,Ngô Gia Tự,secondary
51547,2020-10-18T13:28:43.986Z,2020-10-18T13:28:43.986Z,5045756805,5045757162,36.0,330374271,,3,Ngô Gia Tự,secondary
51548,2020-10-18T13:28:43.987Z,2020-10-18T13:28:43.987Z,5045756805,4621862964,72.0,330374271,,3,Ngô Gia Tự,secondary
51549,2020-10-18T13:28:43.988Z,2020-10-18T13:28:43.988Z,4621862964,5045756805,72.0,330374271,,3,Ngô Gia Tự,secondary
51550,2020-10-18T13:28:43.990Z,2020-10-18T13:28:43.990Z,4621862964,5045757093,74.0,330374271,,3,Ngô Gia Tự,secondary
51551,2020-10-18T13:28:43.991Z,2020-10-18T13:28:43.991Z,5045757093,4621862964,74.0,330374271,,3,Ngô Gia Tự,secondary
51552,2020-10-18T13:28:43.993Z,2020-10-18T13:28:43.993Z,5045757093,5045757076,31.0,330374271,,3,Ngô Gia Tự,secondary
51553,2020-10-18T13:28:43.994Z,2020-10-18T13:28:43.994Z,5045757076,5045757093,31.0,330374271,,3,Ngô Gia Tự,secondary
51554,2020-10-18T13:28:43.996Z,2020-10-18T13:28:43.996Z,5045757076,5045757053,31.0,330374271,,3,Ngô Gia Tự,secondary
51555,2020-10-18T13:28:43.998Z,2020-10-18T13:28:43.998Z,5045757053,5045757076,31.0,330374271,,3,Ngô Gia Tự,secondary
51556,2020-10-18T13:28:43.999Z,2020-10-18T13:28:43.999Z,5045757053,5050082260,11.0,330374271,,3,Ngô Gia Tự,secondary
51557,2020-10-18T13:28:44.004Z,2020-10-18T13:28:44.004Z,5050082260,5045757053,11.0,330374271,,3,Ngô Gia Tự,secondary
51558,2020-10-18T13:28:44.006Z,2020-10-18T13:28:44.006Z,5050082260,5050082259,8.0,330374271,,3,Ngô Gia Tự,secondary
51559,2020-10-18T13:28:44.008Z,2020-10-18T13:28:44.008Z,5050082259,5050082260,8.0,330374271,,3,Ngô Gia Tự,secondary
51560,2020-10-18T13:28:44.010Z,2020-10-18T13:28:44.010Z,5050082259,5045757043,49.0,330374271,,3,Ngô Gia Tự,secondary
51561,2020-10-18T13:28:44.011Z,2020-10-18T13:28:44.011Z,5045757043,5050082259,49.0,330374271,,3,Ngô Gia Tự,secondary
51562,2020-10-18T13:28:44.013Z,2020-10-18T13:28:44.013Z,5045757043,5045757038,19.0,330374271,,3,Ngô Gia Tự,secondary
51563,2020-10-18T13:28:44.014Z,2020-10-18T13:28:44.014Z,5045757038,5045757043,19.0,330374271,,3,Ngô Gia Tự,secondary
51564,2020-10-18T13:28:44.016Z,2020-10-18T13:28:44.016Z,5045757038,366450098,90.0,330374271,,3,Ngô Gia Tự,secondary
51565,2020-10-18T13:28:44.018Z,2020-10-18T13:28:44.018Z,366450098,5045757038,90.0,330374271,,3,Ngô Gia Tự,secondary
51606,2020-10-18T13:28:44.107Z,2020-10-18T13:28:44.107Z,2300363358,4616143770,31.0,330374295,,2,Trần Phú,primary
51607,2020-10-18T13:28:44.109Z,2020-10-18T13:28:44.109Z,4616143770,5805637469,83.0,330374295,,2,Trần Phú,primary
51608,2020-10-18T13:28:44.110Z,2020-10-18T13:28:44.110Z,5805637469,5805637470,59.0,330374295,,2,Trần Phú,primary
51609,2020-10-18T13:28:44.112Z,2020-10-18T13:28:44.112Z,5805637470,366429715,35.0,330374295,,2,Trần Phú,primary
51610,2020-10-18T13:28:44.114Z,2020-10-18T13:28:44.114Z,366429715,5794771156,4.0,330374295,,2,Trần Phú,primary
51611,2020-10-18T13:28:44.115Z,2020-10-18T13:28:44.115Z,5794771156,5794883960,83.0,330374295,,2,Trần Phú,primary
51612,2020-10-18T13:28:44.118Z,2020-10-18T13:28:44.118Z,5794883960,5805637459,11.0,330374295,,2,Trần Phú,primary
51613,2020-10-18T13:28:44.120Z,2020-10-18T13:28:44.120Z,5805637459,5805831221,56.0,330374295,,2,Trần Phú,primary
51614,2020-10-18T13:28:44.122Z,2020-10-18T13:28:44.122Z,5805831221,366400249,95.0,330374295,,2,Trần Phú,primary
51615,2020-10-18T13:28:44.124Z,2020-10-18T13:28:44.124Z,366400249,5794913350,81.0,330374295,,2,Trần Phú,primary
51616,2020-10-18T13:28:44.126Z,2020-10-18T13:28:44.126Z,5794913350,5794913320,23.0,330374295,,2,Trần Phú,primary
51617,2020-10-18T13:28:44.127Z,2020-10-18T13:28:44.127Z,5794913320,5794913309,38.0,330374295,,2,Trần Phú,primary
51618,2020-10-18T13:28:44.129Z,2020-10-18T13:28:44.129Z,5794913309,5794913304,41.0,330374295,,2,Trần Phú,primary
51619,2020-10-18T13:28:44.131Z,2020-10-18T13:28:44.131Z,5794913304,5794913328,84.0,330374295,,2,Trần Phú,primary
51620,2020-10-18T13:28:44.133Z,2020-10-18T13:28:44.133Z,5794913328,366418906,51.0,330374295,,2,Trần Phú,primary
51621,2020-10-18T13:28:44.135Z,2020-10-18T13:28:44.135Z,366418906,3185762981,79.0,330374295,,2,Trần Phú,primary
51622,2020-10-18T13:28:44.137Z,2020-10-18T13:28:44.137Z,3185762981,634134021,311.0,330374295,,2,Trần Phú,primary
51646,2020-10-18T13:28:44.194Z,2020-10-18T13:28:44.194Z,411925922,3116310152,88.0,330378022,,4,Bà Huyện Thanh Quan,tertiary
51647,2020-10-18T13:28:44.196Z,2020-10-18T13:28:44.196Z,3116310152,411925923,62.0,330378022,,4,Bà Huyện Thanh Quan,tertiary
51648,2020-10-18T13:28:44.198Z,2020-10-18T13:28:44.198Z,366446521,5794854820,49.0,330378025,,2,Hùng Vương,primary
51649,2020-10-18T13:28:44.200Z,2020-10-18T13:28:44.200Z,5794854820,5794854819,13.0,330378025,,2,Hùng Vương,primary
51650,2020-10-18T13:28:44.201Z,2020-10-18T13:28:44.201Z,5794854819,5794854821,8.0,330378025,,2,Hùng Vương,primary
51651,2020-10-18T13:28:44.202Z,2020-10-18T13:28:44.202Z,5794854821,5794883987,63.0,330378025,,2,Hùng Vương,primary
51652,2020-10-18T13:28:44.204Z,2020-10-18T13:28:44.204Z,5794883987,5794771159,46.0,330378025,,2,Hùng Vương,primary
51653,2020-10-18T13:28:44.205Z,2020-10-18T13:28:44.205Z,5794771159,5788927095,32.0,330378025,,2,Hùng Vương,primary
51654,2020-10-18T13:28:44.207Z,2020-10-18T13:28:44.207Z,5788927095,5794854831,7.0,330378025,,2,Hùng Vương,primary
51655,2020-10-18T13:28:44.208Z,2020-10-18T13:28:44.208Z,5794854831,5794884014,87.0,330378025,,2,Hùng Vương,primary
51656,2020-10-18T13:28:44.210Z,2020-10-18T13:28:44.210Z,5794884014,3185778720,4.0,330378025,,2,Hùng Vương,primary
51657,2020-10-18T13:28:44.212Z,2020-10-18T13:28:44.212Z,3185778720,366454289,101.0,330378025,,2,Hùng Vương,primary
51658,2020-10-18T13:28:44.214Z,2020-10-18T13:28:44.214Z,366454289,1997154257,107.0,330378025,,2,Hùng Vương,primary
51659,2020-10-18T13:28:44.216Z,2020-10-18T13:28:44.216Z,1997154257,1997154284,82.0,330378025,,2,Hùng Vương,primary
51660,2020-10-18T13:28:44.218Z,2020-10-18T13:28:44.218Z,1997154284,366479267,57.0,330378025,,2,Hùng Vương,primary
51661,2020-10-18T13:28:44.220Z,2020-10-18T13:28:44.220Z,366479267,3185778721,96.0,330378025,,2,Hùng Vương,primary
51662,2020-10-18T13:28:44.221Z,2020-10-18T13:28:44.221Z,3185778721,5803536170,41.0,330378025,,2,Hùng Vương,primary
51663,2020-10-18T13:28:44.223Z,2020-10-18T13:28:44.223Z,5803536170,4621941574,7.0,330378025,,2,Hùng Vương,primary
51664,2020-10-18T13:28:44.225Z,2020-10-18T13:28:44.225Z,4621941574,4620532888,109.0,330378025,,2,Hùng Vương,primary
51665,2020-10-18T13:28:44.235Z,2020-10-18T13:28:44.235Z,4620532888,4620534189,11.0,330378025,,2,Hùng Vương,primary
51678,2020-10-18T13:28:44.264Z,2020-10-18T13:28:44.264Z,411925922,3744246112,44.0,330378032,,4,Võ Văn Tần,tertiary
51679,2020-10-18T13:28:44.266Z,2020-10-18T13:28:44.266Z,3744246112,5763263830,85.0,330378032,,4,Võ Văn Tần,tertiary
51680,2020-10-18T13:28:44.267Z,2020-10-18T13:28:44.267Z,5763263830,5763269259,43.0,330378032,,4,Võ Văn Tần,tertiary
51681,2020-10-18T13:28:44.269Z,2020-10-18T13:28:44.269Z,5763269259,5763263841,2.0,330378032,,4,Võ Văn Tần,tertiary
51682,2020-10-18T13:28:44.271Z,2020-10-18T13:28:44.271Z,5763263841,411926551,44.0,330378032,,4,Võ Văn Tần,tertiary
51704,2020-10-18T13:28:44.318Z,2020-10-18T13:28:44.318Z,366462922,2289923629,15.0,330532278,,3,An Dương Vương,secondary
51705,2020-10-18T13:28:44.320Z,2020-10-18T13:28:44.320Z,2289923629,366462922,15.0,330532278,,3,An Dương Vương,secondary
52037,2020-10-18T13:28:45.026Z,2020-10-18T13:28:45.026Z,4620534189,4620515990,97.0,330532314,,2,Hùng Vương,primary
52038,2020-10-18T13:28:45.028Z,2020-10-18T13:28:45.028Z,4620515990,3185778722,40.0,330532314,,2,Hùng Vương,primary
52039,2020-10-18T13:28:45.030Z,2020-10-18T13:28:45.030Z,3185778722,2934292885,35.0,330532314,,2,Hùng Vương,primary
52040,2020-10-18T13:28:45.032Z,2020-10-18T13:28:45.032Z,2934292885,1996654472,78.0,330532314,,2,Hùng Vương,primary
52041,2020-10-18T13:28:45.033Z,2020-10-18T13:28:45.033Z,1996654472,4646989208,91.0,330532314,,2,Hùng Vương,primary
52042,2020-10-18T13:28:45.035Z,2020-10-18T13:28:45.035Z,4646989208,5802993762,6.0,330532314,,2,Hùng Vương,primary
52043,2020-10-18T13:28:45.036Z,2020-10-18T13:28:45.036Z,5802993762,4616051263,8.0,330532314,,2,Hùng Vương,primary
52060,2020-10-18T13:28:45.084Z,2020-10-18T13:28:45.084Z,4631057700,4631390893,5.0,330532328,,2,Nguyễn Tri Phương,primary
52061,2020-10-18T13:28:45.086Z,2020-10-18T13:28:45.086Z,4631390893,5805637521,40.0,330532328,,2,Nguyễn Tri Phương,primary
52062,2020-10-18T13:28:45.088Z,2020-10-18T13:28:45.088Z,5805637521,3116315718,1.0,330532328,,2,Nguyễn Tri Phương,primary
52063,2020-10-18T13:28:45.090Z,2020-10-18T13:28:45.090Z,3116315718,4620515588,29.0,330532328,,2,Nguyễn Tri Phương,primary
52064,2020-10-18T13:28:45.093Z,2020-10-18T13:28:45.093Z,4620515588,4620532888,26.0,330532328,,2,Nguyễn Tri Phương,primary
52065,2020-10-18T13:28:45.094Z,2020-10-18T13:28:45.094Z,4620532888,4620515992,62.0,330532328,,2,Nguyễn Tri Phương,primary
52066,2020-10-18T13:28:45.096Z,2020-10-18T13:28:45.096Z,4620515992,4620515991,85.0,330532328,,2,Nguyễn Tri Phương,primary
52067,2020-10-18T13:28:45.097Z,2020-10-18T13:28:45.097Z,4620515991,3150110711,30.0,330532328,,2,Nguyễn Tri Phương,primary
52068,2020-10-18T13:28:45.099Z,2020-10-18T13:28:45.099Z,3150110711,734894515,59.0,330532328,,2,Nguyễn Tri Phương,primary
52069,2020-10-18T13:28:45.100Z,2020-10-18T13:28:45.100Z,366462922,411922222,20.0,330532332,,2,Nguyễn Văn Cừ,primary
52070,2020-10-18T13:28:45.101Z,2020-10-18T13:28:45.101Z,411922222,3171506752,109.0,330532332,,2,Nguyễn Văn Cừ,primary
52071,2020-10-18T13:28:45.103Z,2020-10-18T13:28:45.103Z,3171506752,366467217,72.0,330532332,,2,Nguyễn Văn Cừ,primary
52072,2020-10-18T13:28:45.106Z,2020-10-18T13:28:45.106Z,366467217,2289923634,181.0,330532332,,2,Nguyễn Văn Cừ,primary
52073,2020-10-18T13:28:45.108Z,2020-10-18T13:28:45.108Z,2289923634,3171506754,53.0,330532332,,2,Nguyễn Văn Cừ,primary
52074,2020-10-18T13:28:45.110Z,2020-10-18T13:28:45.110Z,3171506754,5806004398,14.0,330532332,,2,Nguyễn Văn Cừ,primary
52075,2020-10-18T13:28:45.114Z,2020-10-18T13:28:45.114Z,5806004398,2364089053,109.0,330532332,,2,Nguyễn Văn Cừ,primary
52076,2020-10-18T13:28:45.115Z,2020-10-18T13:28:45.115Z,2289923629,5795001569,85.0,330532335,,2,Nguyễn Văn Cừ,primary
52077,2020-10-18T13:28:45.117Z,2020-10-18T13:28:45.117Z,5795001569,3150775230,15.0,330532335,,2,Nguyễn Văn Cừ,primary
52078,2020-10-18T13:28:45.120Z,2020-10-18T13:28:45.120Z,3150775230,2469697624,21.0,330532335,,2,Nguyễn Văn Cừ,primary
52079,2020-10-18T13:28:45.123Z,2020-10-18T13:28:45.123Z,2469697624,2469697626,80.0,330532335,,2,Nguyễn Văn Cừ,primary
52080,2020-10-18T13:28:45.124Z,2020-10-18T13:28:45.124Z,2469697626,2935020197,74.0,330532335,,2,Nguyễn Văn Cừ,primary
52081,2020-10-18T13:28:45.126Z,2020-10-18T13:28:45.126Z,2935020197,5780783992,82.0,330532335,,2,Nguyễn Văn Cừ,primary
52082,2020-10-18T13:28:45.127Z,2020-10-18T13:28:45.127Z,5780783992,3150775229,40.0,330532335,,2,Nguyễn Văn Cừ,primary
52083,2020-10-18T13:28:45.129Z,2020-10-18T13:28:45.129Z,3150775229,5780784040,26.0,330532335,,2,Nguyễn Văn Cừ,primary
52084,2020-10-18T13:28:45.131Z,2020-10-18T13:28:45.131Z,5780784040,5780758078,45.0,330532335,,2,Nguyễn Văn Cừ,primary
52085,2020-10-18T13:28:45.132Z,2020-10-18T13:28:45.132Z,5780758078,634134026,7.0,330532335,,2,Nguyễn Văn Cừ,primary
52933,2020-10-18T13:28:47.089Z,2020-10-18T13:28:47.089Z,2305201711,3171491268,50.0,330654853,,2,Hoàng Diệu,primary
52934,2020-10-18T13:28:47.092Z,2020-10-18T13:28:47.092Z,3171491268,5772092724,23.0,330654853,,2,Hoàng Diệu,primary
52935,2020-10-18T13:28:47.094Z,2020-10-18T13:28:47.094Z,5772092724,5772092726,11.0,330654853,,2,Hoàng Diệu,primary
52936,2020-10-18T13:28:47.096Z,2020-10-18T13:28:47.096Z,5772092726,366381001,101.0,330654853,,2,Hoàng Diệu,primary
52937,2020-10-18T13:28:47.098Z,2020-10-18T13:28:47.098Z,366381001,1779408046,47.0,330654853,,2,Hoàng Diệu,primary
52955,2020-10-18T13:28:47.146Z,2020-10-18T13:28:47.146Z,2305201712,2305201706,11.0,330654855,,2,Hoàng Diệu,primary
52956,2020-10-18T13:28:47.148Z,2020-10-18T13:28:47.148Z,2305201706,2032267118,85.0,330654857,,2,Hoàng Diệu,primary
52957,2020-10-18T13:28:47.151Z,2020-10-18T13:28:47.151Z,2032267118,2034589267,0.0,330654857,,2,Hoàng Diệu,primary
52958,2020-10-18T13:28:47.155Z,2020-10-18T13:28:47.155Z,2034589267,2034589283,109.0,330654857,,2,Hoàng Diệu,primary
52959,2020-10-18T13:28:47.158Z,2020-10-18T13:28:47.158Z,2034589283,2032267508,0.0,330654857,,2,Hoàng Diệu,primary
52960,2020-10-18T13:28:47.161Z,2020-10-18T13:28:47.161Z,2032267508,5772746287,26.0,330654857,,2,Hoàng Diệu,primary
52961,2020-10-18T13:28:47.164Z,2020-10-18T13:28:47.164Z,5772746287,5772502922,26.0,330654857,,2,Hoàng Diệu,primary
52962,2020-10-18T13:28:47.166Z,2020-10-18T13:28:47.166Z,5772502922,5772502924,0.0,330654857,,2,Hoàng Diệu,primary
52963,2020-10-18T13:28:47.169Z,2020-10-18T13:28:47.169Z,5772502924,2032267337,5.0,330654857,,2,Hoàng Diệu,primary
52964,2020-10-18T13:28:47.172Z,2020-10-18T13:28:47.172Z,2032267337,5772502925,8.0,330654860,,2,Khánh Hội,primary
52965,2020-10-18T13:28:47.174Z,2020-10-18T13:28:47.174Z,366445426,2027772997,49.0,330654862,,4,Tôn Thất Thuyết,tertiary
52966,2020-10-18T13:28:47.176Z,2020-10-18T13:28:47.176Z,2027772997,366445426,49.0,330654862,,4,Tôn Thất Thuyết,tertiary
52967,2020-10-18T13:28:47.179Z,2020-10-18T13:28:47.179Z,2027772997,2027772753,86.0,330654862,,4,Tôn Thất Thuyết,tertiary
52968,2020-10-18T13:28:47.181Z,2020-10-18T13:28:47.181Z,2027772753,2027772997,86.0,330654862,,4,Tôn Thất Thuyết,tertiary
52969,2020-10-18T13:28:47.184Z,2020-10-18T13:28:47.184Z,2027772753,366433810,33.0,330654862,,4,Tôn Thất Thuyết,tertiary
52970,2020-10-18T13:28:47.186Z,2020-10-18T13:28:47.186Z,366433810,2027772753,33.0,330654862,,4,Tôn Thất Thuyết,tertiary
52971,2020-10-18T13:28:47.189Z,2020-10-18T13:28:47.189Z,366433810,2027772752,68.0,330654862,,4,Tôn Thất Thuyết,tertiary
52972,2020-10-18T13:28:47.192Z,2020-10-18T13:28:47.192Z,2027772752,366433810,68.0,330654862,,4,Tôn Thất Thuyết,tertiary
52973,2020-10-18T13:28:47.194Z,2020-10-18T13:28:47.194Z,2027772752,2027773608,35.0,330654862,,4,Tôn Thất Thuyết,tertiary
52974,2020-10-18T13:28:47.197Z,2020-10-18T13:28:47.197Z,2027773608,2027772752,35.0,330654862,,4,Tôn Thất Thuyết,tertiary
52975,2020-10-18T13:28:47.199Z,2020-10-18T13:28:47.199Z,2027773608,366448238,10.0,330654862,,4,Tôn Thất Thuyết,tertiary
52976,2020-10-18T13:28:47.202Z,2020-10-18T13:28:47.202Z,366448238,2027773608,10.0,330654862,,4,Tôn Thất Thuyết,tertiary
52977,2020-10-18T13:28:47.205Z,2020-10-18T13:28:47.205Z,366448238,2027773129,42.0,330654862,,4,Tôn Thất Thuyết,tertiary
52978,2020-10-18T13:28:47.208Z,2020-10-18T13:28:47.208Z,2027773129,366448238,42.0,330654862,,4,Tôn Thất Thuyết,tertiary
52979,2020-10-18T13:28:47.211Z,2020-10-18T13:28:47.211Z,2027773129,2027772750,23.0,330654862,,4,Tôn Thất Thuyết,tertiary
52980,2020-10-18T13:28:47.213Z,2020-10-18T13:28:47.213Z,2027772750,2027773129,23.0,330654862,,4,Tôn Thất Thuyết,tertiary
52981,2020-10-18T13:28:47.216Z,2020-10-18T13:28:47.216Z,2027772750,2027772618,56.0,330654862,,4,Tôn Thất Thuyết,tertiary
52982,2020-10-18T13:28:47.219Z,2020-10-18T13:28:47.219Z,2027772618,2027772750,56.0,330654862,,4,Tôn Thất Thuyết,tertiary
52983,2020-10-18T13:28:47.222Z,2020-10-18T13:28:47.222Z,2027772618,2293409284,45.0,330654862,,4,Tôn Thất Thuyết,tertiary
52984,2020-10-18T13:28:47.225Z,2020-10-18T13:28:47.225Z,2293409284,2027772618,45.0,330654862,,4,Tôn Thất Thuyết,tertiary
54281,2020-10-18T13:28:50.268Z,2020-10-18T13:28:50.268Z,411920662,411920533,75.0,339106354,,4,Bàn Cờ,unclassified
54282,2020-10-18T13:28:50.269Z,2020-10-18T13:28:50.269Z,411920533,411920662,75.0,339106354,,4,Bàn Cờ,unclassified
54283,2020-10-18T13:28:50.271Z,2020-10-18T13:28:50.271Z,411920533,411925696,43.0,339106354,,4,Bàn Cờ,unclassified
54284,2020-10-18T13:28:50.273Z,2020-10-18T13:28:50.273Z,411925696,411920533,43.0,339106354,,4,Bàn Cờ,unclassified
54285,2020-10-18T13:28:50.274Z,2020-10-18T13:28:50.274Z,411925696,411925695,13.0,339106354,,4,Bàn Cờ,unclassified
54286,2020-10-18T13:28:50.277Z,2020-10-18T13:28:50.277Z,411925695,411925696,13.0,339106354,,4,Bàn Cờ,unclassified
54287,2020-10-18T13:28:50.280Z,2020-10-18T13:28:50.280Z,411925695,411920389,21.0,339106354,,4,Bàn Cờ,unclassified
54288,2020-10-18T13:28:50.283Z,2020-10-18T13:28:50.283Z,411920389,411925695,21.0,339106354,,4,Bàn Cờ,unclassified
54289,2020-10-18T13:28:50.286Z,2020-10-18T13:28:50.286Z,411920389,411925823,33.0,339106354,,4,Bàn Cờ,unclassified
54290,2020-10-18T13:28:50.289Z,2020-10-18T13:28:50.289Z,411925823,411920389,33.0,339106354,,4,Bàn Cờ,unclassified
54291,2020-10-18T13:28:50.290Z,2020-10-18T13:28:50.290Z,411925823,411920816,39.0,339106354,,4,Bàn Cờ,unclassified
54292,2020-10-18T13:28:50.293Z,2020-10-18T13:28:50.293Z,411920816,411925823,39.0,339106354,,4,Bàn Cờ,unclassified
54293,2020-10-18T13:28:50.296Z,2020-10-18T13:28:50.296Z,411920816,411923278,64.0,339106354,,4,Bàn Cờ,unclassified
54294,2020-10-18T13:28:50.298Z,2020-10-18T13:28:50.298Z,411923278,411920816,64.0,339106354,,4,Bàn Cờ,unclassified
54295,2020-10-18T13:28:50.301Z,2020-10-18T13:28:50.301Z,411923278,411921941,30.0,339106354,,4,Bàn Cờ,unclassified
54296,2020-10-18T13:28:50.303Z,2020-10-18T13:28:50.303Z,411921941,411923278,30.0,339106354,,4,Bàn Cờ,unclassified
54297,2020-10-18T13:28:50.306Z,2020-10-18T13:28:50.306Z,411921941,411924296,37.0,339106354,,4,Bàn Cờ,unclassified
54298,2020-10-18T13:28:50.308Z,2020-10-18T13:28:50.308Z,411924296,411921941,37.0,339106354,,4,Bàn Cờ,unclassified
54299,2020-10-18T13:28:50.311Z,2020-10-18T13:28:50.311Z,411924296,411921961,23.0,339106354,,4,Bàn Cờ,unclassified
54300,2020-10-18T13:28:50.313Z,2020-10-18T13:28:50.313Z,411921961,411924296,23.0,339106354,,4,Bàn Cờ,unclassified
54301,2020-10-18T13:28:50.315Z,2020-10-18T13:28:50.315Z,411921961,5764817345,43.0,339106354,,4,Bàn Cờ,unclassified
54302,2020-10-18T13:28:50.316Z,2020-10-18T13:28:50.316Z,5764817345,411921961,43.0,339106354,,4,Bàn Cờ,unclassified
55692,2020-10-18T13:28:53.758Z,2020-10-18T13:28:53.758Z,5772101018,2300361543,49.0,366094561,,4,Bà Huyện Thanh Quan,tertiary
55693,2020-10-18T13:28:53.761Z,2020-10-18T13:28:53.761Z,2300361543,411918088,47.0,366094561,,4,Bà Huyện Thanh Quan,tertiary
55694,2020-10-18T13:28:53.765Z,2020-10-18T13:28:53.765Z,411918088,5778212581,5.0,366094561,,4,Bà Huyện Thanh Quan,tertiary
55695,2020-10-18T13:28:53.768Z,2020-10-18T13:28:53.768Z,5778212581,411926675,77.0,366094561,,4,Bà Huyện Thanh Quan,tertiary
55696,2020-10-18T13:28:53.770Z,2020-10-18T13:28:53.770Z,411926675,411926679,111.0,366094561,,4,Bà Huyện Thanh Quan,tertiary
55697,2020-10-18T13:28:53.773Z,2020-10-18T13:28:53.773Z,411926679,5778300404,39.0,366094561,,4,Bà Huyện Thanh Quan,tertiary
55698,2020-10-18T13:28:53.777Z,2020-10-18T13:28:53.777Z,5778300404,411917834,83.0,366094561,,4,Bà Huyện Thanh Quan,tertiary
55699,2020-10-18T13:28:53.781Z,2020-10-18T13:28:53.781Z,411917834,411917833,29.0,366094561,,4,Bà Huyện Thanh Quan,tertiary
55700,2020-10-18T13:28:53.784Z,2020-10-18T13:28:53.784Z,411917833,411917832,39.0,366094561,,4,Bà Huyện Thanh Quan,tertiary
55701,2020-10-18T13:28:53.787Z,2020-10-18T13:28:53.787Z,411917832,4013900152,55.0,366094561,,4,Bà Huyện Thanh Quan,tertiary
55702,2020-10-18T13:28:53.791Z,2020-10-18T13:28:53.791Z,4013900152,5778300422,46.0,366094561,,4,Bà Huyện Thanh Quan,tertiary
55703,2020-10-18T13:28:53.795Z,2020-10-18T13:28:53.795Z,5778300422,5778300433,60.0,366094561,,4,Bà Huyện Thanh Quan,tertiary
55704,2020-10-18T13:28:53.798Z,2020-10-18T13:28:53.798Z,5778300433,411926144,9.0,366094561,,4,Bà Huyện Thanh Quan,tertiary
55705,2020-10-18T13:28:53.801Z,2020-10-18T13:28:53.801Z,411926144,411926143,59.0,366094561,,4,Bà Huyện Thanh Quan,tertiary
55706,2020-10-18T13:28:53.805Z,2020-10-18T13:28:53.805Z,411926143,411926609,55.0,366094561,,4,Bà Huyện Thanh Quan,tertiary
56414,2020-10-18T13:28:55.579Z,2021-04-04T15:33:00.628Z,5758114513,5758114514,5.0,373417336,,4,Đường Lý Thái Tổ,tertiary
56415,2020-10-18T13:28:55.582Z,2021-04-04T15:32:57.951Z,5758114514,5758114513,5.0,373417336,,4,Đường Lý Thái Tổ,tertiary
56416,2020-10-18T13:28:55.584Z,2021-04-04T15:32:55.921Z,5758114514,3768905105,4.0,373417336,,4,Đường Lý Thái Tổ,tertiary
56417,2020-10-18T13:28:55.585Z,2021-04-04T15:32:54.692Z,3768905105,5758114514,4.0,373417336,,4,Đường Lý Thái Tổ,tertiary
56806,2020-10-18T13:28:56.630Z,2020-10-18T13:28:56.630Z,411919184,4461965539,118.0,398640457,,4,Bà Huyện Thanh Quan,tertiary
56807,2020-10-18T13:28:56.631Z,2020-10-18T13:28:56.631Z,4461965539,411919185,19.0,398640457,,4,Bà Huyện Thanh Quan,tertiary
56808,2020-10-18T13:28:56.633Z,2020-10-18T13:28:56.633Z,411919185,411918124,69.0,398640457,,4,Bà Huyện Thanh Quan,tertiary
56809,2020-10-18T13:28:56.634Z,2020-10-18T13:28:56.634Z,411918124,5772101018,81.0,398640457,,4,Bà Huyện Thanh Quan,tertiary
57848,2020-10-18T13:28:59.052Z,2020-10-18T13:28:59.052Z,746617465,1768376037,26.0,408164429,,4,Tân Vĩnh,unclassified
57849,2020-10-18T13:28:59.054Z,2020-10-18T13:28:59.054Z,1768376037,746617465,26.0,408164429,,4,Tân Vĩnh,unclassified
57850,2020-10-18T13:28:59.055Z,2020-10-18T13:28:59.055Z,1768376037,1768376030,26.0,408164429,,4,Tân Vĩnh,unclassified
57851,2020-10-18T13:28:59.057Z,2020-10-18T13:28:59.057Z,1768376030,1768376037,26.0,408164429,,4,Tân Vĩnh,unclassified
57852,2020-10-18T13:28:59.059Z,2020-10-18T13:28:59.059Z,1768376030,1768376039,23.0,408164429,,4,Tân Vĩnh,unclassified
57853,2020-10-18T13:28:59.062Z,2020-10-18T13:28:59.062Z,1768376039,1768376030,23.0,408164429,,4,Tân Vĩnh,unclassified
57854,2020-10-18T13:28:59.063Z,2020-10-18T13:28:59.063Z,1768376039,5778272138,39.0,408164429,,4,Tân Vĩnh,unclassified
57855,2020-10-18T13:28:59.064Z,2020-10-18T13:28:59.064Z,5778272138,1768376039,39.0,408164429,,4,Tân Vĩnh,unclassified
57856,2020-10-18T13:28:59.066Z,2020-10-18T13:28:59.066Z,5778272138,706286177,4.0,408164429,,4,Tân Vĩnh,unclassified
57857,2020-10-18T13:28:59.067Z,2020-10-18T13:28:59.067Z,706286177,5778272138,4.0,408164429,,4,Tân Vĩnh,unclassified
57858,2020-10-18T13:28:59.069Z,2020-10-18T13:28:59.069Z,706286177,1768404060,48.0,408164429,,4,Tân Vĩnh,unclassified
57859,2020-10-18T13:28:59.070Z,2020-10-18T13:28:59.070Z,1768404060,706286177,48.0,408164429,,4,Tân Vĩnh,unclassified
57860,2020-10-18T13:28:59.072Z,2020-10-18T13:28:59.072Z,1768404060,1778816531,28.0,408164429,,4,Tân Vĩnh,unclassified
57861,2020-10-18T13:28:59.075Z,2020-10-18T13:28:59.075Z,1778816531,1768404060,28.0,408164429,,4,Tân Vĩnh,unclassified
57862,2020-10-18T13:28:59.077Z,2020-10-18T13:28:59.077Z,1778816531,1768404176,52.0,408164429,,4,Tân Vĩnh,unclassified
57863,2020-10-18T13:28:59.079Z,2020-10-18T13:28:59.079Z,1768404176,1778816531,52.0,408164429,,4,Tân Vĩnh,unclassified
57864,2020-10-18T13:28:59.081Z,2020-10-18T13:28:59.081Z,1768404176,746617459,36.0,408164429,,4,Tân Vĩnh,unclassified
57865,2020-10-18T13:28:59.082Z,2020-10-18T13:28:59.082Z,746617459,1768404176,36.0,408164429,,4,Tân Vĩnh,unclassified
57866,2020-10-18T13:28:59.083Z,2020-10-18T13:28:59.083Z,746617459,2027772764,25.0,408164429,,4,Tân Vĩnh,unclassified
57867,2020-10-18T13:28:59.085Z,2020-10-18T13:28:59.085Z,2027772764,746617459,25.0,408164429,,4,Tân Vĩnh,unclassified
57868,2020-10-18T13:28:59.087Z,2020-10-18T13:28:59.087Z,2027772764,1767235000,27.0,408164429,,4,Tân Vĩnh,unclassified
57869,2020-10-18T13:28:59.089Z,2020-10-18T13:28:59.089Z,1767235000,2027772764,27.0,408164429,,4,Tân Vĩnh,unclassified
57892,2020-10-18T13:28:59.140Z,2020-10-18T13:28:59.140Z,2027773127,5778272124,36.0,408165316,,4,Đường 10A,unclassified
57893,2020-10-18T13:28:59.142Z,2020-10-18T13:28:59.142Z,5778272124,2027773127,36.0,408165316,,4,Đường 10A,unclassified
57894,2020-10-18T13:28:59.144Z,2020-10-18T13:28:59.144Z,5778272124,1768404194,3.0,408165316,,4,Đường 10A,unclassified
57895,2020-10-18T13:28:59.146Z,2020-10-18T13:28:59.146Z,1768404194,5778272124,3.0,408165316,,4,Đường 10A,unclassified
57896,2020-10-18T13:28:59.148Z,2020-10-18T13:28:59.148Z,411918475,1784329627,24.0,408166703,,4,Cao Thắng,tertiary
57897,2020-10-18T13:28:59.151Z,2020-10-18T13:28:59.151Z,1784329627,411918475,24.0,408166703,,4,Cao Thắng,tertiary
57898,2020-10-18T13:28:59.152Z,2020-10-18T13:28:59.152Z,1784329627,3164261855,12.0,408166703,,4,Cao Thắng,tertiary
57899,2020-10-18T13:28:59.154Z,2020-10-18T13:28:59.154Z,3164261855,1784329627,12.0,408166703,,4,Cao Thắng,tertiary
57900,2020-10-18T13:28:59.155Z,2020-10-18T13:28:59.155Z,3164261855,411925572,21.0,408166703,,4,Cao Thắng,tertiary
57901,2020-10-18T13:28:59.157Z,2020-10-18T13:28:59.157Z,411925572,3164261855,21.0,408166703,,4,Cao Thắng,tertiary
57902,2020-10-18T13:28:59.158Z,2020-10-18T13:28:59.158Z,411925572,411925590,23.0,408166703,,4,Cao Thắng,tertiary
57903,2020-10-18T13:28:59.160Z,2020-10-18T13:28:59.160Z,411925590,411925572,23.0,408166703,,4,Cao Thắng,tertiary
57904,2020-10-18T13:28:59.162Z,2020-10-18T13:28:59.162Z,411925590,411921223,23.0,408166703,,4,Cao Thắng,tertiary
57905,2020-10-18T13:28:59.164Z,2020-10-18T13:28:59.164Z,411921223,411925590,23.0,408166703,,4,Cao Thắng,tertiary
57906,2020-10-18T13:28:59.167Z,2020-10-18T13:28:59.167Z,411921223,411921218,23.0,408166703,,4,Cao Thắng,tertiary
57907,2020-10-18T13:28:59.169Z,2020-10-18T13:28:59.169Z,411921218,411921223,23.0,408166703,,4,Cao Thắng,tertiary
57908,2020-10-18T13:28:59.172Z,2020-10-18T13:28:59.172Z,411921218,411918638,31.0,408166703,,4,Cao Thắng,tertiary
57909,2020-10-18T13:28:59.173Z,2020-10-18T13:28:59.173Z,411918638,411921218,31.0,408166703,,4,Cao Thắng,tertiary
57910,2020-10-18T13:28:59.175Z,2020-10-18T13:28:59.175Z,411918638,411918482,42.0,408166703,,4,Cao Thắng,tertiary
57911,2020-10-18T13:28:59.176Z,2020-10-18T13:28:59.176Z,411918482,411918638,42.0,408166703,,4,Cao Thắng,tertiary
57912,2020-10-18T13:28:59.178Z,2020-10-18T13:28:59.178Z,411918482,411918655,55.0,408166703,,4,Cao Thắng,tertiary
57913,2020-10-18T13:28:59.179Z,2020-10-18T13:28:59.179Z,411918655,411918482,55.0,408166703,,4,Cao Thắng,tertiary
57914,2020-10-18T13:28:59.181Z,2020-10-18T13:28:59.181Z,411918655,5764817348,23.0,408166703,,4,Cao Thắng,tertiary
57915,2020-10-18T13:28:59.183Z,2020-10-18T13:28:59.183Z,5764817348,411918655,23.0,408166703,,4,Cao Thắng,tertiary
58015,2020-10-18T13:28:59.418Z,2020-10-18T13:28:59.418Z,411926011,411926428,71.0,408200597,,2,Cách Mạng Tháng Tám,primary
58016,2020-10-18T13:28:59.420Z,2020-10-18T13:28:59.420Z,411926428,3250474561,76.0,408200597,,2,Cách Mạng Tháng Tám,primary
58017,2020-10-18T13:28:59.422Z,2020-10-18T13:28:59.422Z,3250474561,3164258337,59.0,408200597,,2,Cách Mạng Tháng Tám,primary
58018,2020-10-18T13:28:59.424Z,2020-10-18T13:28:59.424Z,3164258337,2520636461,35.0,408200597,,2,Cách Mạng Tháng Tám,primary
58019,2020-10-18T13:28:59.426Z,2020-10-18T13:28:59.426Z,2520636461,411926439,21.0,408200597,,2,Cách Mạng Tháng Tám,primary
58020,2020-10-18T13:28:59.427Z,2020-10-18T13:28:59.427Z,411926439,411926405,109.0,408200597,,2,Cách Mạng Tháng Tám,primary
58021,2020-10-18T13:28:59.429Z,2020-10-18T13:28:59.429Z,411926405,3164258339,65.0,408200597,,2,Cách Mạng Tháng Tám,primary
58022,2020-10-18T13:28:59.432Z,2020-10-18T13:28:59.432Z,3164258339,4879876939,38.0,408200597,,2,Cách Mạng Tháng Tám,primary
58023,2020-10-18T13:28:59.434Z,2020-10-18T13:28:59.434Z,4879876939,411919210,16.0,408200597,,2,Cách Mạng Tháng Tám,primary
58368,2020-10-18T13:29:00.397Z,2020-10-18T13:29:00.397Z,5788957692,5780574592,50.0,408239458,,4,Ngô Quyền,tertiary
58369,2020-10-18T13:29:00.399Z,2020-10-18T13:29:00.399Z,5780574592,5788957692,50.0,408239458,,4,Ngô Quyền,tertiary
58370,2020-10-18T13:29:00.402Z,2020-10-18T13:29:00.402Z,5780574592,5780574591,45.0,408239458,,4,Ngô Quyền,tertiary
58371,2020-10-18T13:29:00.404Z,2020-10-18T13:29:00.404Z,5780574591,5780574592,45.0,408239458,,4,Ngô Quyền,tertiary
58372,2020-10-18T13:29:00.407Z,2020-10-18T13:29:00.407Z,5780574591,5803394837,50.0,408239458,,4,Ngô Quyền,tertiary
58373,2020-10-18T13:29:00.408Z,2020-10-18T13:29:00.408Z,5803394837,5780574591,50.0,408239458,,4,Ngô Quyền,tertiary
58374,2020-10-18T13:29:00.410Z,2020-10-18T13:29:00.410Z,5803394837,5803395579,17.0,408239458,,4,Ngô Quyền,tertiary
58375,2020-10-18T13:29:00.412Z,2020-10-18T13:29:00.412Z,5803395579,5803394837,17.0,408239458,,4,Ngô Quyền,tertiary
58376,2020-10-18T13:29:00.413Z,2020-10-18T13:29:00.413Z,5803395579,5803394848,46.0,408239458,,4,Ngô Quyền,tertiary
58377,2020-10-18T13:29:00.415Z,2020-10-18T13:29:00.415Z,5803394848,5803395579,46.0,408239458,,4,Ngô Quyền,tertiary
58378,2020-10-18T13:29:00.417Z,2020-10-18T13:29:00.417Z,5803394848,5803394815,31.0,408239458,,4,Ngô Quyền,tertiary
58379,2020-10-18T13:29:00.420Z,2020-10-18T13:29:00.420Z,5803394815,5803394848,31.0,408239458,,4,Ngô Quyền,tertiary
58380,2020-10-18T13:29:00.423Z,2020-10-18T13:29:00.423Z,5803394815,5803394840,34.0,408239458,,4,Ngô Quyền,tertiary
58381,2020-10-18T13:29:00.425Z,2020-10-18T13:29:00.425Z,5803394840,5803394815,34.0,408239458,,4,Ngô Quyền,tertiary
58382,2020-10-18T13:29:00.428Z,2020-10-18T13:29:00.428Z,5803394840,5803395557,118.0,408239458,,4,Ngô Quyền,tertiary
58383,2020-10-18T13:29:00.430Z,2020-10-18T13:29:00.430Z,5803395557,5803394840,118.0,408239458,,4,Ngô Quyền,tertiary
58384,2020-10-18T13:29:00.432Z,2020-10-18T13:29:00.432Z,5803395557,5780574590,32.0,408239458,,4,Ngô Quyền,tertiary
58385,2020-10-18T13:29:00.435Z,2020-10-18T13:29:00.435Z,5780574590,5803395557,32.0,408239458,,4,Ngô Quyền,tertiary
58432,2020-10-18T13:29:00.556Z,2020-10-18T13:29:00.556Z,4605582026,4607653471,3.0,408246127,,2,Ðiện Biên Phủ,primary
58433,2020-10-18T13:29:00.559Z,2020-10-18T13:29:00.559Z,4607653471,411920295,45.0,408246127,,2,Ðiện Biên Phủ,primary
58448,2020-10-18T13:29:00.608Z,2020-10-18T13:29:00.608Z,411920295,2393614148,71.0,408246393,,2,Ðiện Biên Phủ,primary
58449,2020-10-18T13:29:00.612Z,2020-10-18T13:29:00.612Z,2393614148,411926439,9.0,408246393,,2,Ðiện Biên Phủ,primary
58450,2020-10-18T13:29:00.615Z,2020-10-18T13:29:00.615Z,411926439,2520636462,14.0,408246393,,2,Ðiện Biên Phủ,primary
58451,2020-10-18T13:29:00.618Z,2020-10-18T13:29:00.618Z,2520636462,3116339948,20.0,408246393,,2,Ðiện Biên Phủ,primary
58452,2020-10-18T13:29:00.621Z,2020-10-18T13:29:00.621Z,3116339948,411918640,10.0,408246393,,2,Ðiện Biên Phủ,primary
58453,2020-10-18T13:29:00.623Z,2020-10-18T13:29:00.623Z,411918640,411926054,26.0,408246393,,2,Ðiện Biên Phủ,primary
58454,2020-10-18T13:29:00.628Z,2020-10-18T13:29:00.628Z,411926054,3257247348,105.0,408246393,,2,Ðiện Biên Phủ,primary
58455,2020-10-18T13:29:00.631Z,2020-10-18T13:29:00.631Z,3257247348,3116339949,39.0,408246393,,2,Ðiện Biên Phủ,primary
58456,2020-10-18T13:29:00.634Z,2020-10-18T13:29:00.634Z,3116339949,5778212336,24.0,408246393,,2,Ðiện Biên Phủ,primary
58457,2020-10-18T13:29:00.638Z,2020-10-18T13:29:00.638Z,5778212336,411917834,113.0,408246393,,2,Ðiện Biên Phủ,primary
58458,2020-10-18T13:29:00.642Z,2020-10-18T13:29:00.642Z,411917834,5778300411,86.0,408246393,,2,Ðiện Biên Phủ,primary
58459,2020-10-18T13:29:00.646Z,2020-10-18T13:29:00.646Z,5778300411,411926607,88.0,408246393,,2,Ðiện Biên Phủ,primary
58460,2020-10-18T13:29:00.649Z,2020-10-18T13:29:00.649Z,411926607,3116339950,39.0,408246393,,2,Ðiện Biên Phủ,primary
58461,2020-10-18T13:29:00.652Z,2020-10-18T13:29:00.652Z,3116339950,411926415,151.0,408246393,,2,Ðiện Biên Phủ,primary
59436,2020-10-18T13:29:03.292Z,2020-10-18T13:29:03.292Z,4629021465,4628932720,16.0,409274385,,4,Sư Van Hạnh,tertiary
59437,2020-10-18T13:29:03.294Z,2020-10-18T13:29:03.294Z,4628932720,4629021465,16.0,409274385,,4,Sư Van Hạnh,tertiary
59438,2020-10-18T13:29:03.296Z,2020-10-18T13:29:03.296Z,5794854831,5794771158,35.0,409274386,,4,Nguyễn Chí Thanh,tertiary
60125,2020-10-18T13:29:04.967Z,2020-10-18T13:29:04.967Z,2032267383,4303175609,49.0,431067175,,3,Trần Hưng Ðạo,secondary
60126,2020-10-18T13:29:04.968Z,2020-10-18T13:29:04.968Z,4303175609,2032267315,18.0,431067175,,3,Trần Hưng Ðạo,secondary
60127,2020-10-18T13:29:04.970Z,2020-10-18T13:29:04.970Z,2032267315,5781158289,34.0,431067175,,3,Trần Hưng Ðạo,secondary
60128,2020-10-18T13:29:04.972Z,2020-10-18T13:29:04.972Z,5781158289,2032267290,50.0,431067175,,3,Trần Hưng Ðạo,secondary
60129,2020-10-18T13:29:04.973Z,2020-10-18T13:29:04.973Z,2032267290,4606995349,76.0,431067175,,3,Trần Hưng Ðạo,secondary
60130,2020-10-18T13:29:04.975Z,2020-10-18T13:29:04.975Z,4606995349,4606995347,97.0,431067175,,3,Trần Hưng Ðạo,secondary
60131,2020-10-18T13:29:04.976Z,2020-10-18T13:29:04.976Z,4606995347,2290050435,79.0,431067175,,3,Trần Hưng Ðạo,secondary
60132,2020-10-18T13:29:04.978Z,2020-10-18T13:29:04.978Z,2290050435,2691192106,13.0,431067175,,3,Trần Hưng Ðạo,secondary
60133,2020-10-18T13:29:04.981Z,2020-10-18T13:29:04.981Z,2691192106,4612970105,85.0,431067175,,3,Trần Hưng Ðạo,secondary
60134,2020-10-18T13:29:04.984Z,2020-10-18T13:29:04.984Z,4612970105,4612970108,12.0,431067175,,3,Trần Hưng Ðạo,secondary
60135,2020-10-18T13:29:04.999Z,2020-10-18T13:29:04.999Z,4612970108,4640689699,72.0,431067175,,3,Trần Hưng Ðạo,secondary
60136,2020-10-18T13:29:05.004Z,2020-10-18T13:29:05.004Z,4640689699,4640689702,24.0,431067175,,3,Trần Hưng Ðạo,secondary
60137,2020-10-18T13:29:05.007Z,2020-10-18T13:29:05.007Z,4640689702,4640687100,69.0,431067175,,3,Trần Hưng Ðạo,secondary
60138,2020-10-18T13:29:05.009Z,2020-10-18T13:29:05.009Z,4640687100,411926146,10.0,431067175,,3,Trần Hưng Ðạo,secondary
60139,2020-10-18T13:29:05.011Z,2020-10-18T13:29:05.011Z,411926146,5762893332,24.0,431067175,,3,Trần Hưng Ðạo,secondary
60140,2020-10-18T13:29:05.014Z,2020-10-18T13:29:05.014Z,5762893332,4609760516,99.0,431067175,,3,Trần Hưng Ðạo,secondary
60141,2020-10-18T13:29:05.016Z,2020-10-18T13:29:05.016Z,411926503,4650003015,24.0,431068519,,4,Nguyễn Cư Trinh,tertiary
60142,2020-10-18T13:29:05.019Z,2020-10-18T13:29:05.019Z,4650003015,411926503,24.0,431068519,,4,Nguyễn Cư Trinh,tertiary
60143,2020-10-18T13:29:05.020Z,2020-10-18T13:29:05.020Z,4650003015,4634456201,18.0,431068519,,4,Nguyễn Cư Trinh,tertiary
60144,2020-10-18T13:29:05.022Z,2020-10-18T13:29:05.022Z,4634456201,4650003015,18.0,431068519,,4,Nguyễn Cư Trinh,tertiary
60145,2020-10-18T13:29:05.024Z,2020-10-18T13:29:05.024Z,4634456201,5781023253,11.0,431068519,,4,Nguyễn Cư Trinh,tertiary
60146,2020-10-18T13:29:05.026Z,2020-10-18T13:29:05.026Z,5781023253,4634456201,11.0,431068519,,4,Nguyễn Cư Trinh,tertiary
60147,2020-10-18T13:29:05.029Z,2020-10-18T13:29:05.029Z,5781023253,4616261994,96.0,431068519,,4,Nguyễn Cư Trinh,tertiary
60148,2020-10-18T13:29:05.032Z,2020-10-18T13:29:05.032Z,4616261994,5781023253,96.0,431068519,,4,Nguyễn Cư Trinh,tertiary
60149,2020-10-18T13:29:05.034Z,2020-10-18T13:29:05.034Z,4616261994,5780842950,37.0,431068519,,4,Nguyễn Cư Trinh,tertiary
60150,2020-10-18T13:29:05.037Z,2020-10-18T13:29:05.037Z,5780842950,4616261994,37.0,431068519,,4,Nguyễn Cư Trinh,tertiary
60151,2020-10-18T13:29:05.039Z,2020-10-18T13:29:05.039Z,411926503,411926413,42.0,431068520,,2,Trần Hưng Ðạo,primary
60152,2020-10-18T13:29:05.040Z,2020-10-18T13:29:05.040Z,411926413,5781023255,7.0,431068520,,2,Trần Hưng Ðạo,primary
60153,2020-10-18T13:29:05.043Z,2020-10-18T13:29:05.043Z,5781023255,4302891987,112.0,431068520,,2,Trần Hưng Ðạo,primary
60154,2020-10-18T13:29:05.046Z,2020-10-18T13:29:05.046Z,4302891987,411922968,43.0,431068520,,2,Trần Hưng Ðạo,primary
60155,2020-10-18T13:29:05.049Z,2020-10-18T13:29:05.049Z,411922968,4603729665,73.0,431068520,,2,Trần Hưng Ðạo,primary
60156,2020-10-18T13:29:05.052Z,2020-10-18T13:29:05.052Z,4603729665,2032267297,102.0,431068520,,2,Trần Hưng Ðạo,primary
60157,2020-10-18T13:29:05.054Z,2020-10-18T13:29:05.054Z,2032267297,411926591,97.0,431068520,,2,Trần Hưng Ðạo,primary
60158,2020-10-18T13:29:05.057Z,2020-10-18T13:29:05.057Z,411926591,5795188301,77.0,431068520,,2,Trần Hưng Ðạo,primary
60159,2020-10-18T13:29:05.060Z,2020-10-18T13:29:05.060Z,5795188301,2364089047,156.0,431068520,,2,Trần Hưng Ðạo,primary
60160,2020-10-18T13:29:05.064Z,2020-10-18T13:29:05.064Z,2364089047,3337595378,115.0,431068520,,2,Trần Hưng Ðạo,primary
60161,2020-10-18T13:29:05.067Z,2020-10-18T13:29:05.067Z,3337595378,2032267286,15.0,431068520,,2,Trần Hưng Ðạo,primary
60162,2020-10-18T13:29:05.070Z,2020-10-18T13:29:05.070Z,2032267286,4613083208,24.0,431068520,,2,Trần Hưng Ðạo,primary
60163,2020-10-18T13:29:05.072Z,2020-10-18T13:29:05.072Z,4613083208,2364089062,36.0,431068520,,2,Trần Hưng Ðạo,primary
60164,2020-10-18T13:29:05.075Z,2020-10-18T13:29:05.075Z,2364089062,3160554148,256.0,431068520,,2,Trần Hưng Ðạo,primary
60165,2020-10-18T13:29:05.077Z,2020-10-18T13:29:05.077Z,3160554148,4609802782,55.0,431068520,,2,Trần Hưng Ðạo,primary
60166,2020-10-18T13:29:05.080Z,2021-04-04T14:54:20.963Z,411926503,4302891988,7.0,431068521,,4,Trần Hưng Ðạo,tertiary
60167,2020-10-18T13:29:05.082Z,2021-04-04T14:54:19.738Z,4302891988,411926503,7.0,431068521,,4,Nguyễn Cư Trinh,tertiary
60168,2020-10-18T13:29:05.085Z,2021-04-04T14:54:18.463Z,4302891988,4303175609,8.0,431068521,,4,Trần Hưng Ðạo,tertiary
60169,2020-10-18T13:29:05.087Z,2021-04-04T14:54:17.175Z,4303175609,4302891988,8.0,431068521,,4,Nguyễn Cư Trinh,tertiary
60170,2020-10-18T13:29:05.090Z,2020-10-18T13:29:05.090Z,634134022,5762610078,4.0,431656677,,2,Ngã sáu Cộng Hòa,primary
60171,2020-10-18T13:29:05.092Z,2020-10-18T13:29:05.092Z,5762610078,5762610077,4.0,431656677,,2,Ngã sáu Cộng Hòa,primary
60172,2020-10-18T13:29:05.094Z,2020-10-18T13:29:05.094Z,5762610077,5762610076,4.0,431656677,,2,Ngã sáu Cộng Hòa,primary
60173,2020-10-18T13:29:05.097Z,2020-10-18T13:29:05.097Z,5762610076,5762610075,7.0,431656677,,2,Ngã sáu Cộng Hòa,primary
60174,2020-10-18T13:29:05.099Z,2020-10-18T13:29:05.099Z,5762610075,5762610074,7.0,431656677,,2,Ngã sáu Cộng Hòa,primary
60175,2020-10-18T13:29:05.102Z,2020-10-18T13:29:05.102Z,5762610074,634134026,7.0,431656677,,2,Ngã sáu Cộng Hòa,primary
60176,2020-10-18T13:29:05.105Z,2020-10-18T13:29:05.105Z,634134026,634134027,7.0,431656677,,2,Ngã sáu Cộng Hòa,primary
60177,2020-10-18T13:29:05.108Z,2020-10-18T13:29:05.108Z,634134027,634134028,7.0,431656677,,2,Ngã sáu Cộng Hòa,primary
60178,2020-10-18T13:29:05.111Z,2020-10-18T13:29:05.111Z,634134028,4623110639,7.0,431656677,,2,Ngã sáu Cộng Hòa,primary
60179,2020-10-18T13:29:05.113Z,2020-10-18T13:29:05.113Z,4623110639,5762610073,7.0,431656677,,2,Ngã sáu Cộng Hòa,primary
60180,2020-10-18T13:29:05.116Z,2020-10-18T13:29:05.116Z,5762610073,1793489526,4.0,431656677,,2,Ngã sáu Cộng Hòa,primary
60181,2020-10-18T13:29:05.119Z,2020-10-18T13:29:05.119Z,1793489526,634134030,6.0,431656677,,2,Ngã sáu Cộng Hòa,primary
60182,2020-10-18T13:29:05.122Z,2020-10-18T13:29:05.122Z,634134030,634134031,6.0,431656677,,2,Ngã sáu Cộng Hòa,primary
60183,2020-10-18T13:29:05.125Z,2020-10-18T13:29:05.125Z,634134031,5762610072,6.0,431656677,,2,Ngã sáu Cộng Hòa,primary
60184,2020-10-18T13:29:05.127Z,2020-10-18T13:29:05.127Z,5762610072,634134032,3.0,431656677,,2,Ngã sáu Cộng Hòa,primary
60185,2020-10-18T13:29:05.130Z,2020-10-18T13:29:05.130Z,634134032,4613344546,3.0,431656677,,2,Ngã sáu Cộng Hòa,primary
60186,2020-10-18T13:29:05.132Z,2020-10-18T13:29:05.132Z,4613344546,5762610071,3.0,431656677,,2,Ngã sáu Cộng Hòa,primary
60187,2020-10-18T13:29:05.134Z,2020-10-18T13:29:05.134Z,5762610071,634134017,8.0,431656677,,2,Ngã sáu Cộng Hòa,primary
60188,2020-10-18T13:29:05.138Z,2020-10-18T13:29:05.138Z,634134017,5762610085,8.0,431656677,,2,Ngã sáu Cộng Hòa,primary
60189,2020-10-18T13:29:05.141Z,2020-10-18T13:29:05.141Z,5762610085,5762610084,8.0,431656677,,2,Ngã sáu Cộng Hòa,primary
60190,2020-10-18T13:29:05.146Z,2020-10-18T13:29:05.146Z,5762610084,5762610083,8.0,431656677,,2,Ngã sáu Cộng Hòa,primary
60191,2020-10-18T13:29:05.148Z,2020-10-18T13:29:05.148Z,5762610083,5762610082,4.0,431656677,,2,Ngã sáu Cộng Hòa,primary
60192,2020-10-18T13:29:05.150Z,2020-10-18T13:29:05.150Z,5762610082,2498090917,4.0,431656677,,2,Ngã sáu Cộng Hòa,primary
60193,2020-10-18T13:29:05.153Z,2020-10-18T13:29:05.153Z,2498090917,634134018,4.0,431656677,,2,Ngã sáu Cộng Hòa,primary
60194,2020-10-18T13:29:05.155Z,2020-10-18T13:29:05.155Z,634134018,5762610081,4.0,431656677,,2,Ngã sáu Cộng Hòa,primary
60195,2020-10-18T13:29:05.157Z,2020-10-18T13:29:05.157Z,5762610081,5762610079,6.0,431656677,,2,Ngã sáu Cộng Hòa,primary
60196,2020-10-18T13:29:05.158Z,2020-10-18T13:29:05.158Z,5762610079,5762610080,6.0,431656677,,2,Ngã sáu Cộng Hòa,primary
60197,2020-10-18T13:29:05.160Z,2020-10-18T13:29:05.160Z,5762610080,4623110641,6.0,431656677,,2,Ngã sáu Cộng Hòa,primary
60198,2020-10-18T13:29:05.162Z,2020-10-18T13:29:05.162Z,4623110641,634134021,6.0,431656677,,2,Ngã sáu Cộng Hòa,primary
60199,2020-10-18T13:29:05.164Z,2020-10-18T13:29:05.164Z,634134021,634134022,4.0,431656677,,2,Ngã sáu Cộng Hòa,primary
60200,2020-10-18T13:29:05.166Z,2020-10-18T13:29:05.166Z,411919485,4610019130,6.0,431657161,,2,Công Trường Quách Thị Trang,primary
60201,2020-10-18T13:29:05.167Z,2020-10-18T13:29:05.167Z,4610019130,4610019119,3.0,431657161,,2,Công Trường Quách Thị Trang,primary
60202,2020-10-18T13:29:05.169Z,2020-10-18T13:29:05.169Z,4610019119,1723867950,7.0,431657161,,2,Công Trường Quách Thị Trang,primary
60203,2020-10-18T13:29:05.171Z,2020-10-18T13:29:05.171Z,1723867950,725885084,13.0,431657161,,2,Công Trường Quách Thị Trang,primary
60204,2020-10-18T13:29:05.173Z,2020-10-18T13:29:05.173Z,725885084,411919338,10.0,431657161,,2,Công Trường Quách Thị Trang,primary
60205,2020-10-18T13:29:05.175Z,2020-10-18T13:29:05.175Z,411919338,725885082,10.0,431657161,,2,Công Trường Quách Thị Trang,primary
60206,2020-10-18T13:29:05.177Z,2020-10-18T13:29:05.177Z,725885082,411919363,4.0,431657161,,2,Công Trường Quách Thị Trang,primary
60207,2020-10-18T13:29:05.178Z,2020-10-18T13:29:05.178Z,411919363,4610019131,9.0,431657161,,2,Công Trường Quách Thị Trang,primary
60208,2020-10-18T13:29:05.181Z,2020-10-18T13:29:05.181Z,4610019131,725885085,6.0,431657161,,2,Công Trường Quách Thị Trang,primary
60209,2020-10-18T13:29:05.183Z,2020-10-18T13:29:05.183Z,725885085,4610019123,9.0,431657161,,2,Công Trường Quách Thị Trang,primary
60210,2020-10-18T13:29:05.185Z,2020-10-18T13:29:05.185Z,4610019123,1861212922,9.0,431657161,,2,Công Trường Quách Thị Trang,primary
60211,2020-10-18T13:29:05.187Z,2020-10-18T13:29:05.187Z,1861212922,4610019122,9.0,431657161,,2,Công Trường Quách Thị Trang,primary
60212,2020-10-18T13:29:05.202Z,2020-10-18T13:29:05.202Z,4610019122,4603175867,7.0,431657161,,2,Công Trường Quách Thị Trang,primary
60213,2020-10-18T13:29:05.206Z,2020-10-18T13:29:05.206Z,2664205597,2663926519,9.0,431657163,,2,Công Trường Quách Thị Trang,primary
60214,2020-10-18T13:29:05.215Z,2020-10-18T13:29:05.215Z,2663926519,4610019127,6.0,431657163,,2,Công Trường Quách Thị Trang,primary
60215,2020-10-18T13:29:05.218Z,2020-10-18T13:29:05.218Z,4610019127,411919485,8.0,431657163,,2,Công Trường Quách Thị Trang,primary
60216,2020-10-18T13:29:05.221Z,2020-10-18T13:29:05.221Z,366404649,5802993726,9.0,432079671,,3,Nguyễn Trãi,secondary
60217,2020-10-18T13:29:05.224Z,2020-10-18T13:29:05.224Z,5802993726,366404649,9.0,432079671,,3,Nguyễn Trãi,secondary
60218,2020-10-18T13:29:05.226Z,2020-10-18T13:29:05.226Z,5802993726,3116339939,34.0,432079671,,3,Nguyễn Trãi,secondary
60219,2020-10-18T13:29:05.229Z,2020-10-18T13:29:05.229Z,3116339939,5802993726,34.0,432079671,,3,Nguyễn Trãi,secondary
60220,2020-10-18T13:29:05.232Z,2020-10-18T13:29:05.232Z,3116339939,5805666000,5.0,432079671,,3,Nguyễn Trãi,secondary
60221,2020-10-18T13:29:05.234Z,2020-10-18T13:29:05.234Z,5805666000,3116339939,5.0,432079671,,3,Nguyễn Trãi,secondary
60222,2020-10-18T13:29:05.237Z,2020-10-18T13:29:05.237Z,5805666000,5794854810,95.0,432079671,,3,Nguyễn Trãi,secondary
60223,2020-10-18T13:29:05.239Z,2020-10-18T13:29:05.239Z,5794854810,5805666000,95.0,432079671,,3,Nguyễn Trãi,secondary
60224,2020-10-18T13:29:05.242Z,2020-10-18T13:29:05.242Z,5794854810,5805666012,29.0,432079671,,3,Nguyễn Trãi,secondary
60225,2020-10-18T13:29:05.243Z,2020-10-18T13:29:05.243Z,5805666012,5794854810,29.0,432079671,,3,Nguyễn Trãi,secondary
60226,2020-10-18T13:29:05.245Z,2020-10-18T13:29:05.245Z,5805666012,366466608,92.0,432079671,,3,Nguyễn Trãi,secondary
60227,2020-10-18T13:29:05.247Z,2020-10-18T13:29:05.247Z,366466608,5805666012,92.0,432079671,,3,Nguyễn Trãi,secondary
60228,2020-10-18T13:29:05.249Z,2020-10-18T13:29:05.249Z,366466608,5794854818,97.0,432079671,,3,Nguyễn Trãi,secondary
60229,2020-10-18T13:29:05.251Z,2020-10-18T13:29:05.251Z,5794854818,366466608,97.0,432079671,,3,Nguyễn Trãi,secondary
60230,2020-10-18T13:29:05.253Z,2020-10-18T13:29:05.253Z,5794854818,5805665972,158.0,432079671,,3,Nguyễn Trãi,secondary
60231,2020-10-18T13:29:05.254Z,2020-10-18T13:29:05.254Z,5805665972,5794854818,158.0,432079671,,3,Nguyễn Trãi,secondary
60232,2020-10-18T13:29:05.256Z,2020-10-18T13:29:05.256Z,5805665972,5794854817,6.0,432079671,,3,Nguyễn Trãi,secondary
60233,2020-10-18T13:29:05.258Z,2020-10-18T13:29:05.258Z,5794854817,5805665972,6.0,432079671,,3,Nguyễn Trãi,secondary
60234,2020-10-18T13:29:05.259Z,2020-10-18T13:29:05.259Z,5794854817,5794854816,11.0,432079671,,3,Nguyễn Trãi,secondary
60235,2020-10-18T13:29:05.261Z,2020-10-18T13:29:05.261Z,5794854816,5794854817,11.0,432079671,,3,Nguyễn Trãi,secondary
60236,2020-10-18T13:29:05.263Z,2020-10-18T13:29:05.263Z,5794854816,5794854815,53.0,432079671,,3,Nguyễn Trãi,secondary
60237,2020-10-18T13:29:05.265Z,2020-10-18T13:29:05.265Z,5794854815,5794854816,53.0,432079671,,3,Nguyễn Trãi,secondary
60238,2020-10-18T13:29:05.266Z,2020-10-18T13:29:05.266Z,5794854815,5805665964,27.0,432079671,,3,Nguyễn Trãi,secondary
60239,2020-10-18T13:29:05.268Z,2020-10-18T13:29:05.268Z,5805665964,5794854815,27.0,432079671,,3,Nguyễn Trãi,secondary
60240,2020-10-18T13:29:05.270Z,2020-10-18T13:29:05.270Z,5805665964,5794854814,20.0,432079671,,3,Nguyễn Trãi,secondary
60241,2020-10-18T13:29:05.272Z,2020-10-18T13:29:05.272Z,5794854814,5805665964,20.0,432079671,,3,Nguyễn Trãi,secondary
60242,2020-10-18T13:29:05.274Z,2020-10-18T13:29:05.274Z,5794854814,5794854813,9.0,432079671,,3,Nguyễn Trãi,secondary
60243,2020-10-18T13:29:05.276Z,2020-10-18T13:29:05.276Z,5794854813,5794854814,9.0,432079671,,3,Nguyễn Trãi,secondary
60244,2020-10-18T13:29:05.279Z,2020-10-18T13:29:05.279Z,5794854813,5794854812,32.0,432079671,,3,Nguyễn Trãi,secondary
60245,2020-10-18T13:29:05.281Z,2020-10-18T13:29:05.281Z,5794854812,5794854813,32.0,432079671,,3,Nguyễn Trãi,secondary
60246,2020-10-18T13:29:05.283Z,2020-10-18T13:29:05.283Z,5794854812,5794854811,33.0,432079671,,3,Nguyễn Trãi,secondary
60247,2020-10-18T13:29:05.285Z,2020-10-18T13:29:05.285Z,5794854811,5794854812,33.0,432079671,,3,Nguyễn Trãi,secondary
60248,2020-10-18T13:29:05.287Z,2020-10-18T13:29:05.287Z,5794854811,5794854830,46.0,432079671,,3,Nguyễn Trãi,secondary
60249,2020-10-18T13:29:05.289Z,2020-10-18T13:29:05.289Z,5794854830,5794854811,46.0,432079671,,3,Nguyễn Trãi,secondary
60250,2020-10-18T13:29:05.292Z,2020-10-18T13:29:05.292Z,5794854830,5598913755,79.0,432079671,,3,Nguyễn Trãi,secondary
60251,2020-10-18T13:29:05.295Z,2020-10-18T13:29:05.295Z,5598913755,5794854830,79.0,432079671,,3,Nguyễn Trãi,secondary
60252,2020-10-18T13:29:05.297Z,2020-10-18T13:29:05.297Z,5598913755,5805831206,16.0,432079671,,3,Nguyễn Trãi,secondary
60253,2020-10-18T13:29:05.299Z,2020-10-18T13:29:05.299Z,5805831206,5598913755,16.0,432079671,,3,Nguyễn Trãi,secondary
60254,2020-10-18T13:29:05.302Z,2020-10-18T13:29:05.302Z,5805831206,366472120,22.0,432079671,,3,Nguyễn Trãi,secondary
60255,2020-10-18T13:29:05.304Z,2020-10-18T13:29:05.304Z,366472120,5805831206,22.0,432079671,,3,Nguyễn Trãi,secondary
60256,2020-10-18T13:29:05.306Z,2020-10-18T13:29:05.306Z,366472120,5805966975,8.0,432079671,,3,Nguyễn Trãi,secondary
60257,2020-10-18T13:29:05.308Z,2020-10-18T13:29:05.308Z,5805966975,366472120,8.0,432079671,,3,Nguyễn Trãi,secondary
60258,2020-10-18T13:29:05.310Z,2020-10-18T13:29:05.310Z,5805966975,5598914629,4.0,432079671,,3,Nguyễn Trãi,secondary
60259,2020-10-18T13:29:05.312Z,2020-10-18T13:29:05.312Z,5598914629,5805966975,4.0,432079671,,3,Nguyễn Trãi,secondary
60260,2020-10-18T13:29:05.314Z,2020-10-18T13:29:05.314Z,5598914629,3186257042,56.0,432079671,,3,Nguyễn Trãi,secondary
60261,2020-10-18T13:29:05.316Z,2020-10-18T13:29:05.316Z,3186257042,5598914629,56.0,432079671,,3,Nguyễn Trãi,secondary
60262,2020-10-18T13:29:05.320Z,2020-10-18T13:29:05.320Z,3186257042,5806315850,34.0,432079671,,3,Nguyễn Trãi,secondary
60263,2020-10-18T13:29:05.323Z,2020-10-18T13:29:05.323Z,5806315850,3186257042,34.0,432079671,,3,Nguyễn Trãi,secondary
60264,2020-10-18T13:29:05.325Z,2020-10-18T13:29:05.325Z,5806315850,1997154501,8.0,432079671,,3,Nguyễn Trãi,secondary
60265,2020-10-18T13:29:05.327Z,2020-10-18T13:29:05.327Z,1997154501,5806315850,8.0,432079671,,3,Nguyễn Trãi,secondary
60266,2020-10-18T13:29:05.330Z,2020-10-18T13:29:05.330Z,1997154501,5598914622,62.0,432079671,,3,Nguyễn Trãi,secondary
60267,2020-10-18T13:29:05.332Z,2020-10-18T13:29:05.332Z,5598914622,1997154501,62.0,432079671,,3,Nguyễn Trãi,secondary
60268,2020-10-18T13:29:05.334Z,2020-10-18T13:29:05.334Z,5598914622,5805962828,20.0,432079671,,3,Nguyễn Trãi,secondary
60269,2020-10-18T13:29:05.336Z,2020-10-18T13:29:05.336Z,5805962828,5598914622,20.0,432079671,,3,Nguyễn Trãi,secondary
60270,2020-10-18T13:29:05.338Z,2020-10-18T13:29:05.338Z,5805962828,5805962832,10.0,432079671,,3,Nguyễn Trãi,secondary
60271,2020-10-18T13:29:05.340Z,2020-10-18T13:29:05.340Z,5805962832,5805962828,10.0,432079671,,3,Nguyễn Trãi,secondary
60272,2020-10-18T13:29:05.342Z,2020-10-18T13:29:05.342Z,5805962832,5805831173,15.0,432079671,,3,Nguyễn Trãi,secondary
60273,2020-10-18T13:29:05.344Z,2020-10-18T13:29:05.344Z,5805831173,5805962832,15.0,432079671,,3,Nguyễn Trãi,secondary
60274,2020-10-18T13:29:05.346Z,2020-10-18T13:29:05.346Z,5805831173,2233965366,3.0,432079671,,3,Nguyễn Trãi,secondary
60275,2020-10-18T13:29:05.348Z,2020-10-18T13:29:05.348Z,2233965366,5805831173,3.0,432079671,,3,Nguyễn Trãi,secondary
60276,2020-10-18T13:29:05.350Z,2020-10-18T13:29:05.350Z,2233965366,5805831177,16.0,432079671,,3,Nguyễn Trãi,secondary
60277,2020-10-18T13:29:05.352Z,2020-10-18T13:29:05.352Z,5805831177,2233965366,16.0,432079671,,3,Nguyễn Trãi,secondary
60278,2020-10-18T13:29:05.355Z,2020-10-18T13:29:05.355Z,5805831177,5805966958,25.0,432079671,,3,Nguyễn Trãi,secondary
60279,2020-10-18T13:29:05.357Z,2020-10-18T13:29:05.357Z,5805966958,5805831177,25.0,432079671,,3,Nguyễn Trãi,secondary
60280,2020-10-18T13:29:05.359Z,2020-10-18T13:29:05.359Z,5805966958,5805831183,42.0,432079671,,3,Nguyễn Trãi,secondary
60281,2020-10-18T13:29:05.361Z,2020-10-18T13:29:05.361Z,5805831183,5805966958,42.0,432079671,,3,Nguyễn Trãi,secondary
60282,2020-10-18T13:29:05.363Z,2020-10-18T13:29:05.363Z,5805831183,5805962780,30.0,432079671,,3,Nguyễn Trãi,secondary
60283,2020-10-18T13:29:05.365Z,2020-10-18T13:29:05.365Z,5805962780,5805831183,30.0,432079671,,3,Nguyễn Trãi,secondary
60284,2020-10-18T13:29:05.367Z,2020-10-18T13:29:05.367Z,5805962780,5794854809,7.0,432079671,,3,Nguyễn Trãi,secondary
60285,2020-10-18T13:29:05.369Z,2020-10-18T13:29:05.369Z,5794854809,5805962780,7.0,432079671,,3,Nguyễn Trãi,secondary
60286,2020-10-18T13:29:05.372Z,2020-10-18T13:29:05.372Z,5794854809,5805831180,16.0,432079671,,3,Nguyễn Trãi,secondary
60287,2020-10-18T13:29:05.375Z,2020-10-18T13:29:05.375Z,5805831180,5794854809,16.0,432079671,,3,Nguyễn Trãi,secondary
60288,2020-10-18T13:29:05.379Z,2020-10-18T13:29:05.379Z,5805831180,5805962773,22.0,432079671,,3,Nguyễn Trãi,secondary
60289,2020-10-18T13:29:05.393Z,2020-10-18T13:29:05.393Z,5805962773,5805831180,22.0,432079671,,3,Nguyễn Trãi,secondary
60290,2020-10-18T13:29:05.396Z,2020-10-18T13:29:05.396Z,5805962773,5794854808,28.0,432079671,,3,Nguyễn Trãi,secondary
60291,2020-10-18T13:29:05.399Z,2020-10-18T13:29:05.399Z,5794854808,5805962773,28.0,432079671,,3,Nguyễn Trãi,secondary
60292,2020-10-18T13:29:05.401Z,2020-10-18T13:29:05.401Z,5794854808,3186257043,67.0,432079671,,3,Nguyễn Trãi,secondary
60293,2020-10-18T13:29:05.403Z,2020-10-18T13:29:05.403Z,3186257043,5794854808,67.0,432079671,,3,Nguyễn Trãi,secondary
60294,2020-10-18T13:29:05.406Z,2020-10-18T13:29:05.406Z,3186257043,5805831163,50.0,432079671,,3,Nguyễn Trãi,secondary
60295,2020-10-18T13:29:05.408Z,2020-10-18T13:29:05.408Z,5805831163,3186257043,50.0,432079671,,3,Nguyễn Trãi,secondary
60296,2020-10-18T13:29:05.410Z,2020-10-18T13:29:05.410Z,5805831163,5806004697,42.0,432079671,,3,Nguyễn Trãi,secondary
60297,2020-10-18T13:29:05.411Z,2020-10-18T13:29:05.411Z,5806004697,5805831163,42.0,432079671,,3,Nguyễn Trãi,secondary
60298,2020-10-18T13:29:05.413Z,2020-10-18T13:29:05.413Z,5806004697,5806004698,53.0,432079671,,3,Nguyễn Trãi,secondary
60299,2020-10-18T13:29:05.415Z,2020-10-18T13:29:05.415Z,5806004698,5806004697,53.0,432079671,,3,Nguyễn Trãi,secondary
60300,2020-10-18T13:29:05.416Z,2020-10-18T13:29:05.416Z,5806004698,5806004675,71.0,432079671,,3,Nguyễn Trãi,secondary
60301,2020-10-18T13:29:05.418Z,2020-10-18T13:29:05.418Z,5806004675,5806004698,71.0,432079671,,3,Nguyễn Trãi,secondary
60302,2020-10-18T13:29:05.420Z,2020-10-18T13:29:05.420Z,5806004675,5806004661,25.0,432079671,,3,Nguyễn Trãi,secondary
60303,2020-10-18T13:29:05.421Z,2020-10-18T13:29:05.421Z,5806004661,5806004675,25.0,432079671,,3,Nguyễn Trãi,secondary
60304,2020-10-18T13:29:05.423Z,2020-10-18T13:29:05.423Z,5806004661,5795001638,53.0,432079671,,3,Nguyễn Trãi,secondary
60305,2020-10-18T13:29:05.424Z,2020-10-18T13:29:05.424Z,5795001638,5806004661,53.0,432079671,,3,Nguyễn Trãi,secondary
60306,2020-10-18T13:29:05.425Z,2020-10-18T13:29:05.425Z,5795001638,366467217,9.0,432079671,,3,Nguyễn Trãi,secondary
60307,2020-10-18T13:29:05.427Z,2020-10-18T13:29:05.427Z,366467217,5795001638,9.0,432079671,,3,Nguyễn Trãi,secondary
60308,2020-10-18T13:29:05.428Z,2020-10-18T13:29:05.428Z,4631143728,366416137,81.0,432383413,,2,Nguyễn Tri Phương,primary
61675,2020-10-18T13:29:16.300Z,2020-10-18T13:29:16.300Z,4594564188,1998235311,174.0,464377293,,4,Cầu Nguyễn Văn Cừ,tertiary
61676,2020-10-18T13:29:16.303Z,2020-10-18T13:29:16.303Z,1998235340,1767760217,147.0,464377294,,4,Cầu Nguyễn Văn Cừ,tertiary
61752,2020-10-18T13:29:16.582Z,2020-10-18T13:29:16.582Z,5781158271,4596177934,126.0,464515058,,2,Cầu Ông Lãnh,primary
61753,2020-10-18T13:29:16.584Z,2020-10-18T13:29:16.584Z,4596177934,5772092882,28.0,464515058,,2,Cầu Ông Lãnh,primary
61756,2020-10-18T13:29:16.586Z,2020-10-18T13:29:16.586Z,5772092882,2358140553,43.594554949526824,464515058,,2,Cầu Ông Lãnh,primary
84666,2020-10-18T13:29:16.586Z,2020-10-18T13:29:16.586Z,2358140553,5772092881,15.405445050473181,464515058,,2,Cầu Ông Lãnh,primary
61757,2020-10-18T13:29:16.588Z,2020-10-18T13:29:16.588Z,5772092881,4596177933,74.45640352871497,464515058,,2,Cầu Ông Lãnh,primary
84667,2020-10-18T13:29:16.588Z,2020-10-18T13:29:16.588Z,4596177933,5772092880,6.54359647128503,464515058,,2,Cầu Ông Lãnh,primary
61770,2020-10-18T13:29:16.640Z,2020-10-18T13:29:16.640Z,4602703726,5462422209,291.0,465282923,,4,cầu Rạch Ông,tertiary
61771,2020-10-18T13:29:16.642Z,2020-10-18T13:29:16.642Z,5462422209,4602703726,291.0,465282923,,4,cầu Rạch Ông,tertiary
61772,2020-10-18T13:29:16.645Z,2021-04-04T14:46:14.592Z,1773321401,5462422211,10.0,465283035,,4,Trần Xuân Soạn,tertiary
61773,2020-10-18T13:29:16.648Z,2021-04-04T14:46:13.332Z,5462422211,4602705518,21.0,465283035,,4,Trần Xuân Soạn,tertiary
61775,2020-10-18T13:29:16.651Z,2021-04-04T14:46:11.687Z,4602705518,383552890,39.08210787683087,465283296,,4,Trần Xuân Soạn,tertiary
84668,2020-10-18T13:29:16.651Z,2021-04-04T14:46:11.687Z,383552890,2692556733,3.9178921231691337,465283296,,4,Trần Xuân Soạn,tertiary
62155,2020-10-18T13:29:18.069Z,2020-10-18T13:29:18.069Z,4609314795,4609314797,81.0,466038917,,2,Nguyễn Thị Nghĩa,primary
62156,2020-10-18T13:29:18.072Z,2020-10-18T13:29:18.072Z,4609314797,4609314796,12.0,466038917,,2,Nguyễn Thị Nghĩa,primary
62157,2020-10-18T13:29:18.074Z,2020-10-18T13:29:18.074Z,4609877993,3506700347,98.0,466039048,,2,Nguyễn Thị Nghĩa,primary
62158,2020-10-18T13:29:18.077Z,2020-10-18T13:29:18.077Z,2358137400,2358137428,43.0,466043072,50.0,2,Võ Văn Kiệt,primary
62159,2020-10-18T13:29:18.086Z,2020-10-18T13:29:18.086Z,2358137428,2358137411,38.0,466043072,50.0,2,Võ Văn Kiệt,primary
62160,2020-10-18T13:29:18.089Z,2020-10-18T13:29:18.089Z,2358137411,2358137415,41.0,466043072,50.0,2,Võ Văn Kiệt,primary
62161,2020-10-18T13:29:18.091Z,2020-10-18T13:29:18.091Z,2358137415,2358137386,35.0,466043072,50.0,2,Võ Văn Kiệt,primary
62162,2020-10-18T13:29:18.093Z,2020-10-18T13:29:18.093Z,2358137386,2358137406,36.0,466043072,50.0,2,Võ Văn Kiệt,primary
62163,2020-10-18T13:29:18.095Z,2020-10-18T13:29:18.095Z,2358137406,2358137424,28.0,466043072,50.0,2,Võ Văn Kiệt,primary
62164,2020-10-18T13:29:18.097Z,2020-10-18T13:29:18.097Z,2358137424,2358137402,34.0,466043072,50.0,2,Võ Văn Kiệt,primary
62165,2020-10-18T13:29:18.099Z,2020-10-18T13:29:18.099Z,2358137402,2358137383,53.0,466043072,50.0,2,Võ Văn Kiệt,primary
62166,2020-10-18T13:29:18.102Z,2020-10-18T13:29:18.102Z,2358137383,2358137410,59.0,466043072,50.0,2,Võ Văn Kiệt,primary
62167,2020-10-18T13:29:18.104Z,2020-10-18T13:29:18.104Z,2358137410,2358137414,26.0,466043072,50.0,2,Võ Văn Kiệt,primary
62168,2020-10-18T13:29:18.107Z,2020-10-18T13:29:18.107Z,2358137414,2358137416,26.0,466043072,50.0,2,Võ Văn Kiệt,primary
62169,2020-10-18T13:29:18.109Z,2020-10-18T13:29:18.109Z,2358137416,5813867127,26.0,466043072,50.0,2,Võ Văn Kiệt,primary
62170,2020-10-18T13:29:18.112Z,2020-10-18T13:29:18.112Z,5813867127,2358137394,7.0,466043072,50.0,2,Võ Văn Kiệt,primary
62171,2020-10-18T13:29:18.114Z,2020-10-18T13:29:18.114Z,2358137394,2358137395,26.0,466043072,50.0,2,Võ Văn Kiệt,primary
62172,2020-10-18T13:29:18.116Z,2020-10-18T13:29:18.116Z,2358137395,2358137413,30.0,466043072,50.0,2,Võ Văn Kiệt,primary
62173,2020-10-18T13:29:18.118Z,2020-10-18T13:29:18.118Z,2358137413,2358142172,55.0,466043072,50.0,2,Võ Văn Kiệt,primary
62174,2020-10-18T13:29:18.121Z,2020-10-18T13:29:18.121Z,2358142172,2358137375,56.0,466043072,50.0,2,Võ Văn Kiệt,primary
62175,2020-10-18T13:29:18.124Z,2020-10-18T13:29:18.124Z,2358137375,2359660071,58.0,466043072,50.0,2,Võ Văn Kiệt,primary
62176,2020-10-18T13:29:18.129Z,2020-10-18T13:29:18.129Z,2359660071,2358137398,90.0,466043072,50.0,2,Võ Văn Kiệt,primary
62177,2020-10-18T13:29:18.132Z,2020-10-18T13:29:18.132Z,2358137398,2358137388,42.0,466043072,50.0,2,Võ Văn Kiệt,primary
62178,2020-10-18T13:29:18.136Z,2020-10-18T13:29:18.136Z,2358137388,2358137399,41.0,466043072,50.0,2,Võ Văn Kiệt,primary
62179,2020-10-18T13:29:18.139Z,2020-10-18T13:29:18.139Z,2358137399,2358137401,36.0,466043072,50.0,2,Võ Văn Kiệt,primary
62180,2020-10-18T13:29:18.144Z,2020-10-18T13:29:18.144Z,2358137401,2358137404,26.0,466043072,50.0,2,Võ Văn Kiệt,primary
62181,2020-10-18T13:29:18.148Z,2020-10-18T13:29:18.148Z,2358137404,5813835564,237.0,466043072,50.0,2,Võ Văn Kiệt,primary
62182,2020-10-18T13:29:18.163Z,2020-10-18T13:29:18.163Z,5813835564,2358142171,3.0,466043072,50.0,2,Võ Văn Kiệt,primary
62183,2020-10-18T13:29:18.167Z,2020-10-18T13:29:18.167Z,2358142171,2358142173,9.0,466043072,50.0,2,Võ Văn Kiệt,primary
62184,2020-10-18T13:29:18.171Z,2020-10-18T13:29:18.171Z,2358142173,5813835562,11.0,466043072,50.0,2,Võ Văn Kiệt,primary
62185,2020-10-18T13:29:18.174Z,2020-10-18T13:29:18.174Z,5813835562,2358137426,4.0,466043072,50.0,2,Võ Văn Kiệt,primary
62186,2020-10-18T13:29:18.177Z,2020-10-18T13:29:18.177Z,2358137426,2358137377,20.0,466043072,50.0,2,Võ Văn Kiệt,primary
62187,2020-10-18T13:29:18.180Z,2020-10-18T13:29:18.180Z,2358137377,2358137384,25.0,466043072,50.0,2,Võ Văn Kiệt,primary
62188,2020-10-18T13:29:18.184Z,2020-10-18T13:29:18.184Z,2358137384,2358137371,19.0,466043072,50.0,2,Võ Văn Kiệt,primary
62189,2020-10-18T13:29:18.187Z,2020-10-18T13:29:18.187Z,2358137371,2358137373,30.0,466043072,50.0,2,Võ Văn Kiệt,primary
62190,2020-10-18T13:29:18.191Z,2020-10-18T13:29:18.191Z,2358137373,2358137381,32.0,466043072,50.0,2,Võ Văn Kiệt,primary
62191,2020-10-18T13:29:18.194Z,2020-10-18T13:29:18.194Z,2358137381,2358137391,40.0,466043072,50.0,2,Võ Văn Kiệt,primary
62192,2020-10-18T13:29:18.196Z,2020-10-18T13:29:18.196Z,2358137391,5462422206,7.0,466043072,50.0,2,Võ Văn Kiệt,primary
62193,2020-10-18T13:29:18.198Z,2020-10-18T13:29:18.198Z,5462422206,2358137385,32.0,466043072,50.0,2,Võ Văn Kiệt,primary
62194,2020-10-18T13:29:18.201Z,2020-10-18T13:29:18.201Z,2358137385,5813779756,19.0,466043072,50.0,2,Võ Văn Kiệt,primary
62226,2020-10-18T13:29:18.203Z,2020-10-18T13:29:18.203Z,5813779756,5462422191,8.979849256873717,466043072,50.0,2,Võ Văn Kiệt,primary
84669,2020-10-18T13:29:18.203Z,2020-10-18T13:29:18.203Z,5462422191,2358137412,7.020150743126283,466043072,50.0,2,Võ Văn Kiệt,primary
62227,2020-10-18T13:29:18.205Z,2020-10-18T13:29:18.205Z,2358137412,5462422192,17.142790495737263,466043072,50.0,2,Võ Văn Kiệt,primary
84670,2020-10-18T13:29:18.205Z,2020-10-18T13:29:18.205Z,5462422192,2359646390,14.857209504262736,466043072,50.0,2,Võ Văn Kiệt,primary
62197,2020-10-18T13:29:18.208Z,2020-10-18T13:29:18.208Z,2359646390,2358137372,31.0,466043072,50.0,2,Võ Văn Kiệt,primary
62198,2020-10-18T13:29:18.210Z,2020-10-18T13:29:18.210Z,2358137372,2358137389,26.0,466043072,50.0,2,Võ Văn Kiệt,primary
62238,2020-10-18T13:29:18.212Z,2020-10-18T13:29:18.212Z,2358137389,5462422197,24.57401217014982,466043072,50.0,2,Võ Văn Kiệt,primary
84671,2020-10-18T13:29:18.212Z,2020-10-18T13:29:18.212Z,5462422197,2358137418,8.425987829850182,466043072,50.0,2,Võ Văn Kiệt,primary
62239,2020-10-18T13:29:18.215Z,2020-10-18T13:29:18.215Z,2358137418,5462422198,4.413000312277882,466043072,50.0,2,Võ Văn Kiệt,primary
84672,2020-10-18T13:29:18.215Z,2020-10-18T13:29:18.215Z,5462422198,2358137422,29.586999687722123,466043072,50.0,2,Võ Văn Kiệt,primary
62201,2020-10-18T13:29:18.217Z,2020-10-18T13:29:18.217Z,2358137422,2358137420,27.0,466043072,50.0,2,Võ Văn Kiệt,primary
62240,2020-10-18T13:29:18.219Z,2020-10-18T13:29:18.219Z,2358137420,5462422179,8.527359596290387,466043072,50.0,2,Võ Văn Kiệt,primary
84673,2020-10-18T13:29:18.219Z,2020-10-18T13:29:18.219Z,5462422179,5462422180,4.018081322117696,466043072,50.0,2,Võ Văn Kiệt,primary
84674,2020-10-18T13:29:18.219Z,2020-10-18T13:29:18.219Z,5462422180,5462422181,3.8233450608053645,466043072,50.0,2,Võ Văn Kiệt,primary
84675,2020-10-18T13:29:18.219Z,2020-10-18T13:29:18.219Z,5462422181,2358141240,3.631214020786553,466043072,50.0,2,Võ Văn Kiệt,primary
62241,2020-10-18T13:29:18.222Z,2020-10-18T13:29:18.222Z,2358141240,5462422182,4.976036827451754,466043072,50.0,2,Võ Văn Kiệt,primary
84676,2020-10-18T13:29:18.222Z,2020-10-18T13:29:18.222Z,5462422182,2358137376,14.023963172548246,466043072,50.0,2,Võ Văn Kiệt,primary
62204,2020-10-18T13:29:18.225Z,2020-10-18T13:29:18.225Z,2358137376,3338019281,8.0,466043072,50.0,2,Võ Văn Kiệt,primary
62242,2020-10-18T13:29:18.228Z,2020-10-18T13:29:18.228Z,3338019281,5462422184,16.06750731149195,466043072,50.0,2,Võ Văn Kiệt,primary
84677,2020-10-18T13:29:18.228Z,2020-10-18T13:29:18.228Z,5462422184,5462422183,14.113605201278075,466043072,50.0,2,Võ Văn Kiệt,primary
84678,2020-10-18T13:29:18.228Z,2020-10-18T13:29:18.228Z,5462422183,2358137407,16.818887487229976,466043072,50.0,2,Võ Văn Kiệt,primary
62243,2020-10-18T13:29:18.231Z,2020-10-18T13:29:18.231Z,2358137407,5462422185,54.034360870764786,466043072,50.0,2,Võ Văn Kiệt,primary
84679,2020-10-18T13:29:18.231Z,2020-10-18T13:29:18.231Z,5462422185,2358137374,26.96563912923521,466043072,50.0,2,Võ Văn Kiệt,primary
62244,2020-10-18T13:29:18.235Z,2020-10-18T13:29:18.235Z,2358137374,5462422186,39.69336103435216,466043072,50.0,2,Võ Văn Kiệt,primary
84680,2020-10-18T13:29:18.235Z,2020-10-18T13:29:18.235Z,5462422186,5462422187,28.482054928075534,466043072,50.0,2,Võ Văn Kiệt,primary
84681,2020-10-18T13:29:18.235Z,2020-10-18T13:29:18.235Z,5462422187,2358140873,15.824584037572313,466043072,50.0,2,Võ Văn Kiệt,primary
62208,2020-10-18T13:29:18.238Z,2020-10-18T13:29:18.238Z,2358140873,2358137408,45.0,466043072,50.0,2,Võ Văn Kiệt,primary
62209,2020-10-18T13:29:18.240Z,2020-10-18T13:29:18.240Z,2358137408,2358137378,104.0,466043072,50.0,2,Võ Văn Kiệt,primary
62210,2020-10-18T13:29:18.244Z,2020-10-18T13:29:18.244Z,2358137378,2358137397,10.0,466043072,50.0,2,Võ Văn Kiệt,primary
62211,2020-10-18T13:29:18.247Z,2020-10-18T13:29:18.247Z,2358137397,2358137425,86.0,466043072,50.0,2,Võ Văn Kiệt,primary
62212,2020-10-18T13:29:18.249Z,2020-10-18T13:29:18.249Z,2358137425,2358137370,132.0,466043072,50.0,2,Võ Văn Kiệt,primary
62213,2020-10-18T13:29:18.252Z,2020-10-18T13:29:18.252Z,2358137370,2358137396,188.0,466043072,50.0,2,Võ Văn Kiệt,primary
62214,2020-10-18T13:29:18.256Z,2020-10-18T13:29:18.256Z,2358137396,2358137421,287.0,466043072,50.0,2,Võ Văn Kiệt,primary
62215,2020-10-18T13:29:18.263Z,2020-10-18T13:29:18.263Z,2358137421,2358137403,69.0,466043072,50.0,2,Võ Văn Kiệt,primary
62216,2020-10-18T13:29:18.266Z,2020-10-18T13:29:18.266Z,2358137403,2358137427,35.0,466043072,50.0,2,Võ Văn Kiệt,primary
62217,2020-10-18T13:29:18.270Z,2020-10-18T13:29:18.270Z,2358137427,2358137419,50.0,466043072,50.0,2,Võ Văn Kiệt,primary
62218,2020-10-18T13:29:18.273Z,2020-10-18T13:29:18.273Z,2358137419,2358137379,125.0,466043072,50.0,2,Võ Văn Kiệt,primary
62219,2020-10-18T13:29:18.276Z,2020-10-18T13:29:18.276Z,2358137379,2358137382,159.0,466043072,50.0,2,Võ Văn Kiệt,primary
62220,2020-10-18T13:29:18.279Z,2020-10-18T13:29:18.279Z,2358137382,5781158294,104.0,466043072,50.0,2,Võ Văn Kiệt,primary
62221,2020-10-18T13:29:18.296Z,2020-10-18T13:29:18.296Z,5781158294,2358137417,0.0,466043072,50.0,2,Võ Văn Kiệt,primary
62222,2020-10-18T13:29:18.303Z,2020-10-18T13:29:18.303Z,2358137417,4594765211,6.0,466043072,50.0,2,Võ Văn Kiệt,primary
62223,2020-10-18T13:29:18.306Z,2020-10-18T13:29:18.306Z,4594765211,2358140553,5.0,466043072,50.0,2,Võ Văn Kiệt,primary
62224,2020-10-18T13:29:18.309Z,2020-10-18T13:29:18.309Z,2358140553,2358137423,3.0,466043072,50.0,2,Võ Văn Kiệt,primary
62225,2020-10-18T13:29:18.311Z,2020-10-18T13:29:18.311Z,2358137423,5781158297,13.0,466043072,50.0,2,Võ Văn Kiệt,primary
62228,2020-10-18T13:29:18.318Z,2021-04-04T14:46:03.024Z,4609356091,4609356092,4.0,466043077,,3,Đường Võ Văn Kiệt,primary_link
62229,2020-10-18T13:29:18.320Z,2021-04-04T14:46:01.743Z,4609356092,4609356091,4.0,466043077,,3,Võ Văn Kiệt,primary_link
62230,2020-10-18T13:29:18.322Z,2020-10-18T13:29:18.322Z,1996654153,1996655091,45.0,466043078,,2,Nguyễn Tri Phương,primary
62231,2020-10-18T13:29:18.325Z,2020-10-18T13:29:18.325Z,1996655091,366411464,10.0,466043078,,2,Nguyễn Tri Phương,primary
62232,2020-10-18T13:29:18.328Z,2020-10-18T13:29:18.328Z,366411464,5817380553,15.0,466043078,,2,Nguyễn Tri Phương,primary
62233,2020-10-18T13:29:18.331Z,2020-10-18T13:29:18.331Z,5817380553,5817378552,5.0,466043078,,2,Nguyễn Tri Phương,primary
62234,2020-10-18T13:29:18.333Z,2020-10-18T13:29:18.333Z,5817378552,5817378551,5.0,466043078,,2,Nguyễn Tri Phương,primary
62235,2020-10-18T13:29:18.336Z,2020-10-18T13:29:18.336Z,5816871656,2358144750,5.0,466043079,,2,Nguyễn Tri Phương,primary
62236,2020-10-18T13:29:18.340Z,2020-10-18T13:29:18.340Z,2358144750,4609356099,5.0,466043079,,2,Nguyễn Tri Phương,primary
62237,2020-10-18T13:29:18.343Z,2020-10-18T13:29:18.343Z,4609356099,4609356098,12.0,466043079,,2,Nguyễn Tri Phương,primary
62247,2020-10-18T13:29:18.383Z,2021-04-04T14:45:59.179Z,4609802782,4609829831,14.0,466095118,,2,Trần Hưng Ðạo,primary
62248,2020-10-18T13:29:18.386Z,2021-04-04T14:45:57.535Z,4609829831,2364089053,11.0,466095118,,2,Đường Trần Hưng Ðạo,primary
62249,2020-10-18T13:29:18.390Z,2020-10-18T13:29:18.390Z,4609877991,5320970075,128.0,466095328,30.0,3,Trần Hưng Ðạo,secondary
62250,2020-10-18T13:29:18.394Z,2020-10-18T13:29:18.394Z,5320970075,4649999511,163.0,466095328,30.0,3,Trần Hưng Ðạo,secondary
62251,2020-10-18T13:29:18.397Z,2020-10-18T13:29:18.397Z,4649999511,4649967850,12.0,466095328,30.0,3,Trần Hưng Ðạo,secondary
62252,2020-10-18T13:29:18.401Z,2020-10-18T13:29:18.401Z,4649967850,4609802775,12.0,466095328,30.0,3,Trần Hưng Ðạo,secondary
62253,2020-10-18T13:29:18.404Z,2020-10-18T13:29:18.404Z,4609802775,4649953992,160.0,466095328,30.0,3,Trần Hưng Ðạo,secondary
62254,2020-10-18T13:29:18.408Z,2020-10-18T13:29:18.408Z,4649953992,4650010744,147.0,466095328,30.0,3,Trần Hưng Ðạo,secondary
62255,2020-10-18T13:29:18.411Z,2020-10-18T13:29:18.411Z,4650010744,5762780550,24.0,466095328,30.0,3,Trần Hưng Ðạo,secondary
62256,2020-10-18T13:29:18.415Z,2020-10-18T13:29:18.415Z,5762780550,5780886570,71.0,466095328,30.0,3,Trần Hưng Ðạo,secondary
62257,2020-10-18T13:29:18.417Z,2020-10-18T13:29:18.417Z,5780886570,5780886571,0.0,466095328,30.0,3,Trần Hưng Ðạo,secondary
62258,2020-10-18T13:29:18.420Z,2020-10-18T13:29:18.420Z,5780886571,5780886568,4.0,466095328,30.0,3,Trần Hưng Ðạo,secondary
62259,2020-10-18T13:29:18.436Z,2020-10-18T13:29:18.436Z,5780886568,5780886569,2.0,466095328,30.0,3,Trần Hưng Ðạo,secondary
62260,2020-10-18T13:29:18.440Z,2020-10-18T13:29:18.440Z,5780886569,5773191261,0.0,466095328,30.0,3,Trần Hưng Ðạo,secondary
62261,2020-10-18T13:29:18.444Z,2020-10-18T13:29:18.444Z,5773191261,5780886567,6.0,466095328,30.0,3,Trần Hưng Ðạo,secondary
62262,2020-10-18T13:29:18.448Z,2020-10-18T13:29:18.448Z,5780886567,4650003015,54.0,466095328,30.0,3,Trần Hưng Ðạo,secondary
62263,2020-10-18T13:29:18.451Z,2020-10-18T13:29:18.451Z,4650003015,5781023254,28.0,466095328,30.0,3,Trần Hưng Ðạo,secondary
62264,2020-10-18T13:29:18.455Z,2020-10-18T13:29:18.455Z,5781023254,4603729666,226.0,466095328,30.0,3,Trần Hưng Ðạo,secondary
62265,2020-10-18T13:29:18.459Z,2020-10-18T13:29:18.459Z,4603729666,4594506059,120.0,466095328,30.0,3,Trần Hưng Ðạo,secondary
62266,2020-10-18T13:29:18.462Z,2020-10-18T13:29:18.462Z,4594506059,411918668,83.0,466095328,30.0,3,Trần Hưng Ðạo,secondary
62267,2020-10-18T13:29:18.465Z,2020-10-18T13:29:18.465Z,411918668,2032267468,115.0,466095328,30.0,3,Trần Hưng Ðạo,secondary
62268,2020-10-18T13:29:18.467Z,2020-10-18T13:29:18.467Z,2032267468,4603846870,114.0,466095328,30.0,3,Trần Hưng Ðạo,secondary
62269,2020-10-18T13:29:18.470Z,2020-10-18T13:29:18.470Z,4603846870,5811285127,95.0,466095328,30.0,3,Trần Hưng Ðạo,secondary
62270,2020-10-18T13:29:18.472Z,2020-10-18T13:29:18.472Z,5811285127,5795068449,37.0,466095328,30.0,3,Trần Hưng Ðạo,secondary
62271,2020-10-18T13:29:18.474Z,2020-10-18T13:29:18.474Z,5795068449,4613083209,24.0,466095328,30.0,3,Trần Hưng Ðạo,secondary
62272,2020-10-18T13:29:18.477Z,2020-10-18T13:29:18.477Z,4613083209,5806268214,86.0,466095328,30.0,3,Trần Hưng Ðạo,secondary
62273,2020-10-18T13:29:18.481Z,2020-10-18T13:29:18.481Z,5806268214,2032267494,104.0,466095328,30.0,3,Trần Hưng Ðạo,secondary
62274,2020-10-18T13:29:18.483Z,2020-10-18T13:29:18.483Z,2032267494,2032267197,113.0,466095328,30.0,3,Trần Hưng Ðạo,secondary
62275,2020-10-18T13:29:18.487Z,2020-10-18T13:29:18.487Z,2032267197,2032267140,38.0,466095328,30.0,3,Trần Hưng Ðạo,secondary
62276,2020-10-18T13:29:18.489Z,2020-10-18T13:29:18.489Z,2032267140,5806004712,16.0,466095328,30.0,3,Trần Hưng Ðạo,secondary
62277,2020-10-18T13:29:18.490Z,2020-10-18T13:29:18.490Z,5806004711,4603798461,20.0,466095490,30.0,3,Trần Hưng Ðạo,secondary
62278,2020-10-18T13:29:18.493Z,2020-10-18T13:29:18.493Z,4603798461,4696682347,14.0,466095490,30.0,3,Trần Hưng Ðạo,secondary
62279,2020-10-18T13:29:18.495Z,2020-10-18T13:29:18.495Z,4696682347,4603817780,82.0,466095490,30.0,3,Trần Hưng Ðạo,secondary
62280,2020-10-18T13:29:18.498Z,2020-10-18T13:29:18.498Z,4603817780,4603817787,38.0,466095490,30.0,3,Trần Hưng Ðạo,secondary
62281,2020-10-18T13:29:18.500Z,2020-10-18T13:29:18.500Z,4603817787,4603826290,56.0,466095490,30.0,3,Trần Hưng Ðạo,secondary
62282,2020-10-18T13:29:18.503Z,2020-10-18T13:29:18.503Z,4603826290,4603826291,19.0,466095490,30.0,3,Trần Hưng Ðạo,secondary
62283,2020-10-18T13:29:18.507Z,2020-10-18T13:29:18.507Z,4603826291,4603826296,54.0,466095490,30.0,3,Trần Hưng Ðạo,secondary
62284,2020-10-18T13:29:18.516Z,2020-10-18T13:29:18.516Z,4603826296,5811285123,33.0,466095490,30.0,3,Trần Hưng Ðạo,secondary
62285,2020-10-18T13:29:18.520Z,2020-10-18T13:29:18.520Z,5811285123,4603835832,71.0,466095490,30.0,3,Trần Hưng Ðạo,secondary
62286,2020-10-18T13:29:18.522Z,2020-10-18T13:29:18.522Z,4603835832,4603846874,85.0,466095490,30.0,3,Trần Hưng Ðạo,secondary
62287,2020-10-18T13:29:18.537Z,2020-10-18T13:29:18.537Z,4603846874,4603846872,45.0,466095490,30.0,3,Trần Hưng Ðạo,secondary
62288,2020-10-18T13:29:18.539Z,2020-10-18T13:29:18.539Z,4603846872,5795188289,97.0,466095490,30.0,3,Trần Hưng Ðạo,secondary
62289,2020-10-18T13:29:18.542Z,2020-10-18T13:29:18.542Z,5795188289,4603846867,49.0,466095490,30.0,3,Trần Hưng Ðạo,secondary
62290,2020-10-18T13:29:18.543Z,2020-10-18T13:29:18.543Z,4603846867,5795068424,89.0,466095490,30.0,3,Trần Hưng Ðạo,secondary
62291,2020-10-18T13:29:18.545Z,2020-10-18T13:29:18.545Z,5795068424,5795068427,2.0,466095490,30.0,3,Trần Hưng Ðạo,secondary
62292,2020-10-18T13:29:18.547Z,2020-10-18T13:29:18.547Z,5795068427,5795188299,40.0,466095490,30.0,3,Trần Hưng Ðạo,secondary
62293,2020-10-18T13:29:18.549Z,2020-10-18T13:29:18.549Z,5795188299,4761168721,37.0,466095490,30.0,3,Trần Hưng Ðạo,secondary
62294,2020-10-18T13:29:18.551Z,2020-10-18T13:29:18.551Z,4761168721,4607050266,18.0,466095490,30.0,3,Trần Hưng Ðạo,secondary
62295,2020-10-18T13:29:18.553Z,2020-10-18T13:29:18.553Z,4607050266,5795188291,16.0,466095490,30.0,3,Trần Hưng Ðạo,secondary
62296,2020-10-18T13:29:18.554Z,2020-10-18T13:29:18.554Z,5795188291,4603720647,80.0,466095490,30.0,3,Trần Hưng Ðạo,secondary
62297,2020-10-18T13:29:18.565Z,2020-10-18T13:29:18.565Z,4603720647,5780886557,164.0,466095490,30.0,3,Trần Hưng Ðạo,secondary
62298,2020-10-18T13:29:18.568Z,2020-10-18T13:29:18.568Z,5780886557,5780886564,24.0,466095490,30.0,3,Trần Hưng Ðạo,secondary
62299,2020-10-18T13:29:18.571Z,2020-10-18T13:29:18.571Z,5780886564,2032267383,44.0,466095490,30.0,3,Trần Hưng Ðạo,secondary
62300,2020-10-18T13:29:18.573Z,2021-04-04T14:45:55.195Z,4609877991,4609917916,16.0,466112035,,3,Đường Trần Hưng Ðạo,secondary
62301,2020-10-18T13:29:18.575Z,2021-04-04T14:45:52.991Z,4609917916,4609877991,16.0,466112035,,3,Đường Trần Hưng Ðạo,secondary
62302,2020-10-18T13:29:18.576Z,2021-04-04T14:45:50.333Z,4609760516,1769265762,15.0,466112794,,3,Đường Trần Hưng Ðạo,secondary
62303,2020-10-18T13:29:18.578Z,2021-04-04T14:45:48.056Z,1769265762,4609760516,15.0,466112794,,3,Đường Trần Hưng Ðạo,secondary
62304,2020-10-18T13:29:18.580Z,2020-10-18T13:29:18.580Z,4609969792,5780842940,22.0,466122296,,4,Nguyễn Cư Trinh,tertiary
62305,2020-10-18T13:29:18.581Z,2020-10-18T13:29:18.581Z,5780842940,4609969792,22.0,466122296,,4,Nguyễn Cư Trinh,tertiary
62306,2020-10-18T13:29:18.583Z,2020-10-18T13:29:18.583Z,5780842940,5780842943,92.0,466122296,,4,Nguyễn Cư Trinh,tertiary
62307,2020-10-18T13:29:18.585Z,2020-10-18T13:29:18.585Z,5780842943,5780842940,92.0,466122296,,4,Nguyễn Cư Trinh,tertiary
62308,2020-10-18T13:29:18.586Z,2020-10-18T13:29:18.586Z,5780842943,4603731414,86.0,466122296,,4,Nguyễn Cư Trinh,tertiary
62309,2020-10-18T13:29:18.588Z,2020-10-18T13:29:18.588Z,4603731414,5780842943,86.0,466122296,,4,Nguyễn Cư Trinh,tertiary
62310,2020-10-18T13:29:18.590Z,2020-10-18T13:29:18.590Z,4603731414,411921169,30.0,466122296,,4,Nguyễn Cư Trinh,tertiary
62311,2020-10-18T13:29:18.592Z,2020-10-18T13:29:18.592Z,411921169,4603731414,30.0,466122296,,4,Nguyễn Cư Trinh,tertiary
62312,2020-10-18T13:29:18.593Z,2020-10-18T13:29:18.593Z,411921169,411918465,93.0,466122296,,4,Nguyễn Cư Trinh,tertiary
62313,2020-10-18T13:29:18.595Z,2020-10-18T13:29:18.595Z,411918465,411921169,93.0,466122296,,4,Nguyễn Cư Trinh,tertiary
62314,2020-10-18T13:29:18.597Z,2020-10-18T13:29:18.597Z,411918465,5795068451,5.0,466122296,,4,Nguyễn Cư Trinh,tertiary
62315,2020-10-18T13:29:18.598Z,2020-10-18T13:29:18.598Z,5795068451,411918465,5.0,466122296,,4,Nguyễn Cư Trinh,tertiary
62316,2020-10-18T13:29:18.600Z,2020-10-18T13:29:18.600Z,5795068451,4609473130,78.0,466122296,,4,Nguyễn Cư Trinh,tertiary
62317,2020-10-18T13:29:18.602Z,2020-10-18T13:29:18.602Z,4609473130,5795068451,78.0,466122296,,4,Nguyễn Cư Trinh,tertiary
62318,2020-10-18T13:29:18.604Z,2020-10-18T13:29:18.604Z,4609473130,4609522255,25.0,466122296,,4,Nguyễn Cư Trinh,tertiary
62319,2020-10-18T13:29:18.605Z,2020-10-18T13:29:18.605Z,4609522255,4609473130,25.0,466122296,,4,Nguyễn Cư Trinh,tertiary
62320,2020-10-18T13:29:18.607Z,2020-10-18T13:29:18.607Z,4609522255,411926194,34.0,466122296,,4,Nguyễn Cư Trinh,tertiary
62321,2020-10-18T13:29:18.609Z,2020-10-18T13:29:18.609Z,411926194,4609522255,34.0,466122296,,4,Nguyễn Cư Trinh,tertiary
62322,2020-10-18T13:29:18.611Z,2020-10-18T13:29:18.611Z,4603755778,4609969792,26.0,466123679,,4,Nguyễn Cư Trinh,tertiary
62323,2020-10-18T13:29:18.613Z,2020-10-18T13:29:18.613Z,4666207256,5444117924,109.0,466130926,,4,Phạm Hồng Thái,tertiary
62324,2020-10-18T13:29:18.614Z,2020-10-18T13:29:18.614Z,5444117924,5444117925,66.0,466130926,,4,Phạm Hồng Thái,tertiary
62325,2020-10-18T13:29:18.616Z,2020-10-18T13:29:18.616Z,5444117925,4605017322,69.0,466130926,,4,Phạm Hồng Thái,tertiary
62326,2020-10-18T13:29:18.618Z,2021-04-04T14:45:45.732Z,4610625915,4610625916,6.0,466200149,,2,Phường Bến Thành,primary
62327,2020-10-18T13:29:18.620Z,2021-04-04T14:45:43.404Z,4610625916,4610625917,5.0,466200149,,2,Phường Bến Thành,primary
62328,2020-10-18T13:29:18.622Z,2021-04-04T14:45:42.106Z,4610625917,4610625918,6.0,466200149,,2,Phường Bến Thành,primary
62329,2020-10-18T13:29:18.623Z,2021-04-04T14:45:38.767Z,4610625918,4610625919,5.0,466200149,,2,Phường Bến Thành,primary
62330,2020-10-18T13:29:18.625Z,2021-04-04T14:45:37.512Z,4610625919,4610625920,5.0,466200149,,2,Phường Bến Thành,primary
62331,2020-10-18T13:29:18.628Z,2021-04-04T14:45:35.809Z,4610625920,4610621999,5.0,466200149,,2,Phường Bến Thành,primary
62332,2020-10-18T13:29:18.632Z,2021-04-04T14:45:34.544Z,4610621999,4610622001,5.0,466200149,,2,Phường Bến Thành,primary
62333,2020-10-18T13:29:18.635Z,2021-04-04T14:45:33.314Z,4610622001,4610625909,5.0,466200149,,2,Phường Bến Thành,primary
62334,2020-10-18T13:29:18.638Z,2021-04-04T14:45:31.643Z,4610625909,4666207251,5.0,466200149,,2,Phường Bến Thành,primary
62335,2020-10-18T13:29:18.640Z,2021-04-04T14:45:25.949Z,4666207251,4610625910,4.0,466200149,,2,Phường Bến Thành,primary
62336,2020-10-18T13:29:18.653Z,2021-04-04T14:45:22.402Z,4610625910,4610625911,4.0,466200149,,2,Phường Bến Thành,primary
62337,2020-10-18T13:29:18.657Z,2021-04-04T14:45:21.129Z,4610625911,4666207253,4.0,466200149,,2,Phường Bến Thành,primary
62338,2020-10-18T13:29:18.659Z,2021-04-04T14:45:17.727Z,4666207253,4610625912,4.0,466200149,,2,Phường Bến Thành,primary
62339,2020-10-18T13:29:18.661Z,2021-04-04T14:45:16.450Z,4610625912,5444117922,4.0,466200149,,2,Phường Bến Thành,primary
62340,2020-10-18T13:29:18.663Z,2021-04-04T14:45:14.178Z,5444117922,5763168821,3.0,466200149,,2,Phường Bến Thành,primary
62341,2020-10-18T13:29:18.668Z,2021-04-04T14:45:11.546Z,5763168821,4610625914,2.0,466200149,,2,Phường Bến Thành,primary
62342,2020-10-18T13:29:18.672Z,2021-04-04T14:45:08.970Z,4610625914,4610622002,4.0,466200149,,2,Phường Bến Thành,primary
62343,2020-10-18T13:29:18.674Z,2021-04-04T14:45:07.377Z,4610622002,5500064107,4.0,466200149,,2,Phường Bến Thành,primary
62344,2020-10-18T13:29:18.678Z,2021-04-04T14:45:05.081Z,5500064107,4610622003,4.0,466200149,,2,Phường Bến Thành,primary
62345,2020-10-18T13:29:18.680Z,2021-04-04T14:45:03.391Z,4610622003,5763168822,4.0,466200149,,2,Phường Bến Thành,primary
62346,2020-10-18T13:29:18.683Z,2021-04-04T14:45:02.112Z,5763168822,4610622004,4.0,466200149,,2,Phường Bến Thành,primary
62347,2020-10-18T13:29:18.685Z,2021-04-04T14:45:00.824Z,4610622004,4610622005,4.0,466200149,,2,Phường Bến Thành,primary
62348,2020-10-18T13:29:18.687Z,2021-04-04T14:44:59.547Z,4610622005,5500064108,4.0,466200149,,2,Phường Bến Thành,primary
62349,2020-10-18T13:29:18.690Z,2021-04-04T14:44:54.400Z,5500064108,4610649700,4.0,466200149,,2,Phường Bến Thành,primary
62350,2020-10-18T13:29:18.692Z,2021-04-04T14:44:53.153Z,4610649700,4610625915,6.0,466200149,,2,Phường Bến Thành,primary
62351,2020-10-18T13:29:18.694Z,2021-04-04T14:44:51.870Z,4610643513,4610643514,5.0,466200720,,3,Đường Nguyễn Thị Nghĩa,primary_link
62352,2020-10-18T13:29:18.697Z,2021-04-04T14:44:50.577Z,4610643514,4610643515,4.0,466200720,,3,Đường Nguyễn Thị Nghĩa,primary_link
62353,2020-10-18T13:29:18.700Z,2021-04-04T14:44:49.323Z,4610643515,4610643516,5.0,466200720,,3,Phạm Hồng Thái,primary_link
62354,2020-10-18T13:29:18.703Z,2021-04-04T14:44:48.048Z,4610643516,4666207258,4.0,466200720,,3,Phạm Hồng Thái,primary_link
62355,2020-10-18T13:29:18.705Z,2021-04-04T14:44:44.537Z,4666207258,4666207257,4.0,466200720,,3,Phạm Hồng Thái,primary_link
62359,2020-10-18T13:29:18.725Z,2021-04-04T14:44:40.851Z,4610649700,4610625915,4.997185725832404,466203917,,2,Đường Cách Mạng Tháng Tám,primary
84682,2020-10-18T13:29:18.725Z,2021-04-04T14:44:40.851Z,4610625915,4666211847,3.0028142741675965,466203917,,2,Đường Cách Mạng Tháng Tám,primary
62357,2020-10-18T13:29:18.728Z,2021-04-04T14:44:38.274Z,4666211847,4610643517,22.0,466203917,,2,Đường Cách Mạng Tháng Tám,primary
62358,2020-10-18T13:29:18.739Z,2021-04-04T14:44:36.039Z,2616958835,4666207251,14.0,466204240,,3,Đường Nguyễn Trãi,secondary
62370,2020-10-18T13:29:18.782Z,2021-04-04T14:44:06.436Z,1996655028,4611694204,5.0,466361669,,3,Bến Hàm Tử,primary_link
62371,2020-10-18T13:29:18.785Z,2021-04-04T14:44:03.013Z,4611694204,1996655028,5.0,466361669,,3,Bến Hàm Tử,primary_link
62372,2020-10-18T13:29:18.787Z,2021-04-04T14:44:00.736Z,4611694204,4611694207,4.0,466361669,,3,Bến Hàm Tử,primary_link
62373,2020-10-18T13:29:18.790Z,2021-04-04T14:43:58.533Z,4611694207,4611694204,4.0,466361669,,3,Bến Hàm Tử,primary_link
62374,2020-10-18T13:29:18.794Z,2021-04-04T14:43:56.537Z,4611694207,4611694205,4.0,466361669,,3,Bến Hàm Tử,primary_link
62375,2020-10-18T13:29:18.808Z,2021-04-04T14:43:54.701Z,4611694205,4611694207,4.0,466361669,,3,Bến Hàm Tử,primary_link
62376,2020-10-18T13:29:18.811Z,2021-04-04T14:43:53.160Z,4611694205,4611694208,4.0,466361669,,3,Đường Võ Văn Kiệt,primary_link
62377,2020-10-18T13:29:18.813Z,2021-04-04T14:43:51.888Z,4611694208,4611694205,4.0,466361669,,3,Đường Võ Văn Kiệt,primary_link
62378,2020-10-18T13:29:18.817Z,2021-04-04T14:43:50.590Z,4611694208,4611694206,3.0,466361669,,3,Đường Võ Văn Kiệt,primary_link
62379,2020-10-18T13:29:18.820Z,2021-04-04T14:43:48.464Z,4611694206,4611694208,3.0,466361669,,3,Đường Võ Văn Kiệt,primary_link
62380,2020-10-18T13:29:18.824Z,2021-04-04T14:43:45.674Z,4611694206,1996654170,7.0,466361669,,3,Đường Võ Văn Kiệt,primary_link
62381,2020-10-18T13:29:18.828Z,2021-04-04T14:43:44.410Z,1996654170,4611694206,7.0,466361669,,3,Đường Võ Văn Kiệt,primary_link
62430,2020-10-18T13:29:18.977Z,2020-10-18T13:29:18.977Z,1996745826,5817380553,203.0,466364979,60.0,1,Võ Văn Kiệt,trunk
62431,2020-10-18T13:29:18.980Z,2020-10-18T13:29:18.980Z,5817380553,4609356099,18.0,466364979,60.0,1,Võ Văn Kiệt,trunk
62432,2020-10-18T13:29:18.984Z,2020-10-18T13:29:18.984Z,4609356099,3181284826,28.0,466364979,60.0,1,Võ Văn Kiệt,trunk
62433,2020-10-18T13:29:18.987Z,2020-10-18T13:29:18.987Z,3181284826,1996654523,50.0,466364979,60.0,1,Võ Văn Kiệt,trunk
62434,2020-10-18T13:29:18.990Z,2020-10-18T13:29:18.990Z,1996654523,4609356035,18.0,466364979,60.0,1,Võ Văn Kiệt,trunk
62435,2020-10-18T13:29:18.992Z,2020-10-18T13:29:18.992Z,4609356035,1996654393,17.0,466364979,60.0,1,Võ Văn Kiệt,trunk
62436,2020-10-18T13:29:18.995Z,2020-10-18T13:29:18.995Z,1996654393,706286083,23.0,466364979,60.0,1,Võ Văn Kiệt,trunk
62437,2020-10-18T13:29:18.998Z,2020-10-18T13:29:18.998Z,706286083,4609356036,20.0,466364979,60.0,1,Võ Văn Kiệt,trunk
62438,2020-10-18T13:29:19.017Z,2020-10-18T13:29:19.017Z,4609356036,706286033,18.0,466364979,60.0,1,Võ Văn Kiệt,trunk
62439,2020-10-18T13:29:19.020Z,2020-10-18T13:29:19.020Z,706286033,4609356071,9.0,466364979,60.0,1,Võ Văn Kiệt,trunk
62440,2020-10-18T13:29:19.023Z,2020-10-18T13:29:19.023Z,4609356071,4609356033,8.0,466364979,60.0,1,Võ Văn Kiệt,trunk
62441,2020-10-18T13:29:19.025Z,2020-10-18T13:29:19.025Z,4609356033,4609356032,15.0,466364979,60.0,1,Võ Văn Kiệt,trunk
62442,2020-10-18T13:29:19.029Z,2020-10-18T13:29:19.029Z,4609356032,2327217355,23.0,466364979,60.0,1,Võ Văn Kiệt,trunk
62443,2020-10-18T13:29:19.031Z,2020-10-18T13:29:19.031Z,2327217355,925113579,96.0,466364979,60.0,1,Võ Văn Kiệt,trunk
62444,2020-10-18T13:29:19.034Z,2020-10-18T13:29:19.034Z,925113579,925113594,59.0,466364979,60.0,1,Võ Văn Kiệt,trunk
62445,2020-10-18T13:29:19.037Z,2020-10-18T13:29:19.037Z,925113594,1996653972,36.0,466364979,60.0,1,Võ Văn Kiệt,trunk
62446,2020-10-18T13:29:19.039Z,2020-10-18T13:29:19.039Z,1996653972,4611905374,11.0,466364979,60.0,1,Võ Văn Kiệt,trunk
62447,2020-10-18T13:29:19.042Z,2020-10-18T13:29:19.042Z,4611905374,4611905371,32.0,466364979,60.0,1,Võ Văn Kiệt,trunk
62448,2020-10-18T13:29:19.047Z,2020-10-18T13:29:19.047Z,4611905371,925113582,33.0,466364979,60.0,1,Võ Văn Kiệt,trunk
62449,2020-10-18T13:29:19.051Z,2020-10-18T13:29:19.051Z,925113582,706286126,32.0,466364979,60.0,1,Võ Văn Kiệt,trunk
62450,2020-10-18T13:29:19.055Z,2020-10-18T13:29:19.055Z,706286126,4671747214,29.0,466364979,60.0,1,Võ Văn Kiệt,trunk
62451,2020-10-18T13:29:19.070Z,2020-10-18T13:29:19.070Z,4671747214,925113577,29.0,466364979,60.0,1,Võ Văn Kiệt,trunk
62452,2020-10-18T13:29:19.077Z,2020-10-18T13:29:19.077Z,925113577,4671747215,22.0,466364979,60.0,1,Võ Văn Kiệt,trunk
62453,2020-10-18T13:29:19.086Z,2020-10-18T13:29:19.086Z,4671747215,706286129,20.0,466364979,60.0,1,Võ Văn Kiệt,trunk
62454,2020-10-18T13:29:19.090Z,2020-10-18T13:29:19.090Z,706286129,706286085,38.0,466364979,60.0,1,Võ Văn Kiệt,trunk
62455,2020-10-18T13:29:19.094Z,2020-10-18T13:29:19.094Z,706286085,706286194,43.0,466364979,60.0,1,Võ Văn Kiệt,trunk
62456,2020-10-18T13:29:19.097Z,2020-10-18T13:29:19.097Z,706286194,706286166,34.0,466364979,60.0,1,Võ Văn Kiệt,trunk
62457,2020-10-18T13:29:19.101Z,2020-10-18T13:29:19.101Z,706286166,706286001,26.0,466364979,60.0,1,Võ Văn Kiệt,trunk
62458,2020-10-18T13:29:19.104Z,2020-10-18T13:29:19.104Z,706286001,706286232,28.0,466364979,60.0,1,Võ Văn Kiệt,trunk
62459,2020-10-18T13:29:19.109Z,2020-10-18T13:29:19.109Z,706286232,706286107,57.0,466364979,60.0,1,Võ Văn Kiệt,trunk
62460,2020-10-18T13:29:19.112Z,2020-10-18T13:29:19.112Z,706286107,925138128,31.0,466364979,60.0,1,Võ Văn Kiệt,trunk
62461,2020-10-18T13:29:19.116Z,2020-10-18T13:29:19.116Z,925138128,706286065,37.0,466364979,60.0,1,Võ Văn Kiệt,trunk
62462,2020-10-18T13:29:19.119Z,2020-10-18T13:29:19.119Z,706286065,3181284824,11.0,466364979,60.0,1,Võ Văn Kiệt,trunk
62463,2020-10-18T13:29:19.122Z,2020-10-18T13:29:19.122Z,3181284824,706286066,12.0,466364979,60.0,1,Võ Văn Kiệt,trunk
62464,2020-10-18T13:29:19.126Z,2020-10-18T13:29:19.126Z,706286066,706286016,22.0,466364979,60.0,1,Võ Văn Kiệt,trunk
62465,2020-10-18T13:29:19.129Z,2020-10-18T13:29:19.129Z,706286016,706286149,25.0,466364979,60.0,1,Võ Văn Kiệt,trunk
62466,2020-10-18T13:29:19.133Z,2020-10-18T13:29:19.133Z,706286149,4609356081,21.0,466364979,60.0,1,Võ Văn Kiệt,trunk
62467,2020-10-18T13:29:19.136Z,2020-10-18T13:29:19.136Z,4609356081,706286111,15.0,466364979,60.0,1,Võ Văn Kiệt,trunk
62468,2020-10-18T13:29:19.139Z,2020-10-18T13:29:19.139Z,706286111,4609356080,30.0,466364979,60.0,1,Võ Văn Kiệt,trunk
62469,2020-10-18T13:29:19.143Z,2020-10-18T13:29:19.143Z,4609356080,925138135,26.0,466364979,60.0,1,Võ Văn Kiệt,trunk
62470,2020-10-18T13:29:19.146Z,2020-10-18T13:29:19.146Z,925138135,1996745413,24.0,466364979,60.0,1,Võ Văn Kiệt,trunk
62471,2020-10-18T13:29:19.150Z,2020-10-18T13:29:19.150Z,1996745413,2359660072,39.0,466364979,60.0,1,Võ Văn Kiệt,trunk
62472,2020-10-18T13:29:19.153Z,2020-10-18T13:29:19.153Z,2359660072,3181281960,20.0,466364979,60.0,1,Võ Văn Kiệt,trunk
62473,2020-10-18T13:29:19.157Z,2020-10-18T13:29:19.157Z,3181281960,706286219,15.0,466364979,60.0,1,Võ Văn Kiệt,trunk
62474,2020-10-18T13:29:19.160Z,2020-10-18T13:29:19.160Z,706286219,706286185,39.0,466364979,60.0,1,Võ Văn Kiệt,trunk
62475,2020-10-18T13:29:19.177Z,2020-10-18T13:29:19.177Z,706286185,1996745110,67.0,466364979,60.0,1,Võ Văn Kiệt,trunk
62476,2020-10-18T13:29:19.181Z,2020-10-18T13:29:19.181Z,1996745110,2327219050,56.0,466364979,60.0,1,Võ Văn Kiệt,trunk
62477,2020-10-18T13:29:19.184Z,2020-10-18T13:29:19.184Z,2327219050,706286035,20.0,466364979,60.0,1,Võ Văn Kiệt,trunk
62478,2020-10-18T13:29:19.188Z,2020-10-18T13:29:19.188Z,706286035,1996745738,45.0,466364979,60.0,1,Võ Văn Kiệt,trunk
62479,2020-10-18T13:29:19.192Z,2020-10-18T13:29:19.192Z,1996745738,706286245,41.0,466364979,60.0,1,Võ Văn Kiệt,trunk
62480,2020-10-18T13:29:19.196Z,2020-10-18T13:29:19.196Z,706286245,1996745414,22.0,466364979,60.0,1,Võ Văn Kiệt,trunk
62481,2020-10-18T13:29:19.199Z,2020-10-18T13:29:19.199Z,1996745414,706286247,35.0,466364979,60.0,1,Võ Văn Kiệt,trunk
62482,2020-10-18T13:29:19.203Z,2020-10-18T13:29:19.203Z,706286247,706286222,127.0,466364979,60.0,1,Võ Văn Kiệt,trunk
62483,2020-10-18T13:29:19.207Z,2020-10-18T13:29:19.207Z,706286222,5813835565,102.0,466364979,60.0,1,Võ Văn Kiệt,trunk
62484,2020-10-18T13:29:19.210Z,2020-10-18T13:29:19.210Z,5813835565,1996745531,3.0,466364979,60.0,1,Võ Văn Kiệt,trunk
62485,2020-10-18T13:29:19.215Z,2020-10-18T13:29:19.215Z,1996745531,706286089,12.0,466364979,60.0,1,Võ Văn Kiệt,trunk
62486,2020-10-18T13:29:19.219Z,2020-10-18T13:29:19.219Z,706286089,5813835563,7.0,466364979,60.0,1,Võ Văn Kiệt,trunk
62487,2020-10-18T13:29:19.222Z,2020-10-18T13:29:19.222Z,5813835563,1996745859,25.0,466364979,60.0,1,Võ Văn Kiệt,trunk
62488,2020-10-18T13:29:19.226Z,2020-10-18T13:29:19.226Z,1996745859,3181281958,10.0,466364979,60.0,1,Võ Văn Kiệt,trunk
62489,2020-10-18T13:29:19.231Z,2020-10-18T13:29:19.231Z,3181281958,706286046,19.0,466364979,60.0,1,Võ Văn Kiệt,trunk
62490,2020-10-18T13:29:19.247Z,2020-10-18T13:29:19.247Z,706286046,1996745479,40.0,466364979,60.0,1,Võ Văn Kiệt,trunk
62491,2020-10-18T13:29:19.251Z,2020-10-18T13:29:19.251Z,1996745479,706286170,31.0,466364979,60.0,1,Võ Văn Kiệt,trunk
62492,2020-10-18T13:29:19.254Z,2020-10-18T13:29:19.254Z,706286170,706286134,39.0,466364979,60.0,1,Võ Văn Kiệt,trunk
62493,2020-10-18T13:29:19.257Z,2020-10-18T13:29:19.257Z,706286134,5462422207,1.0,466364979,60.0,1,Võ Văn Kiệt,trunk
62494,2020-10-18T13:29:19.261Z,2020-10-18T13:29:19.261Z,5462422207,706286238,37.0,466364979,60.0,1,Võ Văn Kiệt,trunk
62495,2020-10-18T13:29:19.266Z,2020-10-18T13:29:19.266Z,706286238,1996654906,29.0,466364979,60.0,1,Võ Văn Kiệt,trunk
62496,2020-10-18T13:29:19.270Z,2020-10-18T13:29:19.270Z,1996654906,706286200,31.0,466364979,60.0,1,Võ Văn Kiệt,trunk
62497,2020-10-18T13:29:19.274Z,2020-10-18T13:29:19.274Z,706286200,1996655718,28.0,466364979,60.0,1,Võ Văn Kiệt,trunk
62498,2020-10-18T13:29:19.280Z,2020-10-18T13:29:19.280Z,1996655718,1996745854,34.0,466364979,60.0,1,Võ Văn Kiệt,trunk
62499,2020-10-18T13:29:19.283Z,2020-10-18T13:29:19.283Z,1996745854,706286206,25.0,466364979,60.0,1,Võ Văn Kiệt,trunk
62500,2020-10-18T13:29:19.286Z,2020-10-18T13:29:19.286Z,706286206,3761180034,16.0,466364979,60.0,1,Võ Văn Kiệt,trunk
62501,2020-10-18T13:29:19.290Z,2020-10-18T13:29:19.290Z,3761180034,1996655278,21.0,466364979,60.0,1,Võ Văn Kiệt,trunk
62502,2020-10-18T13:29:19.294Z,2020-10-18T13:29:19.294Z,1996655278,4419663830,35.0,466364979,60.0,1,Võ Văn Kiệt,trunk
62503,2020-10-18T13:29:19.297Z,2020-10-18T13:29:19.297Z,4419663830,1996745861,0.0,466364979,60.0,1,Võ Văn Kiệt,trunk
62528,2020-10-18T13:29:19.299Z,2020-10-18T13:29:19.299Z,1996745861,4419663831,8.30629192857346,466364979,60.0,1,Võ Văn Kiệt,trunk
84683,2020-10-18T13:29:19.299Z,2020-10-18T13:29:19.299Z,4419663831,1767760204,10.693708071426542,466364979,60.0,1,Võ Văn Kiệt,trunk
62505,2020-10-18T13:29:19.301Z,2020-10-18T13:29:19.301Z,1767760204,3338019284,22.0,466364979,60.0,1,Võ Văn Kiệt,trunk
62506,2020-10-18T13:29:19.303Z,2020-10-18T13:29:19.303Z,3338019284,3181281956,23.0,466364979,60.0,1,Võ Văn Kiệt,trunk
62507,2020-10-18T13:29:19.305Z,2020-10-18T13:29:19.305Z,3181281956,706286024,21.0,466364979,60.0,1,Võ Văn Kiệt,trunk
62508,2020-10-18T13:29:19.307Z,2020-10-18T13:29:19.307Z,706286024,706286242,79.0,466364979,60.0,1,Võ Văn Kiệt,trunk
62509,2020-10-18T13:29:19.310Z,2020-10-18T13:29:19.310Z,706286242,2358140872,96.0,466364979,60.0,1,Võ Văn Kiệt,trunk
62510,2020-10-18T13:29:19.313Z,2020-10-18T13:29:19.313Z,2358140872,1996745348,39.0,466364979,60.0,1,Võ Văn Kiệt,trunk
62511,2020-10-18T13:29:19.315Z,2020-10-18T13:29:19.315Z,1996745348,706286116,111.0,466364979,60.0,1,Võ Văn Kiệt,trunk
62512,2020-10-18T13:29:19.317Z,2020-10-18T13:29:19.317Z,706286116,706286072,85.0,466364979,60.0,1,Võ Văn Kiệt,trunk
62513,2020-10-18T13:29:19.319Z,2020-10-18T13:29:19.319Z,706286072,706286189,168.0,466364979,60.0,1,Võ Văn Kiệt,trunk
62514,2020-10-18T13:29:19.321Z,2020-10-18T13:29:19.321Z,706286189,1996745689,158.0,466364979,60.0,1,Võ Văn Kiệt,trunk
62515,2020-10-18T13:29:19.323Z,2020-10-18T13:29:19.323Z,1996745689,3181281953,25.0,466364979,60.0,1,Võ Văn Kiệt,trunk
62516,2020-10-18T13:29:19.325Z,2020-10-18T13:29:19.325Z,3181281953,706286156,14.0,466364979,60.0,1,Võ Văn Kiệt,trunk
62517,2020-10-18T13:29:19.327Z,2020-10-18T13:29:19.327Z,706286156,2358140554,73.0,466364979,60.0,1,Võ Văn Kiệt,trunk
62518,2020-10-18T13:29:19.329Z,2020-10-18T13:29:19.329Z,2358140554,706286160,220.0,466364979,60.0,1,Võ Văn Kiệt,trunk
62519,2020-10-18T13:29:19.332Z,2020-10-18T13:29:19.332Z,706286160,706286120,55.0,466364979,60.0,1,Võ Văn Kiệt,trunk
62520,2020-10-18T13:29:19.334Z,2020-10-18T13:29:19.334Z,706286120,706286225,50.0,466364979,60.0,1,Võ Văn Kiệt,trunk
62521,2020-10-18T13:29:19.337Z,2020-10-18T13:29:19.337Z,706286225,3181281952,23.0,466364979,60.0,1,Võ Văn Kiệt,trunk
62522,2020-10-18T13:29:19.340Z,2020-10-18T13:29:19.340Z,3181281952,1998504366,169.0,466364979,60.0,1,Võ Văn Kiệt,trunk
62523,2020-10-18T13:29:19.343Z,2020-10-18T13:29:19.343Z,1998504366,706286229,85.0,466364979,60.0,1,Võ Văn Kiệt,trunk
62524,2020-10-18T13:29:19.346Z,2020-10-18T13:29:19.346Z,706286229,5781158295,111.0,466364979,60.0,1,Võ Văn Kiệt,trunk
62525,2020-10-18T13:29:19.349Z,2020-10-18T13:29:19.349Z,5781158295,706286105,3.0,466364979,60.0,1,Võ Văn Kiệt,trunk
62526,2020-10-18T13:29:19.351Z,2020-10-18T13:29:19.351Z,706286105,5781158297,26.0,466364979,60.0,1,Võ Văn Kiệt,trunk
62527,2020-10-18T13:29:19.354Z,2020-10-18T13:29:19.354Z,5781158297,1996655496,0.0,466364979,60.0,1,Võ Văn Kiệt,trunk
62567,2020-10-18T13:29:19.508Z,2020-10-18T13:29:19.508Z,5817378549,5817378550,63.0,466364980,50.0,2,Võ Văn Kiệt,primary
62568,2020-10-18T13:29:19.513Z,2020-10-18T13:29:19.513Z,5817378550,5817378551,127.0,466364980,50.0,2,Võ Văn Kiệt,primary
62569,2020-10-18T13:29:19.516Z,2020-10-18T13:29:19.516Z,5817378551,5816871656,18.0,466364980,50.0,2,Võ Văn Kiệt,primary
62570,2020-10-18T13:29:19.528Z,2020-10-18T13:29:19.528Z,5816871656,4609356078,102.0,466364980,50.0,2,Võ Văn Kiệt,primary
62571,2020-10-18T13:29:19.531Z,2020-10-18T13:29:19.531Z,4609356078,4609356079,11.0,466364980,50.0,2,Võ Văn Kiệt,primary
62572,2020-10-18T13:29:19.533Z,2020-10-18T13:29:19.533Z,4609356079,4609356075,66.0,466364980,50.0,2,Võ Văn Kiệt,primary
62573,2020-10-18T13:29:19.536Z,2020-10-18T13:29:19.536Z,4609356075,4609356026,2.0,466364980,50.0,2,Võ Văn Kiệt,primary
62574,2020-10-18T13:29:19.539Z,2020-10-18T13:29:19.539Z,4609356026,4609356077,3.0,466364980,50.0,2,Võ Văn Kiệt,primary
62575,2020-10-18T13:29:19.542Z,2020-10-18T13:29:19.542Z,4609356077,4609356092,19.0,466364980,50.0,2,Võ Văn Kiệt,primary
62576,2020-10-18T13:29:19.545Z,2020-10-18T13:29:19.545Z,4609356092,4609356090,152.0,466364980,50.0,2,Võ Văn Kiệt,primary
62577,2020-10-18T13:29:19.547Z,2020-10-18T13:29:19.547Z,4609356090,4609356076,23.0,466364980,50.0,2,Võ Văn Kiệt,primary
62578,2020-10-18T13:29:19.550Z,2020-10-18T13:29:19.550Z,4609356076,4609356089,27.0,466364980,50.0,2,Võ Văn Kiệt,primary
62579,2020-10-18T13:29:19.553Z,2020-10-18T13:29:19.553Z,4609356089,4609356087,23.0,466364980,50.0,2,Võ Văn Kiệt,primary
62580,2020-10-18T13:29:19.557Z,2020-10-18T13:29:19.557Z,4609356087,4609356088,24.0,466364980,50.0,2,Võ Văn Kiệt,primary
62581,2020-10-18T13:29:19.560Z,2020-10-18T13:29:19.560Z,4609356088,4677381715,34.0,466364980,50.0,2,Võ Văn Kiệt,primary
62582,2020-10-18T13:29:19.563Z,2020-10-18T13:29:19.563Z,4677381715,4677381714,36.0,466364980,50.0,2,Võ Văn Kiệt,primary
62583,2020-10-18T13:29:19.566Z,2020-10-18T13:29:19.566Z,4677381714,4677381713,32.0,466364980,50.0,2,Võ Văn Kiệt,primary
62584,2020-10-18T13:29:19.568Z,2020-10-18T13:29:19.568Z,4677381713,4677381712,19.0,466364980,50.0,2,Võ Văn Kiệt,primary
62585,2020-10-18T13:29:19.571Z,2020-10-18T13:29:19.571Z,4677381712,2358137400,17.0,466364980,50.0,2,Võ Văn Kiệt,primary
62612,2020-10-18T13:29:19.662Z,2021-04-04T14:43:28.409Z,4611905370,5813970742,28.0,466386934,,3,An Bình,primary_link
62613,2020-10-18T13:29:19.667Z,2021-04-04T14:43:27.119Z,366383770,4611905368,18.0,466386935,,3,Đường Võ Văn Kiệt,primary_link
62614,2020-10-18T13:29:19.673Z,2021-04-04T14:43:23.381Z,4611905368,5813970741,9.0,466386935,,3,An Bình,primary_link
62615,2020-10-18T13:29:19.676Z,2021-04-04T14:43:20.703Z,4611905378,4611905371,22.0,466386937,,3,Đường Võ Văn Kiệt,primary_link
62616,2020-10-18T13:29:19.694Z,2021-04-04T14:43:17.255Z,4611905371,4611905372,7.0,466386937,,3,Đường Võ Văn Kiệt,primary_link
62617,2020-10-18T13:29:19.698Z,2021-04-04T14:43:16.002Z,4611905373,4611905374,7.0,466386938,,3,Đường Võ Văn Kiệt,primary_link
62618,2020-10-18T13:29:19.715Z,2021-04-04T14:43:14.767Z,4611905374,4611905378,19.0,466386938,,3,Võ Văn Kiệt,primary_link
62619,2020-10-18T13:29:19.719Z,2021-04-04T14:43:13.535Z,5813970744,4611905376,11.0,466386939,,3,An Bình,primary_link
62620,2020-10-18T13:29:19.722Z,2021-04-04T14:43:12.020Z,4611905376,4611905375,8.0,466386939,,3,An Bình,primary_link
62621,2020-10-18T13:29:19.725Z,2021-04-04T14:43:10.729Z,4611905375,4611905377,9.0,466386939,,3,Đường Võ Văn Kiệt,primary_link
62622,2020-10-18T13:29:19.729Z,2021-04-04T14:43:08.164Z,4611905377,4611905362,12.0,466386939,,3,Đường Võ Văn Kiệt,primary_link
62623,2020-10-18T13:29:19.734Z,2020-10-18T13:29:19.734Z,411924874,4612970101,10.0,466513741,,2,Cách Mạng Tháng Tám,primary
62634,2020-10-18T13:29:19.772Z,2021-04-04T14:42:43.296Z,4614008662,4614008663,2.0,466642759,,4,Phường Nguyễn Cư Trinh,tertiary
62635,2020-10-18T13:29:19.776Z,2021-04-04T14:42:41.694Z,4614008663,4614008664,2.0,466642759,,4,Phường Nguyễn Cư Trinh,tertiary
62636,2020-10-18T13:29:19.780Z,2021-04-04T14:42:39.252Z,4614008664,4666242306,2.0,466642759,,4,Phường Nguyễn Cư Trinh,tertiary
62637,2020-10-18T13:29:19.783Z,2021-04-04T14:42:35.482Z,4666242306,4666242309,2.0,466642759,,4,Phường Nguyễn Cư Trinh,tertiary
62638,2020-10-18T13:29:19.786Z,2021-04-04T14:42:34.031Z,4666242309,4666242310,2.0,466642759,,4,Phường Nguyễn Cư Trinh,tertiary
62639,2020-10-18T13:29:19.789Z,2021-04-04T14:42:32.762Z,4666242310,4614008665,2.0,466642759,,4,Phường Nguyễn Cư Trinh,tertiary
62640,2020-10-18T13:29:19.792Z,2021-04-04T14:42:31.497Z,4614008665,4614008666,2.0,466642759,,4,Phường Nguyễn Cư Trinh,tertiary
62641,2020-10-18T13:29:19.795Z,2021-04-04T14:42:30.199Z,4614008666,4614008667,2.0,466642759,,4,Phường Nguyễn Cư Trinh,tertiary
62642,2020-10-18T13:29:19.798Z,2021-04-04T14:42:28.951Z,4614008667,4614008669,2.0,466642759,,4,Phường Nguyễn Cư Trinh,tertiary
62643,2020-10-18T13:29:19.800Z,2021-04-04T14:42:25.170Z,4614008669,4614007681,2.0,466642759,,4,Phường Nguyễn Cư Trinh,tertiary
62644,2020-10-18T13:29:19.815Z,2021-04-04T14:42:22.918Z,4614007681,4614007682,2.0,466642759,,4,Phường Nguyễn Cư Trinh,tertiary
62645,2020-10-18T13:29:19.818Z,2021-04-04T14:42:20.641Z,4614007682,4603755778,2.0,466642759,,4,Phường Nguyễn Cư Trinh,tertiary
62646,2020-10-18T13:29:19.821Z,2021-04-04T14:42:18.073Z,4603755778,4614008656,2.0,466642759,,4,Phường Nguyễn Cư Trinh,tertiary
62647,2020-10-18T13:29:19.823Z,2021-04-04T14:42:16.787Z,4614008656,4614008657,2.0,466642759,,4,Phường Nguyễn Cư Trinh,tertiary
62648,2020-10-18T13:29:19.827Z,2021-04-04T14:42:14.499Z,4614008657,4614008658,2.0,466642759,,4,Phường Nguyễn Cư Trinh,tertiary
62649,2020-10-18T13:29:19.831Z,2021-04-04T14:42:04.720Z,4614008658,4666242302,2.0,466642759,,4,Phường Nguyễn Cư Trinh,tertiary
62650,2020-10-18T13:29:19.835Z,2021-04-04T14:42:03.450Z,4666242302,4666242303,2.0,466642759,,4,Phường Nguyễn Cư Trinh,tertiary
62651,2020-10-18T13:29:19.839Z,2021-04-04T14:42:00.230Z,4666242303,4666242300,2.0,466642759,,4,Phường Nguyễn Cư Trinh,tertiary
62652,2020-10-18T13:29:19.843Z,2021-04-04T14:41:57.527Z,4666242300,4614008660,1.0,466642759,,4,Phường Nguyễn Cư Trinh,tertiary
62653,2020-10-18T13:29:19.846Z,2021-04-04T14:41:53.246Z,4614008660,4614008661,1.0,466642759,,4,Phường Nguyễn Cư Trinh,tertiary
62654,2020-10-18T13:29:19.849Z,2021-04-04T14:41:51.017Z,4614008661,4666242301,1.0,466642759,,4,Phường Nguyễn Cư Trinh,tertiary
62655,2020-10-18T13:29:19.851Z,2021-04-04T14:41:49.731Z,4666242301,4614007684,2.0,466642759,,4,Phường Nguyễn Cư Trinh,tertiary
62656,2020-10-18T13:29:19.854Z,2021-04-04T14:41:48.463Z,4614007684,4614008662,2.0,466642759,,4,Phường Nguyễn Cư Trinh,tertiary
62657,2020-10-18T13:29:19.856Z,2020-10-18T13:29:19.856Z,4603755772,4613979673,7.0,466643134,,4,Cống Quỳnh,tertiary
62658,2020-10-18T13:29:19.859Z,2020-10-18T13:29:19.859Z,4613979673,4666242304,3.0,466643134,,4,Cống Quỳnh,tertiary
62661,2020-10-18T13:29:19.861Z,2020-10-18T13:29:19.861Z,4666242304,4614007681,3.953909463018448,466643134,,4,Cống Quỳnh,tertiary
84684,2020-10-18T13:29:19.861Z,2020-10-18T13:29:19.861Z,4614007681,4614008669,1.6970025382840839,466643134,,4,Cống Quỳnh,tertiary
84685,2020-10-18T13:29:19.861Z,2020-10-18T13:29:19.861Z,4614008669,4614007682,3.349087998697468,466643134,,4,Cống Quỳnh,tertiary
62662,2020-10-18T13:29:19.864Z,2020-10-18T13:29:19.864Z,4609969792,4666242302,25.71398367514625,466643375,,4,Nguyễn Cư Trinh,tertiary
84686,2020-10-18T13:29:19.864Z,2020-10-18T13:29:19.864Z,4666242302,4666242303,2.1432371952030946,466643375,,4,Nguyễn Cư Trinh,tertiary
84687,2020-10-18T13:29:19.864Z,2020-10-18T13:29:19.864Z,4666242303,4666242300,2.142779129650655,466643375,,4,Nguyễn Cư Trinh,tertiary
62693,2020-10-18T13:29:20.000Z,2020-10-18T13:29:20.000Z,5802993761,5802993728,63.0,466898001,,4,Ngô Quyền,tertiary
62694,2020-10-18T13:29:20.010Z,2020-10-18T13:29:20.010Z,5802993728,5802993761,63.0,466898001,,4,Ngô Quyền,tertiary
62695,2020-10-18T13:29:20.014Z,2020-10-18T13:29:20.014Z,5802993728,5802993727,17.0,466898001,,4,Ngô Quyền,tertiary
62696,2020-10-18T13:29:20.019Z,2020-10-18T13:29:20.019Z,5802993727,5802993728,17.0,466898001,,4,Ngô Quyền,tertiary
62697,2020-10-18T13:29:20.023Z,2020-10-18T13:29:20.023Z,5802993727,5816931420,123.0,466898001,,4,Ngô Quyền,tertiary
62698,2020-10-18T13:29:20.027Z,2020-10-18T13:29:20.027Z,5816931420,5802993727,123.0,466898001,,4,Ngô Quyền,tertiary
62699,2020-10-18T13:29:20.049Z,2020-10-18T13:29:20.049Z,5816931420,5816931384,69.0,466898001,,4,Ngô Quyền,tertiary
62700,2020-10-18T13:29:20.060Z,2020-10-18T13:29:20.060Z,5816931384,5816931420,69.0,466898001,,4,Ngô Quyền,tertiary
62701,2020-10-18T13:29:20.063Z,2020-10-18T13:29:20.063Z,5816931384,5816931419,102.0,466898001,,4,Ngô Quyền,tertiary
62702,2020-10-18T13:29:20.067Z,2020-10-18T13:29:20.067Z,5816931419,5816931384,102.0,466898001,,4,Ngô Quyền,tertiary
62703,2020-10-18T13:29:20.071Z,2020-10-18T13:29:20.071Z,5816931419,5816931143,78.0,466898001,,4,Ngô Quyền,tertiary
62704,2020-10-18T13:29:20.073Z,2020-10-18T13:29:20.073Z,5816931143,5816931419,78.0,466898001,,4,Ngô Quyền,tertiary
62705,2020-10-18T13:29:20.076Z,2020-10-18T13:29:20.076Z,5816931143,5816931144,117.0,466898001,,4,Ngô Quyền,tertiary
62706,2020-10-18T13:29:20.079Z,2020-10-18T13:29:20.079Z,5816931144,5816931143,117.0,466898001,,4,Ngô Quyền,tertiary
62707,2020-10-18T13:29:20.082Z,2021-04-04T14:41:03.113Z,5802993761,5780574588,18.0,466898002,,4,Đường Ngô Quyền,tertiary
62708,2020-10-18T13:29:20.085Z,2021-04-04T14:41:01.886Z,5780574588,4616051263,27.0,466898002,,4,Đường Ngô Quyền,tertiary
62709,2020-10-18T13:29:20.087Z,2021-04-04T14:41:00.632Z,4616051263,5817284442,4.0,466898002,,4,Đường Ngô Quyền,tertiary
62710,2020-10-18T13:29:20.089Z,2021-04-04T14:40:59.342Z,5817284442,5780574590,12.0,466898002,,4,Đường Ngô Quyền,tertiary
62711,2020-10-18T13:29:20.091Z,2021-04-04T14:40:57.624Z,5780574590,5780574589,14.0,466898003,,4,Đường Ngô Quyền,tertiary
62712,2020-10-18T13:29:20.093Z,2021-04-04T14:40:56.324Z,5780574589,4616029241,26.0,466898003,,4,Đường Ngô Quyền,tertiary
62713,2020-10-18T13:29:20.095Z,2021-04-04T14:40:54.017Z,4616029241,5802993761,18.0,466898003,,4,Đường Ngô Quyền,tertiary
62714,2020-10-18T13:29:20.097Z,2021-04-04T14:40:52.379Z,4616029241,5780574588,12.0,466898004,,2,Đường Hồng Bàng,primary
62715,2020-10-18T13:29:20.099Z,2021-04-04T14:40:49.779Z,4616051263,5780574589,15.0,466898005,,2,Đường Hồng Bàng,primary
62716,2020-10-18T13:29:20.102Z,2020-10-18T13:29:20.102Z,5817284442,5802993763,16.0,466900849,40.0,4,Ngô Gia Tự,tertiary
62717,2020-10-18T13:29:20.104Z,2020-10-18T13:29:20.104Z,5802993763,5817284442,16.0,466900849,40.0,4,Ngô Gia Tự,tertiary
62718,2020-10-18T13:29:20.106Z,2020-10-18T13:29:20.106Z,5802993763,4616051257,13.0,466900849,40.0,4,Ngô Gia Tự,tertiary
62719,2020-10-18T13:29:20.108Z,2020-10-18T13:29:20.108Z,4616051257,5802993763,13.0,466900849,40.0,4,Ngô Gia Tự,tertiary
62720,2020-10-18T13:29:20.110Z,2020-10-18T13:29:20.110Z,4616051257,4616051266,282.0,466900849,40.0,4,Ngô Gia Tự,tertiary
62721,2020-10-18T13:29:20.113Z,2020-10-18T13:29:20.113Z,4616051266,4616051257,282.0,466900849,40.0,4,Ngô Gia Tự,tertiary
62722,2020-10-18T13:29:20.117Z,2020-10-18T13:29:20.117Z,4616051266,4616051258,154.0,466900849,40.0,4,Ngô Gia Tự,tertiary
62723,2020-10-18T13:29:20.141Z,2020-10-18T13:29:20.141Z,4616051258,4616051266,154.0,466900849,40.0,4,Ngô Gia Tự,tertiary
62724,2020-10-18T13:29:20.145Z,2020-10-18T13:29:20.145Z,4621933724,4616051260,158.0,466900850,,4,Ngô Gia Tự,tertiary
62725,2020-10-18T13:29:20.148Z,2020-10-18T13:29:20.148Z,4616051260,5803395566,100.0,466900850,,4,Ngô Gia Tự,tertiary
62726,2020-10-18T13:29:20.151Z,2020-10-18T13:29:20.151Z,5803395566,5803394824,103.0,466900850,,4,Ngô Gia Tự,tertiary
62727,2020-10-18T13:29:20.154Z,2020-10-18T13:29:20.154Z,5803394824,4616051259,80.0,466900850,,4,Ngô Gia Tự,tertiary
62728,2020-10-18T13:29:20.156Z,2020-10-18T13:29:20.156Z,4616051259,5802993763,14.0,466900850,,4,Ngô Gia Tự,tertiary
62765,2020-10-18T13:29:20.262Z,2021-04-04T14:40:28.294Z,1996655306,1996654292,20.0,467188187,,2,Đường Võ Văn Kiệt,primary
62868,2020-10-18T13:29:20.598Z,2020-10-18T13:29:20.598Z,4621858728,4631403302,10.0,467581823,,2,An Dương Vương,primary
62869,2020-10-18T13:29:20.600Z,2020-10-18T13:29:20.600Z,4631403302,4621858729,223.0,467581823,,2,An Dương Vương,primary
62870,2020-10-18T13:29:20.602Z,2020-10-18T13:29:20.602Z,4621858729,5805665984,67.0,467581823,,2,An Dương Vương,primary
62871,2020-10-18T13:29:20.604Z,2020-10-18T13:29:20.604Z,5805665984,4640056766,66.0,467581823,,2,An Dương Vương,primary
62872,2020-10-18T13:29:20.607Z,2020-10-18T13:29:20.607Z,4640056766,3151254798,18.0,467581823,,2,An Dương Vương,primary
62873,2020-10-18T13:29:20.610Z,2020-10-18T13:29:20.610Z,3151254798,2300363368,91.0,467581823,,2,An Dương Vương,primary
62898,2020-10-18T13:29:20.698Z,2020-10-18T13:29:20.698Z,5780641549,5598914636,52.0,467714905,,4,Trần Bình Trọng,tertiary
62899,2020-10-18T13:29:20.701Z,2020-10-18T13:29:20.701Z,5598914636,5780641549,52.0,467714905,,4,Trần Bình Trọng,tertiary
62900,2020-10-18T13:29:20.703Z,2020-10-18T13:29:20.703Z,5598914636,366418906,69.0,467714905,,4,Trần Bình Trọng,tertiary
62901,2020-10-18T13:29:20.705Z,2020-10-18T13:29:20.705Z,366418906,5598914636,69.0,467714905,,4,Trần Bình Trọng,tertiary
62902,2020-10-18T13:29:20.707Z,2020-10-18T13:29:20.707Z,366418906,4623159860,28.0,467714905,,4,Trần Bình Trọng,tertiary
62903,2020-10-18T13:29:20.710Z,2020-10-18T13:29:20.710Z,4623159860,366418906,28.0,467714905,,4,Trần Bình Trọng,tertiary
62904,2020-10-18T13:29:20.715Z,2020-10-18T13:29:20.715Z,4623159860,5794913295,37.0,467714905,,4,Trần Bình Trọng,tertiary
62905,2020-10-18T13:29:20.727Z,2020-10-18T13:29:20.727Z,5794913295,4623159860,37.0,467714905,,4,Trần Bình Trọng,tertiary
62906,2020-10-18T13:29:20.729Z,2020-10-18T13:29:20.729Z,5794913295,4623159863,41.0,467714905,,4,Trần Bình Trọng,tertiary
62907,2020-10-18T13:29:20.731Z,2020-10-18T13:29:20.731Z,4623159863,5794913295,41.0,467714905,,4,Trần Bình Trọng,tertiary
62908,2020-10-18T13:29:20.734Z,2020-10-18T13:29:20.734Z,4623159863,5794913327,51.0,467714905,,4,Trần Bình Trọng,tertiary
62909,2020-10-18T13:29:20.735Z,2020-10-18T13:29:20.735Z,5794913327,4623159863,51.0,467714905,,4,Trần Bình Trọng,tertiary
62910,2020-10-18T13:29:20.737Z,2020-10-18T13:29:20.737Z,5794913327,5794928488,50.0,467714905,,4,Trần Bình Trọng,tertiary
62911,2020-10-18T13:29:20.739Z,2020-10-18T13:29:20.739Z,5794928488,5794913327,50.0,467714905,,4,Trần Bình Trọng,tertiary
62912,2020-10-18T13:29:20.741Z,2020-10-18T13:29:20.741Z,5794928488,1793489523,116.0,467714905,,4,Trần Bình Trọng,tertiary
62913,2020-10-18T13:29:20.744Z,2020-10-18T13:29:20.744Z,1793489523,5794928488,116.0,467714905,,4,Trần Bình Trọng,tertiary
62914,2020-10-18T13:29:20.747Z,2020-10-18T13:29:20.747Z,1793489523,5805831189,75.0,467714905,,4,Trần Bình Trọng,tertiary
62915,2020-10-18T13:29:20.750Z,2020-10-18T13:29:20.750Z,5805831189,1793489523,75.0,467714905,,4,Trần Bình Trọng,tertiary
62916,2020-10-18T13:29:20.752Z,2020-10-18T13:29:20.752Z,5805831189,5805831170,26.0,467714905,,4,Trần Bình Trọng,tertiary
62917,2020-10-18T13:29:20.754Z,2020-10-18T13:29:20.754Z,5805831170,5805831189,26.0,467714905,,4,Trần Bình Trọng,tertiary
62918,2020-10-18T13:29:20.756Z,2020-10-18T13:29:20.756Z,5805831170,4623110647,84.0,467714905,,4,Trần Bình Trọng,tertiary
62919,2020-10-18T13:29:20.758Z,2020-10-18T13:29:20.758Z,4623110647,5805831170,84.0,467714905,,4,Trần Bình Trọng,tertiary
62920,2020-10-18T13:29:20.761Z,2020-10-18T13:29:20.761Z,4623110645,4623113263,30.0,467714907,,4,Trần Bình Trọng,tertiary
62921,2020-10-18T13:29:20.763Z,2020-10-18T13:29:20.763Z,4623113263,4623110645,30.0,467714907,,4,Trần Bình Trọng,tertiary
62922,2020-10-18T13:29:20.765Z,2020-10-18T13:29:20.765Z,4623113263,4623113264,17.0,467714907,,4,Trần Bình Trọng,tertiary
62923,2020-10-18T13:29:20.767Z,2020-10-18T13:29:20.767Z,4623113264,4623113263,17.0,467714907,,4,Trần Bình Trọng,tertiary
62924,2020-10-18T13:29:20.769Z,2020-10-18T13:29:20.769Z,4623113264,4315295141,24.0,467714907,,4,Trần Bình Trọng,tertiary
62925,2020-10-18T13:29:20.771Z,2020-10-18T13:29:20.771Z,4315295141,4623113264,24.0,467714907,,4,Trần Bình Trọng,tertiary
62926,2020-10-18T13:29:20.773Z,2020-10-18T13:29:20.773Z,4315295141,4315295125,36.0,467714907,,4,Trần Bình Trọng,tertiary
62927,2020-10-18T13:29:20.775Z,2020-10-18T13:29:20.775Z,4315295125,4315295141,36.0,467714907,,4,Trần Bình Trọng,tertiary
62928,2020-10-18T13:29:20.776Z,2020-10-18T13:29:20.776Z,4315295125,4623110649,38.0,467714907,,4,Trần Bình Trọng,tertiary
62929,2020-10-18T13:29:20.778Z,2020-10-18T13:29:20.778Z,4623110649,4315295125,38.0,467714907,,4,Trần Bình Trọng,tertiary
62930,2020-10-18T13:29:20.780Z,2020-10-18T13:29:20.780Z,4623110649,4623110646,35.0,467714907,,4,Trần Bình Trọng,tertiary
62931,2020-10-18T13:29:20.782Z,2020-10-18T13:29:20.782Z,4623110646,4623110649,35.0,467714907,,4,Trần Bình Trọng,tertiary
62932,2020-10-18T13:29:20.783Z,2020-10-18T13:29:20.783Z,4623110646,5805962764,7.0,467714907,,4,Trần Bình Trọng,tertiary
62933,2020-10-18T13:29:20.785Z,2020-10-18T13:29:20.785Z,5805962764,4623110646,7.0,467714907,,4,Trần Bình Trọng,tertiary
62934,2020-10-18T13:29:20.787Z,2020-10-18T13:29:20.787Z,5805962764,4623113265,12.0,467714907,,4,Trần Bình Trọng,tertiary
62935,2020-10-18T13:29:20.789Z,2020-10-18T13:29:20.789Z,4623113265,5805962764,12.0,467714907,,4,Trần Bình Trọng,tertiary
62936,2020-10-18T13:29:20.792Z,2020-10-18T13:29:20.792Z,4623113265,5805962762,30.0,467714907,,4,Trần Bình Trọng,tertiary
62937,2020-10-18T13:29:20.794Z,2020-10-18T13:29:20.794Z,5805962762,4623113265,30.0,467714907,,4,Trần Bình Trọng,tertiary
62938,2020-10-18T13:29:20.797Z,2020-10-18T13:29:20.797Z,5805962762,4631762591,78.0,467714907,,4,Trần Bình Trọng,tertiary
62939,2020-10-18T13:29:20.799Z,2020-10-18T13:29:20.799Z,4631762591,5805962762,78.0,467714907,,4,Trần Bình Trọng,tertiary
62940,2020-10-18T13:29:20.802Z,2020-10-18T13:29:20.802Z,4623110647,5794854808,5.0,467714908,,4,Trần Bình Trọng,tertiary
62941,2020-10-18T13:29:20.808Z,2020-10-18T13:29:20.808Z,5794854808,4623110647,5.0,467714908,,4,Trần Bình Trọng,tertiary
62942,2020-10-18T13:29:20.810Z,2020-10-18T13:29:20.810Z,5794854808,5805962767,2.0,467714908,,4,Trần Bình Trọng,tertiary
62943,2020-10-18T13:29:20.812Z,2020-10-18T13:29:20.812Z,5805962767,5794854808,2.0,467714908,,4,Trần Bình Trọng,tertiary
62944,2020-10-18T13:29:20.814Z,2020-10-18T13:29:20.814Z,5805962767,4623110645,9.0,467714908,,4,Trần Bình Trọng,tertiary
62945,2020-10-18T13:29:20.817Z,2020-10-18T13:29:20.817Z,4623110645,5805962767,9.0,467714908,,4,Trần Bình Trọng,tertiary
62952,2020-10-18T13:29:20.845Z,2020-10-18T13:29:20.845Z,4634456202,4610019123,209.0,467860733,,4,Lê Lợi,tertiary
62975,2020-10-18T13:29:20.900Z,2020-10-18T13:29:20.900Z,366466608,5805665987,140.0,468368037,,4,Trần Phú,tertiary
62976,2020-10-18T13:29:20.902Z,2020-10-18T13:29:20.902Z,5805665987,366466608,140.0,468368037,,4,Trần Phú,tertiary
62977,2020-10-18T13:29:20.904Z,2020-10-18T13:29:20.904Z,5805665987,5805665969,36.0,468368037,,4,Trần Phú,tertiary
62978,2020-10-18T13:29:20.907Z,2020-10-18T13:29:20.907Z,5805665969,5805665987,36.0,468368037,,4,Trần Phú,tertiary
62979,2020-10-18T13:29:20.910Z,2020-10-18T13:29:20.910Z,5805665969,5805665976,57.0,468368037,,4,Trần Phú,tertiary
62980,2020-10-18T13:29:20.913Z,2020-10-18T13:29:20.913Z,5805665976,5805665969,57.0,468368037,,4,Trần Phú,tertiary
63332,2020-10-18T13:29:20.916Z,2020-10-18T13:29:20.916Z,5805665976,4629021462,109.94966888367658,468368037,,4,Trần Phú,tertiary
84688,2020-10-18T13:29:20.916Z,2020-10-18T13:29:20.916Z,4629021462,2300363373,3.382017017006921,468368037,,4,Trần Phú,tertiary
84689,2020-10-18T13:29:20.916Z,2020-10-18T13:29:20.916Z,2300363373,4629021464,6.668314099316485,468368037,,4,Trần Phú,tertiary
63333,2020-10-18T13:29:20.919Z,2020-10-18T13:29:20.919Z,4629021464,4629021462,3.5496470509346882,468368037,,4,Trần Phú,tertiary
84690,2020-10-18T13:29:20.919Z,2020-10-18T13:29:20.919Z,4629021462,2300363373,3.5642772139695786,468368037,,4,Trần Phú,tertiary
84691,2020-10-18T13:29:20.919Z,2020-10-18T13:29:20.919Z,2300363373,5805665976,112.88607573509573,468368037,,4,Trần Phú,tertiary
62983,2020-10-18T13:29:20.922Z,2020-10-18T13:29:20.922Z,366450098,5057828465,55.0,468380352,,4,Sư Van Hạnh,tertiary
62984,2020-10-18T13:29:20.924Z,2020-10-18T13:29:20.924Z,5057828465,366450098,55.0,468380352,,4,Sư Van Hạnh,tertiary
62985,2020-10-18T13:29:20.927Z,2020-10-18T13:29:20.927Z,5057828465,3160542986,34.0,468380352,,4,Sư Van Hạnh,tertiary
62986,2020-10-18T13:29:20.929Z,2020-10-18T13:29:20.929Z,3160542986,5057828465,34.0,468380352,,4,Sư Van Hạnh,tertiary
62987,2020-10-18T13:29:20.932Z,2020-10-18T13:29:20.932Z,3160542986,5057828559,1.0,468380352,,4,Sư Van Hạnh,tertiary
62988,2020-10-18T13:29:20.935Z,2020-10-18T13:29:20.935Z,5057828559,3160542986,1.0,468380352,,4,Sư Van Hạnh,tertiary
62989,2020-10-18T13:29:20.938Z,2020-10-18T13:29:20.938Z,5057828559,5057828470,14.0,468380352,,4,Sư Van Hạnh,tertiary
62990,2020-10-18T13:29:20.941Z,2020-10-18T13:29:20.941Z,5057828470,5057828559,14.0,468380352,,4,Sư Van Hạnh,tertiary
62991,2020-10-18T13:29:20.943Z,2020-10-18T13:29:20.943Z,5057828470,5057828536,5.0,468380352,,4,Sư Van Hạnh,tertiary
62992,2020-10-18T13:29:20.946Z,2020-10-18T13:29:20.946Z,5057828536,5057828470,5.0,468380352,,4,Sư Van Hạnh,tertiary
62993,2020-10-18T13:29:20.949Z,2020-10-18T13:29:20.949Z,5057828536,5057828481,62.0,468380352,,4,Sư Van Hạnh,tertiary
62994,2020-10-18T13:29:20.951Z,2020-10-18T13:29:20.951Z,5057828481,5057828536,62.0,468380352,,4,Sư Van Hạnh,tertiary
62995,2020-10-18T13:29:20.953Z,2020-10-18T13:29:20.953Z,5057828481,5057828543,7.0,468380352,,4,Sư Van Hạnh,tertiary
62996,2020-10-18T13:29:20.955Z,2020-10-18T13:29:20.955Z,5057828543,5057828481,7.0,468380352,,4,Sư Van Hạnh,tertiary
62997,2020-10-18T13:29:20.958Z,2020-10-18T13:29:20.958Z,5057828543,366372448,40.0,468380352,,4,Sư Van Hạnh,tertiary
62998,2020-10-18T13:29:20.960Z,2020-10-18T13:29:20.960Z,366372448,5057828543,40.0,468380352,,4,Sư Van Hạnh,tertiary
62999,2020-10-18T13:29:20.963Z,2020-10-18T13:29:20.963Z,366372448,5057828560,28.0,468380352,,4,Sư Van Hạnh,tertiary
63000,2020-10-18T13:29:20.966Z,2020-10-18T13:29:20.966Z,5057828560,366372448,28.0,468380352,,4,Sư Van Hạnh,tertiary
63001,2020-10-18T13:29:20.969Z,2020-10-18T13:29:20.969Z,5057828560,5057828582,40.0,468380352,,4,Sư Van Hạnh,tertiary
63002,2020-10-18T13:29:20.971Z,2020-10-18T13:29:20.971Z,5057828582,5057828560,40.0,468380352,,4,Sư Van Hạnh,tertiary
63003,2020-10-18T13:29:20.974Z,2020-10-18T13:29:20.974Z,5057828582,5057828587,7.0,468380352,,4,Sư Van Hạnh,tertiary
63004,2020-10-18T13:29:20.976Z,2020-10-18T13:29:20.976Z,5057828587,5057828582,7.0,468380352,,4,Sư Van Hạnh,tertiary
63005,2020-10-18T13:29:20.979Z,2020-10-18T13:29:20.979Z,5057828587,366412106,48.0,468380352,,4,Sư Van Hạnh,tertiary
63006,2020-10-18T13:29:20.982Z,2020-10-18T13:29:20.982Z,366412106,5057828587,48.0,468380352,,4,Sư Van Hạnh,tertiary
63007,2020-10-18T13:29:20.984Z,2020-10-18T13:29:20.984Z,366450098,5057828557,68.0,468380355,,3,Ngô Gia Tự,secondary
63008,2020-10-18T13:29:20.986Z,2020-10-18T13:29:20.986Z,5057828557,366450098,68.0,468380355,,3,Ngô Gia Tự,secondary
63009,2020-10-18T13:29:20.988Z,2020-10-18T13:29:20.988Z,5057828557,5057828549,66.0,468380355,,3,Ngô Gia Tự,secondary
63010,2020-10-18T13:29:20.990Z,2020-10-18T13:29:20.990Z,5057828549,5057828557,66.0,468380355,,3,Ngô Gia Tự,secondary
63011,2020-10-18T13:29:20.992Z,2020-10-18T13:29:20.992Z,5057828549,5045756505,3.0,468380355,,3,Ngô Gia Tự,secondary
63012,2020-10-18T13:29:20.994Z,2020-10-18T13:29:20.994Z,5045756505,5057828549,3.0,468380355,,3,Ngô Gia Tự,secondary
63013,2020-10-18T13:29:20.997Z,2020-10-18T13:29:20.997Z,5045756505,5057828532,13.0,468380355,,3,Ngô Gia Tự,secondary
63014,2020-10-18T13:29:21.001Z,2020-10-18T13:29:21.001Z,5057828532,5045756505,13.0,468380355,,3,Ngô Gia Tự,secondary
63015,2020-10-18T13:29:21.008Z,2020-10-18T13:29:21.008Z,5057828532,5045756509,43.0,468380355,,3,Ngô Gia Tự,secondary
63016,2020-10-18T13:29:21.011Z,2020-10-18T13:29:21.011Z,5045756509,5057828532,43.0,468380355,,3,Ngô Gia Tự,secondary
63017,2020-10-18T13:29:21.013Z,2020-10-18T13:29:21.013Z,5045756509,5057828518,24.0,468380355,,3,Ngô Gia Tự,secondary
63018,2020-10-18T13:29:21.016Z,2020-10-18T13:29:21.016Z,5057828518,5045756509,24.0,468380355,,3,Ngô Gia Tự,secondary
63019,2020-10-18T13:29:21.018Z,2020-10-18T13:29:21.018Z,5057828518,366390755,75.0,468380355,,3,Ngô Gia Tự,secondary
63020,2020-10-18T13:29:21.020Z,2020-10-18T13:29:21.020Z,366390755,5057828518,75.0,468380355,,3,Ngô Gia Tự,secondary
63021,2020-10-18T13:29:21.022Z,2020-10-18T13:29:21.022Z,366390755,5045756726,9.0,468380355,,3,Ngô Gia Tự,secondary
63022,2020-10-18T13:29:21.026Z,2020-10-18T13:29:21.026Z,5045756726,366390755,9.0,468380355,,3,Ngô Gia Tự,secondary
63023,2020-10-18T13:29:21.033Z,2020-10-18T13:29:21.033Z,5045756726,366403042,21.0,468380355,,3,Ngô Gia Tự,secondary
63024,2020-10-18T13:29:21.039Z,2020-10-18T13:29:21.039Z,366403042,5045756726,21.0,468380355,,3,Ngô Gia Tự,secondary
63025,2020-10-18T13:29:21.043Z,2020-10-18T13:29:21.043Z,366403042,411919626,45.0,468380355,,3,Ngô Gia Tự,secondary
63026,2020-10-18T13:29:21.046Z,2020-10-18T13:29:21.046Z,411919626,366403042,45.0,468380355,,3,Ngô Gia Tự,secondary
63027,2020-10-18T13:29:21.049Z,2020-10-18T13:29:21.049Z,4628932720,5805637480,97.0,468380358,,4,Sư Van Hạnh,tertiary
63028,2020-10-18T13:29:21.052Z,2020-10-18T13:29:21.052Z,5805637480,4628932720,97.0,468380358,,4,Sư Van Hạnh,tertiary
63029,2020-10-18T13:29:21.070Z,2020-10-18T13:29:21.070Z,5805637480,3160542988,30.0,468380358,,4,Sư Van Hạnh,tertiary
63030,2020-10-18T13:29:21.073Z,2020-10-18T13:29:21.073Z,3160542988,5805637480,30.0,468380358,,4,Sư Van Hạnh,tertiary
63031,2020-10-18T13:29:21.077Z,2020-10-18T13:29:21.077Z,3160542988,5805637486,22.0,468380358,,4,Sư Van Hạnh,tertiary
63032,2020-10-18T13:29:21.080Z,2020-10-18T13:29:21.080Z,5805637486,3160542988,22.0,468380358,,4,Sư Van Hạnh,tertiary
63033,2020-10-18T13:29:21.083Z,2020-10-18T13:29:21.083Z,5805637486,5805637489,32.0,468380358,,4,Sư Van Hạnh,tertiary
63034,2020-10-18T13:29:21.087Z,2020-10-18T13:29:21.087Z,5805637489,5805637486,32.0,468380358,,4,Sư Van Hạnh,tertiary
63035,2020-10-18T13:29:21.093Z,2020-10-18T13:29:21.093Z,5805637489,5805637493,33.0,468380358,,4,Sư Van Hạnh,tertiary
63036,2020-10-18T13:29:21.096Z,2020-10-18T13:29:21.096Z,5805637493,5805637489,33.0,468380358,,4,Sư Van Hạnh,tertiary
63037,2020-10-18T13:29:21.100Z,2020-10-18T13:29:21.100Z,5805637493,5805637503,17.0,468380358,,4,Sư Van Hạnh,tertiary
63038,2020-10-18T13:29:21.104Z,2020-10-18T13:29:21.104Z,5805637503,5805637493,17.0,468380358,,4,Sư Van Hạnh,tertiary
63039,2020-10-18T13:29:21.108Z,2020-10-18T13:29:21.108Z,5805637503,5794883996,23.0,468380358,,4,Sư Van Hạnh,tertiary
63040,2020-10-18T13:29:21.111Z,2020-10-18T13:29:21.111Z,5794883996,5805637503,23.0,468380358,,4,Sư Van Hạnh,tertiary
63041,2020-10-18T13:29:21.118Z,2020-10-18T13:29:21.118Z,5794883996,366454289,29.0,468380358,,4,Sư Van Hạnh,tertiary
63042,2020-10-18T13:29:21.122Z,2020-10-18T13:29:21.122Z,366454289,5794883996,29.0,468380358,,4,Sư Van Hạnh,tertiary
63043,2020-10-18T13:29:21.125Z,2020-10-18T13:29:21.125Z,366454289,5788927097,67.0,468380358,,4,Sư Van Hạnh,tertiary
63044,2020-10-18T13:29:21.129Z,2020-10-18T13:29:21.129Z,5788927097,366454289,67.0,468380358,,4,Sư Van Hạnh,tertiary
63045,2020-10-18T13:29:21.133Z,2020-10-18T13:29:21.133Z,5788927097,5794771169,3.0,468380358,,4,Sư Van Hạnh,tertiary
63046,2020-10-18T13:29:21.138Z,2020-10-18T13:29:21.138Z,5794771169,5788927097,3.0,468380358,,4,Sư Van Hạnh,tertiary
63047,2020-10-18T13:29:21.143Z,2020-10-18T13:29:21.143Z,5794771169,5794771153,6.0,468380361,,4,Sư Van Hạnh,tertiary
63048,2020-10-18T13:29:21.147Z,2020-10-18T13:29:21.147Z,5794771153,5794771169,6.0,468380361,,4,Sư Van Hạnh,tertiary
63049,2020-10-18T13:29:21.150Z,2020-10-18T13:29:21.150Z,5794771153,5794771170,27.0,468380361,,4,Sư Van Hạnh,tertiary
63050,2020-10-18T13:29:21.153Z,2020-10-18T13:29:21.153Z,5794771170,5794771153,27.0,468380361,,4,Sư Van Hạnh,tertiary
63051,2020-10-18T13:29:21.156Z,2020-10-18T13:29:21.156Z,5794771170,5794771171,18.0,468380361,,4,Sư Van Hạnh,tertiary
63052,2020-10-18T13:29:21.161Z,2020-10-18T13:29:21.161Z,5794771171,5794771170,18.0,468380361,,4,Sư Van Hạnh,tertiary
63053,2020-10-18T13:29:21.164Z,2020-10-18T13:29:21.164Z,5794771171,5794771172,11.0,468380361,,4,Sư Van Hạnh,tertiary
63054,2020-10-18T13:29:21.171Z,2020-10-18T13:29:21.171Z,5794771172,5794771171,11.0,468380361,,4,Sư Van Hạnh,tertiary
63055,2020-10-18T13:29:21.183Z,2020-10-18T13:29:21.183Z,5794771172,5794771173,30.0,468380361,,4,Sư Van Hạnh,tertiary
63056,2020-10-18T13:29:21.188Z,2020-10-18T13:29:21.188Z,5794771173,5794771172,30.0,468380361,,4,Sư Van Hạnh,tertiary
63057,2020-10-18T13:29:21.192Z,2020-10-18T13:29:21.192Z,5794771173,5794771174,140.0,468380361,,4,Sư Van Hạnh,tertiary
63058,2020-10-18T13:29:21.195Z,2020-10-18T13:29:21.195Z,5794771174,5794771173,140.0,468380361,,4,Sư Van Hạnh,tertiary
63059,2020-10-18T13:29:21.198Z,2020-10-18T13:29:21.198Z,5794771174,5794771175,62.0,468380361,,4,Sư Van Hạnh,tertiary
63060,2020-10-18T13:29:21.201Z,2020-10-18T13:29:21.201Z,5794771175,5794771174,62.0,468380361,,4,Sư Van Hạnh,tertiary
63061,2020-10-18T13:29:21.204Z,2020-10-18T13:29:21.204Z,5794771175,5794771176,44.0,468380361,,4,Sư Van Hạnh,tertiary
63062,2020-10-18T13:29:21.207Z,2020-10-18T13:29:21.207Z,5794771176,5794771175,44.0,468380361,,4,Sư Van Hạnh,tertiary
63063,2020-10-18T13:29:21.210Z,2020-10-18T13:29:21.210Z,5794771176,5794771177,16.0,468380361,,4,Sư Van Hạnh,tertiary
63064,2020-10-18T13:29:21.214Z,2020-10-18T13:29:21.214Z,5794771177,5794771176,16.0,468380361,,4,Sư Van Hạnh,tertiary
63065,2020-10-18T13:29:21.218Z,2020-10-18T13:29:21.218Z,5794771177,5045657150,52.0,468380361,,4,Sư Van Hạnh,tertiary
63066,2020-10-18T13:29:21.221Z,2020-10-18T13:29:21.221Z,5045657150,5794771177,52.0,468380361,,4,Sư Van Hạnh,tertiary
63067,2020-10-18T13:29:21.223Z,2020-10-18T13:29:21.223Z,5045657150,366450098,43.0,468380361,,4,Sư Van Hạnh,tertiary
63068,2020-10-18T13:29:21.225Z,2020-10-18T13:29:21.225Z,366450098,5045657150,43.0,468380361,,4,Sư Van Hạnh,tertiary
63069,2020-10-18T13:29:21.228Z,2021-04-04T14:40:06.169Z,2433276952,4629145035,8.0,468380364,,4,Đường Sư Vạn Hạnh,tertiary
63070,2020-10-18T13:29:21.231Z,2021-04-04T14:40:03.857Z,4629145035,2433276952,8.0,468380364,,4,Đường Sư Vạn Hạnh,tertiary
63071,2020-10-18T13:29:21.234Z,2020-10-18T13:29:21.234Z,2498090051,5758077802,40.0,468380366,,4,Sư Van Hạnh,tertiary
63072,2020-10-18T13:29:21.237Z,2020-10-18T13:29:21.237Z,5758077802,2498090051,40.0,468380366,,4,Sư Van Hạnh,tertiary
63073,2020-10-18T13:29:21.241Z,2020-10-18T13:29:21.241Z,5758077802,5058499920,20.0,468380366,,4,Sư Van Hạnh,tertiary
63074,2020-10-18T13:29:21.248Z,2020-10-18T13:29:21.248Z,5058499920,5758077802,20.0,468380366,,4,Sư Van Hạnh,tertiary
63075,2020-10-18T13:29:21.256Z,2020-10-18T13:29:21.256Z,5058499920,5058499915,31.0,468380366,,4,Sư Van Hạnh,tertiary
63076,2020-10-18T13:29:21.259Z,2020-10-18T13:29:21.259Z,5058499915,5058499920,31.0,468380366,,4,Sư Van Hạnh,tertiary
63077,2020-10-18T13:29:21.262Z,2020-10-18T13:29:21.262Z,5058499915,5058499891,43.0,468380366,,4,Sư Van Hạnh,tertiary
63078,2020-10-18T13:29:21.265Z,2020-10-18T13:29:21.265Z,5058499891,5058499915,43.0,468380366,,4,Sư Van Hạnh,tertiary
63079,2020-10-18T13:29:21.269Z,2020-10-18T13:29:21.269Z,5058499891,5598917851,10.0,468380366,,4,Sư Van Hạnh,tertiary
63080,2020-10-18T13:29:21.273Z,2020-10-18T13:29:21.273Z,5598917851,5058499891,10.0,468380366,,4,Sư Van Hạnh,tertiary
63081,2020-10-18T13:29:21.276Z,2020-10-18T13:29:21.276Z,5598917851,5058499906,20.0,468380366,,4,Sư Van Hạnh,tertiary
63082,2020-10-18T13:29:21.280Z,2020-10-18T13:29:21.280Z,5058499906,5598917851,20.0,468380366,,4,Sư Van Hạnh,tertiary
63083,2020-10-18T13:29:21.282Z,2020-10-18T13:29:21.282Z,5058499906,5058499903,21.0,468380366,,4,Sư Van Hạnh,tertiary
63084,2020-10-18T13:29:21.284Z,2020-10-18T13:29:21.284Z,5058499903,5058499906,21.0,468380366,,4,Sư Van Hạnh,tertiary
63085,2020-10-18T13:29:21.286Z,2020-10-18T13:29:21.286Z,5058499903,5058499913,11.0,468380366,,4,Sư Van Hạnh,tertiary
63086,2020-10-18T13:29:21.287Z,2020-10-18T13:29:21.287Z,5058499913,5058499903,11.0,468380366,,4,Sư Van Hạnh,tertiary
63087,2020-10-18T13:29:21.289Z,2020-10-18T13:29:21.289Z,5058499913,5058499910,6.0,468380366,,4,Sư Van Hạnh,tertiary
63088,2020-10-18T13:29:21.291Z,2020-10-18T13:29:21.291Z,5058499910,5058499913,6.0,468380366,,4,Sư Van Hạnh,tertiary
63089,2020-10-18T13:29:21.293Z,2021-04-04T14:40:02.599Z,366412106,2498090051,10.0,468380368,,4,Đường Sư Vạn Hạnh,tertiary
63090,2020-10-18T13:29:21.294Z,2021-04-04T14:40:01.314Z,2498090051,366412106,10.0,468380368,,4,Đường Sư Vạn Hạnh,tertiary
63091,2020-10-18T13:29:21.296Z,2020-10-18T13:29:21.296Z,4629359730,2841256338,117.0,468401890,,2,3 Tháng 2,primary
63092,2020-10-18T13:29:21.298Z,2020-10-18T13:29:21.298Z,2841256338,4629703848,66.0,468401890,,2,3 Tháng 2,primary
63093,2020-10-18T13:29:21.299Z,2020-10-18T13:29:21.299Z,4629381644,4629359717,44.0,468405250,,2,3 Tháng 2,primary
63094,2020-10-18T13:29:21.301Z,2020-10-18T13:29:21.301Z,4629703848,2934006866,13.0,468434626,,2,3 Tháng 2,primary
63095,2020-10-18T13:29:21.303Z,2020-10-18T13:29:21.303Z,2934006866,5057828781,23.0,468434626,,2,3 Tháng 2,primary
63096,2020-10-18T13:29:21.304Z,2020-10-18T13:29:21.304Z,5057828781,5057828776,23.0,468434626,,2,3 Tháng 2,primary
63097,2020-10-18T13:29:21.306Z,2020-10-18T13:29:21.306Z,5057828776,2289929124,13.0,468434626,,2,3 Tháng 2,primary
63098,2020-10-18T13:29:21.308Z,2020-10-18T13:29:21.308Z,2289929124,2433653213,25.0,468434626,,2,3 Tháng 2,primary
63099,2020-10-18T13:29:21.310Z,2020-10-18T13:29:21.310Z,2433653213,4623087036,13.0,468434636,,2,Lý Thái Tổ,primary
63100,2020-10-18T13:29:21.312Z,2020-10-18T13:29:21.312Z,4623087036,2289929132,22.0,468434636,,2,Lý Thái Tổ,primary
63101,2020-10-18T13:29:21.315Z,2020-10-18T13:29:21.315Z,2289929132,5057828764,20.0,468434636,,2,Lý Thái Tổ,primary
63102,2020-10-18T13:29:21.317Z,2020-10-18T13:29:21.317Z,5057828764,5057828708,47.0,468434636,,2,Lý Thái Tổ,primary
63103,2020-10-18T13:29:21.319Z,2020-10-18T13:29:21.319Z,5057828708,5057828690,42.0,468434636,,2,Lý Thái Tổ,primary
63104,2020-10-18T13:29:21.321Z,2020-10-18T13:29:21.321Z,5057828690,3150775221,6.0,468434636,,2,Lý Thái Tổ,primary
63105,2020-10-18T13:29:21.333Z,2020-10-18T13:29:21.333Z,3150775221,5057828687,7.0,468434636,,2,Lý Thái Tổ,primary
63106,2020-10-18T13:29:21.336Z,2020-10-18T13:29:21.336Z,5057828687,2498090062,18.0,468434636,,2,Lý Thái Tổ,primary
63107,2020-10-18T13:29:21.338Z,2020-10-18T13:29:21.338Z,2498090062,5057828641,2.0,468434636,,2,Lý Thái Tổ,primary
63108,2020-10-18T13:29:21.340Z,2020-10-18T13:29:21.340Z,5057828641,366384363,54.0,468434636,,2,Lý Thái Tổ,primary
63109,2020-10-18T13:29:21.341Z,2020-10-18T13:29:21.341Z,366384363,5057828620,27.0,468434636,,2,Lý Thái Tổ,primary
63110,2020-10-18T13:29:21.343Z,2020-10-18T13:29:21.343Z,5057828620,5057828618,13.0,468434636,,2,Lý Thái Tổ,primary
63111,2020-10-18T13:29:21.345Z,2020-10-18T13:29:21.345Z,5057828618,5042143292,18.0,468434636,,2,Lý Thái Tổ,primary
63112,2020-10-18T13:29:21.347Z,2020-10-18T13:29:21.347Z,5042143292,5057828597,49.0,468434636,,2,Lý Thái Tổ,primary
63113,2020-10-18T13:29:21.348Z,2020-10-18T13:29:21.348Z,5057828597,5057828604,13.0,468434636,,2,Lý Thái Tổ,primary
63114,2020-10-18T13:29:21.351Z,2020-10-18T13:29:21.351Z,5057828604,5057828601,17.0,468434636,,2,Lý Thái Tổ,primary
63115,2020-10-18T13:29:21.352Z,2020-10-18T13:29:21.352Z,5057828601,366412106,24.0,468434636,,2,Lý Thái Tổ,primary
63116,2020-10-18T13:29:21.354Z,2020-10-18T13:29:21.354Z,366412106,5057828573,71.0,468434636,,2,Lý Thái Tổ,primary
63117,2020-10-18T13:29:21.357Z,2020-10-18T13:29:21.357Z,5057828573,5057828580,21.0,468434636,,2,Lý Thái Tổ,primary
63118,2020-10-18T13:29:21.359Z,2020-10-18T13:29:21.359Z,5057828580,5057828568,17.0,468434636,,2,Lý Thái Tổ,primary
63119,2020-10-18T13:29:21.362Z,2020-10-18T13:29:21.362Z,5057828568,3150775223,78.0,468434636,,2,Lý Thái Tổ,primary
63120,2020-10-18T13:29:21.364Z,2020-10-18T13:29:21.364Z,3150775223,411919629,99.0,468434636,,2,Lý Thái Tổ,primary
63121,2020-10-18T13:29:21.366Z,2021-04-04T14:39:58.603Z,4629703863,4629703861,7.0,468434637,,2,Đường 3 Tháng 2,primary
63122,2020-10-18T13:29:21.368Z,2020-10-18T13:29:21.368Z,4629703861,5462344908,32.0,468434638,,2,3 Tháng 2,primary
63123,2020-10-18T13:29:21.373Z,2020-10-18T13:29:21.373Z,5462344908,2433276964,95.0,468434638,,2,3 Tháng 2,primary
63124,2020-10-18T13:29:21.386Z,2020-10-18T13:29:21.386Z,2433276964,4629381644,86.0,468434638,,2,3 Tháng 2,primary
63125,2020-10-18T13:29:21.388Z,2020-10-18T13:29:21.388Z,4629703864,2433276952,121.0,468434639,,2,3 Tháng 2,primary
63126,2020-10-18T13:29:21.390Z,2020-10-18T13:29:21.390Z,2433276952,5058499877,35.0,468434639,,2,3 Tháng 2,primary
63127,2020-10-18T13:29:21.392Z,2020-10-18T13:29:21.392Z,5058499877,5058499868,49.0,468434639,,2,3 Tháng 2,primary
63128,2020-10-18T13:29:21.394Z,2020-10-18T13:29:21.394Z,5058499868,5058499849,75.0,468434639,,2,3 Tháng 2,primary
63129,2020-10-18T13:29:21.395Z,2020-10-18T13:29:21.395Z,5058499849,366409140,37.0,468434639,,2,3 Tháng 2,primary
63130,2020-10-18T13:29:21.397Z,2020-10-18T13:29:21.397Z,366409140,4646816753,59.0,468434639,,2,3 Tháng 2,primary
63131,2020-10-18T13:29:21.399Z,2020-10-18T13:29:21.399Z,4631390894,5674570733,117.0,468590178,,2,Nguyễn Tri Phương,primary
63132,2020-10-18T13:29:21.401Z,2020-10-18T13:29:21.401Z,5674570733,5816931372,52.0,468590178,,2,Nguyễn Tri Phương,primary
63133,2020-10-18T13:29:21.402Z,2020-10-18T13:29:21.402Z,5816931372,366404649,43.0,468590178,,2,Nguyễn Tri Phương,primary
63134,2020-10-18T13:29:21.404Z,2020-10-18T13:29:21.404Z,366404649,5816931355,89.0,468590178,,2,Nguyễn Tri Phương,primary
63135,2020-10-18T13:29:21.406Z,2020-10-18T13:29:21.406Z,5816931355,5816931421,7.0,468590178,,2,Nguyễn Tri Phương,primary
63136,2020-10-18T13:29:21.407Z,2020-10-18T13:29:21.407Z,5816931421,2934000190,15.0,468590178,,2,Nguyễn Tri Phương,primary
63137,2020-10-18T13:29:21.409Z,2020-10-18T13:29:21.409Z,366416137,2934000190,18.0,468590910,,2,Nguyễn Tri Phương,primary
63138,2020-10-18T13:29:21.411Z,2020-10-18T13:29:21.411Z,2934000190,366416137,18.0,468590910,,2,Nguyễn Tri Phương,primary
63139,2020-10-18T13:29:21.414Z,2020-10-18T13:29:21.414Z,2934000187,5802993726,99.0,468590911,,2,Nguyễn Tri Phương,primary
63140,2020-10-18T13:29:21.415Z,2020-10-18T13:29:21.415Z,5802993726,2934000185,0.0,468590911,,2,Nguyễn Tri Phương,primary
63141,2020-10-18T13:29:21.417Z,2020-10-18T13:29:21.417Z,2934000185,4631390895,212.0,468590911,,2,Nguyễn Tri Phương,primary
63142,2020-10-18T13:29:21.419Z,2021-04-04T14:39:56.059Z,4631143724,4631143716,5.0,468604950,,2,Nguyễn Tri Phương,primary
63143,2020-10-18T13:29:21.421Z,2021-04-04T14:39:50.666Z,4631143715,4631143726,5.0,468604951,,2,Đường Nguyễn Tri Phương,primary
63144,2020-10-18T13:29:21.422Z,2021-04-04T14:39:49.424Z,4631143728,4631143725,10.0,468604952,,2,Đường Nguyễn Tri Phương,primary
63145,2020-10-18T13:29:21.424Z,2021-04-04T14:39:48.189Z,4631143727,4631143728,9.0,468604953,,2,Đường Trần Hưng Ðạo,primary
63146,2020-10-18T13:29:21.426Z,2020-10-18T13:29:21.426Z,3335337341,4631143728,11.0,468604954,,3,Trần Hưng Ðạo,secondary
63147,2020-10-18T13:29:21.427Z,2020-10-18T13:29:21.427Z,4631178582,3160548762,61.0,468613002,,3,Trần Hưng Ðạo,secondary
63148,2020-10-18T13:29:21.429Z,2020-10-18T13:29:21.429Z,3160548762,5816800364,27.0,468613002,,3,Trần Hưng Ðạo,secondary
63149,2020-10-18T13:29:21.431Z,2020-10-18T13:29:21.431Z,5816800364,366446370,11.0,468613002,,3,Trần Hưng Ðạo,secondary
63150,2020-10-18T13:29:21.433Z,2020-10-18T13:29:21.433Z,366446370,3335337341,165.0,468613002,,3,Trần Hưng Ðạo,secondary
63151,2020-10-18T13:29:21.434Z,2020-10-18T13:29:21.434Z,4631178579,5813970748,12.0,468613003,,3,Trần Hưng Ðạo,secondary
63152,2020-10-18T13:29:21.436Z,2020-10-18T13:29:21.436Z,5813970748,2364075319,1.0,468613003,,3,Trần Hưng Ðạo,secondary
63153,2020-10-18T13:29:21.437Z,2020-10-18T13:29:21.437Z,2364075319,4631178580,9.0,468613003,,3,Trần Hưng Ðạo,secondary
63154,2020-10-18T13:29:21.439Z,2020-10-18T13:29:21.439Z,4631178580,2364075317,140.0,468613004,,3,Trần Hưng Ðạo,secondary
63155,2020-10-18T13:29:21.440Z,2020-10-18T13:29:21.440Z,2364075317,2364075321,151.0,468613004,,3,Trần Hưng Ðạo,secondary
63156,2020-10-18T13:29:21.442Z,2020-10-18T13:29:21.442Z,4631178581,366432387,7.0,468613005,,3,Trần Hưng Ðạo,secondary
63157,2020-10-18T13:29:21.444Z,2020-10-18T13:29:21.444Z,366432387,4631178582,9.0,468613005,,3,Trần Hưng Ðạo,secondary
63158,2020-10-18T13:29:21.446Z,2020-10-18T13:29:21.446Z,366451156,5806004428,55.0,468616397,,3,Trần Hưng Ðạo,secondary
63159,2020-10-18T13:29:21.448Z,2020-10-18T13:29:21.448Z,5806004428,3160554146,14.0,468616397,,3,Trần Hưng Ðạo,secondary
63160,2020-10-18T13:29:21.450Z,2020-10-18T13:29:21.450Z,3160554146,5806004438,24.0,468616397,,3,Trần Hưng Ðạo,secondary
63161,2020-10-18T13:29:21.452Z,2020-10-18T13:29:21.452Z,5806004438,5806004435,16.0,468616397,,3,Trần Hưng Ðạo,secondary
63162,2020-10-18T13:29:21.454Z,2020-10-18T13:29:21.454Z,5806004435,4631762591,148.0,468616397,,3,Trần Hưng Ðạo,secondary
63163,2020-10-18T13:29:21.456Z,2020-10-18T13:29:21.456Z,4631762591,3160548852,78.0,468616397,,3,Trần Hưng Ðạo,secondary
63164,2020-10-18T13:29:21.458Z,2020-10-18T13:29:21.458Z,3160548852,5805962804,24.0,468616397,,3,Trần Hưng Ðạo,secondary
63165,2020-10-18T13:29:21.459Z,2020-10-18T13:29:21.459Z,5805962804,5805962805,23.0,468616397,,3,Trần Hưng Ðạo,secondary
63166,2020-10-18T13:29:21.463Z,2020-10-18T13:29:21.463Z,5805962805,5816774800,36.0,468616397,,3,Trần Hưng Ðạo,secondary
63167,2020-10-18T13:29:21.480Z,2020-10-18T13:29:21.480Z,5816774800,366386196,112.0,468616397,,3,Trần Hưng Ðạo,secondary
63168,2020-10-18T13:29:21.483Z,2020-10-18T13:29:21.483Z,2364075320,5816774527,37.0,468616398,,3,Trần Hưng Ðạo,secondary
63169,2020-10-18T13:29:21.486Z,2020-10-18T13:29:21.486Z,5816774527,5816774769,25.0,468616398,,3,Trần Hưng Ðạo,secondary
63170,2020-10-18T13:29:21.487Z,2020-10-18T13:29:21.487Z,5816774769,5816774551,101.0,468616398,,3,Trần Hưng Ðạo,secondary
63171,2020-10-18T13:29:21.489Z,2020-10-18T13:29:21.489Z,5816774551,4932209381,52.0,468616398,,3,Trần Hưng Ðạo,secondary
63172,2020-10-18T13:29:21.493Z,2020-10-18T13:29:21.493Z,4932209381,3160548851,8.0,468616398,,3,Trần Hưng Ðạo,secondary
63173,2020-10-18T13:29:21.504Z,2020-10-18T13:29:21.504Z,3160548851,4631762592,49.0,468616398,,3,Trần Hưng Ðạo,secondary
63174,2020-10-18T13:29:21.506Z,2020-10-18T13:29:21.506Z,4631762592,4073267999,128.0,468616398,,3,Trần Hưng Ðạo,secondary
63175,2020-10-18T13:29:21.508Z,2020-10-18T13:29:21.508Z,4073267999,4073268003,26.0,468616398,,3,Trần Hưng Ðạo,secondary
63176,2020-10-18T13:29:21.511Z,2020-10-18T13:29:21.511Z,4073268003,5814336787,19.0,468616398,,3,Trần Hưng Ðạo,secondary
63177,2020-10-18T13:29:21.513Z,2020-10-18T13:29:21.513Z,5814336787,3160554145,22.0,468616398,,3,Trần Hưng Ðạo,secondary
63178,2020-10-18T13:29:21.515Z,2020-10-18T13:29:21.515Z,3160554145,5806004421,25.0,468616398,,3,Trần Hưng Ðạo,secondary
63179,2020-10-18T13:29:21.517Z,2020-10-18T13:29:21.517Z,5806004421,2364075322,37.0,468616398,,3,Trần Hưng Ðạo,secondary
63180,2020-10-18T13:29:21.519Z,2021-04-04T14:39:46.930Z,366448311,4631178585,4.0,468616399,,4,Đường Trần Hưng Ðạo,tertiary
63181,2020-10-18T13:29:21.520Z,2021-04-04T14:39:44.672Z,4631178585,366448311,4.0,468616399,,4,Đường Bùi Hữu Nghĩa,tertiary
63182,2020-10-18T13:29:21.522Z,2021-04-04T14:39:43.382Z,4631178585,2364075321,4.0,468616399,,4,Trần Hưng Ðạo,tertiary
63183,2020-10-18T13:29:21.537Z,2021-04-04T14:39:42.095Z,2364075321,4631178585,4.0,468616399,,4,Đường Bùi Hữu Nghĩa,tertiary
63184,2020-10-18T13:29:21.539Z,2020-10-18T13:29:21.539Z,366448311,3160548763,58.0,468616400,,3,Trần Hưng Ðạo,secondary
63185,2020-10-18T13:29:21.541Z,2020-10-18T13:29:21.541Z,3160548763,5816791148,25.0,468616400,,3,Trần Hưng Ðạo,secondary
63186,2020-10-18T13:29:21.542Z,2020-10-18T13:29:21.542Z,5816791148,366444496,69.0,468616400,,3,Trần Hưng Ðạo,secondary
63187,2020-10-18T13:29:21.544Z,2020-10-18T13:29:21.544Z,366444496,5816800357,59.0,468616400,,3,Trần Hưng Ðạo,secondary
63188,2020-10-18T13:29:21.546Z,2020-10-18T13:29:21.546Z,5816800357,4631178581,82.0,468616400,,3,Trần Hưng Ðạo,secondary
63189,2020-10-18T13:29:21.548Z,2020-10-18T13:29:21.548Z,2364075321,1997154528,97.0,468616401,,4,Bùi Hữu Nghĩa,tertiary
63190,2020-10-18T13:29:21.550Z,2020-10-18T13:29:21.550Z,1997154528,2364075321,97.0,468616401,,4,Bùi Hữu Nghĩa,tertiary
63191,2020-10-18T13:29:21.551Z,2020-10-18T13:29:21.551Z,1997154528,1997154748,55.0,468616401,,4,Bùi Hữu Nghĩa,tertiary
63192,2020-10-18T13:29:21.553Z,2020-10-18T13:29:21.553Z,1997154748,1997154528,55.0,468616401,,4,Bùi Hữu Nghĩa,tertiary
63193,2020-10-18T13:29:21.555Z,2020-10-18T13:29:21.555Z,1997154748,366466796,67.0,468616401,,4,Bùi Hữu Nghĩa,tertiary
63194,2020-10-18T13:29:21.557Z,2020-10-18T13:29:21.557Z,366466796,1997154748,67.0,468616401,,4,Bùi Hữu Nghĩa,tertiary
63195,2020-10-18T13:29:21.558Z,2020-10-18T13:29:21.558Z,366466796,1997154207,50.0,468616401,,4,Bùi Hữu Nghĩa,tertiary
63196,2020-10-18T13:29:21.560Z,2020-10-18T13:29:21.560Z,1997154207,366466796,50.0,468616401,,4,Bùi Hữu Nghĩa,tertiary
63197,2020-10-18T13:29:21.562Z,2020-10-18T13:29:21.562Z,1997154207,366423107,50.0,468616401,,4,Bùi Hữu Nghĩa,tertiary
63198,2020-10-18T13:29:21.563Z,2020-10-18T13:29:21.563Z,366423107,1997154207,50.0,468616401,,4,Bùi Hữu Nghĩa,tertiary
63199,2020-10-18T13:29:21.565Z,2020-10-18T13:29:21.565Z,366386196,5816774808,59.0,468616403,,3,Trần Hưng Ðạo,secondary
63200,2020-10-18T13:29:21.567Z,2020-10-18T13:29:21.567Z,5816774808,3160548849,7.0,468616403,,3,Trần Hưng Ðạo,secondary
63201,2020-10-18T13:29:21.568Z,2020-10-18T13:29:21.568Z,3160548849,5598913762,62.0,468616403,,3,Trần Hưng Ðạo,secondary
63202,2020-10-18T13:29:21.570Z,2020-10-18T13:29:21.570Z,5598913762,5816774801,40.0,468616403,,3,Trần Hưng Ðạo,secondary
63203,2020-10-18T13:29:21.572Z,2020-10-18T13:29:21.572Z,5816774801,5794854825,62.0,468616403,,3,Trần Hưng Ðạo,secondary
63204,2020-10-18T13:29:21.574Z,2020-10-18T13:29:21.574Z,5794854825,366377903,0.0,468616403,,3,Trần Hưng Ðạo,secondary
63205,2020-10-18T13:29:21.575Z,2020-10-18T13:29:21.575Z,366377903,3160548764,48.0,468616403,,3,Trần Hưng Ðạo,secondary
63206,2020-10-18T13:29:21.577Z,2020-10-18T13:29:21.577Z,3160548764,366438154,94.0,468616403,,3,Trần Hưng Ðạo,secondary
63207,2020-10-18T13:29:21.578Z,2020-10-18T13:29:21.578Z,366438154,5816791142,42.0,468616403,,3,Trần Hưng Ðạo,secondary
63208,2020-10-18T13:29:21.580Z,2020-10-18T13:29:21.580Z,5816791142,366448311,54.0,468616403,,3,Trần Hưng Ðạo,secondary
63209,2020-10-18T13:29:21.582Z,2021-04-04T14:39:40.775Z,5794854823,5794854824,4.0,468616407,,4,Đường Trần Hưng Ðạo,tertiary
63210,2020-10-18T13:29:21.585Z,2021-04-04T14:39:39.120Z,5794854824,5794854823,4.0,468616407,,4,Đường Trần Hưng Ðạo,tertiary
63211,2020-10-18T13:29:21.591Z,2021-04-04T14:39:36.849Z,5794854824,5794854825,4.0,468616407,,4,Đường Trần Hưng Ðạo,tertiary
63212,2020-10-18T13:29:21.593Z,2021-04-04T14:39:35.593Z,5794854825,5794854824,4.0,468616407,,4,Đường Trần Hưng Ðạo,tertiary
63213,2020-10-18T13:29:21.595Z,2020-10-18T13:29:21.595Z,2364075321,2364075314,97.0,468616408,,3,Trần Hưng Ðạo,secondary
63214,2020-10-18T13:29:21.597Z,2020-10-18T13:29:21.597Z,2364075314,3160548765,75.0,468616408,,3,Trần Hưng Ðạo,secondary
63215,2020-10-18T13:29:21.600Z,2020-10-18T13:29:21.600Z,3160548765,2364075312,68.0,468616408,,3,Trần Hưng Ðạo,secondary
63216,2020-10-18T13:29:21.603Z,2020-10-18T13:29:21.603Z,2364075312,5794854823,0.0,468616408,,3,Trần Hưng Ðạo,secondary
63217,2020-10-18T13:29:21.607Z,2020-10-18T13:29:21.607Z,5794854823,3160548850,147.0,468616408,,3,Trần Hưng Ðạo,secondary
63218,2020-10-18T13:29:21.611Z,2020-10-18T13:29:21.611Z,3160548850,2364075320,86.0,468616408,,3,Trần Hưng Ðạo,secondary
63219,2020-10-18T13:29:21.615Z,2020-10-18T13:29:21.615Z,5794854825,5816774815,62.0,468616410,,4,Huỳnh Mẫn Đạt,tertiary
63220,2020-10-18T13:29:21.618Z,2020-10-18T13:29:21.618Z,5816774815,5794854825,62.0,468616410,,4,Huỳnh Mẫn Đạt,tertiary
63221,2020-10-18T13:29:21.622Z,2020-10-18T13:29:21.622Z,5816774815,5816774818,29.0,468616410,,4,Huỳnh Mẫn Đạt,tertiary
63222,2020-10-18T13:29:21.626Z,2020-10-18T13:29:21.626Z,5816774818,5816774815,29.0,468616410,,4,Huỳnh Mẫn Đạt,tertiary
63223,2020-10-18T13:29:21.630Z,2020-10-18T13:29:21.630Z,5816774818,5794854826,35.0,468616410,,4,Huỳnh Mẫn Đạt,tertiary
63224,2020-10-18T13:29:21.634Z,2020-10-18T13:29:21.634Z,5794854826,5816774818,35.0,468616410,,4,Huỳnh Mẫn Đạt,tertiary
63225,2020-10-18T13:29:21.639Z,2020-10-18T13:29:21.639Z,5794854826,5794854827,21.0,468616410,,4,Huỳnh Mẫn Đạt,tertiary
63226,2020-10-18T13:29:21.645Z,2020-10-18T13:29:21.645Z,5794854827,5794854826,21.0,468616410,,4,Huỳnh Mẫn Đạt,tertiary
63227,2020-10-18T13:29:21.648Z,2020-10-18T13:29:21.648Z,5794854827,5805966980,2.0,468616410,,4,Huỳnh Mẫn Đạt,tertiary
63228,2020-10-18T13:29:21.654Z,2020-10-18T13:29:21.654Z,5805966980,5794854827,2.0,468616410,,4,Huỳnh Mẫn Đạt,tertiary
63229,2020-10-18T13:29:21.657Z,2020-10-18T13:29:21.657Z,5805966980,5805966984,12.0,468616410,,4,Huỳnh Mẫn Đạt,tertiary
63230,2020-10-18T13:29:21.661Z,2020-10-18T13:29:21.661Z,5805966984,5805966980,12.0,468616410,,4,Huỳnh Mẫn Đạt,tertiary
63231,2020-10-18T13:29:21.664Z,2020-10-18T13:29:21.664Z,5805966984,5794854828,14.0,468616410,,4,Huỳnh Mẫn Đạt,tertiary
63232,2020-10-18T13:29:21.667Z,2020-10-18T13:29:21.667Z,5794854828,5805966984,14.0,468616410,,4,Huỳnh Mẫn Đạt,tertiary
63233,2020-10-18T13:29:21.671Z,2020-10-18T13:29:21.671Z,5794854828,5805966988,8.0,468616410,,4,Huỳnh Mẫn Đạt,tertiary
63234,2020-10-18T13:29:21.675Z,2020-10-18T13:29:21.675Z,5805966988,5794854828,8.0,468616410,,4,Huỳnh Mẫn Đạt,tertiary
63235,2020-10-18T13:29:21.678Z,2020-10-18T13:29:21.678Z,5805966988,5794854829,23.0,468616410,,4,Huỳnh Mẫn Đạt,tertiary
63236,2020-10-18T13:29:21.682Z,2020-10-18T13:29:21.682Z,5794854829,5805966988,23.0,468616410,,4,Huỳnh Mẫn Đạt,tertiary
63237,2020-10-18T13:29:21.686Z,2020-10-18T13:29:21.686Z,5794854829,5805966992,6.0,468616410,,4,Huỳnh Mẫn Đạt,tertiary
63238,2020-10-18T13:29:21.690Z,2020-10-18T13:29:21.690Z,5805966992,5794854829,6.0,468616410,,4,Huỳnh Mẫn Đạt,tertiary
63239,2020-10-18T13:29:21.695Z,2020-10-18T13:29:21.695Z,5805966992,5794854830,34.0,468616410,,4,Huỳnh Mẫn Đạt,tertiary
63240,2020-10-18T13:29:21.701Z,2020-10-18T13:29:21.701Z,5794854830,5805966992,34.0,468616410,,4,Huỳnh Mẫn Đạt,tertiary
63241,2020-10-18T13:29:21.704Z,2020-10-18T13:29:21.704Z,5794854830,5598914634,91.0,468616410,,4,Huỳnh Mẫn Đạt,tertiary
63242,2020-10-18T13:29:21.707Z,2020-10-18T13:29:21.707Z,5598914634,5794854830,91.0,468616410,,4,Huỳnh Mẫn Đạt,tertiary
63243,2020-10-18T13:29:21.710Z,2020-10-18T13:29:21.710Z,5598914634,5598914627,22.0,468616410,,4,Huỳnh Mẫn Đạt,tertiary
63244,2020-10-18T13:29:21.714Z,2020-10-18T13:29:21.714Z,5598914627,5598914634,22.0,468616410,,4,Huỳnh Mẫn Đạt,tertiary
63245,2020-10-18T13:29:21.717Z,2020-10-18T13:29:21.717Z,5598914627,5598913799,23.0,468616410,,4,Huỳnh Mẫn Đạt,tertiary
63246,2020-10-18T13:29:21.719Z,2020-10-18T13:29:21.719Z,5598913799,5598914627,23.0,468616410,,4,Huỳnh Mẫn Đạt,tertiary
63247,2020-10-18T13:29:21.722Z,2020-10-18T13:29:21.722Z,5598913799,5598913794,25.0,468616410,,4,Huỳnh Mẫn Đạt,tertiary
63248,2020-10-18T13:29:21.724Z,2020-10-18T13:29:21.724Z,5598913794,5598913799,25.0,468616410,,4,Huỳnh Mẫn Đạt,tertiary
63249,2020-10-18T13:29:21.726Z,2020-10-18T13:29:21.726Z,5598913794,366371650,39.0,468616410,,4,Huỳnh Mẫn Đạt,tertiary
63250,2020-10-18T13:29:21.729Z,2020-10-18T13:29:21.729Z,366371650,5598913794,39.0,468616410,,4,Huỳnh Mẫn Đạt,tertiary
63251,2020-10-18T13:29:21.732Z,2020-10-18T13:29:21.732Z,366371650,5794771154,65.0,468616410,,4,Huỳnh Mẫn Đạt,tertiary
63252,2020-10-18T13:29:21.734Z,2020-10-18T13:29:21.734Z,5794771154,366371650,65.0,468616410,,4,Huỳnh Mẫn Đạt,tertiary
63253,2020-10-18T13:29:21.737Z,2020-10-18T13:29:21.737Z,5794771154,5794771156,19.0,468616410,,4,Huỳnh Mẫn Đạt,tertiary
63254,2020-10-18T13:29:21.739Z,2020-10-18T13:29:21.739Z,5794771156,5794771154,19.0,468616410,,4,Huỳnh Mẫn Đạt,tertiary
63255,2020-10-18T13:29:21.741Z,2021-04-04T14:39:33.200Z,2364075317,366444496,10.0,468616411,,4,Đường Trần Tuấn Khải,tertiary
63256,2020-10-18T13:29:21.744Z,2021-04-04T14:39:30.904Z,366444496,2364075317,10.0,468616411,,4,Trần Hưng Ðạo,tertiary
63257,2020-10-18T13:29:21.746Z,2020-10-18T13:29:21.746Z,4631390895,4621858728,8.0,468650516,,2,Nguyễn Tri Phương,primary
63258,2020-10-18T13:29:21.749Z,2020-10-18T13:29:21.749Z,4621858728,4631508798,6.0,468650516,,2,Nguyễn Tri Phương,primary
63259,2020-10-18T13:29:21.763Z,2021-04-04T14:39:28.298Z,5802993757,5802993756,14.0,468653969,,2,Đường Hồng Bàng,primary
63260,2020-10-18T13:29:21.766Z,2021-04-04T14:39:25.553Z,5802993756,5802993760,1.0,468653969,,2,Đường Nguyễn Tri Phương,primary
63261,2020-10-18T13:29:21.768Z,2021-04-04T14:39:21.446Z,5802993760,4621858728,9.0,468653969,,2,Đường An Dương Vương,primary
63262,2020-10-18T13:29:21.771Z,2020-10-18T13:29:21.771Z,2300363363,2498104608,112.0,468653970,,2,An Dương Vương,primary
63263,2020-10-18T13:29:21.773Z,2020-10-18T13:29:21.773Z,2498104608,2498104606,65.0,468653970,,2,An Dương Vương,primary
63264,2020-10-18T13:29:21.776Z,2020-10-18T13:29:21.776Z,2498104606,4621858730,68.0,468653970,,2,An Dương Vương,primary
63265,2020-10-18T13:29:21.778Z,2020-10-18T13:29:21.778Z,4621858730,5805637520,35.0,468653970,,2,An Dương Vương,primary
63266,2020-10-18T13:29:21.780Z,2020-10-18T13:29:21.780Z,5805637520,5805637517,26.0,468653970,,2,An Dương Vương,primary
63267,2020-10-18T13:29:21.782Z,2020-10-18T13:29:21.782Z,5805637517,5805637530,72.0,468653970,,2,An Dương Vương,primary
63268,2020-10-18T13:29:21.785Z,2020-10-18T13:29:21.785Z,5805637530,4631403301,89.0,468653970,,2,An Dương Vương,primary
63269,2020-10-18T13:29:21.787Z,2020-10-18T13:29:21.787Z,4631403301,4631057700,10.0,468653970,,2,An Dương Vương,primary
63270,2020-10-18T13:29:21.789Z,2020-10-18T13:29:21.789Z,4631057700,4631492083,9.0,468653970,,2,An Dương Vương,primary
63271,2020-10-18T13:29:21.792Z,2020-10-18T13:29:21.792Z,4631492083,5802993758,1.0,468653970,,2,An Dương Vương,primary
63272,2020-10-18T13:29:21.795Z,2020-10-18T13:29:21.795Z,5802993758,5802993757,11.0,468653970,,2,An Dương Vương,primary
63273,2020-10-18T13:29:21.798Z,2020-10-18T13:29:21.798Z,4631508798,4631057700,7.0,468656848,,2,Nguyễn Tri Phương,primary
63274,2020-10-18T13:29:21.802Z,2020-10-18T13:29:21.802Z,5802993759,5802993756,7.0,468656849,,2,Nguyễn Tri Phương,primary
63275,2020-10-18T13:29:21.805Z,2020-10-18T13:29:21.805Z,5802993756,4631390894,8.0,468656849,,2,Nguyễn Tri Phương,primary
63276,2020-10-18T13:29:21.808Z,2021-04-04T14:39:17.639Z,4631738599,4631738600,26.0,468691943,,3,Đường Trần Phú,secondary_link
63277,2020-10-18T13:29:21.812Z,2020-10-18T13:29:21.812Z,2364075322,2364089048,169.0,468695188,50.0,3,Trần Hưng Ðạo,secondary
63278,2020-10-18T13:29:21.815Z,2020-10-18T13:29:21.815Z,2364075322,5814336835,82.0,468695189,,4,Nguyễn Biểu,tertiary
63279,2020-10-18T13:29:21.818Z,2020-10-18T13:29:21.818Z,5814336835,2364075322,82.0,468695189,,4,Nguyễn Biểu,tertiary
63280,2020-10-18T13:29:21.821Z,2020-10-18T13:29:21.821Z,5814336835,5814336830,18.0,468695189,,4,Nguyễn Biểu,tertiary
63281,2020-10-18T13:29:21.824Z,2020-10-18T13:29:21.824Z,5814336830,5814336835,18.0,468695189,,4,Nguyễn Biểu,tertiary
63282,2020-10-18T13:29:21.826Z,2020-10-18T13:29:21.826Z,5814336830,366368313,55.0,468695189,,4,Nguyễn Biểu,tertiary
63283,2020-10-18T13:29:21.829Z,2020-10-18T13:29:21.829Z,366368313,5814336830,55.0,468695189,,4,Nguyễn Biểu,tertiary
63284,2020-10-18T13:29:21.831Z,2020-10-18T13:29:21.831Z,366368313,5814336831,8.0,468695189,,4,Nguyễn Biểu,tertiary
63285,2020-10-18T13:29:21.834Z,2020-10-18T13:29:21.834Z,5814336831,366368313,8.0,468695189,,4,Nguyễn Biểu,tertiary
63286,2020-10-18T13:29:21.837Z,2020-10-18T13:29:21.837Z,5814336831,366442519,6.0,468695189,,4,Nguyễn Biểu,tertiary
63287,2020-10-18T13:29:21.839Z,2020-10-18T13:29:21.839Z,366442519,5814336831,6.0,468695189,,4,Nguyễn Biểu,tertiary
63288,2020-10-18T13:29:21.842Z,2020-10-18T13:29:21.842Z,366442519,2692556789,11.0,468695189,,4,Nguyễn Biểu,tertiary
63289,2020-10-18T13:29:21.845Z,2020-10-18T13:29:21.845Z,2692556789,366442519,11.0,468695189,,4,Nguyễn Biểu,tertiary
63290,2020-10-18T13:29:21.848Z,2020-10-18T13:29:21.848Z,2692556789,5814337691,2.0,468695189,,4,Nguyễn Biểu,tertiary
63291,2020-10-18T13:29:21.850Z,2020-10-18T13:29:21.850Z,5814337691,2692556789,2.0,468695189,,4,Nguyễn Biểu,tertiary
63292,2020-10-18T13:29:21.852Z,2020-10-18T13:29:21.852Z,5814337691,5814336827,3.0,468695189,,4,Nguyễn Biểu,tertiary
63293,2020-10-18T13:29:21.856Z,2020-10-18T13:29:21.856Z,5814336827,5814337691,3.0,468695189,,4,Nguyễn Biểu,tertiary
63294,2020-10-18T13:29:21.861Z,2020-10-18T13:29:21.861Z,5814336827,2692556787,6.0,468695189,,4,Nguyễn Biểu,tertiary
63295,2020-10-18T13:29:21.865Z,2020-10-18T13:29:21.865Z,2692556787,5814336827,6.0,468695189,,4,Nguyễn Biểu,tertiary
63296,2020-10-18T13:29:21.869Z,2020-10-18T13:29:21.869Z,2692556787,366442477,10.0,468695189,,4,Nguyễn Biểu,tertiary
63297,2020-10-18T13:29:21.873Z,2020-10-18T13:29:21.873Z,366442477,2692556787,10.0,468695189,,4,Nguyễn Biểu,tertiary
63298,2020-10-18T13:29:21.876Z,2020-10-18T13:29:21.876Z,366442477,2692556786,21.0,468695189,,4,Nguyễn Biểu,tertiary
63299,2020-10-18T13:29:21.880Z,2020-10-18T13:29:21.880Z,2692556786,366442477,21.0,468695189,,4,Nguyễn Biểu,tertiary
63300,2020-10-18T13:29:21.883Z,2020-10-18T13:29:21.883Z,2692556786,5814337690,2.0,468695189,,4,Nguyễn Biểu,tertiary
63301,2020-10-18T13:29:21.886Z,2020-10-18T13:29:21.886Z,5814337690,2692556786,2.0,468695189,,4,Nguyễn Biểu,tertiary
63302,2020-10-18T13:29:21.889Z,2020-10-18T13:29:21.889Z,5814337690,366378659,18.0,468695189,,4,Nguyễn Biểu,tertiary
63303,2020-10-18T13:29:21.893Z,2020-10-18T13:29:21.893Z,366378659,5814337690,18.0,468695189,,4,Nguyễn Biểu,tertiary
63304,2020-10-18T13:29:21.897Z,2020-10-18T13:29:21.897Z,366451156,2364075322,10.0,468695190,,3,Nguyễn Biểu,secondary_link
63305,2020-10-18T13:29:21.900Z,2020-10-18T13:29:21.900Z,2364075322,366451156,10.0,468695190,,3,Nguyễn Biểu,secondary_link
63306,2020-10-18T13:29:21.904Z,2021-04-04T14:39:15.346Z,4631762591,4631762592,10.0,468695191,,4,Đường Trần Bình Trọng,tertiary
63307,2020-10-18T13:29:21.906Z,2021-04-04T14:39:14.052Z,4631762592,4631762591,10.0,468695191,,4,Đường Trần Bình Trọng,tertiary
63308,2020-10-18T13:29:21.908Z,2020-10-18T13:29:21.908Z,4631762592,5814337725,83.0,468695192,,4,Trần Bình Trọng,tertiary
63309,2020-10-18T13:29:21.910Z,2020-10-18T13:29:21.910Z,5814337725,4631762592,83.0,468695192,,4,Trần Bình Trọng,tertiary
63310,2020-10-18T13:29:21.912Z,2020-10-18T13:29:21.912Z,5814337725,4613361751,13.0,468695192,,4,Trần Bình Trọng,tertiary
63311,2020-10-18T13:29:21.918Z,2020-10-18T13:29:21.918Z,4613361751,5814337725,13.0,468695192,,4,Trần Bình Trọng,tertiary
63312,2020-10-18T13:29:21.921Z,2020-10-18T13:29:21.921Z,4613361751,5814337714,18.0,468695192,,4,Trần Bình Trọng,tertiary
63313,2020-10-18T13:29:21.924Z,2020-10-18T13:29:21.924Z,5814337714,4613361751,18.0,468695192,,4,Trần Bình Trọng,tertiary
63314,2020-10-18T13:29:21.927Z,2020-10-18T13:29:21.927Z,5814337714,4613361750,36.0,468695192,,4,Trần Bình Trọng,tertiary
63315,2020-10-18T13:29:21.930Z,2020-10-18T13:29:21.930Z,4613361750,5814337714,36.0,468695192,,4,Trần Bình Trọng,tertiary
63316,2020-10-18T13:29:21.933Z,2020-10-18T13:29:21.933Z,4613361750,5816774520,33.0,468695192,,4,Trần Bình Trọng,tertiary
63317,2020-10-18T13:29:21.936Z,2020-10-18T13:29:21.936Z,5816774520,4613361750,33.0,468695192,,4,Trần Bình Trọng,tertiary
63318,2020-10-18T13:29:21.940Z,2020-10-18T13:29:21.940Z,5816774520,5814336850,31.0,468695192,,4,Trần Bình Trọng,tertiary
63319,2020-10-18T13:29:21.943Z,2020-10-18T13:29:21.943Z,5814336850,5816774520,31.0,468695192,,4,Trần Bình Trọng,tertiary
63320,2020-10-18T13:29:21.945Z,2020-10-18T13:29:21.945Z,5814336850,5814337680,14.0,468695192,,4,Trần Bình Trọng,tertiary
63321,2020-10-18T13:29:21.948Z,2020-10-18T13:29:21.948Z,5814337680,5814336850,14.0,468695192,,4,Trần Bình Trọng,tertiary
63322,2020-10-18T13:29:21.952Z,2020-10-18T13:29:21.952Z,5814337680,5816774501,12.0,468695192,,4,Trần Bình Trọng,tertiary
63323,2020-10-18T13:29:21.955Z,2020-10-18T13:29:21.955Z,5816774501,5814337680,12.0,468695192,,4,Trần Bình Trọng,tertiary
63324,2020-10-18T13:29:21.972Z,2020-10-18T13:29:21.972Z,5816774501,5814337667,14.0,468695192,,4,Trần Bình Trọng,tertiary
63325,2020-10-18T13:29:21.975Z,2020-10-18T13:29:21.975Z,5814337667,5816774501,14.0,468695192,,4,Trần Bình Trọng,tertiary
63326,2020-10-18T13:29:21.978Z,2020-10-18T13:29:21.978Z,5814337667,5814337668,36.0,468695192,,4,Trần Bình Trọng,tertiary
63327,2020-10-18T13:29:21.984Z,2020-10-18T13:29:21.984Z,5814337668,5814337667,36.0,468695192,,4,Trần Bình Trọng,tertiary
63328,2020-10-18T13:29:21.988Z,2020-10-18T13:29:21.988Z,5814337668,4618427499,35.0,468695192,,4,Trần Bình Trọng,tertiary
63329,2020-10-18T13:29:21.992Z,2020-10-18T13:29:21.992Z,4618427499,5814337668,35.0,468695192,,4,Trần Bình Trọng,tertiary
63330,2020-10-18T13:29:21.995Z,2020-10-18T13:29:21.995Z,4618427499,1996655783,19.0,468695192,,4,Trần Bình Trọng,tertiary
63331,2020-10-18T13:29:21.998Z,2020-10-18T13:29:21.998Z,1996655783,4618427499,19.0,468695192,,4,Trần Bình Trọng,tertiary
63359,2020-10-18T13:29:22.118Z,2020-10-18T13:29:22.118Z,366478823,366443260,69.0,468724778,,2,3 Tháng 2,primary
63360,2020-10-18T13:29:22.121Z,2020-10-18T13:29:22.121Z,366443260,5051610759,23.0,468724778,,2,3 Tháng 2,primary
63361,2020-10-18T13:29:22.123Z,2020-10-18T13:29:22.123Z,5051610759,3150623840,19.0,468724778,,2,3 Tháng 2,primary
63362,2020-10-18T13:29:22.124Z,2020-10-18T13:29:22.124Z,3150623840,366379977,21.0,468724778,,2,3 Tháng 2,primary
63363,2020-10-18T13:29:22.127Z,2020-10-18T13:29:22.127Z,2433653225,2433653226,159.0,468724779,,2,3 Tháng 2,primary
63375,2020-10-18T13:29:22.174Z,2020-10-18T13:29:22.174Z,366379977,5780574623,0.0,468724782,,2,3 Tháng 2,primary
63376,2020-10-18T13:29:22.176Z,2020-10-18T13:29:22.176Z,5780574623,366473383,96.0,468724782,,2,3 Tháng 2,primary
63572,2020-10-18T13:29:22.768Z,2020-10-18T13:29:22.768Z,366392714,4623089043,5.0,469593478,,3,Hòa Hảo,secondary_link
63573,2020-10-18T13:29:22.769Z,2020-10-18T13:29:22.769Z,4623089043,366392714,5.0,469593478,,3,Hòa Hảo,secondary_link
63574,2020-10-18T13:29:22.771Z,2020-10-18T13:29:22.771Z,4623089043,2934006868,5.0,469593478,,3,Hòa Hảo,secondary_link
63575,2020-10-18T13:29:22.773Z,2020-10-18T13:29:22.773Z,2934006868,4623089043,5.0,469593478,,3,Hòa Hảo,secondary_link
63576,2020-10-18T13:29:22.775Z,2020-10-18T13:29:22.775Z,1996654979,4631143714,155.0,469593479,,2,Nguyễn Tri Phương,primary
63577,2020-10-18T13:29:22.777Z,2020-10-18T13:29:22.777Z,4631143714,4631143726,5.0,469593479,,2,Nguyễn Tri Phương,primary
63578,2020-10-18T13:29:22.780Z,2020-10-18T13:29:22.780Z,4631143726,4631143727,38.0,469593479,,2,Nguyễn Tri Phương,primary
63579,2020-10-18T13:29:22.782Z,2020-10-18T13:29:22.782Z,4646816753,2614395124,31.0,470506013,,4,Lê Hồng Phong,tertiary
63580,2020-10-18T13:29:22.783Z,2020-10-18T13:29:22.783Z,2614395124,4646816753,31.0,470506013,,4,Lê Hồng Phong,tertiary
63581,2020-10-18T13:29:22.785Z,2020-10-18T13:29:22.785Z,2614395124,5058497785,43.0,470506013,,4,Lê Hồng Phong,tertiary
63582,2020-10-18T13:29:22.787Z,2020-10-18T13:29:22.787Z,5058497785,2614395124,43.0,470506013,,4,Lê Hồng Phong,tertiary
63583,2020-10-18T13:29:22.788Z,2020-10-18T13:29:22.788Z,5058497785,5058497776,27.0,470506013,,4,Lê Hồng Phong,tertiary
63584,2020-10-18T13:29:22.791Z,2020-10-18T13:29:22.791Z,5058497776,5058497785,27.0,470506013,,4,Lê Hồng Phong,tertiary
63585,2020-10-18T13:29:22.793Z,2020-10-18T13:29:22.793Z,5058497776,5058497769,31.0,470506013,,4,Lê Hồng Phong,tertiary
63586,2020-10-18T13:29:22.795Z,2020-10-18T13:29:22.795Z,5058497769,5058497776,31.0,470506013,,4,Lê Hồng Phong,tertiary
63587,2020-10-18T13:29:22.797Z,2020-10-18T13:29:22.797Z,5058497769,5003306415,7.0,470506013,,4,Lê Hồng Phong,tertiary
63588,2020-10-18T13:29:22.799Z,2020-10-18T13:29:22.799Z,5003306415,5058497769,7.0,470506013,,4,Lê Hồng Phong,tertiary
63589,2020-10-18T13:29:22.800Z,2020-10-18T13:29:22.800Z,5003306415,2614395107,32.0,470506013,,4,Lê Hồng Phong,tertiary
63590,2020-10-18T13:29:22.802Z,2020-10-18T13:29:22.802Z,2614395107,5003306415,32.0,470506013,,4,Lê Hồng Phong,tertiary
63591,2020-10-18T13:29:22.804Z,2020-10-18T13:29:22.804Z,2614395107,5058497812,8.0,470506013,,4,Lê Hồng Phong,tertiary
63592,2020-10-18T13:29:22.806Z,2020-10-18T13:29:22.806Z,5058497812,2614395107,8.0,470506013,,4,Lê Hồng Phong,tertiary
63593,2020-10-18T13:29:22.808Z,2020-10-18T13:29:22.808Z,5058497812,2498090050,25.0,470506013,,4,Lê Hồng Phong,tertiary
63594,2020-10-18T13:29:22.810Z,2020-10-18T13:29:22.810Z,2498090050,5058497812,25.0,470506013,,4,Lê Hồng Phong,tertiary
63595,2020-10-18T13:29:22.812Z,2020-10-18T13:29:22.812Z,2498090050,5058497806,18.0,470506013,,4,Lê Hồng Phong,tertiary
63596,2020-10-18T13:29:22.814Z,2020-10-18T13:29:22.814Z,5058497806,2498090050,18.0,470506013,,4,Lê Hồng Phong,tertiary
63597,2020-10-18T13:29:22.815Z,2020-10-18T13:29:22.815Z,5058497806,5058497792,21.0,470506013,,4,Lê Hồng Phong,tertiary
63598,2020-10-18T13:29:22.817Z,2020-10-18T13:29:22.817Z,5058497792,5058497806,21.0,470506013,,4,Lê Hồng Phong,tertiary
63599,2020-10-18T13:29:22.818Z,2020-10-18T13:29:22.818Z,5058497792,5058497799,16.0,470506013,,4,Lê Hồng Phong,tertiary
63600,2020-10-18T13:29:22.820Z,2020-10-18T13:29:22.820Z,5058497799,5058497792,16.0,470506013,,4,Lê Hồng Phong,tertiary
63601,2020-10-18T13:29:22.823Z,2020-10-18T13:29:22.823Z,5058497799,5058497794,30.0,470506013,,4,Lê Hồng Phong,tertiary
63602,2020-10-18T13:29:22.825Z,2020-10-18T13:29:22.825Z,5058497794,5058497799,30.0,470506013,,4,Lê Hồng Phong,tertiary
63603,2020-10-18T13:29:22.827Z,2020-10-18T13:29:22.827Z,5058497794,411919584,60.0,470506013,,4,Lê Hồng Phong,tertiary
63604,2020-10-18T13:29:22.828Z,2020-10-18T13:29:22.828Z,411919584,5058497794,60.0,470506013,,4,Lê Hồng Phong,tertiary
63605,2020-10-18T13:29:22.830Z,2021-04-04T14:39:00.598Z,4646769632,2433279317,9.0,470506016,,4,Đường 3 Tháng 2,tertiary
63606,2020-10-18T13:29:22.832Z,2021-04-04T14:38:57.904Z,2433279317,4646769632,9.0,470506016,,4,Đường 3 Tháng 2,tertiary
63607,2020-10-18T13:29:22.834Z,2020-10-18T13:29:22.834Z,4646816753,366469997,47.0,470506017,,2,3 Tháng 2,primary
63608,2020-10-18T13:29:22.835Z,2020-10-18T13:29:22.835Z,366469997,4646769632,33.0,470506017,,2,3 Tháng 2,primary
63609,2020-10-18T13:29:22.837Z,2020-10-18T13:29:22.837Z,4646769632,698217101,36.0,470506017,,2,3 Tháng 2,primary
63610,2020-10-18T13:29:22.840Z,2020-10-18T13:29:22.840Z,698217101,3462940803,35.0,470506017,,2,3 Tháng 2,primary
63611,2020-10-18T13:29:22.843Z,2020-10-18T13:29:22.843Z,3462940803,3462940804,18.0,470506017,,2,3 Tháng 2,primary
63612,2020-10-18T13:29:22.845Z,2020-10-18T13:29:22.845Z,3462940804,3462940800,32.0,470506017,,2,3 Tháng 2,primary
63613,2020-10-18T13:29:22.847Z,2020-10-18T13:29:22.847Z,3462940800,698217108,28.0,470506017,,2,3 Tháng 2,primary
63614,2020-10-18T13:29:22.849Z,2020-10-18T13:29:22.849Z,698217108,2433279318,26.0,470506017,,2,3 Tháng 2,primary
63615,2020-10-18T13:29:22.852Z,2020-10-18T13:29:22.852Z,2433279318,5058500123,34.0,470506017,,2,3 Tháng 2,primary
63616,2020-10-18T13:29:22.855Z,2020-10-18T13:29:22.855Z,5058500123,5058500129,37.0,470506017,,2,3 Tháng 2,primary
63617,2020-10-18T13:29:22.869Z,2020-10-18T13:29:22.869Z,5058500129,5058500137,34.0,470506017,,2,3 Tháng 2,primary
63618,2020-10-18T13:29:22.872Z,2020-10-18T13:29:22.872Z,5058500137,5058500139,28.0,470506017,,2,3 Tháng 2,primary
63619,2020-10-18T13:29:22.876Z,2020-10-18T13:29:22.876Z,5058500139,5058500143,33.0,470506017,,2,3 Tháng 2,primary
63620,2020-10-18T13:29:22.880Z,2020-10-18T13:29:22.880Z,5058500143,2433279319,10.0,470506017,,2,3 Tháng 2,primary
63621,2020-10-18T13:29:22.882Z,2020-10-18T13:29:22.882Z,2433279319,5058500145,20.0,470506017,,2,3 Tháng 2,primary
63622,2020-10-18T13:29:22.885Z,2020-10-18T13:29:22.885Z,5058500145,5058500149,31.0,470506017,,2,3 Tháng 2,primary
63623,2020-10-18T13:29:22.887Z,2020-10-18T13:29:22.887Z,5058500149,5058500156,55.0,470506017,,2,3 Tháng 2,primary
63624,2020-10-18T13:29:22.890Z,2020-10-18T13:29:22.890Z,5058500156,5059499388,6.0,470506017,,2,3 Tháng 2,primary
63625,2020-10-18T13:29:22.894Z,2020-10-18T13:29:22.894Z,5059499388,366419521,52.0,470506017,,2,3 Tháng 2,primary
63626,2020-10-18T13:29:22.897Z,2020-10-18T13:29:22.897Z,366419521,5059499412,79.0,470506017,,2,3 Tháng 2,primary
63627,2020-10-18T13:29:22.900Z,2020-10-18T13:29:22.900Z,5059499412,4932184789,96.0,470506017,,2,3 Tháng 2,primary
63628,2020-10-18T13:29:22.903Z,2020-10-18T13:29:22.903Z,4932184789,366475091,33.0,470506017,,2,3 Tháng 2,primary
63629,2020-10-18T13:29:22.905Z,2020-10-18T13:29:22.905Z,366475091,366454773,23.0,470506017,,2,3 Tháng 2,primary
63630,2020-10-18T13:29:22.908Z,2020-10-18T13:29:22.908Z,366454773,4646769634,24.0,470506017,,2,3 Tháng 2,primary
63631,2020-10-18T13:29:22.911Z,2020-10-18T13:29:22.911Z,4646769634,366451016,24.0,470506017,,2,3 Tháng 2,primary
63632,2020-10-18T13:29:22.913Z,2020-10-18T13:29:22.913Z,366451016,5059499465,15.0,470506017,,2,3 Tháng 2,primary
63633,2020-10-18T13:29:22.916Z,2020-10-18T13:29:22.916Z,5059499465,4646788528,14.0,470506017,,2,3 Tháng 2,primary
63634,2020-10-18T13:29:22.918Z,2020-10-18T13:29:22.918Z,4646788528,5778212592,167.0,470506017,,2,3 Tháng 2,primary
63635,2020-10-18T13:29:22.921Z,2020-10-18T13:29:22.921Z,5778212592,5778212590,34.0,470506017,,2,3 Tháng 2,primary
63636,2020-10-18T13:29:22.923Z,2020-10-18T13:29:22.923Z,5778212590,2233112764,56.0,470506017,,2,3 Tháng 2,primary
63637,2020-10-18T13:29:22.927Z,2020-10-18T13:29:22.927Z,2233112764,701666210,37.0,470506017,,2,3 Tháng 2,primary
63638,2020-10-18T13:29:22.941Z,2020-10-18T13:29:22.941Z,4646816752,3301809362,196.0,470506018,,2,3 Tháng 2,primary
63639,2020-10-18T13:29:22.945Z,2020-10-18T13:29:22.945Z,3301809362,3166367902,28.0,470506018,,2,3 Tháng 2,primary
63640,2020-10-18T13:29:22.948Z,2020-10-18T13:29:22.948Z,3166367902,4629145035,27.0,470506018,,2,3 Tháng 2,primary
63641,2020-10-18T13:29:22.951Z,2020-10-18T13:29:22.951Z,4629145035,3301809364,33.0,470506018,,2,3 Tháng 2,primary
63642,2020-10-18T13:29:22.954Z,2020-10-18T13:29:22.954Z,3301809364,4629703863,89.0,470506018,,2,3 Tháng 2,primary
63643,2020-10-18T13:29:22.968Z,2021-04-04T14:38:55.643Z,4646816752,4646816753,12.0,470511619,,4,Đường Lê Hồng Phong,tertiary
63644,2020-10-18T13:29:22.973Z,2021-04-04T14:38:53.470Z,4646816753,4646816752,12.0,470511619,,4,Đường Lê Hồng Phong,tertiary
63788,2020-10-18T13:29:23.367Z,2021-04-04T14:36:57.929Z,5444117922,4610649697,18.0,472409051,,2,Đường Nguyễn Thị Nghĩa,primary
63789,2020-10-18T13:29:23.369Z,2021-04-04T14:36:56.227Z,411919522,4666207254,9.0,472409052,,4,Phạm Hồng Thái,tertiary
63790,2020-10-18T13:29:23.371Z,2021-04-04T14:36:54.979Z,4666207254,4666211848,8.0,472409052,,4,Phạm Hồng Thái,tertiary
63791,2020-10-18T13:29:23.374Z,2021-04-04T14:36:50.805Z,4666211848,5500064107,13.0,472409052,,4,Phạm Hồng Thái,tertiary
63792,2020-10-18T13:29:23.377Z,2021-04-04T14:36:49.515Z,4610643513,4676727524,21.0,472409053,,2,Đường Nguyễn Thị Nghĩa,primary
63793,2020-10-18T13:29:23.379Z,2021-04-04T14:36:48.245Z,4676727524,4610625914,17.0,472409053,,2,Đường Nguyễn Thị Nghĩa,primary
63794,2020-10-18T13:29:23.381Z,2021-04-04T14:36:44.027Z,4610622002,5763214487,16.0,472409056,,4,Phạm Hồng Thái,tertiary
63820,2020-10-18T13:29:23.383Z,2021-04-04T14:36:34.731Z,5763214487,4666207258,18.99629752928881,472409056,,4,Phạm Hồng Thái,tertiary
84692,2020-10-18T13:29:23.383Z,2021-04-04T14:36:34.731Z,4666207258,4666207257,4.003702470711187,472409056,,4,Phạm Hồng Thái,tertiary
63796,2020-10-18T13:29:23.386Z,2021-04-04T14:36:33.466Z,411918181,4666207264,3.0,472409058,,2,Đường Cách Mạng Tháng Tám,primary
63797,2020-10-18T13:29:23.388Z,2021-04-04T14:36:31.889Z,4666207264,4666207265,5.0,472409058,,2,Đường Cách Mạng Tháng Tám,primary
63798,2020-10-18T13:29:23.391Z,2021-04-04T14:36:30.637Z,4666207265,4666207266,3.0,472409058,,2,Đường Cách Mạng Tháng Tám,primary
63799,2020-10-18T13:29:23.393Z,2021-04-04T14:36:26.289Z,4666207266,4666207267,2.0,472409058,,2,Đường Cách Mạng Tháng Tám,primary
63800,2020-10-18T13:29:23.396Z,2021-04-04T14:36:25.017Z,4666207267,4610625918,4.0,472409058,,2,Đường Cách Mạng Tháng Tám,primary
63801,2020-10-18T13:29:23.418Z,2021-04-04T14:36:19.752Z,5763168822,411926356,12.0,472409511,,3,Lý Tự Trọng,secondary
63802,2020-10-18T13:29:23.422Z,2020-10-18T13:29:23.422Z,4666227465,3338165670,30.0,472411140,,3,Nguyễn Trãi,secondary
63803,2020-10-18T13:29:23.424Z,2020-10-18T13:29:23.424Z,3338165670,4666227465,30.0,472411140,,3,Nguyễn Trãi,secondary
63804,2020-10-18T13:29:23.427Z,2020-10-18T13:29:23.427Z,5464084931,2616958829,36.0,472411143,,4,Cống Quỳnh,tertiary
63805,2020-10-18T13:29:23.430Z,2020-10-18T13:29:23.430Z,2616958829,5464084931,36.0,472411143,,4,Cống Quỳnh,tertiary
63806,2020-10-18T13:29:23.434Z,2021-04-04T14:36:18.514Z,5762711582,5464084932,27.0,472412233,,4,Phạm Ngũ Lão,tertiary
63807,2020-10-18T13:29:23.437Z,2021-04-04T14:36:17.257Z,5464084932,5762711582,27.0,472412233,,4,Phạm Ngũ Lão,tertiary
63808,2020-10-18T13:29:23.440Z,2021-04-04T14:36:15.549Z,4608876662,5762711591,11.0,472412235,,3,Nguyễn Trãi,secondary
63809,2020-10-18T13:29:23.442Z,2021-04-04T14:36:11.081Z,5762711591,4608876662,11.0,472412235,,3,Nguyễn Trãi,secondary
63810,2020-10-18T13:29:23.444Z,2021-04-04T14:36:08.826Z,5762711591,4666227462,19.0,472412235,,3,Nguyễn Trãi,secondary
63811,2020-10-18T13:29:23.446Z,2021-04-04T14:36:04.516Z,4666227462,5762711591,19.0,472412235,,3,Nguyễn Trãi,secondary
63821,2020-10-18T13:29:23.448Z,2020-10-18T13:29:23.448Z,4666242301,4614007684,2.492134213792079,472412760,,4,Nguyễn Cư Trinh,tertiary
84693,2020-10-18T13:29:23.448Z,2020-10-18T13:29:23.448Z,4614007684,4614008662,2.480679200399694,472412760,,4,Nguyễn Cư Trinh,tertiary
84694,2020-10-18T13:29:23.448Z,2020-10-18T13:29:23.448Z,4614008662,5780842950,25.027186585808227,472412760,,4,Nguyễn Cư Trinh,tertiary
63813,2020-10-18T13:29:23.450Z,2020-10-18T13:29:23.450Z,5780842950,4666242306,22.0,472412761,,4,Nguyễn Cư Trinh,tertiary
63814,2020-10-18T13:29:23.453Z,2020-10-18T13:29:23.453Z,4614008665,5780842951,29.0,472412762,,4,Cống Quỳnh,tertiary
63822,2020-10-18T13:29:23.455Z,2020-10-18T13:29:23.455Z,4605017322,2527492308,5.411195382789853,472413894,,4,Phạm Hồng Thái,tertiary
84695,2020-10-18T13:29:23.455Z,2020-10-18T13:29:23.455Z,2527492308,4666252442,21.588804617210148,472413894,,4,Phạm Hồng Thái,tertiary
63816,2020-10-18T13:29:23.458Z,2020-10-18T13:29:23.458Z,4666252442,4673510847,12.0,472413894,,4,Phạm Hồng Thái,tertiary
63823,2020-10-18T13:29:23.460Z,2020-10-18T13:29:23.460Z,4673510847,5444117927,15.389186819348529,472413894,,4,Phạm Hồng Thái,tertiary
84696,2020-10-18T13:29:23.460Z,2020-10-18T13:29:23.460Z,5444117927,5444117928,2.6108131806514714,472413894,,4,Phạm Hồng Thái,tertiary
63818,2020-10-18T13:29:23.463Z,2020-10-18T13:29:23.463Z,5444117929,4673510847,16.0,472413896,,4,Lê Lai,tertiary
63819,2020-10-18T13:29:23.466Z,2020-10-18T13:29:23.466Z,4673510847,2527492309,36.0,472413896,,4,Lê Lai,tertiary
65091,2020-10-18T13:29:27.094Z,2020-10-18T13:29:27.094Z,4631143728,746617478,107.0,496142698,,3,Trần Hưng Ðạo,secondary
65092,2020-10-18T13:29:27.095Z,2020-10-18T13:29:27.095Z,746617478,4631143728,107.0,496142698,,3,Trần Hưng Ðạo,secondary
65093,2020-10-18T13:29:27.097Z,2020-10-18T13:29:27.097Z,746617478,4631738600,8.0,496142698,,3,Trần Hưng Ðạo,secondary
65094,2020-10-18T13:29:27.099Z,2020-10-18T13:29:27.099Z,4631738600,746617478,8.0,496142698,,3,Trần Hưng Ðạo,secondary
65153,2020-10-18T13:29:27.219Z,2020-10-18T13:29:27.219Z,4879876935,5063700700,6.0,496279185,,2,Cách Mạng Tháng Tám,primary
65154,2020-10-18T13:29:27.221Z,2020-10-18T13:29:27.221Z,5063700700,4879876935,6.0,496279185,,2,Cách Mạng Tháng Tám,primary
65155,2020-10-18T13:29:27.223Z,2020-10-18T13:29:27.223Z,5063700700,5778141550,20.0,496279185,,2,Cách Mạng Tháng Tám,primary
65156,2020-10-18T13:29:27.225Z,2020-10-18T13:29:27.225Z,5778141550,5063700700,20.0,496279185,,2,Cách Mạng Tháng Tám,primary
68250,2020-10-18T13:29:40.383Z,2020-10-18T13:29:40.383Z,5063701325,5778115401,75.0,519268007,,4,Hẻm 322 Hòa Hưng,tertiary
68251,2020-10-18T13:29:40.386Z,2020-10-18T13:29:40.386Z,5778115401,5063701325,75.0,519268007,,4,Hẻm 322 Hòa Hưng,tertiary
68993,2020-10-18T13:29:42.290Z,2020-10-18T13:29:42.290Z,4609319428,5320970075,63.0,550955110,,4,Yersin,tertiary
68994,2020-10-18T13:29:42.292Z,2020-10-18T13:29:42.292Z,5320970075,4609319428,63.0,550955110,,4,Yersin,tertiary
69237,2020-10-18T13:29:42.929Z,2020-10-18T13:29:42.929Z,2042473539,2042473366,22.0,561873626,,4,Nguyễn Duy,tertiary
69238,2020-10-18T13:29:42.930Z,2020-10-18T13:29:42.930Z,2042473366,2042473539,22.0,561873626,,4,Nguyễn Duy,tertiary
69239,2020-10-18T13:29:42.933Z,2020-10-18T13:29:42.933Z,2042473366,2042473578,67.0,561873626,,4,Nguyễn Duy,tertiary
69240,2020-10-18T13:29:42.935Z,2020-10-18T13:29:42.935Z,2042473578,2042473366,67.0,561873626,,4,Nguyễn Duy,tertiary
69241,2020-10-18T13:29:42.939Z,2020-10-18T13:29:42.939Z,2042473578,366472422,61.0,561873626,,4,Nguyễn Duy,tertiary
69242,2020-10-18T13:29:42.942Z,2020-10-18T13:29:42.942Z,366472422,2042473578,61.0,561873626,,4,Nguyễn Duy,tertiary
69243,2020-10-18T13:29:42.945Z,2020-10-18T13:29:42.945Z,366472422,2042473322,14.0,561873626,,4,Nguyễn Duy,tertiary
69244,2020-10-18T13:29:42.948Z,2020-10-18T13:29:42.948Z,2042473322,366472422,14.0,561873626,,4,Nguyễn Duy,tertiary
69245,2020-10-18T13:29:42.951Z,2020-10-18T13:29:42.951Z,2042473322,2042473311,45.0,561873626,,4,Nguyễn Duy,tertiary
69246,2020-10-18T13:29:42.955Z,2020-10-18T13:29:42.955Z,2042473311,2042473322,45.0,561873626,,4,Nguyễn Duy,tertiary
69247,2020-10-18T13:29:42.958Z,2020-10-18T13:29:42.958Z,2042473311,366369370,60.0,561873626,,4,Nguyễn Duy,tertiary
69248,2020-10-18T13:29:42.961Z,2020-10-18T13:29:42.961Z,366369370,2042473311,60.0,561873626,,4,Nguyễn Duy,tertiary
69249,2020-10-18T13:29:42.963Z,2020-10-18T13:29:42.963Z,366369370,5802711057,8.0,561873626,,4,Nguyễn Duy,tertiary
69250,2020-10-18T13:29:42.966Z,2020-10-18T13:29:42.966Z,5802711057,366369370,8.0,561873626,,4,Nguyễn Duy,tertiary
69371,2020-10-18T13:29:43.358Z,2021-04-04T13:35:20.760Z,4666207257,4666207256,13.0,565183104,,4,Phạm Hồng Thái,tertiary
69372,2020-10-18T13:29:43.361Z,2021-04-04T13:35:19.482Z,5444117924,4605017103,6.0,565183105,,4,Phạm Hồng Thái,tertiary
69373,2020-10-18T13:29:43.363Z,2021-04-04T13:35:18.193Z,4605017103,5444117924,6.0,565183105,,4,Phạm Hồng Thái,tertiary
69374,2020-10-18T13:29:43.367Z,2021-04-04T13:35:16.952Z,5444117929,5444117928,11.0,565183107,,4,Lê Lai,tertiary_link
69375,2020-10-18T13:29:43.370Z,2021-04-04T13:35:14.700Z,5444117928,5444117929,11.0,565183107,,4,Lê Lai,tertiary_link
69606,2020-10-18T13:29:43.965Z,2020-10-18T13:29:43.965Z,4629703851,4629703854,27.0,567485853,,2,3 Tháng 2,primary
69607,2020-10-18T13:29:43.967Z,2020-10-18T13:29:43.967Z,4629703854,5462344907,92.0,567485853,,2,3 Tháng 2,primary
69608,2020-10-18T13:29:43.970Z,2020-10-18T13:29:43.970Z,5462344907,5757841617,6.0,567485853,,2,3 Tháng 2,primary
69609,2020-10-18T13:29:43.972Z,2020-10-18T13:29:43.972Z,5757841617,4629703864,133.0,567485853,,2,3 Tháng 2,primary
69610,2020-10-18T13:29:43.973Z,2020-10-18T13:29:43.973Z,4629359719,2999030272,50.0,567485854,,2,3 Tháng 2,primary
69611,2020-10-18T13:29:43.975Z,2020-10-18T13:29:43.975Z,2999030272,2433653223,33.0,567485854,,2,3 Tháng 2,primary
69612,2020-10-18T13:29:43.977Z,2020-10-18T13:29:43.977Z,2433653223,2999030270,12.0,567485854,,2,3 Tháng 2,primary
69613,2020-10-18T13:29:43.978Z,2020-10-18T13:29:43.978Z,2999030270,4629703859,34.0,567485854,,2,3 Tháng 2,primary
69614,2020-10-18T13:29:43.980Z,2020-10-18T13:29:43.980Z,4629703859,4629703855,15.0,567485854,,2,3 Tháng 2,primary
69615,2020-10-18T13:29:43.981Z,2020-10-18T13:29:43.981Z,4629703855,4629359734,3.0,567485854,,2,3 Tháng 2,primary
69616,2020-10-18T13:29:43.983Z,2020-10-18T13:29:43.983Z,4629359734,4629703866,12.0,567485854,,2,3 Tháng 2,primary
69617,2020-10-18T13:29:43.984Z,2020-10-18T13:29:43.984Z,4629703866,5757739024,81.0,567485854,,2,3 Tháng 2,primary
69618,2020-10-18T13:29:43.986Z,2020-10-18T13:29:43.986Z,5757739024,5757739022,23.0,567485854,,2,3 Tháng 2,primary
69619,2020-10-18T13:29:43.988Z,2020-10-18T13:29:43.988Z,5757739022,4629359733,48.0,567485854,,2,3 Tháng 2,primary
69620,2020-10-18T13:29:43.989Z,2021-04-04T13:32:06.582Z,4629359719,5462282627,3.0,567485855,,2,Phường 10,primary
69621,2020-10-18T13:29:43.991Z,2021-04-04T13:32:05.009Z,5462282627,5462282628,2.0,567485855,,2,Phường 10,primary
69622,2020-10-18T13:29:43.992Z,2021-04-04T13:32:02.718Z,5462282628,5462282629,5.0,567485855,,2,Phường 10,primary
69623,2020-10-18T13:29:43.994Z,2021-04-04T13:32:01.450Z,5462282629,5462282630,2.0,567485855,,2,Phường 10,primary
69624,2020-10-18T13:29:43.996Z,2021-04-04T13:32:00.207Z,5462282630,5462282631,2.0,567485855,,2,Phường 10,primary
69625,2020-10-18T13:29:43.998Z,2021-04-04T13:31:57.938Z,5462282631,2433653213,1.0,567485855,,2,Đường Lý Thái Tổ,primary
69626,2020-10-18T13:29:43.999Z,2021-04-04T13:31:56.658Z,5058499910,2433276952,10.0,567493089,,4,Đường Sư Vạn Hạnh,tertiary
69627,2020-10-18T13:29:44.004Z,2021-04-04T13:31:54.343Z,2433276952,5058499910,10.0,567493089,,4,Đường Sư Vạn Hạnh,tertiary
69628,2020-10-18T13:29:44.006Z,2021-04-04T13:31:52.090Z,5757841588,4629703864,8.0,567493094,,3,Đường 3 Tháng 2,primary_link
69629,2020-10-18T13:29:44.008Z,2021-04-04T13:31:50.828Z,4629703863,5757841588,6.0,567493097,,3,Đường 3 Tháng 2,primary_link
69630,2020-10-18T13:29:44.010Z,2020-10-18T13:29:44.010Z,4629359733,2841264942,25.0,567493102,,2,3 Tháng 2,primary
69631,2020-10-18T13:29:44.012Z,2021-04-04T13:31:48.132Z,5462344911,2841264942,13.0,567493111,,3,Đường 3 Tháng 2,primary_link
69632,2020-10-18T13:29:44.014Z,2021-04-04T13:31:46.880Z,366473383,5462344912,40.0,567493113,,2,Đường 3 Tháng 2,primary
69633,2020-10-18T13:29:44.015Z,2021-04-04T13:31:45.612Z,5462344912,5462344911,12.0,567493114,,3,Đường 3 Tháng 2,primary_link
69634,2020-10-18T13:29:44.017Z,2021-04-04T13:31:44.337Z,5462344912,4629359730,57.0,567499448,,2,Đường 3 Tháng 2,primary
69635,2020-10-18T13:29:44.019Z,2020-10-18T13:29:44.019Z,2841264942,2433653225,136.0,567499453,,2,3 Tháng 2,primary
69641,2020-10-18T13:29:44.030Z,2021-04-04T13:31:36.748Z,5462422179,5462422180,4.0,567510252,,3,Dạ Nam,primary_link
69642,2020-10-18T13:29:44.032Z,2021-04-04T13:31:33.746Z,5462422180,5462422181,4.0,567510252,,3,Dạ Nam,primary_link
69669,2020-10-18T13:29:44.035Z,2021-04-04T13:31:32.518Z,5462422181,2358141240,3.0139269951464964,567510252,,3,Dạ Nam,primary_link
84697,2020-10-18T13:29:44.035Z,2021-04-04T13:31:32.518Z,2358141240,5462422182,3.9860730048535045,567510252,,3,Dạ Nam,primary_link
69670,2020-10-18T13:29:44.037Z,2021-04-04T13:31:31.294Z,5462422182,2358137376,13.930371011722517,567510252,,3,Đường Nguyễn Văn Cừ,primary_link
84698,2020-10-18T13:29:44.037Z,2021-04-04T13:31:31.294Z,2358137376,3338019281,8.05108764513818,567510252,,3,Đường Nguyễn Văn Cừ,primary_link
84699,2020-10-18T13:29:44.037Z,2021-04-04T13:31:31.294Z,3338019281,5462422183,5.018541343139302,567510252,,3,Đường Nguyễn Văn Cừ,primary_link
69645,2020-10-18T13:29:44.039Z,2021-04-04T13:31:28.047Z,5462422183,5462422184,36.0,567510252,,3,Đường Võ Văn Kiệt,primary_link
69671,2020-10-18T13:29:44.051Z,2021-04-04T13:31:25.829Z,5462422184,2358137407,6.899888542490376,567510252,,3,Đường Võ Văn Kiệt,primary_link
84700,2020-10-18T13:29:44.051Z,2021-04-04T13:31:25.829Z,2358137407,5462422185,54.10011145750962,567510252,,3,Đường Võ Văn Kiệt,primary_link
69672,2020-10-18T13:29:44.054Z,2021-04-04T13:31:24.132Z,5462422185,2358137374,27.157113832423505,567510252,,3,Đường Võ Văn Kiệt,primary_link
84701,2020-10-18T13:29:44.054Z,2021-04-04T13:31:24.132Z,2358137374,5462422186,39.842886167576495,567510252,,3,Đường Võ Văn Kiệt,primary_link
69648,2020-10-18T13:29:44.056Z,2021-04-04T13:31:21.891Z,5462422186,5462422187,28.0,567510252,,3,Đường Võ Văn Kiệt,primary_link
69649,2020-10-18T13:29:44.058Z,2021-04-04T13:31:19.259Z,5462422187,5462422188,9.0,567510252,,3,Đường Võ Văn Kiệt,primary_link
69650,2020-10-18T13:29:44.061Z,2021-04-04T13:31:17.996Z,5462422188,2358140872,15.0,567510252,,3,Đường Võ Văn Kiệt,primary_link
69651,2020-10-18T13:29:44.064Z,2021-04-04T13:31:16.396Z,5462422189,5462422190,25.0,567510254,,3,Đường Võ Văn Kiệt,primary_link
69652,2020-10-18T13:29:44.066Z,2021-04-04T13:31:13.904Z,5462422190,5462422191,21.0,567510254,,3,Đường Võ Văn Kiệt,primary_link
69673,2020-10-18T13:29:44.068Z,2021-04-04T13:31:12.633Z,5462422191,2358137412,7.182564388893071,567510254,,3,Đường Võ Văn Kiệt,primary_link
84702,2020-10-18T13:29:44.068Z,2021-04-04T13:31:12.633Z,2358137412,5462422192,16.817435611106927,567510254,,3,Đường Võ Văn Kiệt,primary_link
69654,2020-10-18T13:29:44.070Z,2021-04-04T13:31:11.040Z,5462422192,5462422193,19.0,567510254,,3,Đường Võ Văn Kiệt,primary_link
69655,2020-10-18T13:29:44.072Z,2021-04-04T13:31:09.485Z,5462422193,5462422194,30.0,567510254,,3,Đường Võ Văn Kiệt,primary_link
69656,2020-10-18T13:29:44.075Z,2021-04-04T13:31:07.225Z,5462422194,5462422195,16.0,567510254,,3,Đường Võ Văn Kiệt,primary_link
69657,2020-10-18T13:29:44.077Z,2021-04-04T13:31:05.995Z,5462422195,5462422196,21.0,567510254,,3,Đường Võ Văn Kiệt,primary_link
69658,2020-10-18T13:29:44.079Z,2021-04-04T13:31:04.742Z,5462422196,5462422197,10.0,567510254,,3,Đường Võ Văn Kiệt,primary_link
69674,2020-10-18T13:29:44.081Z,2021-04-04T13:31:03.166Z,5462422197,2358137418,8.51858003346196,567510254,,3,Đường Võ Văn Kiệt,primary_link
84703,2020-10-18T13:29:44.081Z,2021-04-04T13:31:03.166Z,2358137418,5462422198,4.481419966538039,567510254,,3,Đường Võ Văn Kiệt,primary_link
69660,2020-10-18T13:29:44.083Z,2021-04-04T13:31:00.909Z,5462422198,5462422199,5.0,567510254,,3,Đường Võ Văn Kiệt,primary_link
69661,2020-10-18T13:29:44.085Z,2021-04-04T13:30:59.643Z,5462422199,5462422200,9.0,567510254,,3,Đường Võ Văn Kiệt,primary_link
69662,2020-10-18T13:29:44.087Z,2021-04-04T13:30:57.345Z,5462422200,5462422201,6.0,567510254,,3,Đường Võ Văn Kiệt,primary_link
69663,2020-10-18T13:29:44.090Z,2021-04-04T13:30:56.124Z,5462422201,5462422202,7.0,567510254,,3,Đường Võ Văn Kiệt,primary_link
69664,2020-10-18T13:29:44.093Z,2021-04-04T13:30:54.891Z,5462422202,5462422203,5.0,567510254,,3,Dạ Nam,primary_link
69665,2020-10-18T13:29:44.095Z,2021-04-04T13:30:52.365Z,5462422203,5462422204,13.0,567510254,,3,Dạ Nam,primary_link
69666,2020-10-18T13:29:44.096Z,2021-04-04T13:30:51.099Z,5462422204,5462422205,9.0,567510254,,3,Dạ Nam,primary_link
69667,2020-10-18T13:29:44.098Z,2021-04-04T13:30:48.864Z,5462422206,5462422189,13.0,567510257,,3,Đường Võ Văn Kiệt,primary_link
69668,2020-10-18T13:29:44.100Z,2021-04-04T13:30:47.585Z,5462422207,5462422189,18.0,567510259,,3,Đường Võ Văn Kiệt,primary_link
70330,2020-10-18T13:29:45.750Z,2020-10-18T13:29:45.750Z,5500064101,5500064103,12.0,572496146,,2,Nguyễn Thái Học,primary
70331,2020-10-18T13:29:45.752Z,2020-10-18T13:29:45.752Z,5500064103,5500064102,22.0,572496146,,2,Nguyễn Thái Học,primary
70332,2020-10-18T13:29:45.755Z,2020-10-18T13:29:45.755Z,5500064102,5500064104,62.0,572496147,,2,Nguyễn Thái Học,primary
70333,2020-10-18T13:29:45.757Z,2020-10-18T13:29:45.757Z,5500064104,5500064105,36.0,572496147,,2,Nguyễn Thái Học,primary
70334,2020-10-18T13:29:45.759Z,2020-10-18T13:29:45.759Z,5500064105,5500064106,43.0,572496147,,2,Nguyễn Thái Học,primary
70335,2020-10-18T13:29:45.762Z,2020-10-18T13:29:45.762Z,5444117928,4605016930,138.0,582417571,,4,Phạm Hồng Thái,tertiary
70412,2020-10-18T13:29:45.959Z,2020-10-18T13:29:45.959Z,366478078,5598914624,8.0,585932603,,4,Lê Hồng Phong,tertiary
70413,2020-10-18T13:29:45.961Z,2020-10-18T13:29:45.961Z,5598914624,366466647,178.0,585932603,,4,Lê Hồng Phong,tertiary
70414,2020-10-18T13:29:45.963Z,2020-10-18T13:29:45.963Z,366466647,5598914623,29.0,585932605,,4,Lê Hồng Phong,tertiary
70415,2020-10-18T13:29:45.965Z,2020-10-18T13:29:45.965Z,5598914623,5805831194,28.0,585932605,,4,Lê Hồng Phong,tertiary
70416,2020-10-18T13:29:45.967Z,2020-10-18T13:29:45.967Z,5805831194,5805831191,16.0,585932605,,4,Lê Hồng Phong,tertiary
70417,2020-10-18T13:29:45.969Z,2020-10-18T13:29:45.969Z,5805831191,5598914625,79.0,585932605,,4,Lê Hồng Phong,tertiary
70418,2020-10-18T13:29:45.971Z,2020-10-18T13:29:45.971Z,5598914625,5806315851,23.0,585932605,,4,Lê Hồng Phong,tertiary
70419,2020-10-18T13:29:45.973Z,2020-10-18T13:29:45.973Z,5806315851,366478078,8.0,585932605,,4,Lê Hồng Phong,tertiary
70420,2020-10-18T13:29:45.974Z,2020-10-18T13:29:45.974Z,4614090210,5817378546,10.0,585932686,,4,Lê Hồng Phong,tertiary
70421,2020-10-18T13:29:45.976Z,2020-10-18T13:29:45.976Z,5817378546,5045656679,10.0,585932686,,4,Lê Hồng Phong,tertiary
70422,2020-10-18T13:29:45.978Z,2020-10-18T13:29:45.978Z,5045656679,5045656681,19.0,585932686,,4,Lê Hồng Phong,tertiary
70423,2020-10-18T13:29:45.981Z,2020-10-18T13:29:45.981Z,5045656681,5045656686,31.0,585932686,,4,Lê Hồng Phong,tertiary
70424,2020-10-18T13:29:45.984Z,2020-10-18T13:29:45.984Z,5045656686,5045656696,31.0,585932686,,4,Lê Hồng Phong,tertiary
70425,2020-10-18T13:29:45.986Z,2020-10-18T13:29:45.986Z,5045656696,5045656689,26.0,585932686,,4,Lê Hồng Phong,tertiary
70426,2020-10-18T13:29:45.988Z,2020-10-18T13:29:45.988Z,5045656689,3185762980,22.0,585932686,,4,Lê Hồng Phong,tertiary
70427,2020-10-18T13:29:45.990Z,2020-10-18T13:29:45.990Z,3185762980,5045656697,13.0,585932686,,4,Lê Hồng Phong,tertiary
70428,2020-10-18T13:29:45.991Z,2020-10-18T13:29:45.991Z,5045656697,3342060865,40.0,585932686,,4,Lê Hồng Phong,tertiary
70429,2020-10-18T13:29:45.993Z,2020-10-18T13:29:45.993Z,3342060865,366432033,31.0,585932686,,4,Lê Hồng Phong,tertiary
70430,2020-10-18T13:29:46.008Z,2020-10-18T13:29:46.008Z,4614090211,5598915314,46.0,585932687,,4,Lê Hồng Phong,tertiary
70431,2020-10-18T13:29:46.011Z,2020-10-18T13:29:46.011Z,5598915314,5598915312,105.0,585932687,,4,Lê Hồng Phong,tertiary
70432,2020-10-18T13:29:46.014Z,2020-10-18T13:29:46.014Z,5598915312,5598915315,61.0,585932687,,4,Lê Hồng Phong,tertiary
70433,2020-10-18T13:29:46.016Z,2020-10-18T13:29:46.016Z,5598915315,5817378544,14.0,585932687,,4,Lê Hồng Phong,tertiary
70434,2020-10-18T13:29:46.019Z,2020-10-18T13:29:46.019Z,5817378544,5817378545,0.0,585932687,,4,Lê Hồng Phong,tertiary
70435,2020-10-18T13:29:46.021Z,2020-10-18T13:29:46.021Z,5817378545,4614090210,10.0,585932687,,4,Lê Hồng Phong,tertiary
70436,2020-10-18T13:29:46.023Z,2020-10-18T13:29:46.023Z,5788927104,5803536180,28.0,585932809,,4,Nguyễn Chí Thanh,tertiary
70437,2020-10-18T13:29:46.026Z,2020-10-18T13:29:46.026Z,5803536180,5803536173,51.0,585932809,,4,Nguyễn Chí Thanh,tertiary
70438,2020-10-18T13:29:46.028Z,2020-10-18T13:29:46.028Z,5803536173,5788927103,20.0,585932809,,4,Nguyễn Chí Thanh,tertiary
70439,2020-10-18T13:29:46.030Z,2020-10-18T13:29:46.030Z,5788927103,5788927102,18.0,585932809,,4,Nguyễn Chí Thanh,tertiary
70440,2020-10-18T13:29:46.032Z,2020-10-18T13:29:46.032Z,5788927102,5794857261,38.0,585932809,,4,Nguyễn Chí Thanh,tertiary
70441,2020-10-18T13:29:46.034Z,2020-10-18T13:29:46.034Z,5794857261,5788927101,70.0,585932809,,4,Nguyễn Chí Thanh,tertiary
70442,2020-10-18T13:29:46.036Z,2020-10-18T13:29:46.036Z,5788927101,5788927100,48.0,585932809,,4,Nguyễn Chí Thanh,tertiary
70443,2020-10-18T13:29:46.037Z,2020-10-18T13:29:46.037Z,5788927100,5788927099,24.0,585932809,,4,Nguyễn Chí Thanh,tertiary
70444,2020-10-18T13:29:46.039Z,2020-10-18T13:29:46.039Z,5788927099,5788927098,31.0,585932809,,4,Nguyễn Chí Thanh,tertiary
70445,2020-10-18T13:29:46.040Z,2020-10-18T13:29:46.040Z,5788927098,5788927097,125.0,585932809,,4,Nguyễn Chí Thanh,tertiary
70446,2020-10-18T13:29:46.042Z,2020-10-18T13:29:46.042Z,5788927097,5794884018,97.0,585932809,,4,Nguyễn Chí Thanh,tertiary
70447,2020-10-18T13:29:46.043Z,2020-10-18T13:29:46.043Z,5794884018,5795371715,56.0,585932809,,4,Nguyễn Chí Thanh,tertiary
70448,2020-10-18T13:29:46.045Z,2020-10-18T13:29:46.045Z,5795371715,5794854833,6.0,585932809,,4,Nguyễn Chí Thanh,tertiary
70449,2020-10-18T13:29:46.047Z,2020-10-18T13:29:46.047Z,5794854833,5794854832,6.0,585932809,,4,Nguyễn Chí Thanh,tertiary
70450,2020-10-18T13:29:46.048Z,2020-10-18T13:29:46.048Z,5794854832,5794854834,7.0,585932812,,4,Nguyễn Chí Thanh,tertiary
70451,2020-10-18T13:29:46.049Z,2020-10-18T13:29:46.049Z,5794854834,5794884021,3.0,585932812,,4,Nguyễn Chí Thanh,tertiary
70452,2020-10-18T13:29:46.051Z,2020-10-18T13:29:46.051Z,5794884021,5598916998,73.0,585932812,,4,Nguyễn Chí Thanh,tertiary
70453,2020-10-18T13:29:46.052Z,2020-10-18T13:29:46.052Z,5598916998,5598916999,31.0,585932812,,4,Nguyễn Chí Thanh,tertiary
70454,2020-10-18T13:29:46.054Z,2020-10-18T13:29:46.054Z,5598916999,5598917001,21.0,585932812,,4,Nguyễn Chí Thanh,tertiary
70455,2020-10-18T13:29:46.055Z,2020-10-18T13:29:46.055Z,5598917001,5598917002,16.0,585932812,,4,Nguyễn Chí Thanh,tertiary
70456,2020-10-18T13:29:46.057Z,2020-10-18T13:29:46.057Z,5598917002,5794771153,11.0,585932812,,4,Nguyễn Chí Thanh,tertiary
75023,2020-10-18T13:29:58.338Z,2020-10-18T13:29:58.338Z,5778872971,3462993921,22.0,605460336,,4,Nguyễn Phúc Nguyên,tertiary
75024,2020-10-18T13:29:58.342Z,2020-10-18T13:29:58.342Z,3462993921,5778872971,22.0,605460336,,4,Nguyễn Phúc Nguyên,tertiary
75025,2020-10-18T13:29:58.350Z,2020-10-18T13:29:58.350Z,3462993921,411918131,19.0,605460336,,4,Nguyễn Phúc Nguyên,tertiary
75026,2020-10-18T13:29:58.353Z,2020-10-18T13:29:58.353Z,411918131,3462993921,19.0,605460336,,4,Nguyễn Phúc Nguyên,tertiary
75027,2020-10-18T13:29:58.357Z,2020-10-18T13:29:58.357Z,411918131,3462993920,10.0,605460336,,4,Nguyễn Phúc Nguyên,tertiary
75028,2020-10-18T13:29:58.360Z,2020-10-18T13:29:58.360Z,3462993920,411918131,10.0,605460336,,4,Nguyễn Phúc Nguyên,tertiary
75029,2020-10-18T13:29:58.363Z,2020-10-18T13:29:58.363Z,3462993920,411918133,7.0,605460336,,4,Nguyễn Phúc Nguyên,tertiary
75030,2020-10-18T13:29:58.365Z,2020-10-18T13:29:58.365Z,411918133,3462993920,7.0,605460336,,4,Nguyễn Phúc Nguyên,tertiary
75031,2020-10-18T13:29:58.367Z,2020-10-18T13:29:58.367Z,411918133,3462993919,13.0,605460336,,4,Nguyễn Phúc Nguyên,tertiary
75032,2020-10-18T13:29:58.369Z,2020-10-18T13:29:58.369Z,3462993919,411918133,13.0,605460336,,4,Nguyễn Phúc Nguyên,tertiary
79220,2020-10-18T13:30:10.351Z,2020-10-18T13:30:10.351Z,2433653223,5892098006,42.0,607582830,,4,Thành Thái,tertiary
79221,2020-10-18T13:30:10.352Z,2020-10-18T13:30:10.352Z,2999030270,4629703848,17.0,607582833,,3,Thành Thái,secondary
79222,2020-10-18T13:30:10.354Z,2021-04-04T11:24:18.404Z,4629703851,5462282633,3.0,607582836,,2,Phường 10,primary
79223,2020-10-18T13:30:10.356Z,2021-04-04T11:24:17.173Z,5462282633,5462282634,3.0,607582836,,2,Phường 10,primary
79224,2020-10-18T13:30:10.358Z,2021-04-04T11:24:15.976Z,5462282634,5462282635,2.0,607582836,,2,Phường 10,primary
79225,2020-10-18T13:30:10.360Z,2021-04-04T11:24:14.753Z,5462282635,5462282636,3.0,607582836,,2,Phường 10,primary
79226,2020-10-18T13:30:10.362Z,2021-04-04T11:24:13.197Z,5462282636,5462282637,2.0,607582836,,2,Phường 10,primary
79227,2020-10-18T13:30:10.364Z,2021-04-04T11:24:12.022Z,5462282637,4629359717,3.0,607582836,,2,Phường 10,primary
79228,2020-10-18T13:30:10.366Z,2021-04-04T11:24:10.829Z,2433653213,5462282638,1.0,607582838,,2,Đường Lý Thái Tổ,primary
79229,2020-10-18T13:30:10.367Z,2021-04-04T11:24:09.626Z,5462282638,5462282639,3.0,607582838,,2,Phường 10,primary
79230,2020-10-18T13:30:10.369Z,2021-04-04T11:24:08.381Z,5462282639,5462282640,3.0,607582838,,2,Phường 10,primary
79231,2020-10-18T13:30:10.371Z,2021-04-04T11:24:07.135Z,5462282640,5462282632,3.0,607582838,,2,Phường 10,primary
79232,2020-10-18T13:30:10.373Z,2021-04-04T11:24:05.955Z,5462282632,4629703851,2.0,607582838,,2,Đường Lý Thái Tổ,primary
79233,2020-10-18T13:30:10.374Z,2021-04-04T11:24:04.772Z,4629359717,5462282641,3.0,607582840,,2,Phường 10,primary
79234,2020-10-18T13:30:10.376Z,2021-04-04T11:24:03.539Z,5462282641,5462282642,3.0,607582840,,2,Phường 10,primary
79235,2020-10-18T13:30:10.377Z,2021-04-04T11:24:01.381Z,5462282642,4629359719,2.0,607582840,,2,Phường 10,primary
79720,2020-10-18T13:30:11.622Z,2021-04-04T11:15:55.181Z,5762736906,5762736905,15.0,608191710,,3,Lê Lai,primary_link
79721,2020-10-18T13:30:11.624Z,2021-04-04T11:15:53.686Z,5762736905,5762736906,15.0,608191710,,3,Lê Lai,primary_link
79722,2020-10-18T13:30:11.626Z,2021-04-04T11:15:52.476Z,5762736905,5762736904,8.0,608191710,,3,Lê Lai,primary_link
79723,2020-10-18T13:30:11.628Z,2021-04-04T11:15:51.281Z,5762736904,5762736905,8.0,608191710,,3,Lê Lai,primary_link
79724,2020-10-18T13:30:11.630Z,2021-04-04T11:15:50.065Z,5762736904,5762736903,7.0,608191710,,3,Nguyễn Thị Nghĩa,primary_link
79725,2020-10-18T13:30:11.632Z,2021-04-04T11:15:48.837Z,5762736903,5762736904,7.0,608191710,,3,Nguyễn Thị Nghĩa,primary_link
79726,2020-10-18T13:30:11.634Z,2021-04-04T11:15:46.577Z,5762736903,5762736902,7.0,608191710,,3,Nguyễn Thị Nghĩa,primary_link
79727,2020-10-18T13:30:11.635Z,2021-04-04T11:15:44.340Z,5762736902,5762736903,7.0,608191710,,3,Nguyễn Thị Nghĩa,primary_link
79732,2020-10-18T13:30:11.637Z,2021-04-04T11:15:43.116Z,5762736909,2362579516,6.555527253408554,608191711,,3,Lê Lai,primary_link
84704,2020-10-18T13:30:11.637Z,2021-04-04T11:15:43.116Z,2362579516,5762736908,10.444472746591444,608191711,,3,Lê Lai,primary_link
79733,2020-10-18T13:30:11.638Z,2021-04-04T11:15:41.946Z,5762736908,2362579516,10.444472746591444,608191711,,3,Lê Lai,primary_link
84705,2020-10-18T13:30:11.638Z,2021-04-04T11:15:41.946Z,2362579516,5762736909,6.555527253408554,608191711,,3,Lê Lai,primary_link
79730,2020-10-18T13:30:11.640Z,2021-04-04T11:15:40.751Z,5762736908,5762736907,15.0,608191711,,3,Lê Lai,primary_link
79731,2020-10-18T13:30:11.641Z,2021-04-04T11:15:39.519Z,5762736907,5762736908,15.0,608191711,,3,Nguyễn Thị Nghĩa,primary_link
80042,2020-10-18T13:30:12.440Z,2021-04-04T11:11:09.893Z,5763168804,5763168803,14.0,608255650,,3,Nguyễn Thị Minh Khai,primary_link
80043,2020-10-18T13:30:12.442Z,2021-04-04T11:11:08.655Z,5763168803,5763168804,14.0,608255650,,3,Đường Cách Mạng Tháng Tám,primary_link
80044,2020-10-18T13:30:12.444Z,2021-04-04T11:11:07.440Z,5763168803,5763168802,10.0,608255650,,3,Nguyễn Thị Minh Khai,primary_link
80045,2020-10-18T13:30:12.446Z,2021-04-04T11:11:06.259Z,5763168802,5763168803,10.0,608255650,,3,Nguyễn Thị Minh Khai,primary_link
80046,2020-10-18T13:30:12.448Z,2021-04-04T11:11:05.095Z,5763168802,5763168801,15.0,608255650,,3,Đường Cách Mạng Tháng Tám,primary_link
80047,2020-10-18T13:30:12.451Z,2021-04-04T11:11:03.916Z,5763168801,5763168802,15.0,608255650,,3,Nguyễn Thị Minh Khai,primary_link
80048,2020-10-18T13:30:12.454Z,2021-04-04T11:11:02.713Z,5763168801,5763168800,10.0,608255650,,3,Đường Cách Mạng Tháng Tám,primary_link
80049,2020-10-18T13:30:12.457Z,2021-04-04T11:11:01.489Z,5763168800,5763168801,10.0,608255650,,3,Nguyễn Thị Minh Khai,primary_link
80050,2020-10-18T13:30:12.459Z,2021-04-04T11:11:00.252Z,5763168800,5763168799,16.0,608255650,,3,Đường Cách Mạng Tháng Tám,primary_link
80051,2020-10-18T13:30:12.462Z,2021-04-04T11:10:59.001Z,5763168799,5763168800,16.0,608255650,,3,Nguyễn Thị Minh Khai,primary_link
80771,2020-10-18T13:30:14.379Z,2020-10-18T13:30:14.379Z,366463306,5800683734,48.0,608796935,,4,Nguyễn Thị Tần,tertiary
80772,2020-10-18T13:30:14.381Z,2020-10-18T13:30:14.381Z,5800683734,366463306,48.0,608796935,,4,Nguyễn Thị Tần,tertiary
80773,2020-10-18T13:30:14.383Z,2020-10-18T13:30:14.383Z,5800683734,2044487054,56.0,608796935,,4,Nguyễn Thị Tần,tertiary
80774,2020-10-18T13:30:14.385Z,2020-10-18T13:30:14.385Z,2044487054,5800683734,56.0,608796935,,4,Nguyễn Thị Tần,tertiary
80775,2020-10-18T13:30:14.387Z,2020-10-18T13:30:14.387Z,2044487054,5800683732,41.0,608796935,,4,Nguyễn Thị Tần,tertiary
80776,2020-10-18T13:30:14.389Z,2020-10-18T13:30:14.389Z,5800683732,2044487054,41.0,608796935,,4,Nguyễn Thị Tần,tertiary
80777,2020-10-18T13:30:14.391Z,2020-10-18T13:30:14.391Z,5800683732,2044486918,66.0,608796935,,4,Nguyễn Thị Tần,tertiary
80778,2020-10-18T13:30:14.393Z,2020-10-18T13:30:14.393Z,2044486918,5800683732,66.0,608796935,,4,Nguyễn Thị Tần,tertiary
80779,2020-10-18T13:30:14.395Z,2020-10-18T13:30:14.395Z,2044486918,1767760232,34.0,608796935,,4,Nguyễn Thị Tần,tertiary
80780,2020-10-18T13:30:14.399Z,2020-10-18T13:30:14.399Z,1767760232,2044486918,34.0,608796935,,4,Nguyễn Thị Tần,tertiary
80781,2020-10-18T13:30:14.403Z,2020-10-18T13:30:14.403Z,1767760232,2044486134,41.0,608796935,,4,Nguyễn Thị Tần,tertiary
80782,2020-10-18T13:30:14.405Z,2020-10-18T13:30:14.405Z,2044486134,1767760232,41.0,608796935,,4,Nguyễn Thị Tần,tertiary
80783,2020-10-18T13:30:14.408Z,2020-10-18T13:30:14.408Z,2044486134,5800735392,28.0,608796935,,4,Nguyễn Thị Tần,tertiary
80784,2020-10-18T13:30:14.410Z,2020-10-18T13:30:14.410Z,5800735392,2044486134,28.0,608796935,,4,Nguyễn Thị Tần,tertiary
80785,2020-10-18T13:30:14.412Z,2020-10-18T13:30:14.412Z,5800735392,1767760245,6.0,608796935,,4,Nguyễn Thị Tần,tertiary
80786,2020-10-18T13:30:14.415Z,2020-10-18T13:30:14.415Z,1767760245,5800735392,6.0,608796935,,4,Nguyễn Thị Tần,tertiary
80787,2020-10-18T13:30:14.418Z,2020-10-18T13:30:14.418Z,1767760245,5800600028,34.0,608796935,,4,Nguyễn Thị Tần,tertiary
80788,2020-10-18T13:30:14.421Z,2020-10-18T13:30:14.421Z,5800600028,1767760245,34.0,608796935,,4,Nguyễn Thị Tần,tertiary
80789,2020-10-18T13:30:14.424Z,2020-10-18T13:30:14.424Z,5800600028,2044486235,47.0,608796935,,4,Nguyễn Thị Tần,tertiary
80790,2020-10-18T13:30:14.426Z,2020-10-18T13:30:14.426Z,2044486235,5800600028,47.0,608796935,,4,Nguyễn Thị Tần,tertiary
80791,2020-10-18T13:30:14.428Z,2020-10-18T13:30:14.428Z,2044486235,1767760199,20.0,608796935,,4,Nguyễn Thị Tần,tertiary
80792,2020-10-18T13:30:14.430Z,2020-10-18T13:30:14.430Z,1767760199,2044486235,20.0,608796935,,4,Nguyễn Thị Tần,tertiary
80793,2020-10-18T13:30:14.433Z,2020-10-18T13:30:14.433Z,1767760199,1767760265,9.0,608796935,,4,Nguyễn Thị Tần,tertiary
80794,2020-10-18T13:30:14.452Z,2020-10-18T13:30:14.452Z,1767760265,1767760199,9.0,608796935,,4,Nguyễn Thị Tần,tertiary
80795,2020-10-18T13:30:14.455Z,2020-10-18T13:30:14.455Z,1767760265,366399988,18.0,608796935,,4,Nguyễn Thị Tần,tertiary
80796,2020-10-18T13:30:14.458Z,2020-10-18T13:30:14.458Z,366399988,1767760265,18.0,608796935,,4,Nguyễn Thị Tần,tertiary
80797,2020-10-18T13:30:14.460Z,2020-10-18T13:30:14.460Z,366378659,734894528,22.0,608797345,,4,Nguyễn Biểu,tertiary
80798,2020-10-18T13:30:14.463Z,2020-10-18T13:30:14.463Z,734894528,366378659,22.0,608797345,,4,Nguyễn Biểu,tertiary
81263,2020-10-18T13:30:20.823Z,2021-04-04T10:57:43.796Z,4594790872,5772502945,21.0,609372725,,2,Nguyễn Thái Học,primary
81264,2020-10-18T13:30:20.826Z,2021-04-04T10:57:42.211Z,5772502945,2305201707,7.0,609372725,,2,Nguyễn Thái Học,primary
81265,2020-10-18T13:30:20.828Z,2020-10-18T13:30:20.828Z,1996654158,1996655823,73.0,609372747,,2,Võ Văn Kiệt,primary
81266,2020-10-18T13:30:20.830Z,2020-10-18T13:30:20.830Z,1996655823,5772092917,4.0,609372747,,2,Võ Văn Kiệt,primary
81267,2020-10-18T13:30:20.833Z,2020-10-18T13:30:20.833Z,5772092917,3338020342,6.0,609372747,,2,Võ Văn Kiệt,primary
81732,2020-10-18T13:30:22.028Z,2020-10-18T13:30:22.028Z,5772502923,2032267337,6.0,609428091,,4,Khánh Hội,tertiary
81733,2020-10-18T13:30:22.030Z,2021-04-04T10:49:14.621Z,5772502924,5772502923,6.0,609428092,,4,Đường Khánh Hội,tertiary
81734,2020-10-18T13:30:22.032Z,2021-04-04T10:49:13.458Z,5772502925,366408252,5.0,609428093,,2,Đường Hoàng Diệu,primary
81735,2020-10-18T13:30:22.033Z,2021-04-04T10:49:12.294Z,366408252,5772502924,8.0,609428094,,2,Đường Khánh Hội,primary
81816,2020-10-18T13:30:22.236Z,2020-10-18T13:30:22.236Z,5778272142,5778272141,4.0,610090758,,4,Đường số 41,unclassified
81817,2020-10-18T13:30:22.240Z,2020-10-18T13:30:22.240Z,5778272141,5778272140,28.0,610090758,,4,Đường số 41,unclassified
81818,2020-10-18T13:30:22.243Z,2020-10-18T13:30:22.243Z,5778272140,5778272139,25.0,610090758,,4,Đường số 41,unclassified
81819,2020-10-18T13:30:22.246Z,2020-10-18T13:30:22.246Z,5778272139,5778272138,69.0,610090758,,4,Đường số 41,unclassified
81820,2020-10-18T13:30:22.249Z,2020-10-18T13:30:22.249Z,5778272138,5778272129,161.0,610090758,,4,Đường số 41,unclassified
81830,2020-10-18T13:30:22.297Z,2020-10-18T13:30:22.297Z,411919149,5763263828,44.0,610093732,,4,Hồ Xuân Hương,unclassified
81831,2020-10-18T13:30:22.301Z,2020-10-18T13:30:22.301Z,5763263828,411919149,44.0,610093732,,4,Hồ Xuân Hương,unclassified
81832,2020-10-18T13:30:22.305Z,2020-10-18T13:30:22.305Z,5763263828,411926493,55.0,610093732,,4,Hồ Xuân Hương,unclassified
81833,2020-10-18T13:30:22.307Z,2020-10-18T13:30:22.307Z,411926493,5763263828,55.0,610093732,,4,Hồ Xuân Hương,unclassified
81834,2020-10-18T13:30:22.310Z,2020-10-18T13:30:22.310Z,411926493,2393615146,6.0,610093732,,4,Hồ Xuân Hương,unclassified
81835,2020-10-18T13:30:22.312Z,2020-10-18T13:30:22.312Z,2393615146,411926493,6.0,610093732,,4,Hồ Xuân Hương,unclassified
82221,2020-10-18T13:30:23.235Z,2021-04-04T10:43:16.010Z,5780758075,5780783992,10.0,610379578,,3,Đường Nguyễn Văn Cừ,primary_link
82222,2020-10-18T13:30:23.238Z,2021-04-04T10:43:14.760Z,5780783992,5780758075,10.0,610379578,,3,Nguyễn Văn Cừ,primary_link
82429,2020-10-18T13:30:23.872Z,2021-04-04T10:41:17.978Z,5794771153,5794770948,41.0,612108038,,4,Đường Nguyễn Chí Thanh,tertiary
82430,2020-10-18T13:30:23.875Z,2021-04-04T10:41:16.762Z,5794770948,5794770944,81.0,612108038,,4,Đường Nguyễn Chí Thanh,tertiary
82431,2020-10-18T13:30:23.877Z,2021-04-04T10:41:15.554Z,5794770944,5794770949,8.0,612108038,,4,Đường Nguyễn Chí Thanh,tertiary
82432,2020-10-18T13:30:23.879Z,2021-04-04T10:41:14.320Z,5794770949,5794770945,52.0,612108038,,4,Đường Nguyễn Chí Thanh,tertiary
82433,2020-10-18T13:30:23.882Z,2021-04-04T10:41:13.128Z,5794770945,5794770950,21.0,612108038,,4,Đường Nguyễn Chí Thanh,tertiary
82434,2020-10-18T13:30:23.884Z,2021-04-04T10:41:10.944Z,5794770950,5794770946,25.0,612108038,,4,Đường Nguyễn Chí Thanh,tertiary
82435,2020-10-18T13:30:23.886Z,2021-04-04T10:41:09.500Z,5794770946,5794770951,70.0,612108038,,4,Đường Nguyễn Chí Thanh,tertiary
82436,2020-10-18T13:30:23.887Z,2021-04-04T10:41:08.207Z,5794770951,5794770947,55.0,612108038,,4,Đường Nguyễn Chí Thanh,tertiary
82437,2020-10-18T13:30:23.890Z,2021-04-04T10:41:06.792Z,5794770947,5794770952,35.0,612108038,,4,Đường Nguyễn Chí Thanh,tertiary
82438,2020-10-18T13:30:23.894Z,2021-04-04T10:41:05.534Z,5794770952,4621933725,66.0,612108038,,4,Đường Nguyễn Chí Thanh,tertiary
82439,2020-10-18T13:30:23.897Z,2021-04-04T10:41:04.100Z,5794854832,5794854831,15.0,612124229,,4,Đường Hùng Vương,tertiary
82440,2020-10-18T13:30:23.900Z,2021-04-04T10:41:02.369Z,5794854831,5794854832,15.0,612124229,,4,Đường Nguyễn Chí Thanh,tertiary
82441,2020-10-18T13:30:23.902Z,2021-04-04T10:41:00.099Z,5794884018,5794884017,8.0,612128109,,3,Đường Nguyễn Chí Thanh,primary_link
82442,2020-10-18T13:30:23.904Z,2021-04-04T10:40:58.739Z,5794884017,5794884016,5.0,612128109,,3,Đường Nguyễn Chí Thanh,primary_link
82443,2020-10-18T13:30:23.906Z,2021-04-04T10:40:57.428Z,5794884016,5794884015,5.0,612128109,,3,Đường Hùng Vương,primary_link
82444,2020-10-18T13:30:23.907Z,2021-04-04T10:40:56.066Z,5794884015,5802993753,2.0,612128109,,3,Đường Hùng Vương,primary_link
82445,2020-10-18T13:30:23.909Z,2021-04-04T10:40:54.769Z,5802993753,5802993754,1.0,612128109,,3,Đường Hùng Vương,primary_link
82446,2020-10-18T13:30:23.911Z,2021-04-04T10:40:53.447Z,5802993754,5794884014,6.0,612128109,,3,Đường Hùng Vương,primary_link
82457,2020-10-18T13:30:23.935Z,2021-04-04T10:40:36.426Z,5795188301,5795188300,5.0,612178018,,3,Trần Hưng Ðạo,primary_link
83055,2020-10-18T13:30:25.345Z,2021-04-04T10:28:29.772Z,4602705518,5813691623,9.0,612885841,,4,Trần Xuân Soạn,tertiary
83056,2020-10-18T13:30:25.347Z,2021-04-04T10:28:27.294Z,5813691623,4602705518,9.0,612885841,,4,Trần Xuân Soạn,tertiary
83057,2020-10-18T13:30:25.348Z,2021-04-04T10:28:25.987Z,5813691623,5813691646,108.0,612885841,,4,Trần Xuân Soạn,tertiary
83058,2020-10-18T13:30:25.350Z,2021-04-04T10:28:24.773Z,5813691646,5813691623,108.0,612885841,,4,Phạm Thế Hiển,tertiary
83059,2020-10-18T13:30:25.354Z,2021-04-04T10:28:23.347Z,5813691646,4602703726,6.0,612885841,,4,cầu Rạch Ông,tertiary
83060,2020-10-18T13:30:25.357Z,2021-04-04T10:28:21.903Z,4602703726,5813691646,6.0,612885841,,4,cầu Rạch Ông,tertiary
83065,2020-10-18T13:30:25.370Z,2020-10-18T13:30:25.370Z,5802590355,3171528314,45.0,613169741,50.0,4,Phạm Thế Hiển,tertiary
83066,2020-10-18T13:30:25.373Z,2020-10-18T13:30:25.373Z,3171528314,5802590355,45.0,613169741,50.0,4,Phạm Thế Hiển,tertiary
83067,2020-10-18T13:30:25.376Z,2020-10-18T13:30:25.376Z,3171528314,366461307,75.0,613169741,50.0,4,Phạm Thế Hiển,tertiary
83068,2020-10-18T13:30:25.377Z,2020-10-18T13:30:25.377Z,366461307,3171528314,75.0,613169741,50.0,4,Phạm Thế Hiển,tertiary
83069,2020-10-18T13:30:25.379Z,2020-10-18T13:30:25.379Z,366461307,366384833,149.0,613169741,50.0,4,Phạm Thế Hiển,tertiary
83070,2020-10-18T13:30:25.381Z,2020-10-18T13:30:25.381Z,366384833,366461307,149.0,613169741,50.0,4,Phạm Thế Hiển,tertiary
83071,2020-10-18T13:30:25.383Z,2020-10-18T13:30:25.383Z,366384833,5802590407,186.0,613169741,50.0,4,Phạm Thế Hiển,tertiary
83072,2020-10-18T13:30:25.385Z,2020-10-18T13:30:25.385Z,5802590407,366384833,186.0,613169741,50.0,4,Phạm Thế Hiển,tertiary
83073,2020-10-18T13:30:25.388Z,2020-10-18T13:30:25.388Z,5802590407,383552887,11.0,613169741,50.0,4,Phạm Thế Hiển,tertiary
83074,2020-10-18T13:30:25.390Z,2020-10-18T13:30:25.390Z,383552887,5802590407,11.0,613169741,50.0,4,Phạm Thế Hiển,tertiary
83075,2020-10-18T13:30:25.393Z,2020-10-18T13:30:25.393Z,383552886,3171528312,40.0,613169742,,4,Phạm Thế Hiển,tertiary
83076,2020-10-18T13:30:25.395Z,2020-10-18T13:30:25.395Z,3171528312,383552886,40.0,613169742,,4,Phạm Thế Hiển,tertiary
83077,2020-10-18T13:30:25.398Z,2020-10-18T13:30:25.398Z,3171528312,366427573,15.0,613169742,,4,Phạm Thế Hiển,tertiary
83078,2020-10-18T13:30:25.401Z,2020-10-18T13:30:25.401Z,366427573,3171528312,15.0,613169742,,4,Phạm Thế Hiển,tertiary
83079,2020-10-18T13:30:25.405Z,2020-10-18T13:30:25.405Z,366427573,366383949,96.0,613169742,,4,Phạm Thế Hiển,tertiary
83080,2020-10-18T13:30:25.408Z,2020-10-18T13:30:25.408Z,366383949,366427573,96.0,613169742,,4,Phạm Thế Hiển,tertiary
83081,2020-10-18T13:30:25.412Z,2020-10-18T13:30:25.412Z,366383949,2044486696,40.0,613169742,,4,Phạm Thế Hiển,tertiary
83082,2020-10-18T13:30:25.415Z,2020-10-18T13:30:25.415Z,2044486696,366383949,40.0,613169742,,4,Phạm Thế Hiển,tertiary
83211,2020-10-18T13:30:25.739Z,2020-10-18T13:30:25.739Z,1997154501,366478078,14.0,613718286,,4,Lê Hồng Phong,tertiary
83212,2020-10-18T13:30:25.741Z,2020-10-18T13:30:25.741Z,366478078,1997154501,14.0,613718286,,4,Lê Hồng Phong,tertiary
83540,2020-10-18T13:30:26.556Z,2020-10-18T13:30:26.556Z,2358144748,5817378552,267.0,614640231,50.0,3,Võ Văn Kiệt,secondary
83541,2020-10-18T13:30:26.558Z,2020-10-18T13:30:26.558Z,5817378552,2358144750,18.0,614640231,50.0,3,Võ Văn Kiệt,secondary
83542,2020-10-18T13:30:26.560Z,2020-10-18T13:30:26.560Z,2358144750,4609356100,39.0,614640231,50.0,3,Võ Văn Kiệt,secondary
83543,2020-10-18T13:30:26.563Z,2020-10-18T13:30:26.563Z,4609356100,4609356101,33.0,614640231,50.0,3,Võ Văn Kiệt,secondary
83544,2020-10-18T13:30:26.566Z,2020-10-18T13:30:26.566Z,4609356101,4609356068,35.0,614640231,50.0,3,Võ Văn Kiệt,secondary
83545,2020-10-18T13:30:26.568Z,2020-10-18T13:30:26.568Z,4609356068,4609356069,34.0,614640231,50.0,3,Võ Văn Kiệt,secondary
83546,2020-10-18T13:30:26.571Z,2020-10-18T13:30:26.571Z,4609356069,1996745085,38.0,614640231,50.0,3,Võ Văn Kiệt,secondary
83547,2020-10-18T13:30:26.573Z,2020-10-18T13:30:26.573Z,1996745085,4609356070,7.0,614640231,50.0,3,Võ Văn Kiệt,secondary
83548,2020-10-18T13:30:26.575Z,2020-10-18T13:30:26.575Z,4609356070,4609356091,20.0,614640231,50.0,3,Võ Văn Kiệt,secondary
83549,2020-10-18T13:30:26.577Z,2020-10-18T13:30:26.577Z,4609356091,4609356093,59.0,614640231,50.0,3,Võ Văn Kiệt,secondary
83550,2020-10-18T13:30:26.579Z,2020-10-18T13:30:26.579Z,4609356093,2358137409,85.0,614640231,50.0,3,Võ Văn Kiệt,secondary
83551,2020-10-18T13:30:26.580Z,2020-10-18T13:30:26.580Z,2358137409,4609356086,35.0,614640231,50.0,3,Võ Văn Kiệt,secondary
83552,2020-10-18T13:30:26.582Z,2020-10-18T13:30:26.582Z,4609356086,2358137380,22.0,614640231,50.0,3,Võ Văn Kiệt,secondary
83553,2020-10-18T13:30:26.584Z,2020-10-18T13:30:26.584Z,2358137380,4611905373,20.0,614640231,50.0,3,Võ Văn Kiệt,secondary
83554,2020-10-18T13:30:26.586Z,2020-10-18T13:30:26.586Z,4611905373,2358137429,19.0,614640231,50.0,3,Võ Văn Kiệt,secondary
83555,2020-10-18T13:30:26.588Z,2020-10-18T13:30:26.588Z,2358137429,4611905372,24.0,614640231,50.0,3,Võ Văn Kiệt,secondary
83556,2020-10-18T13:30:26.589Z,2020-10-18T13:30:26.589Z,4611905372,2358137393,25.0,614640231,50.0,3,Võ Văn Kiệt,secondary
83557,2020-10-18T13:30:26.592Z,2020-10-18T13:30:26.592Z,2358137393,4671747213,26.0,614640231,50.0,3,Võ Văn Kiệt,secondary
83558,2020-10-18T13:30:26.595Z,2020-10-18T13:30:26.595Z,4671747213,4671747211,22.0,614640231,50.0,3,Võ Văn Kiệt,secondary
83559,2020-10-18T13:30:26.599Z,2020-10-18T13:30:26.599Z,4671747211,5813971161,12.0,614640231,50.0,3,Võ Văn Kiệt,secondary
83560,2020-10-18T13:30:26.602Z,2020-10-18T13:30:26.602Z,5813971161,4671747212,12.0,614640231,50.0,3,Võ Văn Kiệt,secondary
83561,2020-10-18T13:30:26.605Z,2020-10-18T13:30:26.605Z,4671747212,2358137400,23.0,614640231,50.0,3,Võ Văn Kiệt,secondary
83562,2020-10-18T13:30:26.607Z,2020-10-18T13:30:26.607Z,1996655730,1996654196,30.0,614647121,50.0,2,Võ Văn Kiệt,primary
83563,2020-10-18T13:30:26.609Z,2020-10-18T13:30:26.609Z,1996654196,1996655306,18.0,614647121,50.0,2,Võ Văn Kiệt,primary
83761,2020-10-18T13:30:27.093Z,2020-10-18T13:30:27.093Z,411917839,2663926522,190.0,621157028,,4,Hàm Nghi,tertiary
83762,2020-10-18T13:30:27.096Z,2020-10-18T13:30:27.096Z,2663926522,2034589355,17.0,621157028,,4,Hàm Nghi,tertiary
83769,2020-10-18T13:30:27.115Z,2020-10-18T13:30:27.115Z,2032267132,2032267447,188.0,621157031,,3,Hàm Nghi,secondary
83770,2020-10-18T13:30:27.118Z,2020-10-18T13:30:27.118Z,2032267447,2034589355,18.0,621157031,,3,Hàm Nghi,secondary
83781,2020-10-18T13:30:27.155Z,2020-10-18T13:30:27.155Z,1996655282,2666742985,26.0,621159703,60.0,1,Võ Văn Kiệt,trunk
83782,2020-10-18T13:30:27.159Z,2020-10-18T13:30:27.159Z,2666742985,2666742987,14.0,621159703,60.0,1,Võ Văn Kiệt,trunk
83783,2020-10-18T13:30:27.162Z,2020-10-18T13:30:27.162Z,2666742987,706286142,12.0,621159703,60.0,1,Võ Văn Kiệt,trunk
83784,2020-10-18T13:30:27.165Z,2020-10-18T13:30:27.165Z,706286142,1996655493,36.0,621159703,60.0,1,Võ Văn Kiệt,trunk
83785,2020-10-18T13:30:27.169Z,2020-10-18T13:30:27.169Z,1996655493,2380787702,22.0,621159703,60.0,1,Võ Văn Kiệt,trunk
83786,2020-10-18T13:30:27.174Z,2020-10-18T13:30:27.174Z,2380787702,706286144,23.0,621159703,60.0,1,Võ Văn Kiệt,trunk
83787,2020-10-18T13:30:27.178Z,2020-10-18T13:30:27.178Z,706286144,1998452765,38.0,621159703,60.0,1,Võ Văn Kiệt,trunk
83788,2020-10-18T13:30:27.181Z,2020-10-18T13:30:27.181Z,1998452765,1998452776,80.0,621159703,60.0,1,Võ Văn Kiệt,trunk
83792,2020-10-18T13:30:27.194Z,2020-10-18T13:30:27.194Z,2666742983,3181281947,38.0,621159704,60.0,1,Võ Văn Kiệt,trunk
83793,2020-10-18T13:30:27.197Z,2020-10-18T13:30:27.197Z,3181281947,1996655858,53.0,621159704,60.0,1,Võ Văn Kiệt,trunk
83794,2020-10-18T13:30:27.201Z,2020-10-18T13:30:27.201Z,1996655858,411918804,106.0,621159704,60.0,1,Võ Văn Kiệt,trunk
83795,2020-10-18T13:30:27.206Z,2020-10-18T13:30:27.206Z,411918804,3338020323,28.0,621159704,60.0,1,Võ Văn Kiệt,trunk
83796,2020-10-18T13:30:27.210Z,2020-10-18T13:30:27.210Z,3338020323,411918802,14.0,621159704,60.0,1,Võ Văn Kiệt,trunk
83797,2020-10-18T13:30:27.214Z,2020-10-18T13:30:27.214Z,411918802,3338020311,22.0,621159704,60.0,1,Võ Văn Kiệt,trunk
83798,2020-10-18T13:30:27.217Z,2020-10-18T13:30:27.217Z,3338020311,1996654360,10.0,621159704,60.0,1,Võ Văn Kiệt,trunk
83799,2020-10-18T13:30:27.221Z,2020-10-18T13:30:27.221Z,1996654360,1996654700,15.0,621159704,60.0,1,Võ Văn Kiệt,trunk
83800,2020-10-18T13:30:27.224Z,2020-10-18T13:30:27.224Z,1996654700,1996745885,18.0,621159704,60.0,1,Võ Văn Kiệt,trunk
83801,2020-10-18T13:30:27.226Z,2020-10-18T13:30:27.226Z,1996745885,5781158296,2.0,621159704,60.0,1,Võ Văn Kiệt,trunk
83802,2020-10-18T13:30:27.232Z,2020-10-18T13:30:27.232Z,5781158296,411918790,34.0,621159704,60.0,1,Võ Văn Kiệt,trunk
83803,2020-10-18T13:30:27.236Z,2020-10-18T13:30:27.236Z,411918790,411924573,72.0,621159704,60.0,1,Võ Văn Kiệt,trunk
83804,2020-10-18T13:30:27.240Z,2020-10-18T13:30:27.240Z,411924573,411918795,49.0,621159704,60.0,1,Võ Văn Kiệt,trunk
83805,2020-10-18T13:30:27.260Z,2020-10-18T13:30:27.260Z,411918795,1998504427,44.0,621159704,60.0,1,Võ Văn Kiệt,trunk
83806,2020-10-18T13:30:27.264Z,2020-10-18T13:30:27.264Z,1998504427,411918677,46.0,621159704,60.0,1,Võ Văn Kiệt,trunk
83807,2020-10-18T13:30:27.266Z,2020-10-18T13:30:27.266Z,411918677,1996655135,143.0,621159704,60.0,1,Võ Văn Kiệt,trunk
83808,2020-10-18T13:30:27.269Z,2020-10-18T13:30:27.269Z,1996655135,3181281951,8.0,621159704,60.0,1,Võ Văn Kiệt,trunk
83809,2020-10-18T13:30:27.272Z,2020-10-18T13:30:27.272Z,3181281951,1996654479,31.0,621159704,60.0,1,Võ Văn Kiệt,trunk
83810,2020-10-18T13:30:27.275Z,2020-10-18T13:30:27.275Z,1996654479,1996655082,52.0,621159704,60.0,1,Võ Văn Kiệt,trunk
83811,2020-10-18T13:30:27.277Z,2020-10-18T13:30:27.277Z,1996655082,1996654227,39.0,621159704,60.0,1,Võ Văn Kiệt,trunk
83812,2020-10-18T13:30:27.279Z,2020-10-18T13:30:27.279Z,1996654227,1996655706,47.0,621159704,60.0,1,Võ Văn Kiệt,trunk
83813,2020-10-18T13:30:27.281Z,2020-10-18T13:30:27.281Z,1996655706,411926094,142.0,621159704,60.0,1,Võ Văn Kiệt,trunk
83814,2020-10-18T13:30:27.283Z,2020-10-18T13:30:27.283Z,411926094,411926072,113.0,621159704,60.0,1,Võ Văn Kiệt,trunk
83815,2020-10-18T13:30:27.285Z,2020-10-18T13:30:27.285Z,411926072,3181281954,36.0,621159704,60.0,1,Võ Văn Kiệt,trunk
83816,2020-10-18T13:30:27.288Z,2020-10-18T13:30:27.288Z,3181281954,411925154,47.0,621159704,60.0,1,Võ Văn Kiệt,trunk
83817,2020-10-18T13:30:27.290Z,2020-10-18T13:30:27.290Z,411925154,411926284,32.0,621159704,60.0,1,Võ Văn Kiệt,trunk
83818,2020-10-18T13:30:27.292Z,2020-10-18T13:30:27.292Z,411926284,411926073,47.0,621159704,60.0,1,Võ Văn Kiệt,trunk
83819,2020-10-18T13:30:27.295Z,2020-10-18T13:30:27.295Z,411926073,411925182,55.0,621159704,60.0,1,Võ Văn Kiệt,trunk
83820,2020-10-18T13:30:27.297Z,2020-10-18T13:30:27.297Z,411925182,411921412,99.0,621159704,60.0,1,Võ Văn Kiệt,trunk
83821,2020-10-18T13:30:27.300Z,2020-10-18T13:30:27.300Z,411921412,411918967,31.0,621159704,60.0,1,Võ Văn Kiệt,trunk
83822,2020-10-18T13:30:27.303Z,2020-10-18T13:30:27.303Z,411918967,411922406,34.0,621159704,60.0,1,Võ Văn Kiệt,trunk
83823,2020-10-18T13:30:27.306Z,2020-10-18T13:30:27.306Z,411922406,411921434,30.0,621159704,60.0,1,Võ Văn Kiệt,trunk
83824,2020-10-18T13:30:27.309Z,2020-10-18T13:30:27.309Z,411921434,411925666,24.0,621159704,60.0,1,Võ Văn Kiệt,trunk
83825,2020-10-18T13:30:27.311Z,2020-10-18T13:30:27.311Z,411925666,411926130,35.0,621159704,60.0,1,Võ Văn Kiệt,trunk
83826,2020-10-18T13:30:27.313Z,2020-10-18T13:30:27.313Z,411926130,411926131,38.0,621159704,60.0,1,Võ Văn Kiệt,trunk
83827,2020-10-18T13:30:27.315Z,2020-10-18T13:30:27.315Z,411926131,411924335,43.0,621159704,60.0,1,Võ Văn Kiệt,trunk
83828,2020-10-18T13:30:27.319Z,2020-10-18T13:30:27.319Z,411924335,411926081,33.0,621159704,60.0,1,Võ Văn Kiệt,trunk
83829,2020-10-18T13:30:27.321Z,2020-10-18T13:30:27.321Z,411926081,411926083,116.0,621159704,60.0,1,Võ Văn Kiệt,trunk
83830,2020-10-18T13:30:27.323Z,2020-10-18T13:30:27.323Z,411926083,411926082,18.0,621159704,60.0,1,Võ Văn Kiệt,trunk
83831,2020-10-18T13:30:27.325Z,2020-10-18T13:30:27.325Z,411926082,411918673,22.0,621159704,60.0,1,Võ Văn Kiệt,trunk
83832,2020-10-18T13:30:27.327Z,2020-10-18T13:30:27.327Z,411918673,411926092,19.0,621159704,60.0,1,Võ Văn Kiệt,trunk
83833,2020-10-18T13:30:27.329Z,2020-10-18T13:30:27.329Z,411926092,3338020095,21.0,621159704,60.0,1,Võ Văn Kiệt,trunk
83834,2020-10-18T13:30:27.332Z,2020-10-18T13:30:27.332Z,3338020095,1767760231,14.0,621159704,60.0,1,Võ Văn Kiệt,trunk
83918,2020-10-18T13:30:27.335Z,2020-10-18T13:30:27.335Z,1767760231,4594811181,17.977352025669667,621159704,60.0,1,Võ Văn Kiệt,trunk
84706,2020-10-18T13:30:27.335Z,2020-10-18T13:30:27.335Z,4594811181,1767760234,3.0226479743303343,621159704,60.0,1,Võ Văn Kiệt,trunk
83836,2020-10-18T13:30:27.338Z,2020-10-18T13:30:27.338Z,1767760234,366420375,11.0,621159704,60.0,1,Võ Văn Kiệt,trunk
83837,2020-10-18T13:30:27.341Z,2020-10-18T13:30:27.341Z,366420375,1996654952,18.0,621159704,60.0,1,Võ Văn Kiệt,trunk
83838,2020-10-18T13:30:27.343Z,2020-10-18T13:30:27.343Z,1996654952,3181281955,22.0,621159704,60.0,1,Võ Văn Kiệt,trunk
83839,2020-10-18T13:30:27.345Z,2020-10-18T13:30:27.345Z,3181281955,1996654379,19.0,621159704,60.0,1,Võ Văn Kiệt,trunk
83840,2020-10-18T13:30:27.347Z,2020-10-18T13:30:27.347Z,1996654379,1793489521,22.0,621159704,60.0,1,Võ Văn Kiệt,trunk
83841,2020-10-18T13:30:27.348Z,2020-10-18T13:30:27.348Z,1793489521,1996745654,32.0,621159704,60.0,1,Võ Văn Kiệt,trunk
83842,2020-10-18T13:30:27.350Z,2020-10-18T13:30:27.350Z,1996745654,1996655862,24.0,621159704,60.0,1,Võ Văn Kiệt,trunk
83843,2020-10-18T13:30:27.351Z,2020-10-18T13:30:27.351Z,1996655862,366474182,30.0,621159704,60.0,1,Võ Văn Kiệt,trunk
83844,2020-10-18T13:30:27.353Z,2020-10-18T13:30:27.353Z,366474182,5813779727,31.0,621159704,60.0,1,Võ Văn Kiệt,trunk
83845,2020-10-18T13:30:27.355Z,2020-10-18T13:30:27.355Z,5813779727,5813779726,23.0,621159704,60.0,1,Võ Văn Kiệt,trunk
83846,2020-10-18T13:30:27.358Z,2020-10-18T13:30:27.358Z,5813779726,1996654083,22.0,621159704,60.0,1,Võ Văn Kiệt,trunk
83847,2020-10-18T13:30:27.361Z,2020-10-18T13:30:27.361Z,1996654083,3338019239,39.0,621159704,60.0,1,Võ Văn Kiệt,trunk
83848,2020-10-18T13:30:27.364Z,2020-10-18T13:30:27.364Z,3338019239,366467765,17.0,621159704,60.0,1,Võ Văn Kiệt,trunk
83849,2020-10-18T13:30:27.366Z,2020-10-18T13:30:27.366Z,366467765,366370918,20.0,621159704,60.0,1,Võ Văn Kiệt,trunk
83850,2020-10-18T13:30:27.369Z,2020-10-18T13:30:27.369Z,366370918,3338019235,9.0,621159704,60.0,1,Võ Văn Kiệt,trunk
83851,2020-10-18T13:30:27.373Z,2020-10-18T13:30:27.373Z,3338019235,3338019233,14.0,621159704,60.0,1,Võ Văn Kiệt,trunk
83852,2020-10-18T13:30:27.375Z,2020-10-18T13:30:27.375Z,3338019233,366421082,15.0,621159704,60.0,1,Võ Văn Kiệt,trunk
83853,2020-10-18T13:30:27.377Z,2020-10-18T13:30:27.377Z,366421082,3338019234,10.0,621159704,60.0,1,Võ Văn Kiệt,trunk
83854,2020-10-18T13:30:27.379Z,2020-10-18T13:30:27.379Z,3338019234,366462285,11.0,621159704,60.0,1,Võ Văn Kiệt,trunk
83855,2020-10-18T13:30:27.381Z,2020-10-18T13:30:27.381Z,366462285,366419587,25.0,621159704,60.0,1,Võ Văn Kiệt,trunk
83856,2020-10-18T13:30:27.384Z,2020-10-18T13:30:27.384Z,366419587,1996745539,23.0,621159704,60.0,1,Võ Văn Kiệt,trunk
83857,2020-10-18T13:30:27.387Z,2020-10-18T13:30:27.387Z,1996745539,366471529,20.0,621159704,60.0,1,Võ Văn Kiệt,trunk
83858,2020-10-18T13:30:27.390Z,2020-10-18T13:30:27.390Z,366471529,3181281957,17.0,621159704,60.0,1,Võ Văn Kiệt,trunk
83859,2020-10-18T13:30:27.393Z,2020-10-18T13:30:27.393Z,3181281957,366381041,70.0,621159704,60.0,1,Võ Văn Kiệt,trunk
83860,2020-10-18T13:30:27.395Z,2020-10-18T13:30:27.395Z,366381041,366423076,42.0,621159704,60.0,1,Võ Văn Kiệt,trunk
83861,2020-10-18T13:30:27.397Z,2020-10-18T13:30:27.397Z,366423076,366434618,25.0,621159704,60.0,1,Võ Văn Kiệt,trunk
83862,2020-10-18T13:30:27.399Z,2020-10-18T13:30:27.399Z,366434618,366450466,42.0,621159704,60.0,1,Võ Văn Kiệt,trunk
83863,2020-10-18T13:30:27.402Z,2020-10-18T13:30:27.402Z,366450466,366439950,40.0,621159704,60.0,1,Võ Văn Kiệt,trunk
83864,2020-10-18T13:30:27.404Z,2020-10-18T13:30:27.404Z,366439950,1996745894,32.0,621159704,60.0,1,Võ Văn Kiệt,trunk
83865,2020-10-18T13:30:27.406Z,2020-10-18T13:30:27.406Z,1996745894,366426558,38.0,621159704,60.0,1,Võ Văn Kiệt,trunk
83866,2020-10-18T13:30:27.408Z,2020-10-18T13:30:27.408Z,366426558,366378249,46.0,621159704,60.0,1,Võ Văn Kiệt,trunk
83867,2020-10-18T13:30:27.409Z,2020-10-18T13:30:27.409Z,366378249,2327219045,22.0,621159704,60.0,1,Võ Văn Kiệt,trunk
83868,2020-10-18T13:30:27.411Z,2020-10-18T13:30:27.411Z,2327219045,366462809,32.0,621159704,60.0,1,Võ Văn Kiệt,trunk
83869,2020-10-18T13:30:27.413Z,2020-10-18T13:30:27.413Z,366462809,366468819,62.0,621159704,60.0,1,Võ Văn Kiệt,trunk
83870,2020-10-18T13:30:27.415Z,2020-10-18T13:30:27.415Z,366468819,1996654305,35.0,621159704,60.0,1,Võ Văn Kiệt,trunk
83871,2020-10-18T13:30:27.419Z,2020-10-18T13:30:27.419Z,1996654305,3181281959,9.0,621159704,60.0,1,Võ Văn Kiệt,trunk
83872,2020-10-18T13:30:27.421Z,2020-10-18T13:30:27.421Z,3181281959,366376295,33.0,621159704,60.0,1,Võ Văn Kiệt,trunk
83873,2020-10-18T13:30:27.423Z,2020-10-18T13:30:27.423Z,366376295,925113584,32.0,621159704,60.0,1,Võ Văn Kiệt,trunk
83874,2020-10-18T13:30:27.426Z,2020-10-18T13:30:27.426Z,925113584,1996654902,46.0,621159704,60.0,1,Võ Văn Kiệt,trunk
83875,2020-10-18T13:30:27.429Z,2020-10-18T13:30:27.429Z,1996654902,366448899,26.0,621159704,60.0,1,Võ Văn Kiệt,trunk
83876,2020-10-18T13:30:27.431Z,2020-10-18T13:30:27.431Z,366448899,925138138,26.0,621159704,60.0,1,Võ Văn Kiệt,trunk
83877,2020-10-18T13:30:27.433Z,2020-10-18T13:30:27.433Z,925138138,366428553,10.0,621159704,60.0,1,Võ Văn Kiệt,trunk
83878,2020-10-18T13:30:27.436Z,2020-10-18T13:30:27.436Z,366428553,5813867373,7.0,621159704,60.0,1,Võ Văn Kiệt,trunk
83879,2020-10-18T13:30:27.439Z,2020-10-18T13:30:27.439Z,5813867373,1996654357,23.0,621159704,60.0,1,Võ Văn Kiệt,trunk
83880,2020-10-18T13:30:27.441Z,2020-10-18T13:30:27.441Z,1996654357,366428930,24.0,621159704,60.0,1,Võ Văn Kiệt,trunk
83881,2020-10-18T13:30:27.454Z,2020-10-18T13:30:27.454Z,366428930,366448117,23.0,621159704,60.0,1,Võ Văn Kiệt,trunk
83882,2020-10-18T13:30:27.457Z,2020-10-18T13:30:27.457Z,366448117,366408058,26.0,621159704,60.0,1,Võ Văn Kiệt,trunk
83883,2020-10-18T13:30:27.460Z,2020-10-18T13:30:27.460Z,366408058,1516822832,17.0,621159704,60.0,1,Võ Văn Kiệt,trunk
83884,2020-10-18T13:30:27.462Z,2020-10-18T13:30:27.462Z,1516822832,366386853,30.0,621159704,60.0,1,Võ Văn Kiệt,trunk
83885,2020-10-18T13:30:27.464Z,2020-10-18T13:30:27.464Z,366386853,1996655076,31.0,621159704,60.0,1,Võ Văn Kiệt,trunk
83886,2020-10-18T13:30:27.465Z,2020-10-18T13:30:27.465Z,1996655076,3181284823,6.0,621159704,60.0,1,Võ Văn Kiệt,trunk
83887,2020-10-18T13:30:27.467Z,2020-10-18T13:30:27.467Z,3181284823,366434087,47.0,621159704,60.0,1,Võ Văn Kiệt,trunk
83888,2020-10-18T13:30:27.470Z,2020-10-18T13:30:27.470Z,366434087,366426128,51.0,621159704,60.0,1,Võ Văn Kiệt,trunk
83889,2020-10-18T13:30:27.472Z,2020-10-18T13:30:27.472Z,366426128,366446095,36.0,621159704,60.0,1,Võ Văn Kiệt,trunk
83890,2020-10-18T13:30:27.481Z,2020-10-18T13:30:27.481Z,366446095,366412088,31.0,621159704,60.0,1,Võ Văn Kiệt,trunk
83891,2020-10-18T13:30:27.483Z,2020-10-18T13:30:27.483Z,366412088,1996654835,22.0,621159704,60.0,1,Võ Văn Kiệt,trunk
83892,2020-10-18T13:30:27.486Z,2020-10-18T13:30:27.486Z,1996654835,1996654354,27.0,621159704,60.0,1,Võ Văn Kiệt,trunk
83893,2020-10-18T13:30:27.488Z,2020-10-18T13:30:27.488Z,1996654354,366371306,32.0,621159704,60.0,1,Võ Văn Kiệt,trunk
83894,2020-10-18T13:30:27.490Z,2020-10-18T13:30:27.490Z,366371306,366450244,24.0,621159704,60.0,1,Võ Văn Kiệt,trunk
83895,2020-10-18T13:30:27.493Z,2020-10-18T13:30:27.493Z,366450244,1996654627,20.0,621159704,60.0,1,Võ Văn Kiệt,trunk
83896,2020-10-18T13:30:27.494Z,2020-10-18T13:30:27.494Z,1996654627,366452089,25.0,621159704,60.0,1,Võ Văn Kiệt,trunk
83897,2020-10-18T13:30:27.496Z,2020-10-18T13:30:27.496Z,366452089,366478319,33.0,621159704,60.0,1,Võ Văn Kiệt,trunk
83898,2020-10-18T13:30:27.499Z,2020-10-18T13:30:27.499Z,366478319,366383770,31.0,621159704,60.0,1,Võ Văn Kiệt,trunk
83899,2020-10-18T13:30:27.501Z,2020-10-18T13:30:27.501Z,366383770,4611905379,21.0,621159704,60.0,1,Võ Văn Kiệt,trunk
83900,2020-10-18T13:30:27.503Z,2020-10-18T13:30:27.503Z,4611905379,4611905378,1.0,621159704,60.0,1,Võ Văn Kiệt,trunk
83901,2020-10-18T13:30:27.505Z,2020-10-18T13:30:27.505Z,4611905378,366435204,12.0,621159704,60.0,1,Võ Văn Kiệt,trunk
83902,2020-10-18T13:30:27.506Z,2020-10-18T13:30:27.506Z,366435204,4609356084,30.0,621159704,60.0,1,Võ Văn Kiệt,trunk
83903,2020-10-18T13:30:27.508Z,2020-10-18T13:30:27.508Z,4609356084,4609356083,15.0,621159704,60.0,1,Võ Văn Kiệt,trunk
83904,2020-10-18T13:30:27.510Z,2020-10-18T13:30:27.510Z,4609356083,366456916,15.0,621159704,60.0,1,Võ Văn Kiệt,trunk
83905,2020-10-18T13:30:27.511Z,2020-10-18T13:30:27.511Z,366456916,366441836,26.0,621159704,60.0,1,Võ Văn Kiệt,trunk
83906,2020-10-18T13:30:27.513Z,2020-10-18T13:30:27.513Z,366441836,366435510,120.0,621159704,60.0,1,Võ Văn Kiệt,trunk
83907,2020-10-18T13:30:27.515Z,2020-10-18T13:30:27.515Z,366435510,4609356082,32.0,621159704,60.0,1,Võ Văn Kiệt,trunk
83908,2020-10-18T13:30:27.517Z,2020-10-18T13:30:27.517Z,4609356082,366476693,24.0,621159704,60.0,1,Võ Văn Kiệt,trunk
83909,2020-10-18T13:30:27.519Z,2020-10-18T13:30:27.519Z,366476693,1996655632,32.0,621159704,60.0,1,Võ Văn Kiệt,trunk
83910,2020-10-18T13:30:27.522Z,2020-10-18T13:30:27.522Z,1996655632,4618427500,45.0,621159704,60.0,1,Võ Văn Kiệt,trunk
83911,2020-10-18T13:30:27.524Z,2020-10-18T13:30:27.524Z,4618427500,1996654282,97.0,621159704,60.0,1,Võ Văn Kiệt,trunk
83912,2020-10-18T13:30:27.527Z,2020-10-18T13:30:27.527Z,1996654282,366411464,18.0,621159704,60.0,1,Võ Văn Kiệt,trunk
83913,2020-10-18T13:30:27.529Z,2020-10-18T13:30:27.529Z,366411464,4609356095,50.0,621159704,60.0,1,Võ Văn Kiệt,trunk
83914,2020-10-18T13:30:27.532Z,2020-10-18T13:30:27.532Z,4609356095,366385435,22.0,621159704,60.0,1,Võ Văn Kiệt,trunk
83915,2020-10-18T13:30:27.535Z,2020-10-18T13:30:27.535Z,366385435,4609356034,25.0,621159704,60.0,1,Võ Văn Kiệt,trunk
83916,2020-10-18T13:30:27.537Z,2020-10-18T13:30:27.537Z,4609356034,366388035,41.0,621159704,60.0,1,Võ Văn Kiệt,trunk
83917,2020-10-18T13:30:27.539Z,2020-10-18T13:30:27.539Z,366388035,366436173,47.0,621159704,60.0,1,Võ Văn Kiệt,trunk
83992,2020-10-18T13:30:27.730Z,2020-10-18T13:30:27.730Z,1998452788,1769173950,44.0,621432415,,2,Võ Văn Kiệt,primary
84062,2020-10-18T13:30:27.960Z,2020-10-18T13:30:27.960Z,1996655496,3338020303,9.0,629904752,60.0,1,Võ Văn Kiệt,trunk
84063,2020-10-18T13:30:27.963Z,2020-10-18T13:30:27.963Z,3338020303,3338020306,5.0,629904752,60.0,1,Võ Văn Kiệt,trunk
84064,2020-10-18T13:30:27.966Z,2020-10-18T13:30:27.966Z,3338020306,2025938531,28.0,629904752,60.0,1,Võ Văn Kiệt,trunk
84065,2020-10-18T13:30:27.970Z,2020-10-18T13:30:27.970Z,2025938531,2327229725,30.0,629904752,60.0,1,Võ Văn Kiệt,trunk
84066,2020-10-18T13:30:27.974Z,2020-10-18T13:30:27.974Z,2327229725,706286183,32.0,629904752,60.0,1,Võ Văn Kiệt,trunk
84067,2020-10-18T13:30:27.977Z,2020-10-18T13:30:27.977Z,706286183,1996655025,130.0,629904752,60.0,1,Võ Văn Kiệt,trunk
84068,2020-10-18T13:30:27.980Z,2020-10-18T13:30:27.980Z,1996655025,3181281948,19.0,629904752,60.0,1,Võ Văn Kiệt,trunk
84069,2020-10-18T13:30:27.983Z,2020-10-18T13:30:27.983Z,3181281948,1996655282,23.0,629904752,60.0,1,Võ Văn Kiệt,trunk
84070,2020-10-18T13:30:27.987Z,2020-10-18T13:30:27.987Z,2131959241,3338020314,6.0,629904756,,2,Nguyễn Thái Học,primary
84071,2020-10-18T13:30:27.997Z,2020-10-18T13:30:27.997Z,3338020314,2131959240,11.0,629904756,,2,Nguyễn Thái Học,primary
84072,2020-10-18T13:30:28.005Z,2020-10-18T13:30:28.005Z,2131959240,1996654189,9.0,629904756,,2,Nguyễn Thái Học,primary
84073,2020-10-18T13:30:28.009Z,2020-10-18T13:30:28.009Z,1996654189,2131959236,46.0,629904756,,2,Nguyễn Thái Học,primary
84074,2020-10-18T13:30:28.012Z,2020-10-18T13:30:28.012Z,2131959236,1768404126,62.0,629904756,,2,Nguyễn Thái Học,primary
84075,2020-10-18T13:30:28.018Z,2020-10-18T13:30:28.018Z,1768404126,1767232649,16.0,629904756,,2,Nguyễn Thái Học,primary
84076,2020-10-18T13:30:28.033Z,2020-10-18T13:30:28.033Z,1767232649,2032267326,10.0,629904756,,2,Nguyễn Thái Học,primary
84453,2020-10-18T13:30:29.193Z,2020-10-18T13:30:29.193Z,2230862976,2230851099,32.0,654858165,,2,Võ Thị Sáu,primary
84454,2020-10-18T13:30:29.195Z,2020-10-18T13:30:29.195Z,2230851099,411926208,73.0,654858165,,2,Võ Thị Sáu,primary
84455,2020-10-18T13:30:29.197Z,2020-10-18T13:30:29.197Z,411926208,411926216,235.0,654858166,,4,Trương Định,tertiary
84456,2020-10-18T13:30:29.199Z,2020-10-18T13:30:29.199Z,411926208,5778212341,113.0,654858167,,2,Võ Thị Sáu,primary
84457,2020-10-18T13:30:29.202Z,2020-10-18T13:30:29.202Z,5778212341,3162506783,38.0,654858167,,2,Võ Thị Sáu,primary
84458,2020-10-18T13:30:29.204Z,2020-10-18T13:30:29.204Z,3162506783,411926675,32.0,654858167,,2,Võ Thị Sáu,primary
84459,2020-10-18T13:30:29.206Z,2020-10-18T13:30:29.206Z,411926675,5778212342,23.0,654858167,,2,Võ Thị Sáu,primary
84460,2020-10-18T13:30:29.208Z,2020-10-18T13:30:29.208Z,5778212342,5778212573,50.0,654858167,,2,Võ Thị Sáu,primary
84461,2020-10-18T13:30:29.212Z,2020-10-18T13:30:29.212Z,5778212573,411926052,115.0,654858167,,2,Võ Thị Sáu,primary
84462,2020-10-18T13:30:29.217Z,2020-10-18T13:30:29.217Z,411926052,3162506784,60.0,654858167,,2,Võ Thị Sáu,primary
84463,2020-10-18T13:30:29.234Z,2020-10-18T13:30:29.234Z,3162506784,2233425577,92.0,654858167,,2,Võ Thị Sáu,primary
84464,2020-10-18T13:30:29.238Z,2020-10-18T13:30:29.238Z,2233425577,411919202,18.0,654858167,,2,Võ Thị Sáu,primary
84471,2020-10-18T13:30:29.274Z,2020-10-18T13:30:29.274Z,411926628,5778300409,131.0,654858472,,4,Tú Xương,unclassified
84472,2020-10-18T13:30:29.278Z,2020-10-18T13:30:29.278Z,5778300409,411926628,131.0,654858472,,4,Tú Xương,unclassified
84473,2020-10-18T13:30:29.284Z,2020-10-18T13:30:29.284Z,5778300409,411926679,49.0,654858472,,4,Tú Xương,unclassified
84474,2020-10-18T13:30:29.288Z,2020-10-18T13:30:29.288Z,411926679,5778300409,49.0,654858472,,4,Tú Xương,unclassified
84475,2020-10-18T13:30:29.291Z,2020-10-18T13:30:29.291Z,411926679,5778212568,144.0,654858472,,4,Tú Xương,unclassified
84476,2020-10-18T13:30:29.295Z,2020-10-18T13:30:29.295Z,5778212568,411926679,144.0,654858472,,4,Tú Xương,unclassified
84477,2020-10-18T13:30:29.299Z,2020-10-18T13:30:29.299Z,5778212568,411926172,42.0,654858472,,4,Tú Xương,unclassified
84478,2020-10-18T13:30:29.304Z,2020-10-18T13:30:29.304Z,411926172,5778212568,42.0,654858472,,4,Tú Xương,unclassified
84479,2020-10-18T13:30:29.308Z,2020-10-18T13:30:29.308Z,411926172,5778212339,85.0,654858472,,4,Tú Xương,unclassified
84480,2020-10-18T13:30:29.312Z,2020-10-18T13:30:29.312Z,5778212339,411926172,85.0,654858472,,4,Tú Xương,unclassified
84481,2020-10-18T13:30:29.317Z,2020-10-18T13:30:29.317Z,5778212339,411918639,34.0,654858472,,4,Tú Xương,unclassified
84482,2020-10-18T13:30:29.323Z,2020-10-18T13:30:29.323Z,411918639,5778212339,34.0,654858472,,4,Tú Xương,unclassified
84483,2020-10-18T13:30:29.326Z,2020-10-18T13:30:29.326Z,411918639,411926405,55.0,654858472,,4,Tú Xương,unclassified
84484,2020-10-18T13:30:29.329Z,2020-10-18T13:30:29.329Z,411926405,411918639,55.0,654858472,,4,Tú Xương,unclassified
84485,2020-10-18T13:30:29.332Z,2020-10-18T13:30:29.332Z,411926405,2393615145,8.0,654858472,,4,Tú Xương,unclassified
84486,2020-10-18T13:30:29.334Z,2020-10-18T13:30:29.334Z,2393615145,411926405,8.0,654858472,,4,Tú Xương,unclassified
84487,2020-10-18T13:30:29.337Z,2020-10-18T13:30:29.337Z,411926628,2230864394,64.0,654858473,,4,Trương Định,tertiary
84488,2020-10-18T13:30:29.339Z,2020-10-18T13:30:29.339Z,2230864394,411926208,56.0,654858473,,4,Trương Định,tertiary
84514,2020-10-18T13:30:29.453Z,2020-10-18T13:30:29.453Z,411926415,5778300406,83.0,654861069,,4,Trần Quốc Thảo,tertiary
84515,2020-10-18T13:30:29.456Z,2020-10-18T13:30:29.456Z,5778300406,411918581,35.0,654861069,,4,Trần Quốc Thảo,tertiary
84516,2020-10-18T13:30:29.458Z,2020-10-18T13:30:29.458Z,411918581,5778300420,35.0,654861069,,4,Trần Quốc Thảo,tertiary
84517,2020-10-18T13:30:29.461Z,2020-10-18T13:30:29.461Z,5778300420,411918209,48.0,654861069,,4,Trần Quốc Thảo,tertiary
84518,2020-10-18T13:30:29.463Z,2020-10-18T13:30:29.463Z,411918209,3178465562,59.0,654861069,,4,Trần Quốc Thảo,tertiary
84519,2020-10-18T13:30:29.465Z,2020-10-18T13:30:29.465Z,3178465562,411925926,72.0,654861069,,4,Trần Quốc Thảo,tertiary
84520,2020-10-18T13:30:29.468Z,2020-10-18T13:30:29.468Z,411925926,5778360093,48.0,654861069,,4,Trần Quốc Thảo,tertiary
84521,2020-10-18T13:30:29.472Z,2020-10-18T13:30:29.472Z,5778360093,411925925,103.0,654861069,,4,Trần Quốc Thảo,tertiary
84522,2020-10-18T13:30:29.474Z,2020-10-18T13:30:29.474Z,411926508,5778300417,97.0,654861070,,4,Tú Xương,unclassified
84523,2020-10-18T13:30:29.476Z,2020-10-18T13:30:29.476Z,5778300417,411926508,97.0,654861070,,4,Tú Xương,unclassified
84524,2020-10-18T13:30:29.478Z,2020-10-18T13:30:29.478Z,5778300417,2230865308,10.0,654861070,,4,Tú Xương,unclassified
84525,2020-10-18T13:30:29.480Z,2020-10-18T13:30:29.480Z,2230865308,5778300417,10.0,654861070,,4,Tú Xương,unclassified
84526,2020-10-18T13:30:29.482Z,2020-10-18T13:30:29.482Z,2230865308,411926628,96.0,654861070,,4,Tú Xương,unclassified
84527,2020-10-18T13:30:29.485Z,2020-10-18T13:30:29.485Z,411926628,2230865308,96.0,654861070,,4,Tú Xương,unclassified
84619,2020-10-18T13:30:29.768Z,2020-10-18T13:30:29.768Z,411918904,5778360128,43.0,658328101,,4,Võ Văn Tần,tertiary
84620,2020-10-18T13:30:29.770Z,2020-10-18T13:30:29.770Z,5778360128,3168270438,1.0,658328101,,4,Võ Văn Tần,tertiary
84621,2020-10-18T13:30:29.772Z,2020-10-18T13:30:29.772Z,3168270438,5778360137,43.0,658328101,,4,Võ Văn Tần,tertiary
84622,2020-10-18T13:30:29.774Z,2020-10-18T13:30:29.774Z,5778360137,411924053,89.0,658328101,,4,Võ Văn Tần,tertiary
84623,2020-10-18T13:30:29.778Z,2020-10-18T13:30:29.778Z,411924053,411925925,8.0,658328101,,4,Võ Văn Tần,tertiary
84624,2020-10-18T13:30:29.781Z,2020-10-18T13:30:29.781Z,411925925,411925338,54.0,658328101,,4,Võ Văn Tần,tertiary
84625,2020-10-18T13:30:29.783Z,2020-10-18T13:30:29.783Z,411925338,411918255,11.0,658328101,,4,Võ Văn Tần,tertiary
84626,2020-10-18T13:30:29.785Z,2020-10-18T13:30:29.785Z,411918255,411925337,61.0,658328101,,4,Võ Văn Tần,tertiary
84627,2020-10-18T13:30:29.787Z,2020-10-18T13:30:29.787Z,411925337,5778600776,13.0,658328101,,4,Võ Văn Tần,tertiary
84628,2020-10-18T13:30:29.795Z,2020-10-18T13:30:29.795Z,5778600776,411925919,42.0,658328101,,4,Võ Văn Tần,tertiary
84629,2020-10-18T13:30:29.797Z,2020-10-18T13:30:29.797Z,411925919,3116310151,39.0,658328101,,4,Võ Văn Tần,tertiary
84630,2020-10-18T13:30:29.799Z,2020-10-18T13:30:29.799Z,3116310151,5778360106,22.0,658328101,,4,Võ Văn Tần,tertiary
84631,2020-10-18T13:30:29.802Z,2020-10-18T13:30:29.802Z,5778360106,5763168795,37.0,658328101,,4,Võ Văn Tần,tertiary
84632,2020-10-18T13:30:29.803Z,2020-10-18T13:30:29.803Z,5763168795,411925922,74.0,658328101,,4,Võ Văn Tần,tertiary
